model,test_index,y_true,y_pred,calibrated_probability,diagnostic_category
XGBoost,0,0,0,0.0,Correct_or_Clear
XGBoost,1,0,0,0.0,Correct_or_Clear
XGBoost,2,0,0,0.0,Correct_or_Clear
XGBoost,3,0,0,0.0,Correct_or_Clear
XGBoost,4,0,0,0.00025246149962130775,Correct_or_Clear
XGBoost,5,0,0,0.00025246149962130775,Correct_or_Clear
XGBoost,6,0,0,0.0,Correct_or_Clear
XGBoost,7,0,0,0.0,Correct_or_Clear
XGBoost,8,1,1,1.0,Correct_or_Clear
XGBoost,9,0,0,0.0,Correct_or_Clear
XGBoost,10,0,0,0.0,Correct_or_Clear
XGBoost,11,0,0,0.0,Correct_or_Clear
XGBoost,12,0,0,0.00025246149962130775,Correct_or_Clear
XGBoost,13,0,0,0.00025246149962130775,Correct_or_Clear
XGBoost,14,0,0,0.00025246149962130775,Correct_or_Clear
XGBoost,15,0,0,0.00025246149962130775,Correct_or_Clear
XGBoost,16,0,0,0.00025246149962130775,Correct_or_Clear
XGBoost,17,0,0,0.00025246149962130775,Correct_or_Clear
XGBoost,18,0,0,0.00025246149962130775,Correct_or_Clear
XGBoost,19,0,0,0.00025246149962130775,Correct_or_Clear
XGBoost,20,0,0,0.0,Correct_or_Clear
XGBoost,21,0,0,0.00025246149962130775,Correct_or_Clear
XGBoost,22,0,0,0.00025246149962130775,Correct_or_Clear
XGBoost,23,0,0,0.00025246149962130775,Correct_or_Clear
XGBoost,24,0,0,0.00025246149962130775,Correct_or_Clear
XGBoost,25,0,0,0.0,Correct_or_Clear
XGBoost,26,0,0,0.0,Correct_or_Clear
XGBoost,27,0,0,0.0,Correct_or_Clear
XGBoost,28,0,0,0.0,Correct_or_Clear
XGBoost,29,0,0,0.0,Correct_or_Clear
XGBoost,30,0,0,0.0,Correct_or_Clear
XGBoost,31,0,0,0.00025246149962130775,Correct_or_Clear
XGBoost,32,0,0,0.0,Correct_or_Clear
XGBoost,33,0,0,0.0,Correct_or_Clear
XGBoost,34,0,0,0.0,Correct_or_Clear
XGBoost,35,0,0,0.0,Correct_or_Clear
XGBoost,36,0,0,0.0,Correct_or_Clear
XGBoost,37,0,0,0.0,Correct_or_Clear
XGBoost,38,0,0,0.0,Correct_or_Clear
XGBoost,39,0,0,0.00025246149962130775,Correct_or_Clear
XGBoost,40,0,0,0.0,Correct_or_Clear
XGBoost,41,0,0,0.00025246149962130775,Correct_or_Clear
XGBoost,42,0,0,0.0,Correct_or_Clear
XGBoost,43,0,0,0.0,Correct_or_Clear
XGBoost,44,1,1,1.0,Correct_or_Clear
XGBoost,45,0,0,0.0,Correct_or_Clear
XGBoost,46,0,0,0.0,Correct_or_Clear
XGBoost,47,0,0,0.0,Correct_or_Clear
XGBoost,48,0,0,0.0,Correct_or_Clear
XGBoost,49,0,0,0.0,Correct_or_Clear
XGBoost,50,0,0,0.0,Correct_or_Clear
XGBoost,51,0,0,0.0,Correct_or_Clear
XGBoost,52,0,0,0.00025246149962130775,Correct_or_Clear
XGBoost,53,0,0,0.0,Correct_or_Clear
XGBoost,54,0,0,0.0,Correct_or_Clear
XGBoost,55,0,0,0.0,Correct_or_Clear
XGBoost,56,0,0,0.0,Correct_or_Clear
XGBoost,57,0,0,0.0,Correct_or_Clear
XGBoost,58,0,0,0.0,Correct_or_Clear
XGBoost,59,0,0,0.00025246149962130775,Correct_or_Clear
XGBoost,60,0,0,0.00025246149962130775,Correct_or_Clear
XGBoost,61,0,0,0.0,Correct_or_Clear
XGBoost,62,0,0,0.0,Correct_or_Clear
XGBoost,63,0,0,0.0,Correct_or_Clear
XGBoost,64,0,0,0.0,Correct_or_Clear
XGBoost,65,0,0,0.00025246149962130775,Correct_or_Clear
XGBoost,66,1,1,1.0,Correct_or_Clear
XGBoost,67,0,0,0.0,Correct_or_Clear
XGBoost,68,0,0,0.0,Correct_or_Clear
XGBoost,69,0,0,0.0,Correct_or_Clear
XGBoost,70,0,0,0.0,Correct_or_Clear
XGBoost,71,0,0,0.0,Correct_or_Clear
XGBoost,72,0,0,0.0,Correct_or_Clear
XGBoost,73,0,0,0.00025246149962130775,Correct_or_Clear
XGBoost,74,0,0,0.0,Correct_or_Clear
XGBoost,75,0,0,0.0,Correct_or_Clear
XGBoost,76,0,0,0.00025246149962130775,Correct_or_Clear
XGBoost,77,0,0,0.0,Correct_or_Clear
XGBoost,78,0,0,0.0,Correct_or_Clear
XGBoost,79,0,0,0.0,Correct_or_Clear
XGBoost,80,0,0,0.0,Correct_or_Clear
XGBoost,81,0,0,0.0,Correct_or_Clear
XGBoost,82,0,0,0.0,Correct_or_Clear
XGBoost,83,0,0,0.0,Correct_or_Clear
XGBoost,84,0,0,0.0,Correct_or_Clear
XGBoost,85,0,0,0.0,Correct_or_Clear
XGBoost,86,0,0,0.0,Correct_or_Clear
XGBoost,87,0,0,0.00025246149962130775,Correct_or_Clear
XGBoost,88,0,0,0.00025246149962130775,Correct_or_Clear
XGBoost,89,0,0,0.00025246149962130775,Correct_or_Clear
XGBoost,90,0,0,0.00025246149962130775,Correct_or_Clear
XGBoost,91,0,0,0.00025246149962130775,Correct_or_Clear
XGBoost,92,0,0,0.00025246149962130775,Correct_or_Clear
XGBoost,93,0,0,0.00025246149962130775,Correct_or_Clear
XGBoost,94,0,0,0.00025246149962130775,Correct_or_Clear
XGBoost,95,0,0,0.00025246149962130775,Correct_or_Clear
XGBoost,96,0,0,0.0,Correct_or_Clear
XGBoost,97,0,0,0.0,Correct_or_Clear
XGBoost,98,0,0,0.0,Correct_or_Clear
XGBoost,99,0,0,0.0,Correct_or_Clear
XGBoost,100,0,0,0.0,Correct_or_Clear
XGBoost,101,0,0,0.0,Correct_or_Clear
XGBoost,102,0,0,0.0,Correct_or_Clear
XGBoost,103,0,0,0.0,Correct_or_Clear
XGBoost,104,0,0,0.0,Correct_or_Clear
XGBoost,105,0,0,0.0,Correct_or_Clear
XGBoost,106,1,1,1.0,Correct_or_Clear
XGBoost,107,0,0,0.0,Correct_or_Clear
XGBoost,108,1,1,1.0,Correct_or_Clear
XGBoost,109,0,0,0.0,Correct_or_Clear
XGBoost,110,1,1,1.0,Correct_or_Clear
XGBoost,111,0,0,0.0,Correct_or_Clear
XGBoost,112,0,0,0.0,Correct_or_Clear
XGBoost,113,1,1,1.0,Correct_or_Clear
XGBoost,114,0,0,0.0,Correct_or_Clear
XGBoost,115,1,1,1.0,Correct_or_Clear
XGBoost,116,0,0,0.0,Correct_or_Clear
XGBoost,117,0,0,0.0,Correct_or_Clear
XGBoost,118,0,0,0.00025246149962130775,Correct_or_Clear
XGBoost,119,1,1,1.0,Correct_or_Clear
XGBoost,120,1,1,1.0,Correct_or_Clear
XGBoost,121,1,1,1.0,Correct_or_Clear
XGBoost,122,1,1,1.0,Correct_or_Clear
XGBoost,123,0,0,0.00025246149962130775,Correct_or_Clear
XGBoost,124,0,0,0.0,Correct_or_Clear
XGBoost,125,0,0,0.0,Correct_or_Clear
XGBoost,126,0,0,0.0,Correct_or_Clear
XGBoost,127,1,1,1.0,Correct_or_Clear
XGBoost,128,0,0,0.0,Correct_or_Clear
XGBoost,129,1,1,1.0,Correct_or_Clear
XGBoost,130,0,0,0.0,Correct_or_Clear
XGBoost,131,0,0,0.00025246149962130775,Correct_or_Clear
XGBoost,132,0,0,0.0,Correct_or_Clear
XGBoost,133,0,0,0.0,Correct_or_Clear
XGBoost,134,1,1,1.0,Correct_or_Clear
XGBoost,135,0,0,0.0,Correct_or_Clear
XGBoost,136,0,0,0.0,Correct_or_Clear
XGBoost,137,0,0,0.00025246149962130775,Correct_or_Clear
XGBoost,138,0,0,0.0,Correct_or_Clear
XGBoost,139,0,0,0.0,Correct_or_Clear
XGBoost,140,1,1,1.0,Correct_or_Clear
XGBoost,141,0,0,0.0,Correct_or_Clear
XGBoost,142,0,0,0.0,Correct_or_Clear
XGBoost,143,0,0,0.0,Correct_or_Clear
XGBoost,144,0,0,0.0,Correct_or_Clear
XGBoost,145,0,0,0.00025246149962130775,Correct_or_Clear
XGBoost,146,0,0,0.0,Correct_or_Clear
XGBoost,147,1,1,1.0,Correct_or_Clear
XGBoost,148,0,0,0.0,Correct_or_Clear
XGBoost,149,1,1,1.0,Correct_or_Clear
XGBoost,150,0,0,0.0,Correct_or_Clear
XGBoost,151,0,0,0.0,Correct_or_Clear
XGBoost,152,0,0,0.00025246149962130775,Correct_or_Clear
XGBoost,153,0,0,0.0,Correct_or_Clear
XGBoost,154,0,0,0.0,Correct_or_Clear
XGBoost,155,0,0,0.0,Correct_or_Clear
XGBoost,156,0,0,0.0,Correct_or_Clear
XGBoost,157,1,1,1.0,Correct_or_Clear
XGBoost,158,0,0,0.0,Correct_or_Clear
XGBoost,159,0,0,0.00025246149962130775,Correct_or_Clear
XGBoost,160,0,0,0.00025246149962130775,Correct_or_Clear
XGBoost,161,0,0,0.00025246149962130775,Correct_or_Clear
XGBoost,162,1,1,1.0,Correct_or_Clear
XGBoost,163,0,0,0.00025246149962130775,Correct_or_Clear
XGBoost,164,0,0,0.00025246149962130775,Correct_or_Clear
XGBoost,165,0,0,0.00025246149962130775,Correct_or_Clear
XGBoost,166,0,0,0.00025246149962130775,Correct_or_Clear
XGBoost,167,0,0,0.00025246149962130775,Correct_or_Clear
XGBoost,168,0,0,0.00025246149962130775,Correct_or_Clear
XGBoost,169,0,0,0.00025246149962130775,Correct_or_Clear
XGBoost,170,0,0,0.00025246149962130775,Correct_or_Clear
XGBoost,171,0,0,0.00025246149962130775,Correct_or_Clear
XGBoost,172,0,0,0.00025246149962130775,Correct_or_Clear
XGBoost,173,0,0,0.0,Correct_or_Clear
XGBoost,174,0,0,0.0,Correct_or_Clear
XGBoost,175,0,0,0.0,Correct_or_Clear
XGBoost,176,0,0,0.0,Correct_or_Clear
XGBoost,177,0,0,0.0,Correct_or_Clear
XGBoost,178,0,0,0.0,Correct_or_Clear
XGBoost,179,0,0,0.0,Correct_or_Clear
XGBoost,180,0,0,0.0,Correct_or_Clear
XGBoost,181,0,0,0.0,Correct_or_Clear
XGBoost,182,0,0,0.0,Correct_or_Clear
XGBoost,183,0,0,0.0,Correct_or_Clear
XGBoost,184,0,0,0.0,Correct_or_Clear
XGBoost,185,0,0,0.0,Correct_or_Clear
XGBoost,186,0,0,0.0,Correct_or_Clear
XGBoost,187,1,1,1.0,Correct_or_Clear
XGBoost,188,0,0,0.0,Correct_or_Clear
XGBoost,189,0,0,0.0,Correct_or_Clear
XGBoost,190,0,0,0.0,Correct_or_Clear
XGBoost,191,0,0,0.0,Correct_or_Clear
XGBoost,192,0,0,0.0,Correct_or_Clear
XGBoost,193,0,0,0.0,Correct_or_Clear
XGBoost,194,0,0,0.0,Correct_or_Clear
XGBoost,195,0,0,0.0,Correct_or_Clear
XGBoost,196,0,0,0.0,Correct_or_Clear
XGBoost,197,0,0,0.0,Correct_or_Clear
XGBoost,198,0,0,0.0,Correct_or_Clear
XGBoost,199,0,0,0.0,Correct_or_Clear
XGBoost,200,0,0,0.0,Correct_or_Clear
XGBoost,201,0,0,0.0,Correct_or_Clear
XGBoost,202,0,0,0.0,Correct_or_Clear
XGBoost,203,1,1,1.0,Correct_or_Clear
XGBoost,204,0,0,0.0,Correct_or_Clear
XGBoost,205,0,0,0.0,Correct_or_Clear
XGBoost,206,0,0,0.0,Correct_or_Clear
XGBoost,207,0,0,0.0,Correct_or_Clear
XGBoost,208,0,0,0.00025246149962130775,Correct_or_Clear
XGBoost,209,0,0,0.00025246149962130775,Correct_or_Clear
XGBoost,210,0,0,0.00025246149962130775,Correct_or_Clear
XGBoost,211,0,0,0.00025246149962130775,Correct_or_Clear
XGBoost,212,0,0,0.00025246149962130775,Correct_or_Clear
XGBoost,213,0,0,0.0,Correct_or_Clear
XGBoost,214,0,0,0.0,Correct_or_Clear
XGBoost,215,0,0,0.0,Correct_or_Clear
XGBoost,216,0,0,0.0,Correct_or_Clear
XGBoost,217,0,0,0.0,Correct_or_Clear
XGBoost,218,0,0,0.0,Correct_or_Clear
XGBoost,219,0,0,0.0,Correct_or_Clear
XGBoost,220,0,0,0.0,Correct_or_Clear
XGBoost,221,0,0,0.0,Correct_or_Clear
XGBoost,222,0,0,0.0,Correct_or_Clear
XGBoost,223,0,0,0.0,Correct_or_Clear
XGBoost,224,0,0,0.0,Correct_or_Clear
XGBoost,225,0,0,0.0,Correct_or_Clear
XGBoost,226,0,0,0.0,Correct_or_Clear
XGBoost,227,0,0,0.0,Correct_or_Clear
XGBoost,228,0,0,0.0,Correct_or_Clear
XGBoost,229,0,0,0.0,Correct_or_Clear
XGBoost,230,0,0,0.0,Correct_or_Clear
XGBoost,231,1,1,1.0,Correct_or_Clear
XGBoost,232,0,0,0.0,Correct_or_Clear
XGBoost,233,0,0,0.0,Correct_or_Clear
XGBoost,234,0,0,0.0,Correct_or_Clear
XGBoost,235,0,0,0.0,Correct_or_Clear
XGBoost,236,0,0,0.0,Correct_or_Clear
XGBoost,237,0,0,0.0,Correct_or_Clear
XGBoost,238,0,0,0.0,Correct_or_Clear
XGBoost,239,0,0,0.0,Correct_or_Clear
XGBoost,240,0,0,0.0,Correct_or_Clear
XGBoost,241,0,0,0.0,Correct_or_Clear
XGBoost,242,0,0,0.00025246149962130775,Correct_or_Clear
XGBoost,243,0,0,0.00025246149962130775,Correct_or_Clear
XGBoost,244,0,0,0.00025246149962130775,Correct_or_Clear
XGBoost,245,0,0,0.00025246149962130775,Correct_or_Clear
XGBoost,246,0,0,0.00025246149962130775,Correct_or_Clear
XGBoost,247,0,0,0.00025246149962130775,Correct_or_Clear
XGBoost,248,0,0,0.0,Correct_or_Clear
XGBoost,249,0,0,0.0,Correct_or_Clear
XGBoost,250,0,0,0.0,Correct_or_Clear
XGBoost,251,0,0,0.0,Correct_or_Clear
XGBoost,252,0,0,0.0,Correct_or_Clear
XGBoost,253,0,0,0.0,Correct_or_Clear
XGBoost,254,0,0,0.0,Correct_or_Clear
XGBoost,255,0,0,0.0,Correct_or_Clear
XGBoost,256,0,0,0.0,Correct_or_Clear
XGBoost,257,0,0,0.0,Correct_or_Clear
XGBoost,258,0,0,0.0,Correct_or_Clear
XGBoost,259,0,0,0.0,Correct_or_Clear
XGBoost,260,0,0,0.0,Correct_or_Clear
XGBoost,261,0,0,0.0,Correct_or_Clear
XGBoost,262,0,0,0.0,Correct_or_Clear
XGBoost,263,0,0,0.0,Correct_or_Clear
XGBoost,264,0,0,0.0,Correct_or_Clear
XGBoost,265,0,0,0.0,Correct_or_Clear
XGBoost,266,0,0,0.0,Correct_or_Clear
XGBoost,267,0,0,0.0,Correct_or_Clear
XGBoost,268,0,0,0.0,Correct_or_Clear
XGBoost,269,0,0,0.0,Correct_or_Clear
XGBoost,270,0,0,0.00025246149962130775,Correct_or_Clear
XGBoost,271,0,0,0.0,Correct_or_Clear
XGBoost,272,0,0,0.0,Correct_or_Clear
XGBoost,273,0,0,0.0,Correct_or_Clear
XGBoost,274,0,0,0.0,Correct_or_Clear
XGBoost,275,0,0,0.0,Correct_or_Clear
XGBoost,276,1,1,1.0,Correct_or_Clear
XGBoost,277,0,0,0.0,Correct_or_Clear
XGBoost,278,0,0,0.0,Correct_or_Clear
XGBoost,279,0,0,0.0,Correct_or_Clear
XGBoost,280,0,0,0.0,Correct_or_Clear
XGBoost,281,0,0,0.0,Correct_or_Clear
XGBoost,282,0,0,0.0,Correct_or_Clear
XGBoost,283,0,0,0.0,Correct_or_Clear
XGBoost,284,0,0,0.0,Correct_or_Clear
XGBoost,285,0,0,0.0,Correct_or_Clear
XGBoost,286,0,0,0.0,Correct_or_Clear
XGBoost,287,0,0,0.0,Correct_or_Clear
XGBoost,288,0,0,0.0,Correct_or_Clear
XGBoost,289,0,0,0.0,Correct_or_Clear
XGBoost,290,0,0,0.0,Correct_or_Clear
XGBoost,291,0,0,0.0,Correct_or_Clear
XGBoost,292,0,0,0.00025246149962130775,Correct_or_Clear
XGBoost,293,0,0,0.00025246149962130775,Correct_or_Clear
XGBoost,294,0,0,0.00025246149962130775,Correct_or_Clear
XGBoost,295,0,0,0.00025246149962130775,Correct_or_Clear
XGBoost,296,0,0,0.00025246149962130775,Correct_or_Clear
XGBoost,297,0,0,0.00025246149962130775,Correct_or_Clear
XGBoost,298,0,0,0.00025246149962130775,Correct_or_Clear
XGBoost,299,0,0,0.00025246149962130775,Correct_or_Clear
XGBoost,300,0,0,0.00025246149962130775,Correct_or_Clear
XGBoost,301,0,0,0.00025246149962130775,Correct_or_Clear
XGBoost,302,0,0,0.00025246149962130775,Correct_or_Clear
XGBoost,303,0,0,0.0,Correct_or_Clear
XGBoost,304,0,0,0.0,Correct_or_Clear
XGBoost,305,0,0,0.0,Correct_or_Clear
XGBoost,306,0,0,0.0,Correct_or_Clear
XGBoost,307,0,0,0.0,Correct_or_Clear
XGBoost,308,0,0,0.0,Correct_or_Clear
XGBoost,309,0,0,0.0,Correct_or_Clear
XGBoost,310,0,0,0.0,Correct_or_Clear
XGBoost,311,0,0,0.0,Correct_or_Clear
XGBoost,312,0,0,0.0,Correct_or_Clear
XGBoost,313,0,0,0.0,Correct_or_Clear
XGBoost,314,0,0,0.0,Correct_or_Clear
XGBoost,315,0,0,0.0,Correct_or_Clear
XGBoost,316,0,0,0.0,Correct_or_Clear
XGBoost,317,1,1,1.0,Correct_or_Clear
XGBoost,318,0,0,0.0,Correct_or_Clear
XGBoost,319,0,0,0.0,Correct_or_Clear
XGBoost,320,0,0,0.0,Correct_or_Clear
XGBoost,321,0,0,0.0,Correct_or_Clear
XGBoost,322,0,0,0.0,Correct_or_Clear
XGBoost,323,0,0,0.0,Correct_or_Clear
XGBoost,324,0,0,0.0,Correct_or_Clear
XGBoost,325,0,0,0.0,Correct_or_Clear
XGBoost,326,0,0,0.0,Correct_or_Clear
XGBoost,327,0,0,0.0,Correct_or_Clear
XGBoost,328,0,0,0.0,Correct_or_Clear
XGBoost,329,0,0,0.0,Correct_or_Clear
XGBoost,330,0,0,0.0,Correct_or_Clear
XGBoost,331,0,0,0.0,Correct_or_Clear
XGBoost,332,0,0,0.0,Correct_or_Clear
XGBoost,333,0,0,0.0,Correct_or_Clear
XGBoost,334,0,0,0.0,Correct_or_Clear
XGBoost,335,0,0,0.0,Correct_or_Clear
XGBoost,336,0,0,0.0,Correct_or_Clear
XGBoost,337,0,0,0.0,Correct_or_Clear
XGBoost,338,0,0,0.0,Correct_or_Clear
XGBoost,339,0,0,0.0,Correct_or_Clear
XGBoost,340,0,0,0.0,Correct_or_Clear
XGBoost,341,0,0,0.00025246149962130775,Correct_or_Clear
XGBoost,342,0,0,0.00025246149962130775,Correct_or_Clear
XGBoost,343,0,0,0.00025246149962130775,Correct_or_Clear
XGBoost,344,0,0,0.00025246149962130775,Correct_or_Clear
XGBoost,345,0,0,0.00025246149962130775,Correct_or_Clear
XGBoost,346,0,0,0.00025246149962130775,Correct_or_Clear
XGBoost,347,0,0,0.00025246149962130775,Correct_or_Clear
XGBoost,348,0,0,0.0,Correct_or_Clear
XGBoost,349,0,0,0.0,Correct_or_Clear
XGBoost,350,0,0,0.00025246149962130775,Correct_or_Clear
XGBoost,351,0,0,0.0,Correct_or_Clear
XGBoost,352,0,0,0.0,Correct_or_Clear
XGBoost,353,0,0,0.0,Correct_or_Clear
XGBoost,354,0,0,0.0,Correct_or_Clear
XGBoost,355,0,0,0.0,Correct_or_Clear
XGBoost,356,0,0,0.0,Correct_or_Clear
XGBoost,357,0,0,0.0,Correct_or_Clear
XGBoost,358,0,0,0.0,Correct_or_Clear
XGBoost,359,0,0,0.00025246149962130775,Correct_or_Clear
XGBoost,360,0,0,0.0,Correct_or_Clear
XGBoost,361,0,0,0.0,Correct_or_Clear
XGBoost,362,0,0,0.0,Correct_or_Clear
XGBoost,363,0,0,0.00025246149962130775,Correct_or_Clear
XGBoost,364,0,0,0.0,Correct_or_Clear
XGBoost,365,0,0,0.0,Correct_or_Clear
XGBoost,366,0,0,0.0,Correct_or_Clear
XGBoost,367,0,0,0.0,Correct_or_Clear
XGBoost,368,0,0,0.00025246149962130775,Correct_or_Clear
XGBoost,369,0,0,0.00025246149962130775,Correct_or_Clear
XGBoost,370,0,0,0.00025246149962130775,Correct_or_Clear
XGBoost,371,0,0,0.00025246149962130775,Correct_or_Clear
XGBoost,372,0,0,0.00025246149962130775,Correct_or_Clear
XGBoost,373,0,0,0.00025246149962130775,Correct_or_Clear
XGBoost,374,0,0,0.00025246149962130775,Correct_or_Clear
XGBoost,375,0,0,0.00025246149962130775,Correct_or_Clear
XGBoost,376,0,0,0.00025246149962130775,Correct_or_Clear
XGBoost,377,0,0,0.00025246149962130775,Correct_or_Clear
XGBoost,378,0,0,0.00025246149962130775,Correct_or_Clear
XGBoost,379,0,0,0.00025246149962130775,Correct_or_Clear
XGBoost,380,0,0,0.00025246149962130775,Correct_or_Clear
XGBoost,381,0,0,0.00025246149962130775,Correct_or_Clear
XGBoost,382,0,0,0.00025246149962130775,Correct_or_Clear
XGBoost,383,0,0,0.00025246149962130775,Correct_or_Clear
XGBoost,384,0,0,0.00025246149962130775,Correct_or_Clear
XGBoost,385,0,0,0.00025246149962130775,Correct_or_Clear
XGBoost,386,0,0,0.00025246149962130775,Correct_or_Clear
XGBoost,387,0,0,0.00025246149962130775,Correct_or_Clear
XGBoost,388,0,0,0.00025246149962130775,Correct_or_Clear
XGBoost,389,0,0,0.00025246149962130775,Correct_or_Clear
XGBoost,390,0,0,0.00025246149962130775,Correct_or_Clear
XGBoost,391,0,0,0.00025246149962130775,Correct_or_Clear
XGBoost,392,0,0,0.00025246149962130775,Correct_or_Clear
XGBoost,393,0,0,0.00025246149962130775,Correct_or_Clear
XGBoost,394,0,0,0.00025246149962130775,Correct_or_Clear
XGBoost,395,0,0,0.00025246149962130775,Correct_or_Clear
XGBoost,396,0,0,0.00025246149962130775,Correct_or_Clear
XGBoost,397,0,0,0.00025246149962130775,Correct_or_Clear
XGBoost,398,0,0,0.00025246149962130775,Correct_or_Clear
XGBoost,399,0,0,0.00025246149962130775,Correct_or_Clear
XGBoost,400,0,0,0.00025246149962130775,Correct_or_Clear
XGBoost,401,0,0,0.00025246149962130775,Correct_or_Clear
XGBoost,402,0,0,0.00025246149962130775,Correct_or_Clear
XGBoost,403,0,0,0.00025246149962130775,Correct_or_Clear
XGBoost,404,0,0,0.00025246149962130775,Correct_or_Clear
XGBoost,405,0,0,0.00025246149962130775,Correct_or_Clear
XGBoost,406,0,0,0.00025246149962130775,Correct_or_Clear
XGBoost,407,0,0,0.00025246149962130775,Correct_or_Clear
XGBoost,408,0,0,0.00025246149962130775,Correct_or_Clear
XGBoost,409,0,0,0.00025246149962130775,Correct_or_Clear
XGBoost,410,0,0,0.00025246149962130775,Correct_or_Clear
XGBoost,411,0,0,0.00025246149962130775,Correct_or_Clear
XGBoost,412,0,0,0.00025246149962130775,Correct_or_Clear
XGBoost,413,0,0,0.00025246149962130775,Correct_or_Clear
XGBoost,414,0,0,0.00025246149962130775,Correct_or_Clear
XGBoost,415,0,0,0.00025246149962130775,Correct_or_Clear
XGBoost,416,0,0,0.00025246149962130775,Correct_or_Clear
XGBoost,417,0,0,0.00025246149962130775,Correct_or_Clear
XGBoost,418,0,0,0.00025246149962130775,Correct_or_Clear
XGBoost,419,0,0,0.00025246149962130775,Correct_or_Clear
XGBoost,420,0,0,0.00025246149962130775,Correct_or_Clear
XGBoost,421,0,0,0.00025246149962130775,Correct_or_Clear
XGBoost,422,0,0,0.00025246149962130775,Correct_or_Clear
XGBoost,423,0,0,0.00025246149962130775,Correct_or_Clear
XGBoost,424,0,0,0.00025246149962130775,Correct_or_Clear
XGBoost,425,0,0,0.00025246149962130775,Correct_or_Clear
XGBoost,426,0,0,0.00025246149962130775,Correct_or_Clear
XGBoost,427,0,0,0.00025246149962130775,Correct_or_Clear
XGBoost,428,0,0,0.00025246149962130775,Correct_or_Clear
XGBoost,429,0,0,0.00025246149962130775,Correct_or_Clear
XGBoost,430,0,0,0.00025246149962130775,Correct_or_Clear
XGBoost,431,0,0,0.00025246149962130775,Correct_or_Clear
XGBoost,432,0,0,0.00025246149962130775,Correct_or_Clear
XGBoost,433,0,0,0.00025246149962130775,Correct_or_Clear
XGBoost,434,0,0,0.00025246149962130775,Correct_or_Clear
XGBoost,435,0,0,0.00025246149962130775,Correct_or_Clear
XGBoost,436,0,0,0.00025246149962130775,Correct_or_Clear
XGBoost,437,0,0,0.00025246149962130775,Correct_or_Clear
XGBoost,438,0,0,0.00025246149962130775,Correct_or_Clear
XGBoost,439,0,0,0.00025246149962130775,Correct_or_Clear
XGBoost,440,0,0,0.00025246149962130775,Correct_or_Clear
XGBoost,441,0,0,0.00025246149962130775,Correct_or_Clear
XGBoost,442,0,0,0.00025246149962130775,Correct_or_Clear
XGBoost,443,0,0,0.00025246149962130775,Correct_or_Clear
XGBoost,444,0,0,0.00025246149962130775,Correct_or_Clear
XGBoost,445,0,0,0.00025246149962130775,Correct_or_Clear
XGBoost,446,0,0,0.00025246149962130775,Correct_or_Clear
XGBoost,447,0,0,0.00025246149962130775,Correct_or_Clear
XGBoost,448,0,0,0.00025246149962130775,Correct_or_Clear
XGBoost,449,0,0,0.00025246149962130775,Correct_or_Clear
XGBoost,450,0,0,0.00025246149962130775,Correct_or_Clear
XGBoost,451,0,0,0.00025246149962130775,Correct_or_Clear
XGBoost,452,0,0,0.00025246149962130775,Correct_or_Clear
XGBoost,453,0,0,0.00025246149962130775,Correct_or_Clear
XGBoost,454,0,0,0.00025246149962130775,Correct_or_Clear
XGBoost,455,0,0,0.00025246149962130775,Correct_or_Clear
XGBoost,456,0,0,0.00025246149962130775,Correct_or_Clear
XGBoost,457,0,0,0.00025246149962130775,Correct_or_Clear
XGBoost,458,0,0,0.00025246149962130775,Correct_or_Clear
XGBoost,459,0,0,0.00025246149962130775,Correct_or_Clear
XGBoost,460,0,0,0.00025246149962130775,Correct_or_Clear
XGBoost,461,1,1,1.0,Correct_or_Clear
XGBoost,462,0,0,0.00025246149962130775,Correct_or_Clear
XGBoost,463,0,0,0.00025246149962130775,Correct_or_Clear
XGBoost,464,1,1,0.9962467302403063,Near_Threshold
XGBoost,465,0,0,0.00025246149962130775,Correct_or_Clear
XGBoost,466,0,0,0.00025246149962130775,Correct_or_Clear
XGBoost,467,0,0,0.00025246149962130775,Correct_or_Clear
XGBoost,468,0,0,0.00025246149962130775,Correct_or_Clear
XGBoost,469,0,0,0.00025246149962130775,Correct_or_Clear
XGBoost,470,0,0,0.00025246149962130775,Correct_or_Clear
XGBoost,471,0,0,0.00025246149962130775,Correct_or_Clear
XGBoost,472,0,0,0.00025246149962130775,Correct_or_Clear
XGBoost,473,1,1,0.9956445600560956,Near_Threshold
XGBoost,474,0,0,0.00025246149962130775,Correct_or_Clear
XGBoost,475,0,0,0.00025246149962130775,Correct_or_Clear
XGBoost,476,0,0,0.00025246149962130775,Correct_or_Clear
XGBoost,477,0,0,0.00025246149962130775,Correct_or_Clear
XGBoost,478,1,1,1.0,Correct_or_Clear
XGBoost,479,0,0,0.00025246149962130775,Correct_or_Clear
XGBoost,480,0,0,0.00025246149962130775,Correct_or_Clear
XGBoost,481,0,0,0.00025246149962130775,Correct_or_Clear
XGBoost,482,0,0,0.00025246149962130775,Correct_or_Clear
XGBoost,483,0,0,0.00025246149962130775,Correct_or_Clear
XGBoost,484,0,0,0.00025246149962130775,Correct_or_Clear
XGBoost,485,0,0,0.00025246149962130775,Correct_or_Clear
XGBoost,486,0,0,0.00025246149962130775,Correct_or_Clear
XGBoost,487,0,0,0.00025246149962130775,Correct_or_Clear
XGBoost,488,0,0,0.00025246149962130775,Correct_or_Clear
XGBoost,489,0,0,0.00025246149962130775,Correct_or_Clear
XGBoost,490,0,0,0.00025246149962130775,Correct_or_Clear
XGBoost,491,1,1,1.0,Correct_or_Clear
XGBoost,492,1,1,1.0,Correct_or_Clear
XGBoost,493,1,1,1.0,Correct_or_Clear
XGBoost,494,0,0,0.00025246149962130775,Correct_or_Clear
XGBoost,495,0,0,0.00025246149962130775,Correct_or_Clear
XGBoost,496,0,0,0.00025246149962130775,Correct_or_Clear
XGBoost,497,0,0,0.00025246149962130775,Correct_or_Clear
XGBoost,498,0,0,0.00025246149962130775,Correct_or_Clear
XGBoost,499,0,0,0.00025246149962130775,Correct_or_Clear
XGBoost,500,0,0,0.00025246149962130775,Correct_or_Clear
XGBoost,501,0,0,0.00025246149962130775,Correct_or_Clear
XGBoost,502,0,0,0.00025246149962130775,Correct_or_Clear
XGBoost,503,0,0,0.00025246149962130775,Correct_or_Clear
XGBoost,504,0,0,0.00025246149962130775,Correct_or_Clear
XGBoost,505,0,0,0.00025246149962130775,Correct_or_Clear
XGBoost,506,0,0,0.00025246149962130775,Correct_or_Clear
XGBoost,507,0,0,0.00025246149962130775,Correct_or_Clear
XGBoost,508,0,0,0.00025246149962130775,Correct_or_Clear
XGBoost,509,0,0,0.00025246149962130775,Correct_or_Clear
XGBoost,510,0,0,0.00025246149962130775,Correct_or_Clear
XGBoost,511,0,0,0.00025246149962130775,Correct_or_Clear
XGBoost,512,0,0,0.00025246149962130775,Correct_or_Clear
XGBoost,513,0,0,0.00025246149962130775,Correct_or_Clear
XGBoost,514,0,0,0.00025246149962130775,Correct_or_Clear
XGBoost,515,0,0,0.00025246149962130775,Correct_or_Clear
XGBoost,516,0,0,0.00025246149962130775,Correct_or_Clear
XGBoost,517,1,1,1.0,Correct_or_Clear
XGBoost,518,0,0,0.00025246149962130775,Correct_or_Clear
XGBoost,519,0,0,0.00025246149962130775,Correct_or_Clear
XGBoost,520,0,0,0.00025246149962130775,Correct_or_Clear
XGBoost,521,0,0,0.00025246149962130775,Correct_or_Clear
XGBoost,522,0,0,0.00025246149962130775,Correct_or_Clear
XGBoost,523,0,0,0.00025246149962130775,Correct_or_Clear
XGBoost,524,0,0,0.00025246149962130775,Correct_or_Clear
XGBoost,525,0,0,0.00025246149962130775,Correct_or_Clear
XGBoost,526,0,0,0.00025246149962130775,Correct_or_Clear
XGBoost,527,0,0,0.00025246149962130775,Correct_or_Clear
XGBoost,528,0,0,0.00025246149962130775,Correct_or_Clear
XGBoost,529,0,0,0.00025246149962130775,Correct_or_Clear
XGBoost,530,0,0,0.00025246149962130775,Correct_or_Clear
XGBoost,531,0,0,0.00025246149962130775,Correct_or_Clear
XGBoost,532,0,0,0.00025246149962130775,Correct_or_Clear
XGBoost,533,0,0,0.00025246149962130775,Correct_or_Clear
XGBoost,534,0,0,0.00025246149962130775,Correct_or_Clear
XGBoost,535,0,0,0.00025246149962130775,Correct_or_Clear
XGBoost,536,0,0,0.00025246149962130775,Correct_or_Clear
XGBoost,537,0,0,0.00025246149962130775,Correct_or_Clear
XGBoost,538,0,0,0.00025246149962130775,Correct_or_Clear
XGBoost,539,0,0,0.00025246149962130775,Correct_or_Clear
XGBoost,540,0,0,0.00025246149962130775,Correct_or_Clear
XGBoost,541,0,0,0.00025246149962130775,Correct_or_Clear
XGBoost,542,0,0,0.00025246149962130775,Correct_or_Clear
XGBoost,543,0,0,0.00025246149962130775,Correct_or_Clear
XGBoost,544,1,1,1.0,Correct_or_Clear
XGBoost,545,0,0,0.00025246149962130775,Correct_or_Clear
XGBoost,546,0,0,0.00025246149962130775,Correct_or_Clear
XGBoost,547,0,0,0.00025246149962130775,Correct_or_Clear
XGBoost,548,0,0,0.00025246149962130775,Correct_or_Clear
XGBoost,549,0,0,0.00025246149962130775,Correct_or_Clear
XGBoost,550,0,0,0.00025246149962130775,Correct_or_Clear
XGBoost,551,0,0,0.00025246149962130775,Correct_or_Clear
XGBoost,552,0,0,0.00025246149962130775,Correct_or_Clear
XGBoost,553,0,0,0.00025246149962130775,Correct_or_Clear
XGBoost,554,0,0,0.00025246149962130775,Correct_or_Clear
XGBoost,555,0,0,0.00025246149962130775,Correct_or_Clear
XGBoost,556,0,0,0.00025246149962130775,Correct_or_Clear
XGBoost,557,0,0,0.00025246149962130775,Correct_or_Clear
XGBoost,558,0,0,0.00025246149962130775,Correct_or_Clear
XGBoost,559,0,0,0.00025246149962130775,Correct_or_Clear
XGBoost,560,1,1,1.0,Correct_or_Clear
XGBoost,561,1,1,0.9962944387569412,Near_Threshold
XGBoost,562,1,0,0.00025246149962130775,False_Negative
XGBoost,563,1,1,0.9962944387569412,Near_Threshold
XGBoost,564,0,0,0.00025246149962130775,Correct_or_Clear
XGBoost,565,1,0,0.00025246149962130775,False_Negative
XGBoost,566,1,1,0.9962755591303835,Near_Threshold
XGBoost,567,0,0,0.00025246149962130775,Correct_or_Clear
XGBoost,568,0,0,0.00025246149962130775,Correct_or_Clear
XGBoost,569,0,0,0.00025246149962130775,Correct_or_Clear
XGBoost,570,0,0,0.00025246149962130775,Correct_or_Clear
XGBoost,571,0,0,0.00025246149962130775,Correct_or_Clear
XGBoost,572,0,0,0.00025246149962130775,Correct_or_Clear
XGBoost,573,0,0,0.00025246149962130775,Correct_or_Clear
XGBoost,574,0,0,0.00025246149962130775,Correct_or_Clear
XGBoost,575,1,1,1.0,Correct_or_Clear
XGBoost,576,0,0,0.00025246149962130775,Correct_or_Clear
XGBoost,577,0,0,0.00025246149962130775,Correct_or_Clear
XGBoost,578,0,0,0.00025246149962130775,Correct_or_Clear
XGBoost,579,0,0,0.00025246149962130775,Correct_or_Clear
XGBoost,580,0,0,0.00025246149962130775,Correct_or_Clear
XGBoost,581,0,0,0.00025246149962130775,Correct_or_Clear
XGBoost,582,0,0,0.00025246149962130775,Correct_or_Clear
XGBoost,583,0,0,0.00025246149962130775,Correct_or_Clear
XGBoost,584,0,0,0.00025246149962130775,Correct_or_Clear
XGBoost,585,0,0,0.00025246149962130775,Correct_or_Clear
XGBoost,586,0,0,0.00025246149962130775,Correct_or_Clear
XGBoost,587,0,0,0.00025246149962130775,Correct_or_Clear
XGBoost,588,0,0,0.00025246149962130775,Correct_or_Clear
XGBoost,589,0,0,0.00025246149962130775,Correct_or_Clear
XGBoost,590,0,0,0.00025246149962130775,Correct_or_Clear
XGBoost,591,0,0,0.00025246149962130775,Correct_or_Clear
XGBoost,592,0,0,0.00025246149962130775,Correct_or_Clear
XGBoost,593,0,0,0.00025246149962130775,Correct_or_Clear
XGBoost,594,0,0,0.00025246149962130775,Correct_or_Clear
XGBoost,595,0,0,0.00025246149962130775,Correct_or_Clear
XGBoost,596,0,0,0.00025246149962130775,Correct_or_Clear
XGBoost,597,0,0,0.00025246149962130775,Correct_or_Clear
XGBoost,598,0,0,0.00025246149962130775,Correct_or_Clear
XGBoost,599,0,0,0.00025246149962130775,Correct_or_Clear
XGBoost,600,0,0,0.00025246149962130775,Correct_or_Clear
XGBoost,601,0,0,0.00025246149962130775,Correct_or_Clear
XGBoost,602,0,0,0.00025246149962130775,Correct_or_Clear
XGBoost,603,0,0,0.00025246149962130775,Correct_or_Clear
XGBoost,604,0,0,0.00025246149962130775,Correct_or_Clear
XGBoost,605,0,0,0.00025246149962130775,Correct_or_Clear
XGBoost,606,1,1,1.0,Correct_or_Clear
XGBoost,607,0,0,0.00025246149962130775,Correct_or_Clear
XGBoost,608,0,0,0.00025246149962130775,Correct_or_Clear
XGBoost,609,0,0,0.00025246149962130775,Correct_or_Clear
XGBoost,610,0,0,0.00025246149962130775,Correct_or_Clear
XGBoost,611,0,0,0.00025246149962130775,Correct_or_Clear
XGBoost,612,0,0,0.00025246149962130775,Correct_or_Clear
XGBoost,613,0,0,0.00025246149962130775,Correct_or_Clear
XGBoost,614,0,0,0.00025246149962130775,Correct_or_Clear
XGBoost,615,0,0,0.00025246149962130775,Correct_or_Clear
XGBoost,616,0,0,0.00025246149962130775,Correct_or_Clear
XGBoost,617,0,0,0.00025246149962130775,Correct_or_Clear
XGBoost,618,0,0,0.00025246149962130775,Correct_or_Clear
XGBoost,619,1,1,1.0,Correct_or_Clear
XGBoost,620,1,1,1.0,Correct_or_Clear
XGBoost,621,1,1,1.0,Correct_or_Clear
XGBoost,622,1,1,1.0,Correct_or_Clear
XGBoost,623,1,0,0.0,False_Negative
XGBoost,624,1,1,1.0,Correct_or_Clear
XGBoost,625,1,0,0.0,False_Negative
XGBoost,626,1,1,1.0,Correct_or_Clear
XGBoost,627,0,0,0.00025246149962130775,Correct_or_Clear
XGBoost,628,1,1,1.0,Correct_or_Clear
XGBoost,629,1,0,0.0,False_Negative
XGBoost,630,1,1,1.0,Correct_or_Clear
XGBoost,631,0,0,0.00025246149962130775,Correct_or_Clear
XGBoost,632,0,0,0.00025246149962130775,Correct_or_Clear
XGBoost,633,1,1,1.0,Correct_or_Clear
XGBoost,634,1,0,0.0,False_Negative
XGBoost,635,1,0,0.0,False_Negative
XGBoost,636,1,1,1.0,Correct_or_Clear
XGBoost,637,1,0,0.0,False_Negative
XGBoost,638,1,1,1.0,Correct_or_Clear
XGBoost,639,1,1,1.0,Correct_or_Clear
XGBoost,640,1,0,0.0,False_Negative
XGBoost,641,1,1,1.0,Correct_or_Clear
XGBoost,642,1,1,1.0,Correct_or_Clear
XGBoost,643,0,0,0.00025246149962130775,Correct_or_Clear
XGBoost,644,1,0,0.0,False_Negative
XGBoost,645,1,1,1.0,Correct_or_Clear
XGBoost,646,1,1,1.0,Correct_or_Clear
XGBoost,647,1,0,0.0,False_Negative
XGBoost,648,1,0,0.0,False_Negative
XGBoost,649,1,1,1.0,Correct_or_Clear
XGBoost,650,1,0,0.0,False_Negative
XGBoost,651,1,1,1.0,Correct_or_Clear
XGBoost,652,0,0,0.0,Correct_or_Clear
XGBoost,653,0,0,0.00025246149962130775,Correct_or_Clear
XGBoost,654,1,1,1.0,Correct_or_Clear
XGBoost,655,1,0,0.0,False_Negative
XGBoost,656,0,0,0.0,Correct_or_Clear
XGBoost,657,1,1,1.0,Correct_or_Clear
XGBoost,658,0,0,0.0,Correct_or_Clear
XGBoost,659,1,0,0.0,False_Negative
XGBoost,660,1,1,1.0,Correct_or_Clear
XGBoost,661,0,0,0.0,Correct_or_Clear
XGBoost,662,1,1,1.0,Correct_or_Clear
XGBoost,663,1,0,0.0,False_Negative
XGBoost,664,1,1,1.0,Correct_or_Clear
XGBoost,665,1,0,0.0,False_Negative
XGBoost,666,0,0,0.0,Correct_or_Clear
XGBoost,667,1,1,1.0,Correct_or_Clear
XGBoost,668,1,0,0.0,False_Negative
XGBoost,669,1,1,1.0,Correct_or_Clear
XGBoost,670,1,0,0.0,False_Negative
XGBoost,671,0,0,0.00025246149962130775,Correct_or_Clear
XGBoost,672,0,0,0.0,Correct_or_Clear
XGBoost,673,1,1,1.0,Correct_or_Clear
XGBoost,674,1,0,0.0,False_Negative
XGBoost,675,0,0,0.0,Correct_or_Clear
XGBoost,676,1,1,1.0,Correct_or_Clear
XGBoost,677,1,0,0.0,False_Negative
XGBoost,678,1,1,1.0,Correct_or_Clear
XGBoost,679,1,0,0.0,False_Negative
XGBoost,680,1,1,1.0,Correct_or_Clear
XGBoost,681,0,0,0.00025246149962130775,Correct_or_Clear
XGBoost,682,0,0,0.00025246149962130775,Correct_or_Clear
XGBoost,683,1,1,1.0,Correct_or_Clear
XGBoost,684,1,0,0.0,False_Negative
XGBoost,685,1,1,1.0,Correct_or_Clear
XGBoost,686,1,0,0.0,False_Negative
XGBoost,687,1,1,1.0,Correct_or_Clear
XGBoost,688,1,1,1.0,Correct_or_Clear
XGBoost,689,1,0,0.0,False_Negative
XGBoost,690,1,1,1.0,Correct_or_Clear
XGBoost,691,1,0,0.0,False_Negative
XGBoost,692,1,1,1.0,Correct_or_Clear
XGBoost,693,1,0,0.0,False_Negative
XGBoost,694,0,0,0.00025246149962130775,Correct_or_Clear
XGBoost,695,1,1,1.0,Correct_or_Clear
XGBoost,696,1,0,0.0,False_Negative
XGBoost,697,0,0,0.00025246149962130775,Correct_or_Clear
XGBoost,698,1,1,1.0,Correct_or_Clear
XGBoost,699,1,0,0.0,False_Negative
XGBoost,700,0,0,0.00025246149962130775,Correct_or_Clear
XGBoost,701,1,1,1.0,Correct_or_Clear
XGBoost,702,1,0,0.0,False_Negative
XGBoost,703,1,1,1.0,Correct_or_Clear
XGBoost,704,1,0,0.0,False_Negative
XGBoost,705,0,0,0.00025246149962130775,Correct_or_Clear
XGBoost,706,1,1,1.0,Correct_or_Clear
XGBoost,707,0,0,0.00025246149962130775,Correct_or_Clear
XGBoost,708,1,0,0.0,False_Negative
XGBoost,709,1,1,1.0,Correct_or_Clear
XGBoost,710,1,0,0.0,False_Negative
XGBoost,711,1,1,1.0,Correct_or_Clear
XGBoost,712,1,0,0.0,False_Negative
XGBoost,713,0,0,0.00025246149962130775,Correct_or_Clear
XGBoost,714,1,1,1.0,Correct_or_Clear
XGBoost,715,1,0,0.0,False_Negative
XGBoost,716,0,0,0.00025246149962130775,Correct_or_Clear
XGBoost,717,1,1,1.0,Correct_or_Clear
XGBoost,718,1,0,0.0,False_Negative
XGBoost,719,1,1,1.0,Correct_or_Clear
XGBoost,720,1,0,0.0,False_Negative
XGBoost,721,0,0,0.00025246149962130775,Correct_or_Clear
XGBoost,722,1,0,0.0,False_Negative
XGBoost,723,1,1,1.0,Correct_or_Clear
XGBoost,724,0,0,0.00025246149962130775,Correct_or_Clear
XGBoost,725,1,0,0.0,False_Negative
XGBoost,726,1,1,1.0,Correct_or_Clear
XGBoost,727,0,0,0.00025246149962130775,Correct_or_Clear
XGBoost,728,1,0,0.0,False_Negative
XGBoost,729,1,1,1.0,Correct_or_Clear
XGBoost,730,0,0,0.00025246149962130775,Correct_or_Clear
XGBoost,731,0,0,0.00025246149962130775,Correct_or_Clear
XGBoost,732,0,0,0.0,Correct_or_Clear
XGBoost,733,0,0,0.0,Correct_or_Clear
XGBoost,734,0,0,0.00025246149962130775,Correct_or_Clear
XGBoost,735,0,0,0.0,Correct_or_Clear
XGBoost,736,0,0,0.0,Correct_or_Clear
XGBoost,737,0,0,0.0,Correct_or_Clear
XGBoost,738,0,0,0.00025246149962130775,Correct_or_Clear
XGBoost,739,0,0,0.0,Correct_or_Clear
XGBoost,740,0,0,0.0,Correct_or_Clear
XGBoost,741,0,0,0.00025246149962130775,Correct_or_Clear
XGBoost,742,0,0,0.00025246149962130775,Correct_or_Clear
XGBoost,743,0,0,0.00025246149962130775,Correct_or_Clear
XGBoost,744,0,0,0.00025246149962130775,Correct_or_Clear
XGBoost,745,0,0,0.00025246149962130775,Correct_or_Clear
XGBoost,746,0,0,0.00025246149962130775,Correct_or_Clear
XGBoost,747,0,0,0.00025246149962130775,Correct_or_Clear
XGBoost,748,0,0,0.00025246149962130775,Correct_or_Clear
XGBoost,749,0,0,0.00025246149962130775,Correct_or_Clear
XGBoost,750,0,0,0.00025246149962130775,Correct_or_Clear
XGBoost,751,0,0,0.00025246149962130775,Correct_or_Clear
XGBoost,752,0,0,0.00025246149962130775,Correct_or_Clear
XGBoost,753,0,0,0.0,Correct_or_Clear
XGBoost,754,0,0,0.0,Correct_or_Clear
XGBoost,755,0,0,0.0,Correct_or_Clear
XGBoost,756,0,0,0.0,Correct_or_Clear
XGBoost,757,0,0,0.0,Correct_or_Clear
XGBoost,758,0,0,0.0,Correct_or_Clear
XGBoost,759,0,0,0.0,Correct_or_Clear
XGBoost,760,0,0,0.00025246149962130775,Correct_or_Clear
XGBoost,761,0,0,0.00025246149962130775,Correct_or_Clear
XGBoost,762,0,0,0.00025246149962130775,Correct_or_Clear
XGBoost,763,0,0,0.00025246149962130775,Correct_or_Clear
XGBoost,764,0,0,0.00025246149962130775,Correct_or_Clear
XGBoost,765,0,0,0.00025246149962130775,Correct_or_Clear
XGBoost,766,0,0,0.00025246149962130775,Correct_or_Clear
XGBoost,767,0,0,0.00025246149962130775,Correct_or_Clear
XGBoost,768,0,0,0.0,Correct_or_Clear
XGBoost,769,0,0,0.00025246149962130775,Correct_or_Clear
XGBoost,770,0,0,0.0,Correct_or_Clear
XGBoost,771,0,0,0.0,Correct_or_Clear
XGBoost,772,0,0,0.0,Correct_or_Clear
XGBoost,773,0,0,0.0,Correct_or_Clear
XGBoost,774,0,0,0.0,Correct_or_Clear
XGBoost,775,0,0,0.0,Correct_or_Clear
XGBoost,776,0,0,0.00025246149962130775,Correct_or_Clear
XGBoost,777,0,0,0.0,Correct_or_Clear
XGBoost,778,0,0,0.00025246149962130775,Correct_or_Clear
XGBoost,779,0,0,0.00025246149962130775,Correct_or_Clear
XGBoost,780,0,0,0.00025246149962130775,Correct_or_Clear
XGBoost,781,0,0,0.00025246149962130775,Correct_or_Clear
XGBoost,782,0,0,0.00025246149962130775,Correct_or_Clear
XGBoost,783,0,0,0.00025246149962130775,Correct_or_Clear
XGBoost,784,0,0,0.00025246149962130775,Correct_or_Clear
XGBoost,785,0,0,0.00025246149962130775,Correct_or_Clear
XGBoost,786,0,0,0.0,Correct_or_Clear
XGBoost,787,0,0,0.0,Correct_or_Clear
XGBoost,788,0,0,0.00025246149962130775,Correct_or_Clear
XGBoost,789,0,0,0.00025246149962130775,Correct_or_Clear
XGBoost,790,0,0,0.00025246149962130775,Correct_or_Clear
XGBoost,791,0,0,0.00025246149962130775,Correct_or_Clear
XGBoost,792,0,0,0.00025246149962130775,Correct_or_Clear
XGBoost,793,0,0,0.00025246149962130775,Correct_or_Clear
XGBoost,794,0,0,0.00025246149962130775,Correct_or_Clear
XGBoost,795,0,0,0.00025246149962130775,Correct_or_Clear
XGBoost,796,0,0,0.00025246149962130775,Correct_or_Clear
XGBoost,797,0,0,0.0,Correct_or_Clear
XGBoost,798,0,0,0.0,Correct_or_Clear
XGBoost,799,0,0,0.0,Correct_or_Clear
XGBoost,800,0,0,0.00025246149962130775,Correct_or_Clear
XGBoost,801,0,0,0.0,Correct_or_Clear
XGBoost,802,0,0,0.0,Correct_or_Clear
XGBoost,803,0,0,0.0,Correct_or_Clear
XGBoost,804,0,0,0.00025246149962130775,Correct_or_Clear
XGBoost,805,0,0,0.00025246149962130775,Correct_or_Clear
XGBoost,806,0,0,0.00025246149962130775,Correct_or_Clear
XGBoost,807,0,0,0.00025246149962130775,Correct_or_Clear
XGBoost,808,0,0,0.00025246149962130775,Correct_or_Clear
XGBoost,809,0,0,0.00025246149962130775,Correct_or_Clear
XGBoost,810,0,0,0.00025246149962130775,Correct_or_Clear
XGBoost,811,0,0,0.00025246149962130775,Correct_or_Clear
XGBoost,812,0,0,0.00025246149962130775,Correct_or_Clear
XGBoost,813,0,0,0.00025246149962130775,Correct_or_Clear
XGBoost,814,0,0,0.00025246149962130775,Correct_or_Clear
XGBoost,815,0,0,0.00025246149962130775,Correct_or_Clear
XGBoost,816,1,1,1.0,Correct_or_Clear
XGBoost,817,0,0,0.00025246149962130775,Correct_or_Clear
XGBoost,818,0,0,0.00025246149962130775,Correct_or_Clear
XGBoost,819,0,0,0.00025246149962130775,Correct_or_Clear
XGBoost,820,0,0,0.00025246149962130775,Correct_or_Clear
XGBoost,821,0,0,0.0,Correct_or_Clear
XGBoost,822,0,0,0.0,Correct_or_Clear
XGBoost,823,0,0,0.0,Correct_or_Clear
XGBoost,824,0,0,0.0,Correct_or_Clear
XGBoost,825,0,0,0.0,Correct_or_Clear
XGBoost,826,0,0,0.0,Correct_or_Clear
XGBoost,827,0,0,0.00025246149962130775,Correct_or_Clear
XGBoost,828,0,0,0.00025246149962130775,Correct_or_Clear
XGBoost,829,0,0,0.00025246149962130775,Correct_or_Clear
XGBoost,830,0,0,0.00025246149962130775,Correct_or_Clear
XGBoost,831,0,0,0.00025246149962130775,Correct_or_Clear
XGBoost,832,0,0,0.00025246149962130775,Correct_or_Clear
XGBoost,833,0,0,0.00025246149962130775,Correct_or_Clear
XGBoost,834,0,0,0.00025246149962130775,Correct_or_Clear
XGBoost,835,0,0,0.00025246149962130775,Correct_or_Clear
XGBoost,836,0,0,0.00025246149962130775,Correct_or_Clear
XGBoost,837,0,0,0.00025246149962130775,Correct_or_Clear
XGBoost,838,0,0,0.0,Correct_or_Clear
XGBoost,839,0,0,0.0,Correct_or_Clear
XGBoost,840,0,0,0.0,Correct_or_Clear
XGBoost,841,0,0,0.00025246149962130775,Correct_or_Clear
XGBoost,842,0,0,0.0,Correct_or_Clear
XGBoost,843,0,0,0.00025246149962130775,Correct_or_Clear
XGBoost,844,0,0,0.0,Correct_or_Clear
XGBoost,845,0,0,0.00025246149962130775,Correct_or_Clear
XGBoost,846,0,0,0.00025246149962130775,Correct_or_Clear
XGBoost,847,0,0,0.00025246149962130775,Correct_or_Clear
XGBoost,848,0,0,0.00025246149962130775,Correct_or_Clear
XGBoost,849,1,1,1.0,Correct_or_Clear
XGBoost,850,0,0,0.00025246149962130775,Correct_or_Clear
XGBoost,851,0,0,0.00025246149962130775,Correct_or_Clear
XGBoost,852,0,0,0.00025246149962130775,Correct_or_Clear
XGBoost,853,0,0,0.00025246149962130775,Correct_or_Clear
XGBoost,854,0,0,0.00025246149962130775,Correct_or_Clear
XGBoost,855,0,0,0.00025246149962130775,Correct_or_Clear
XGBoost,856,0,0,0.00025246149962130775,Correct_or_Clear
XGBoost,857,0,0,0.00025246149962130775,Correct_or_Clear
XGBoost,858,0,0,0.00025246149962130775,Correct_or_Clear
XGBoost,859,0,0,0.0,Correct_or_Clear
XGBoost,860,0,0,0.0,Correct_or_Clear
XGBoost,861,0,0,0.0,Correct_or_Clear
XGBoost,862,0,0,0.0,Correct_or_Clear
XGBoost,863,0,0,0.00025246149962130775,Correct_or_Clear
XGBoost,864,0,0,0.00025246149962130775,Correct_or_Clear
XGBoost,865,0,0,0.00025246149962130775,Correct_or_Clear
XGBoost,866,0,0,0.0,Correct_or_Clear
XGBoost,867,0,0,0.00025246149962130775,Correct_or_Clear
XGBoost,868,0,0,0.00025246149962130775,Correct_or_Clear
XGBoost,869,0,0,0.00025246149962130775,Correct_or_Clear
XGBoost,870,0,0,0.00025246149962130775,Correct_or_Clear
XGBoost,871,0,0,0.00025246149962130775,Correct_or_Clear
XGBoost,872,0,0,0.00025246149962130775,Correct_or_Clear
XGBoost,873,0,0,0.00025246149962130775,Correct_or_Clear
XGBoost,874,0,0,0.00025246149962130775,Correct_or_Clear
XGBoost,875,0,0,0.00025246149962130775,Correct_or_Clear
XGBoost,876,0,0,0.00025246149962130775,Correct_or_Clear
XGBoost,877,0,0,0.00025246149962130775,Correct_or_Clear
XGBoost,878,0,0,0.00025246149962130775,Correct_or_Clear
XGBoost,879,0,0,0.00025246149962130775,Correct_or_Clear
XGBoost,880,1,1,1.0,Correct_or_Clear
XGBoost,881,0,0,0.00025246149962130775,Correct_or_Clear
XGBoost,882,0,0,0.00025246149962130775,Correct_or_Clear
XGBoost,883,1,1,1.0,Correct_or_Clear
XGBoost,884,0,0,0.00025246149962130775,Correct_or_Clear
XGBoost,885,0,0,0.00025246149962130775,Correct_or_Clear
XGBoost,886,0,0,0.00025246149962130775,Correct_or_Clear
XGBoost,887,0,0,0.00025246149962130775,Correct_or_Clear
XGBoost,888,0,0,0.0,Correct_or_Clear
XGBoost,889,0,0,0.00025246149962130775,Correct_or_Clear
XGBoost,890,0,0,0.00025246149962130775,Correct_or_Clear
XGBoost,891,0,0,0.00025246149962130775,Correct_or_Clear
XGBoost,892,0,0,0.00025246149962130775,Correct_or_Clear
XGBoost,893,0,0,0.00025246149962130775,Correct_or_Clear
XGBoost,894,0,0,0.00025246149962130775,Correct_or_Clear
XGBoost,895,0,0,0.00025246149962130775,Correct_or_Clear
XGBoost,896,0,0,0.00025246149962130775,Correct_or_Clear
XGBoost,897,0,0,0.00025246149962130775,Correct_or_Clear
XGBoost,898,0,0,0.00025246149962130775,Correct_or_Clear
XGBoost,899,0,0,0.00025246149962130775,Correct_or_Clear
XGBoost,900,0,0,0.00025246149962130775,Correct_or_Clear
XGBoost,901,0,0,0.00025246149962130775,Correct_or_Clear
XGBoost,902,0,0,0.00025246149962130775,Correct_or_Clear
XGBoost,903,0,0,0.00025246149962130775,Correct_or_Clear
XGBoost,904,0,0,0.00025246149962130775,Correct_or_Clear
XGBoost,905,0,0,0.00025246149962130775,Correct_or_Clear
XGBoost,906,0,0,0.00025246149962130775,Correct_or_Clear
XGBoost,907,0,0,0.00025246149962130775,Correct_or_Clear
XGBoost,908,0,0,0.00025246149962130775,Correct_or_Clear
XGBoost,909,0,0,0.00025246149962130775,Correct_or_Clear
XGBoost,910,0,0,0.00025246149962130775,Correct_or_Clear
XGBoost,911,0,0,0.00025246149962130775,Correct_or_Clear
XGBoost,912,0,0,0.00025246149962130775,Correct_or_Clear
XGBoost,913,0,0,0.00025246149962130775,Correct_or_Clear
XGBoost,914,0,0,0.00025246149962130775,Correct_or_Clear
XGBoost,915,0,0,0.00025246149962130775,Correct_or_Clear
XGBoost,916,0,0,0.00025246149962130775,Correct_or_Clear
XGBoost,917,0,0,0.00025246149962130775,Correct_or_Clear
XGBoost,918,0,0,0.00025246149962130775,Correct_or_Clear
XGBoost,919,0,0,0.00025246149962130775,Correct_or_Clear
XGBoost,920,0,0,0.00025246149962130775,Correct_or_Clear
XGBoost,921,0,0,0.00025246149962130775,Correct_or_Clear
XGBoost,922,0,0,0.00025246149962130775,Correct_or_Clear
XGBoost,923,0,0,0.00025246149962130775,Correct_or_Clear
XGBoost,924,0,0,0.00025246149962130775,Correct_or_Clear
XGBoost,925,0,0,0.00025246149962130775,Correct_or_Clear
XGBoost,926,0,0,0.00025246149962130775,Correct_or_Clear
XGBoost,927,0,0,0.00025246149962130775,Correct_or_Clear
XGBoost,928,0,0,0.00025246149962130775,Correct_or_Clear
XGBoost,929,0,0,0.00025246149962130775,Correct_or_Clear
XGBoost,930,0,0,0.00025246149962130775,Correct_or_Clear
XGBoost,931,0,0,0.00025246149962130775,Correct_or_Clear
XGBoost,932,0,0,0.00025246149962130775,Correct_or_Clear
XGBoost,933,0,0,0.00025246149962130775,Correct_or_Clear
XGBoost,934,0,0,0.00025246149962130775,Correct_or_Clear
XGBoost,935,0,0,0.00025246149962130775,Correct_or_Clear
XGBoost,936,0,0,0.00025246149962130775,Correct_or_Clear
XGBoost,937,0,0,0.00025246149962130775,Correct_or_Clear
XGBoost,938,0,0,0.00025246149962130775,Correct_or_Clear
XGBoost,939,0,0,0.00025246149962130775,Correct_or_Clear
XGBoost,940,0,0,0.00025246149962130775,Correct_or_Clear
XGBoost,941,0,0,0.00025246149962130775,Correct_or_Clear
XGBoost,942,0,0,0.00025246149962130775,Correct_or_Clear
XGBoost,943,0,0,0.00025246149962130775,Correct_or_Clear
XGBoost,944,0,0,0.017877720892839778,Correct_or_Clear
XGBoost,945,0,0,0.01840503373234452,Correct_or_Clear
XGBoost,946,0,0,0.00025246149962130775,Correct_or_Clear
XGBoost,947,0,0,0.00025246149962130775,Correct_or_Clear
XGBoost,948,0,0,0.00025246149962130775,Correct_or_Clear
XGBoost,949,0,0,0.011945071701954654,Correct_or_Clear
XGBoost,950,0,0,0.00025246149962130775,Correct_or_Clear
XGBoost,951,0,0,0.00025246149962130775,Correct_or_Clear
XGBoost,952,0,0,0.006213747132009317,Correct_or_Clear
XGBoost,953,0,0,0.00025246149962130775,Correct_or_Clear
XGBoost,954,0,0,0.00025246149962130775,Correct_or_Clear
XGBoost,955,0,0,0.00025246149962130775,Correct_or_Clear
XGBoost,956,0,0,0.00025246149962130775,Correct_or_Clear
XGBoost,957,0,0,0.00025246149962130775,Correct_or_Clear
XGBoost,958,0,0,0.00025246149962130775,Correct_or_Clear
XGBoost,959,0,0,0.00025246149962130775,Correct_or_Clear
XGBoost,960,0,0,0.00025246149962130775,Correct_or_Clear
XGBoost,961,0,0,0.00025246149962130775,Correct_or_Clear
XGBoost,962,0,0,0.00025246149962130775,Correct_or_Clear
XGBoost,963,0,0,0.00025246149962130775,Correct_or_Clear
XGBoost,964,0,0,0.00025246149962130775,Correct_or_Clear
XGBoost,965,1,1,1.0,Correct_or_Clear
XGBoost,966,0,0,0.00025246149962130775,Correct_or_Clear
XGBoost,967,0,0,0.00025246149962130775,Correct_or_Clear
XGBoost,968,0,0,0.00025246149962130775,Correct_or_Clear
XGBoost,969,1,1,1.0,Correct_or_Clear
XGBoost,970,0,0,0.00025246149962130775,Correct_or_Clear
XGBoost,971,0,0,0.00025246149962130775,Correct_or_Clear
XGBoost,972,0,0,0.00025246149962130775,Correct_or_Clear
XGBoost,973,0,0,0.00025246149962130775,Correct_or_Clear
XGBoost,974,0,0,0.0,Correct_or_Clear
XGBoost,975,0,0,0.00025246149962130775,Correct_or_Clear
XGBoost,976,0,0,0.00025246149962130775,Correct_or_Clear
XGBoost,977,0,0,0.00025246149962130775,Correct_or_Clear
XGBoost,978,0,0,0.00025246149962130775,Correct_or_Clear
XGBoost,979,0,0,0.0,Correct_or_Clear
XGBoost,980,0,0,0.00025246149962130775,Correct_or_Clear
XGBoost,981,0,0,0.0,Correct_or_Clear
XGBoost,982,0,0,0.00025246149962130775,Correct_or_Clear
XGBoost,983,0,0,0.00025246149962130775,Correct_or_Clear
XGBoost,984,0,0,0.00025246149962130775,Correct_or_Clear
XGBoost,985,0,0,0.00025246149962130775,Correct_or_Clear
XGBoost,986,0,0,0.00025246149962130775,Correct_or_Clear
XGBoost,987,0,0,0.00025246149962130775,Correct_or_Clear
XGBoost,988,1,1,1.0,Correct_or_Clear
XGBoost,989,0,0,0.00025246149962130775,Correct_or_Clear
XGBoost,990,0,0,0.00025246149962130775,Correct_or_Clear
XGBoost,991,1,1,1.0,Correct_or_Clear
XGBoost,992,0,0,0.00025246149962130775,Correct_or_Clear
XGBoost,993,1,1,1.0,Correct_or_Clear
XGBoost,994,0,0,0.00025246149962130775,Correct_or_Clear
XGBoost,995,0,0,0.0,Correct_or_Clear
XGBoost,996,0,0,0.0,Correct_or_Clear
XGBoost,997,0,0,0.0,Correct_or_Clear
XGBoost,998,0,0,0.0,Correct_or_Clear
XGBoost,999,0,0,0.0,Correct_or_Clear
XGBoost,1000,0,0,0.00025246149962130775,Correct_or_Clear
XGBoost,1001,0,0,0.00025246149962130775,Correct_or_Clear
XGBoost,1002,0,0,0.00025246149962130775,Correct_or_Clear
XGBoost,1003,0,0,0.00025246149962130775,Correct_or_Clear
XGBoost,1004,0,0,0.00025246149962130775,Correct_or_Clear
XGBoost,1005,0,0,0.0,Correct_or_Clear
XGBoost,1006,0,0,0.0,Correct_or_Clear
XGBoost,1007,0,0,0.0,Correct_or_Clear
XGBoost,1008,0,0,0.00025246149962130775,Correct_or_Clear
XGBoost,1009,0,0,0.00025246149962130775,Correct_or_Clear
XGBoost,1010,0,0,0.00025246149962130775,Correct_or_Clear
XGBoost,1011,0,0,0.0,Correct_or_Clear
XGBoost,1012,0,0,0.00025246149962130775,Correct_or_Clear
XGBoost,1013,0,0,0.00025246149962130775,Correct_or_Clear
XGBoost,1014,0,0,0.00025246149962130775,Correct_or_Clear
XGBoost,1015,0,0,0.00025246149962130775,Correct_or_Clear
XGBoost,1016,0,0,0.00025246149962130775,Correct_or_Clear
XGBoost,1017,0,0,0.00025246149962130775,Correct_or_Clear
XGBoost,1018,0,0,0.00025246149962130775,Correct_or_Clear
XGBoost,1019,0,0,0.00025246149962130775,Correct_or_Clear
XGBoost,1020,0,0,0.0,Correct_or_Clear
XGBoost,1021,0,0,0.0,Correct_or_Clear
XGBoost,1022,1,1,1.0,Correct_or_Clear
XGBoost,1023,0,0,0.00025246149962130775,Correct_or_Clear
XGBoost,1024,0,0,0.00025246149962130775,Correct_or_Clear
XGBoost,1025,0,0,0.00025246149962130775,Correct_or_Clear
XGBoost,1026,0,0,0.00025246149962130775,Correct_or_Clear
XGBoost,1027,0,0,0.00025246149962130775,Correct_or_Clear
XGBoost,1028,0,0,0.00025246149962130775,Correct_or_Clear
XGBoost,1029,0,0,0.00025246149962130775,Correct_or_Clear
XGBoost,1030,0,0,0.00025246149962130775,Correct_or_Clear
XGBoost,1031,0,0,0.00025246149962130775,Correct_or_Clear
XGBoost,1032,0,0,0.00025246149962130775,Correct_or_Clear
XGBoost,1033,0,0,0.00025246149962130775,Correct_or_Clear
XGBoost,1034,0,0,0.00025246149962130775,Correct_or_Clear
XGBoost,1035,1,1,1.0,Correct_or_Clear
XGBoost,1036,0,0,0.00025246149962130775,Correct_or_Clear
XGBoost,1037,0,0,0.00025246149962130775,Correct_or_Clear
XGBoost,1038,0,0,0.0,Correct_or_Clear
XGBoost,1039,0,0,0.0,Correct_or_Clear
XGBoost,1040,0,0,0.0,Correct_or_Clear
XGBoost,1041,0,0,0.0,Correct_or_Clear
XGBoost,1042,0,0,0.00025246149962130775,Correct_or_Clear
XGBoost,1043,0,0,0.00025246149962130775,Correct_or_Clear
XGBoost,1044,0,0,0.0,Correct_or_Clear
XGBoost,1045,0,0,0.0,Correct_or_Clear
XGBoost,1046,0,0,0.0,Correct_or_Clear
XGBoost,1047,0,0,0.0,Correct_or_Clear
XGBoost,1048,0,0,0.00025246149962130775,Correct_or_Clear
XGBoost,1049,0,0,0.00025246149962130775,Correct_or_Clear
XGBoost,1050,0,0,0.0,Correct_or_Clear
XGBoost,1051,0,0,0.00025246149962130775,Correct_or_Clear
XGBoost,1052,0,0,0.00025246149962130775,Correct_or_Clear
XGBoost,1053,0,0,0.00025246149962130775,Correct_or_Clear
XGBoost,1054,0,0,0.0,Correct_or_Clear
XGBoost,1055,0,0,0.0,Correct_or_Clear
XGBoost,1056,0,0,0.00025246149962130775,Correct_or_Clear
XGBoost,1057,0,0,0.00025246149962130775,Correct_or_Clear
XGBoost,1058,0,0,0.00025246149962130775,Correct_or_Clear
XGBoost,1059,0,0,0.00025246149962130775,Correct_or_Clear
XGBoost,1060,0,0,0.00025246149962130775,Correct_or_Clear
XGBoost,1061,0,0,0.0,Correct_or_Clear
XGBoost,1062,0,0,0.00025246149962130775,Correct_or_Clear
XGBoost,1063,0,0,0.00025246149962130775,Correct_or_Clear
XGBoost,1064,0,0,0.00025246149962130775,Correct_or_Clear
XGBoost,1065,0,0,0.00025246149962130775,Correct_or_Clear
XGBoost,1066,0,0,0.00025246149962130775,Correct_or_Clear
XGBoost,1067,0,0,0.00025246149962130775,Correct_or_Clear
XGBoost,1068,0,0,0.00025246149962130775,Correct_or_Clear
XGBoost,1069,0,0,0.00025246149962130775,Correct_or_Clear
XGBoost,1070,0,0,0.00025246149962130775,Correct_or_Clear
XGBoost,1071,0,0,0.00025246149962130775,Correct_or_Clear
XGBoost,1072,0,0,0.00025246149962130775,Correct_or_Clear
XGBoost,1073,0,0,0.00025246149962130775,Correct_or_Clear
XGBoost,1074,0,0,0.00025246149962130775,Correct_or_Clear
XGBoost,1075,1,1,1.0,Correct_or_Clear
XGBoost,1076,0,0,0.00025246149962130775,Correct_or_Clear
XGBoost,1077,0,0,0.00025246149962130775,Correct_or_Clear
XGBoost,1078,0,0,0.0,Correct_or_Clear
XGBoost,1079,0,0,0.00025246149962130775,Correct_or_Clear
XGBoost,1080,0,0,0.0,Correct_or_Clear
XGBoost,1081,0,0,0.00025246149962130775,Correct_or_Clear
XGBoost,1082,0,0,0.00025246149962130775,Correct_or_Clear
XGBoost,1083,0,0,0.00025246149962130775,Correct_or_Clear
XGBoost,1084,0,0,0.00025246149962130775,Correct_or_Clear
XGBoost,1085,0,0,0.0,Correct_or_Clear
XGBoost,1086,0,0,0.0,Correct_or_Clear
XGBoost,1087,0,0,0.00025246149962130775,Correct_or_Clear
XGBoost,1088,0,0,0.0,Correct_or_Clear
XGBoost,1089,0,0,0.00025246149962130775,Correct_or_Clear
XGBoost,1090,0,0,0.00025246149962130775,Correct_or_Clear
XGBoost,1091,0,0,0.00025246149962130775,Correct_or_Clear
XGBoost,1092,0,0,0.00025246149962130775,Correct_or_Clear
XGBoost,1093,0,0,0.00025246149962130775,Correct_or_Clear
XGBoost,1094,0,0,0.00025246149962130775,Correct_or_Clear
XGBoost,1095,0,0,0.0,Correct_or_Clear
XGBoost,1096,0,0,0.00025246149962130775,Correct_or_Clear
XGBoost,1097,0,0,0.00025246149962130775,Correct_or_Clear
XGBoost,1098,0,0,0.00025246149962130775,Correct_or_Clear
XGBoost,1099,1,1,1.0,Correct_or_Clear
XGBoost,1100,0,0,0.00025246149962130775,Correct_or_Clear
XGBoost,1101,0,0,0.0,Correct_or_Clear
XGBoost,1102,0,0,0.0,Correct_or_Clear
XGBoost,1103,0,0,0.0,Correct_or_Clear
XGBoost,1104,0,0,0.00025246149962130775,Correct_or_Clear
XGBoost,1105,0,0,0.00025246149962130775,Correct_or_Clear
XGBoost,1106,0,0,0.0,Correct_or_Clear
XGBoost,1107,0,0,0.00025246149962130775,Correct_or_Clear
XGBoost,1108,0,0,0.00025246149962130775,Correct_or_Clear
XGBoost,1109,0,0,0.0,Correct_or_Clear
XGBoost,1110,0,0,0.0,Correct_or_Clear
XGBoost,1111,0,0,0.00025246149962130775,Correct_or_Clear
XGBoost,1112,0,0,0.00025246149962130775,Correct_or_Clear
XGBoost,1113,0,0,0.00025246149962130775,Correct_or_Clear
XGBoost,1114,0,0,0.00025246149962130775,Correct_or_Clear
XGBoost,1115,0,0,0.00025246149962130775,Correct_or_Clear
XGBoost,1116,0,0,0.00025246149962130775,Correct_or_Clear
XGBoost,1117,0,0,0.00025246149962130775,Correct_or_Clear
XGBoost,1118,0,0,0.0,Correct_or_Clear
XGBoost,1119,0,0,0.00025246149962130775,Correct_or_Clear
XGBoost,1120,0,0,0.00025246149962130775,Correct_or_Clear
XGBoost,1121,0,0,0.00025246149962130775,Correct_or_Clear
XGBoost,1122,0,0,0.0,Correct_or_Clear
XGBoost,1123,1,1,1.0,Correct_or_Clear
XGBoost,1124,1,1,1.0,Correct_or_Clear
XGBoost,1125,0,0,0.0,Correct_or_Clear
XGBoost,1126,0,0,0.00025246149962130775,Correct_or_Clear
XGBoost,1127,0,0,0.0,Correct_or_Clear
XGBoost,1128,0,0,0.00025246149962130775,Correct_or_Clear
XGBoost,1129,0,0,0.00025246149962130775,Correct_or_Clear
XGBoost,1130,0,0,0.00025246149962130775,Correct_or_Clear
XGBoost,1131,0,0,0.00025246149962130775,Correct_or_Clear
XGBoost,1132,0,0,0.00025246149962130775,Correct_or_Clear
XGBoost,1133,0,0,0.00025246149962130775,Correct_or_Clear
XGBoost,1134,0,0,0.00025246149962130775,Correct_or_Clear
XGBoost,1135,0,0,0.00025246149962130775,Correct_or_Clear
XGBoost,1136,0,0,0.00025246149962130775,Correct_or_Clear
XGBoost,1137,0,0,0.00025246149962130775,Correct_or_Clear
XGBoost,1138,0,0,0.00025246149962130775,Correct_or_Clear
XGBoost,1139,0,0,0.00025246149962130775,Correct_or_Clear
XGBoost,1140,0,0,0.00025246149962130775,Correct_or_Clear
XGBoost,1141,0,0,0.00025246149962130775,Correct_or_Clear
XGBoost,1142,0,0,0.00025246149962130775,Correct_or_Clear
XGBoost,1143,0,0,0.00025246149962130775,Correct_or_Clear
XGBoost,1144,0,0,0.00025246149962130775,Correct_or_Clear
XGBoost,1145,0,0,0.00025246149962130775,Correct_or_Clear
XGBoost,1146,0,0,0.00025246149962130775,Correct_or_Clear
XGBoost,1147,0,0,0.0,Correct_or_Clear
XGBoost,1148,0,0,0.0,Correct_or_Clear
XGBoost,1149,0,0,0.0,Correct_or_Clear
XGBoost,1150,0,0,0.0,Correct_or_Clear
XGBoost,1151,0,0,0.0,Correct_or_Clear
XGBoost,1152,0,0,0.0,Correct_or_Clear
XGBoost,1153,0,0,0.0,Correct_or_Clear
XGBoost,1154,0,0,0.0,Correct_or_Clear
XGBoost,1155,0,0,0.00025246149962130775,Correct_or_Clear
XGBoost,1156,0,0,0.00025246149962130775,Correct_or_Clear
XGBoost,1157,0,0,0.00025246149962130775,Correct_or_Clear
XGBoost,1158,0,0,0.0,Correct_or_Clear
XGBoost,1159,0,0,0.00025246149962130775,Correct_or_Clear
XGBoost,1160,0,0,0.00025246149962130775,Correct_or_Clear
XGBoost,1161,0,0,0.00025246149962130775,Correct_or_Clear
XGBoost,1162,0,0,0.00025246149962130775,Correct_or_Clear
XGBoost,1163,0,0,0.00025246149962130775,Correct_or_Clear
XGBoost,1164,0,0,0.00025246149962130775,Correct_or_Clear
XGBoost,1165,0,0,0.00025246149962130775,Correct_or_Clear
XGBoost,1166,0,0,0.00025246149962130775,Correct_or_Clear
XGBoost,1167,0,0,0.00025246149962130775,Correct_or_Clear
XGBoost,1168,0,0,0.0,Correct_or_Clear
XGBoost,1169,0,0,0.00025246149962130775,Correct_or_Clear
XGBoost,1170,0,0,0.00025246149962130775,Correct_or_Clear
XGBoost,1171,0,0,0.00025246149962130775,Correct_or_Clear
XGBoost,1172,0,0,0.00025246149962130775,Correct_or_Clear
XGBoost,1173,0,0,0.00025246149962130775,Correct_or_Clear
XGBoost,1174,0,0,0.00025246149962130775,Correct_or_Clear
XGBoost,1175,0,0,0.00025246149962130775,Correct_or_Clear
XGBoost,1176,0,0,0.00025246149962130775,Correct_or_Clear
XGBoost,1177,0,0,0.00025246149962130775,Correct_or_Clear
XGBoost,1178,0,0,0.00025246149962130775,Correct_or_Clear
XGBoost,1179,0,0,0.00025246149962130775,Correct_or_Clear
XGBoost,1180,0,0,0.00025246149962130775,Correct_or_Clear
XGBoost,1181,0,0,0.00025246149962130775,Correct_or_Clear
XGBoost,1182,0,0,0.0,Correct_or_Clear
XGBoost,1183,0,0,0.00025246149962130775,Correct_or_Clear
XGBoost,1184,0,0,0.00025246149962130775,Correct_or_Clear
XGBoost,1185,0,0,0.0,Correct_or_Clear
XGBoost,1186,0,0,0.00025246149962130775,Correct_or_Clear
XGBoost,1187,0,0,0.00025246149962130775,Correct_or_Clear
XGBoost,1188,0,0,0.0,Correct_or_Clear
XGBoost,1189,0,0,0.00025246149962130775,Correct_or_Clear
XGBoost,1190,0,0,0.0,Correct_or_Clear
XGBoost,1191,0,0,0.00025246149962130775,Correct_or_Clear
XGBoost,1192,0,0,0.0,Correct_or_Clear
XGBoost,1193,0,0,0.00025246149962130775,Correct_or_Clear
XGBoost,1194,0,0,0.00025246149962130775,Correct_or_Clear
XGBoost,1195,0,0,0.00025246149962130775,Correct_or_Clear
XGBoost,1196,0,0,0.00025246149962130775,Correct_or_Clear
XGBoost,1197,0,0,0.00025246149962130775,Correct_or_Clear
XGBoost,1198,0,0,0.00025246149962130775,Correct_or_Clear
XGBoost,1199,1,1,1.0,Correct_or_Clear
XGBoost,1200,0,0,0.00025246149962130775,Correct_or_Clear
XGBoost,1201,0,0,0.00025246149962130775,Correct_or_Clear
XGBoost,1202,0,0,0.00025246149962130775,Correct_or_Clear
XGBoost,1203,0,0,0.00025246149962130775,Correct_or_Clear
XGBoost,1204,0,0,0.00025246149962130775,Correct_or_Clear
XGBoost,1205,0,0,0.0,Correct_or_Clear
XGBoost,1206,1,1,1.0,Correct_or_Clear
XGBoost,1207,0,0,0.00025246149962130775,Correct_or_Clear
XGBoost,1208,1,1,1.0,Correct_or_Clear
XGBoost,1209,0,0,0.00025246149962130775,Correct_or_Clear
XGBoost,1210,0,0,0.00025246149962130775,Correct_or_Clear
XGBoost,1211,0,0,0.00025246149962130775,Correct_or_Clear
XGBoost,1212,0,0,0.00025246149962130775,Correct_or_Clear
XGBoost,1213,0,0,0.00025246149962130775,Correct_or_Clear
XGBoost,1214,0,0,0.00025246149962130775,Correct_or_Clear
XGBoost,1215,0,0,0.0,Correct_or_Clear
XGBoost,1216,0,0,0.0,Correct_or_Clear
XGBoost,1217,0,0,0.0,Correct_or_Clear
XGBoost,1218,0,0,0.0,Correct_or_Clear
XGBoost,1219,0,0,0.0,Correct_or_Clear
XGBoost,1220,0,0,0.0,Correct_or_Clear
XGBoost,1221,0,0,0.0,Correct_or_Clear
XGBoost,1222,0,0,0.0,Correct_or_Clear
XGBoost,1223,0,0,0.0,Correct_or_Clear
XGBoost,1224,0,0,0.0,Correct_or_Clear
XGBoost,1225,0,0,0.0,Correct_or_Clear
XGBoost,1226,0,0,0.00025246149962130775,Correct_or_Clear
XGBoost,1227,0,0,0.00025246149962130775,Correct_or_Clear
XGBoost,1228,0,0,0.00025246149962130775,Correct_or_Clear
XGBoost,1229,0,0,0.00025246149962130775,Correct_or_Clear
XGBoost,1230,0,0,0.00025246149962130775,Correct_or_Clear
XGBoost,1231,0,0,0.00025246149962130775,Correct_or_Clear
XGBoost,1232,0,0,0.00025246149962130775,Correct_or_Clear
XGBoost,1233,0,0,0.00025246149962130775,Correct_or_Clear
XGBoost,1234,0,0,0.00025246149962130775,Correct_or_Clear
XGBoost,1235,0,0,0.0,Correct_or_Clear
XGBoost,1236,0,0,0.00025246149962130775,Correct_or_Clear
XGBoost,1237,0,0,0.00025246149962130775,Correct_or_Clear
XGBoost,1238,0,0,0.0,Correct_or_Clear
XGBoost,1239,0,0,0.0,Correct_or_Clear
XGBoost,1240,0,0,0.00025246149962130775,Correct_or_Clear
XGBoost,1241,0,0,0.00025246149962130775,Correct_or_Clear
XGBoost,1242,0,0,0.00025246149962130775,Correct_or_Clear
XGBoost,1243,0,0,0.00025246149962130775,Correct_or_Clear
XGBoost,1244,0,0,0.0,Correct_or_Clear
XGBoost,1245,0,0,0.00025246149962130775,Correct_or_Clear
XGBoost,1246,1,1,1.0,Correct_or_Clear
XGBoost,1247,0,0,0.00025246149962130775,Correct_or_Clear
XGBoost,1248,0,0,0.00025246149962130775,Correct_or_Clear
XGBoost,1249,1,0,0.0,False_Negative
XGBoost,1250,1,1,1.0,Correct_or_Clear
XGBoost,1251,1,1,1.0,Correct_or_Clear
XGBoost,1252,1,1,1.0,Correct_or_Clear
XGBoost,1253,0,0,0.00025246149962130775,Correct_or_Clear
XGBoost,1254,1,1,1.0,Correct_or_Clear
XGBoost,1255,1,1,1.0,Correct_or_Clear
XGBoost,1256,0,0,0.045971234531754876,Correct_or_Clear
XGBoost,1257,0,0,0.00025246149962130775,Correct_or_Clear
XGBoost,1258,1,1,1.0,Correct_or_Clear
XGBoost,1259,1,1,1.0,Correct_or_Clear
XGBoost,1260,0,0,0.00025246149962130775,Correct_or_Clear
XGBoost,1261,1,1,1.0,Correct_or_Clear
XGBoost,1262,1,1,1.0,Correct_or_Clear
XGBoost,1263,0,0,0.00025246149962130775,Correct_or_Clear
XGBoost,1264,1,1,1.0,Correct_or_Clear
XGBoost,1265,0,0,0.00025246149962130775,Correct_or_Clear
XGBoost,1266,1,1,1.0,Correct_or_Clear
XGBoost,1267,0,0,0.00025246149962130775,Correct_or_Clear
XGBoost,1268,0,0,0.0,Correct_or_Clear
XGBoost,1269,0,0,0.00025246149962130775,Correct_or_Clear
XGBoost,1270,0,0,0.0,Correct_or_Clear
XGBoost,1271,0,0,0.00025246149962130775,Correct_or_Clear
XGBoost,1272,0,0,0.00025246149962130775,Correct_or_Clear
XGBoost,1273,0,0,0.00025246149962130775,Correct_or_Clear
XGBoost,1274,0,0,0.0,Correct_or_Clear
XGBoost,1275,0,0,0.00025246149962130775,Correct_or_Clear
XGBoost,1276,0,0,0.00025246149962130775,Correct_or_Clear
XGBoost,1277,0,0,0.0,Correct_or_Clear
XGBoost,1278,0,0,0.0,Correct_or_Clear
XGBoost,1279,1,1,1.0,Correct_or_Clear
XGBoost,1280,1,1,1.0,Correct_or_Clear
XGBoost,1281,1,1,1.0,Correct_or_Clear
XGBoost,1282,1,1,1.0,Correct_or_Clear
XGBoost,1283,1,1,1.0,Correct_or_Clear
XGBoost,1284,1,1,1.0,Correct_or_Clear
XGBoost,1285,1,1,1.0,Correct_or_Clear
XGBoost,1286,1,1,1.0,Correct_or_Clear
XGBoost,1287,1,1,1.0,Correct_or_Clear
XGBoost,1288,0,0,0.00025246149962130775,Correct_or_Clear
XGBoost,1289,1,1,1.0,Correct_or_Clear
XGBoost,1290,1,1,1.0,Correct_or_Clear
XGBoost,1291,1,1,1.0,Correct_or_Clear
XGBoost,1292,1,1,1.0,Correct_or_Clear
XGBoost,1293,1,1,1.0,Correct_or_Clear
XGBoost,1294,1,1,1.0,Correct_or_Clear
XGBoost,1295,0,0,0.0,Correct_or_Clear
XGBoost,1296,1,1,1.0,Correct_or_Clear
XGBoost,1297,1,1,1.0,Correct_or_Clear
XGBoost,1298,1,1,1.0,Correct_or_Clear
XGBoost,1299,1,1,1.0,Correct_or_Clear
XGBoost,1300,0,0,0.00025246149962130775,Correct_or_Clear
XGBoost,1301,1,1,1.0,Correct_or_Clear
XGBoost,1302,0,0,0.0,Correct_or_Clear
XGBoost,1303,0,0,0.0,Correct_or_Clear
XGBoost,1304,0,0,0.0,Correct_or_Clear
XGBoost,1305,1,1,1.0,Correct_or_Clear
XGBoost,1306,0,0,0.00025246149962130775,Correct_or_Clear
XGBoost,1307,0,0,0.00025246149962130775,Correct_or_Clear
XGBoost,1308,0,0,0.0,Correct_or_Clear
XGBoost,1309,0,0,0.00025246149962130775,Correct_or_Clear
XGBoost,1310,0,0,0.00025246149962130775,Correct_or_Clear
XGBoost,1311,0,0,0.00025246149962130775,Correct_or_Clear
XGBoost,1312,0,0,0.0,Correct_or_Clear
XGBoost,1313,0,0,0.00025246149962130775,Correct_or_Clear
XGBoost,1314,0,0,0.00025246149962130775,Correct_or_Clear
XGBoost,1315,0,0,0.00025246149962130775,Correct_or_Clear
XGBoost,1316,0,0,0.00025246149962130775,Correct_or_Clear
XGBoost,1317,0,0,0.00025246149962130775,Correct_or_Clear
XGBoost,1318,1,1,1.0,Correct_or_Clear
XGBoost,1319,0,0,0.00025246149962130775,Correct_or_Clear
XGBoost,1320,0,0,0.0,Correct_or_Clear
XGBoost,1321,0,0,0.0,Correct_or_Clear
XGBoost,1322,0,0,0.00025246149962130775,Correct_or_Clear
XGBoost,1323,0,0,0.00025246149962130775,Correct_or_Clear
XGBoost,1324,1,1,1.0,Correct_or_Clear
XGBoost,1325,1,1,1.0,Correct_or_Clear
XGBoost,1326,0,0,0.00025246149962130775,Correct_or_Clear
XGBoost,1327,0,0,0.0,Correct_or_Clear
XGBoost,1328,0,0,0.00025246149962130775,Correct_or_Clear
XGBoost,1329,0,0,0.0,Correct_or_Clear
XGBoost,1330,0,0,0.0,Correct_or_Clear
XGBoost,1331,1,1,1.0,Correct_or_Clear
XGBoost,1332,1,1,1.0,Correct_or_Clear
XGBoost,1333,0,0,0.00025246149962130775,Correct_or_Clear
XGBoost,1334,0,0,0.00025246149962130775,Correct_or_Clear
XGBoost,1335,0,0,0.00025246149962130775,Correct_or_Clear
XGBoost,1336,0,0,0.00025246149962130775,Correct_or_Clear
XGBoost,1337,0,0,0.00025246149962130775,Correct_or_Clear
XGBoost,1338,0,0,0.00025246149962130775,Correct_or_Clear
XGBoost,1339,0,0,0.00025246149962130775,Correct_or_Clear
XGBoost,1340,0,0,0.00025246149962130775,Correct_or_Clear
XGBoost,1341,0,0,0.00025246149962130775,Correct_or_Clear
XGBoost,1342,0,0,0.00025246149962130775,Correct_or_Clear
XGBoost,1343,0,0,0.00025246149962130775,Correct_or_Clear
XGBoost,1344,0,0,0.00025246149962130775,Correct_or_Clear
XGBoost,1345,0,0,0.00025246149962130775,Correct_or_Clear
XGBoost,1346,0,0,0.00025246149962130775,Correct_or_Clear
XGBoost,1347,0,0,0.00025246149962130775,Correct_or_Clear
XGBoost,1348,0,0,0.00025246149962130775,Correct_or_Clear
XGBoost,1349,1,1,1.0,Correct_or_Clear
XGBoost,1350,0,0,0.00025246149962130775,Correct_or_Clear
XGBoost,1351,0,0,0.00025246149962130775,Correct_or_Clear
XGBoost,1352,0,0,0.00025246149962130775,Correct_or_Clear
XGBoost,1353,0,0,0.00025246149962130775,Correct_or_Clear
XGBoost,1354,0,0,0.00025246149962130775,Correct_or_Clear
XGBoost,1355,0,0,0.00025246149962130775,Correct_or_Clear
XGBoost,1356,0,0,0.00025246149962130775,Correct_or_Clear
XGBoost,1357,0,0,0.0,Correct_or_Clear
XGBoost,1358,1,1,1.0,Correct_or_Clear
XGBoost,1359,0,0,0.00025246149962130775,Correct_or_Clear
XGBoost,1360,0,0,0.00025246149962130775,Correct_or_Clear
XGBoost,1361,0,0,0.00025246149962130775,Correct_or_Clear
XGBoost,1362,0,0,0.00025246149962130775,Correct_or_Clear
XGBoost,1363,0,0,0.00025246149962130775,Correct_or_Clear
XGBoost,1364,0,0,0.00025246149962130775,Correct_or_Clear
XGBoost,1365,0,0,0.00025246149962130775,Correct_or_Clear
XGBoost,1366,0,0,0.00025246149962130775,Correct_or_Clear
XGBoost,1367,0,0,0.00025246149962130775,Correct_or_Clear
XGBoost,1368,0,0,0.00025246149962130775,Correct_or_Clear
XGBoost,1369,0,0,0.00025246149962130775,Correct_or_Clear
XGBoost,1370,1,1,1.0,Correct_or_Clear
XGBoost,1371,0,0,0.00025246149962130775,Correct_or_Clear
XGBoost,1372,0,0,0.00025246149962130775,Correct_or_Clear
XGBoost,1373,1,1,1.0,Correct_or_Clear
XGBoost,1374,0,0,0.00025246149962130775,Correct_or_Clear
XGBoost,1375,0,0,0.00025246149962130775,Correct_or_Clear
XGBoost,1376,0,0,0.00025246149962130775,Correct_or_Clear
XGBoost,1377,0,0,0.0,Correct_or_Clear
XGBoost,1378,1,1,1.0,Correct_or_Clear
XGBoost,1379,0,0,0.00025246149962130775,Correct_or_Clear
XGBoost,1380,0,0,0.0,Correct_or_Clear
XGBoost,1381,0,0,0.00025246149962130775,Correct_or_Clear
XGBoost,1382,0,0,0.00025246149962130775,Correct_or_Clear
XGBoost,1383,0,0,0.00025246149962130775,Correct_or_Clear
XGBoost,1384,0,0,0.00025246149962130775,Correct_or_Clear
XGBoost,1385,0,0,0.0,Correct_or_Clear
XGBoost,1386,0,0,0.0,Correct_or_Clear
XGBoost,1387,0,0,0.0,Correct_or_Clear
XGBoost,1388,0,0,0.0,Correct_or_Clear
XGBoost,1389,0,0,0.0,Correct_or_Clear
XGBoost,1390,0,0,0.0,Correct_or_Clear
XGBoost,1391,0,0,0.0,Correct_or_Clear
XGBoost,1392,0,0,0.0,Correct_or_Clear
XGBoost,1393,0,0,0.0,Correct_or_Clear
XGBoost,1394,0,0,0.0,Correct_or_Clear
XGBoost,1395,0,0,0.0,Correct_or_Clear
XGBoost,1396,0,0,0.00025246149962130775,Correct_or_Clear
XGBoost,1397,0,0,0.00025246149962130775,Correct_or_Clear
XGBoost,1398,0,0,0.00025246149962130775,Correct_or_Clear
XGBoost,1399,0,0,0.00025246149962130775,Correct_or_Clear
XGBoost,1400,0,0,0.00025246149962130775,Correct_or_Clear
XGBoost,1401,0,0,0.00025246149962130775,Correct_or_Clear
XGBoost,1402,0,0,0.00025246149962130775,Correct_or_Clear
XGBoost,1403,0,0,0.00025246149962130775,Correct_or_Clear
XGBoost,1404,0,0,0.00025246149962130775,Correct_or_Clear
XGBoost,1405,0,0,0.00025246149962130775,Correct_or_Clear
XGBoost,1406,0,0,0.00025246149962130775,Correct_or_Clear
XGBoost,1407,0,0,0.00025246149962130775,Correct_or_Clear
XGBoost,1408,0,0,0.00025246149962130775,Correct_or_Clear
XGBoost,1409,0,0,0.00025246149962130775,Correct_or_Clear
XGBoost,1410,0,0,0.00025246149962130775,Correct_or_Clear
XGBoost,1411,0,0,0.0,Correct_or_Clear
XGBoost,1412,0,0,0.00025246149962130775,Correct_or_Clear
XGBoost,1413,0,0,0.00025246149962130775,Correct_or_Clear
XGBoost,1414,1,1,1.0,Correct_or_Clear
XGBoost,1415,0,0,0.00025246149962130775,Correct_or_Clear
XGBoost,1416,0,0,0.00025246149962130775,Correct_or_Clear
XGBoost,1417,0,0,0.0,Correct_or_Clear
XGBoost,1418,0,0,0.0,Correct_or_Clear
XGBoost,1419,0,0,0.0,Correct_or_Clear
XGBoost,1420,0,0,0.0,Correct_or_Clear
XGBoost,1421,0,0,0.0,Correct_or_Clear
XGBoost,1422,0,0,0.00025246149962130775,Correct_or_Clear
XGBoost,1423,0,0,0.00025246149962130775,Correct_or_Clear
XGBoost,1424,0,0,0.0022585206210222596,Correct_or_Clear
XGBoost,1425,0,0,0.002490686647786876,Correct_or_Clear
XGBoost,1426,0,0,0.002490686647786876,Correct_or_Clear
XGBoost,1427,0,0,0.0022585206210222596,Correct_or_Clear
XGBoost,1428,0,0,0.00025246149962130775,Correct_or_Clear
XGBoost,1429,0,0,0.0,Correct_or_Clear
XGBoost,1430,0,0,0.0,Correct_or_Clear
XGBoost,1431,0,0,0.0,Correct_or_Clear
XGBoost,1432,0,0,0.0,Correct_or_Clear
XGBoost,1433,0,0,0.0,Correct_or_Clear
XGBoost,1434,1,1,1.0,Correct_or_Clear
XGBoost,1435,1,1,1.0,Correct_or_Clear
XGBoost,1436,0,0,0.0,Correct_or_Clear
XGBoost,1437,0,0,0.0,Correct_or_Clear
XGBoost,1438,0,0,0.0,Correct_or_Clear
XGBoost,1439,0,0,0.00025246149962130775,Correct_or_Clear
XGBoost,1440,0,0,0.0,Correct_or_Clear
XGBoost,1441,1,1,1.0,Correct_or_Clear
XGBoost,1442,0,0,0.0,Correct_or_Clear
XGBoost,1443,0,0,0.0,Correct_or_Clear
XGBoost,1444,1,1,1.0,Correct_or_Clear
XGBoost,1445,1,1,1.0,Correct_or_Clear
XGBoost,1446,0,0,0.00025246149962130775,Correct_or_Clear
XGBoost,1447,0,0,0.0,Correct_or_Clear
XGBoost,1448,0,0,0.00025246149962130775,Correct_or_Clear
XGBoost,1449,0,0,0.0,Correct_or_Clear
XGBoost,1450,0,0,0.00025246149962130775,Correct_or_Clear
XGBoost,1451,0,0,0.00025246149962130775,Correct_or_Clear
XGBoost,1452,0,0,0.00025246149962130775,Correct_or_Clear
XGBoost,1453,0,0,0.00025246149962130775,Correct_or_Clear
XGBoost,1454,0,0,0.00025246149962130775,Correct_or_Clear
XGBoost,1455,0,0,0.0,Correct_or_Clear
XGBoost,1456,0,0,0.00025246149962130775,Correct_or_Clear
XGBoost,1457,0,0,0.0,Correct_or_Clear
XGBoost,1458,0,0,0.0,Correct_or_Clear
XGBoost,1459,0,0,0.00025246149962130775,Correct_or_Clear
XGBoost,1460,0,0,0.0,Correct_or_Clear
XGBoost,1461,0,0,0.00025246149962130775,Correct_or_Clear
XGBoost,1462,0,0,0.0,Correct_or_Clear
XGBoost,1463,0,0,0.0,Correct_or_Clear
XGBoost,1464,0,0,0.0,Correct_or_Clear
XGBoost,1465,0,0,0.0,Correct_or_Clear
XGBoost,1466,0,0,0.0,Correct_or_Clear
XGBoost,1467,0,0,0.0,Correct_or_Clear
XGBoost,1468,0,0,0.0,Correct_or_Clear
XGBoost,1469,0,0,0.0,Correct_or_Clear
XGBoost,1470,0,0,0.0,Correct_or_Clear
XGBoost,1471,0,0,0.0,Correct_or_Clear
XGBoost,1472,0,0,0.0,Correct_or_Clear
XGBoost,1473,0,0,0.0,Correct_or_Clear
XGBoost,1474,0,0,0.0,Correct_or_Clear
XGBoost,1475,0,0,0.00025246149962130775,Correct_or_Clear
XGBoost,1476,0,0,0.00025246149962130775,Correct_or_Clear
XGBoost,1477,0,0,0.00025246149962130775,Correct_or_Clear
XGBoost,1478,0,0,0.00025246149962130775,Correct_or_Clear
XGBoost,1479,1,1,1.0,Correct_or_Clear
XGBoost,1480,0,0,0.0,Correct_or_Clear
XGBoost,1481,0,0,0.0,Correct_or_Clear
XGBoost,1482,0,0,0.0,Correct_or_Clear
XGBoost,1483,0,0,0.0,Correct_or_Clear
XGBoost,1484,0,0,0.0,Correct_or_Clear
XGBoost,1485,0,0,0.00025246149962130775,Correct_or_Clear
XGBoost,1486,0,0,0.0,Correct_or_Clear
XGBoost,1487,0,0,0.0,Correct_or_Clear
XGBoost,1488,0,0,0.0,Correct_or_Clear
XGBoost,1489,0,0,0.00025246149962130775,Correct_or_Clear
XGBoost,1490,0,0,0.00025246149962130775,Correct_or_Clear
XGBoost,1491,0,0,0.00025246149962130775,Correct_or_Clear
XGBoost,1492,0,0,0.00025246149962130775,Correct_or_Clear
XGBoost,1493,0,0,0.0,Correct_or_Clear
XGBoost,1494,0,0,0.00025246149962130775,Correct_or_Clear
XGBoost,1495,0,0,0.00025246149962130775,Correct_or_Clear
XGBoost,1496,0,0,0.00025246149962130775,Correct_or_Clear
XGBoost,1497,0,0,0.00025246149962130775,Correct_or_Clear
XGBoost,1498,0,0,0.00025246149962130775,Correct_or_Clear
XGBoost,1499,0,0,0.00025246149962130775,Correct_or_Clear
XGBoost,1500,1,1,1.0,Correct_or_Clear
XGBoost,1501,0,0,0.00025246149962130775,Correct_or_Clear
XGBoost,1502,0,0,0.0,Correct_or_Clear
XGBoost,1503,0,0,0.0,Correct_or_Clear
XGBoost,1504,0,0,0.00025246149962130775,Correct_or_Clear
XGBoost,1505,0,0,0.00025246149962130775,Correct_or_Clear
XGBoost,1506,0,0,0.00025246149962130775,Correct_or_Clear
XGBoost,1507,0,0,0.00025246149962130775,Correct_or_Clear
XGBoost,1508,0,0,0.00025246149962130775,Correct_or_Clear
XGBoost,1509,0,0,0.00025246149962130775,Correct_or_Clear
XGBoost,1510,0,0,0.00025246149962130775,Correct_or_Clear
XGBoost,1511,0,0,0.00025246149962130775,Correct_or_Clear
XGBoost,1512,0,0,0.00025246149962130775,Correct_or_Clear
XGBoost,1513,0,0,0.00025246149962130775,Correct_or_Clear
XGBoost,1514,0,0,0.00025246149962130775,Correct_or_Clear
XGBoost,1515,1,1,1.0,Correct_or_Clear
XGBoost,1516,0,0,0.00025246149962130775,Correct_or_Clear
XGBoost,1517,0,0,0.00025246149962130775,Correct_or_Clear
XGBoost,1518,0,0,0.00025246149962130775,Correct_or_Clear
XGBoost,1519,0,0,0.00025246149962130775,Correct_or_Clear
XGBoost,1520,0,0,0.00025246149962130775,Correct_or_Clear
XGBoost,1521,0,0,0.00025246149962130775,Correct_or_Clear
XGBoost,1522,0,0,0.0,Correct_or_Clear
XGBoost,1523,0,0,0.00025246149962130775,Correct_or_Clear
XGBoost,1524,1,1,1.0,Correct_or_Clear
XGBoost,1525,0,0,0.00025246149962130775,Correct_or_Clear
XGBoost,1526,0,0,0.00025246149962130775,Correct_or_Clear
XGBoost,1527,1,1,1.0,Correct_or_Clear
XGBoost,1528,0,0,0.00025246149962130775,Correct_or_Clear
XGBoost,1529,1,1,1.0,Correct_or_Clear
XGBoost,1530,1,1,1.0,Correct_or_Clear
XGBoost,1531,0,0,0.00025246149962130775,Correct_or_Clear
XGBoost,1532,0,0,0.00025246149962130775,Correct_or_Clear
XGBoost,1533,0,0,0.00025246149962130775,Correct_or_Clear
XGBoost,1534,0,0,0.00025246149962130775,Correct_or_Clear
XGBoost,1535,1,1,1.0,Correct_or_Clear
XGBoost,1536,1,1,1.0,Correct_or_Clear
XGBoost,1537,0,0,0.00025246149962130775,Correct_or_Clear
XGBoost,1538,0,0,0.00025246149962130775,Correct_or_Clear
XGBoost,1539,0,0,0.00025246149962130775,Correct_or_Clear
XGBoost,1540,0,0,0.00025246149962130775,Correct_or_Clear
XGBoost,1541,0,0,0.00025246149962130775,Correct_or_Clear
XGBoost,1542,0,0,0.00025246149962130775,Correct_or_Clear
XGBoost,1543,0,0,0.0,Correct_or_Clear
XGBoost,1544,0,0,0.0,Correct_or_Clear
XGBoost,1545,0,0,0.0,Correct_or_Clear
XGBoost,1546,0,0,0.0,Correct_or_Clear
XGBoost,1547,0,0,0.0,Correct_or_Clear
XGBoost,1548,0,0,0.0,Correct_or_Clear
XGBoost,1549,0,0,0.00025246149962130775,Correct_or_Clear
XGBoost,1550,0,0,0.0,Correct_or_Clear
XGBoost,1551,0,0,0.0,Correct_or_Clear
XGBoost,1552,0,0,0.00025246149962130775,Correct_or_Clear
XGBoost,1553,0,0,0.00025246149962130775,Correct_or_Clear
XGBoost,1554,0,0,0.00025246149962130775,Correct_or_Clear
XGBoost,1555,0,0,0.0,Correct_or_Clear
XGBoost,1556,0,0,0.00025246149962130775,Correct_or_Clear
XGBoost,1557,0,0,0.00025246149962130775,Correct_or_Clear
XGBoost,1558,0,0,0.0,Correct_or_Clear
XGBoost,1559,0,0,0.0,Correct_or_Clear
XGBoost,1560,0,0,0.0,Correct_or_Clear
XGBoost,1561,0,0,0.0,Correct_or_Clear
XGBoost,1562,0,0,0.0,Correct_or_Clear
XGBoost,1563,0,0,0.0,Correct_or_Clear
XGBoost,1564,0,0,0.0,Correct_or_Clear
XGBoost,1565,0,0,0.0,Correct_or_Clear
XGBoost,1566,0,0,0.0,Correct_or_Clear
XGBoost,1567,0,0,0.00025246149962130775,Correct_or_Clear
XGBoost,1568,0,0,0.00025246149962130775,Correct_or_Clear
XGBoost,1569,0,0,0.00025246149962130775,Correct_or_Clear
XGBoost,1570,0,0,0.00025246149962130775,Correct_or_Clear
XGBoost,1571,0,0,0.0,Correct_or_Clear
XGBoost,1572,0,0,0.0,Correct_or_Clear
XGBoost,1573,0,0,0.0,Correct_or_Clear
XGBoost,1574,1,1,1.0,Correct_or_Clear
XGBoost,1575,0,0,0.0,Correct_or_Clear
XGBoost,1576,0,0,0.00025246149962130775,Correct_or_Clear
XGBoost,1577,0,0,0.00025246149962130775,Correct_or_Clear
XGBoost,1578,0,0,0.0,Correct_or_Clear
XGBoost,1579,0,0,0.00025246149962130775,Correct_or_Clear
XGBoost,1580,0,0,0.00025246149962130775,Correct_or_Clear
XGBoost,1581,0,0,0.0,Correct_or_Clear
XGBoost,1582,0,0,0.0,Correct_or_Clear
XGBoost,1583,0,0,0.0,Correct_or_Clear
XGBoost,1584,0,0,0.0,Correct_or_Clear
XGBoost,1585,1,1,1.0,Correct_or_Clear
XGBoost,1586,0,0,0.0,Correct_or_Clear
XGBoost,1587,1,1,1.0,Correct_or_Clear
XGBoost,1588,0,0,0.0,Correct_or_Clear
XGBoost,1589,0,0,0.0,Correct_or_Clear
XGBoost,1590,0,0,0.0,Correct_or_Clear
XGBoost,1591,0,0,0.00025246149962130775,Correct_or_Clear
XGBoost,1592,0,0,0.0,Correct_or_Clear
XGBoost,1593,0,0,0.0,Correct_or_Clear
XGBoost,1594,0,0,0.0,Correct_or_Clear
XGBoost,1595,0,0,0.0,Correct_or_Clear
XGBoost,1596,0,0,0.0,Correct_or_Clear
XGBoost,1597,1,1,1.0,Correct_or_Clear
XGBoost,1598,1,1,1.0,Correct_or_Clear
XGBoost,1599,0,0,0.0,Correct_or_Clear
XGBoost,1600,0,0,0.0,Correct_or_Clear
XGBoost,1601,0,0,0.0,Correct_or_Clear
XGBoost,1602,0,0,0.0,Correct_or_Clear
XGBoost,1603,0,0,0.00025246149962130775,Correct_or_Clear
XGBoost,1604,0,0,0.00025246149962130775,Correct_or_Clear
XGBoost,1605,0,0,0.00025246149962130775,Correct_or_Clear
XGBoost,1606,0,0,0.00025246149962130775,Correct_or_Clear
XGBoost,1607,0,0,0.00025246149962130775,Correct_or_Clear
XGBoost,1608,0,0,0.00025246149962130775,Correct_or_Clear
XGBoost,1609,0,0,0.00025246149962130775,Correct_or_Clear
XGBoost,1610,0,0,0.0,Correct_or_Clear
XGBoost,1611,0,0,0.00025246149962130775,Correct_or_Clear
XGBoost,1612,0,0,0.00025246149962130775,Correct_or_Clear
XGBoost,1613,0,0,0.00025246149962130775,Correct_or_Clear
XGBoost,1614,0,0,0.00025246149962130775,Correct_or_Clear
XGBoost,1615,0,0,0.00025246149962130775,Correct_or_Clear
XGBoost,1616,0,0,0.00025246149962130775,Correct_or_Clear
XGBoost,1617,1,1,1.0,Correct_or_Clear
XGBoost,1618,1,1,1.0,Correct_or_Clear
XGBoost,1619,1,1,1.0,Correct_or_Clear
XGBoost,1620,1,1,1.0,Correct_or_Clear
XGBoost,1621,1,1,1.0,Correct_or_Clear
XGBoost,1622,0,0,0.00025246149962130775,Correct_or_Clear
XGBoost,1623,0,0,0.0,Correct_or_Clear
XGBoost,1624,0,0,0.00025246149962130775,Correct_or_Clear
XGBoost,1625,0,0,0.00025246149962130775,Correct_or_Clear
XGBoost,1626,0,0,0.00025246149962130775,Correct_or_Clear
XGBoost,1627,0,0,0.00025246149962130775,Correct_or_Clear
XGBoost,1628,0,0,0.00025246149962130775,Correct_or_Clear
XGBoost,1629,0,0,0.00025246149962130775,Correct_or_Clear
XGBoost,1630,0,0,0.00025246149962130775,Correct_or_Clear
XGBoost,1631,0,0,0.00025246149962130775,Correct_or_Clear
XGBoost,1632,0,0,0.00025246149962130775,Correct_or_Clear
XGBoost,1633,0,0,0.00025246149962130775,Correct_or_Clear
XGBoost,1634,0,0,0.0,Correct_or_Clear
XGBoost,1635,0,0,0.00025246149962130775,Correct_or_Clear
XGBoost,1636,0,0,0.00025246149962130775,Correct_or_Clear
XGBoost,1637,0,0,0.00025246149962130775,Correct_or_Clear
XGBoost,1638,1,1,1.0,Correct_or_Clear
XGBoost,1639,0,0,0.00025246149962130775,Correct_or_Clear
XGBoost,1640,0,0,0.00025246149962130775,Correct_or_Clear
XGBoost,1641,0,0,0.0,Correct_or_Clear
XGBoost,1642,0,0,0.00025246149962130775,Correct_or_Clear
XGBoost,1643,0,0,0.00025246149962130775,Correct_or_Clear
XGBoost,1644,0,0,0.00025246149962130775,Correct_or_Clear
XGBoost,1645,0,0,0.0,Correct_or_Clear
XGBoost,1646,0,0,0.0,Correct_or_Clear
XGBoost,1647,0,0,0.00025246149962130775,Correct_or_Clear
XGBoost,1648,0,0,0.00025246149962130775,Correct_or_Clear
XGBoost,1649,0,0,0.0,Correct_or_Clear
XGBoost,1650,0,0,0.00025246149962130775,Correct_or_Clear
XGBoost,1651,0,0,0.00025246149962130775,Correct_or_Clear
XGBoost,1652,0,0,0.00025246149962130775,Correct_or_Clear
XGBoost,1653,0,0,0.00025246149962130775,Correct_or_Clear
XGBoost,1654,0,0,0.00025246149962130775,Correct_or_Clear
XGBoost,1655,0,0,0.0,Correct_or_Clear
XGBoost,1656,0,0,0.0,Correct_or_Clear
XGBoost,1657,0,0,0.0,Correct_or_Clear
XGBoost,1658,0,0,0.0,Correct_or_Clear
XGBoost,1659,0,0,0.0,Correct_or_Clear
XGBoost,1660,0,0,0.0,Correct_or_Clear
XGBoost,1661,0,0,0.0,Correct_or_Clear
XGBoost,1662,0,0,0.00025246149962130775,Correct_or_Clear
XGBoost,1663,0,0,0.00025246149962130775,Correct_or_Clear
XGBoost,1664,0,0,0.0,Correct_or_Clear
XGBoost,1665,0,0,0.00025246149962130775,Correct_or_Clear
XGBoost,1666,0,0,0.0,Correct_or_Clear
XGBoost,1667,0,0,0.00025246149962130775,Correct_or_Clear
XGBoost,1668,0,0,0.00025246149962130775,Correct_or_Clear
XGBoost,1669,0,0,0.0,Correct_or_Clear
XGBoost,1670,0,0,0.00025246149962130775,Correct_or_Clear
XGBoost,1671,0,0,0.0,Correct_or_Clear
XGBoost,1672,0,0,0.0,Correct_or_Clear
XGBoost,1673,0,0,0.00025246149962130775,Correct_or_Clear
XGBoost,1674,0,0,0.00025246149962130775,Correct_or_Clear
XGBoost,1675,0,0,0.00025246149962130775,Correct_or_Clear
XGBoost,1676,0,0,0.00025246149962130775,Correct_or_Clear
XGBoost,1677,0,0,0.0,Correct_or_Clear
XGBoost,1678,1,1,1.0,Correct_or_Clear
XGBoost,1679,0,0,0.0,Correct_or_Clear
XGBoost,1680,1,1,1.0,Correct_or_Clear
XGBoost,1681,0,0,0.0,Correct_or_Clear
XGBoost,1682,0,0,0.0,Correct_or_Clear
XGBoost,1683,0,0,0.00025246149962130775,Correct_or_Clear
XGBoost,1684,0,0,0.00025246149962130775,Correct_or_Clear
XGBoost,1685,0,0,0.00025246149962130775,Correct_or_Clear
XGBoost,1686,0,0,0.0,Correct_or_Clear
XGBoost,1687,1,1,1.0,Correct_or_Clear
XGBoost,1688,0,0,0.0,Correct_or_Clear
XGBoost,1689,0,0,0.0,Correct_or_Clear
XGBoost,1690,0,0,0.0,Correct_or_Clear
XGBoost,1691,0,0,0.00025246149962130775,Correct_or_Clear
XGBoost,1692,0,0,0.00025246149962130775,Correct_or_Clear
XGBoost,1693,0,0,0.00025246149962130775,Correct_or_Clear
XGBoost,1694,0,0,0.0,Correct_or_Clear
XGBoost,1695,0,0,0.00025246149962130775,Correct_or_Clear
XGBoost,1696,0,0,0.00025246149962130775,Correct_or_Clear
XGBoost,1697,0,0,0.0,Correct_or_Clear
XGBoost,1698,0,0,0.00025246149962130775,Correct_or_Clear
XGBoost,1699,0,0,0.0,Correct_or_Clear
XGBoost,1700,0,0,0.0,Correct_or_Clear
XGBoost,1701,0,0,0.00025246149962130775,Correct_or_Clear
XGBoost,1702,0,0,0.00025246149962130775,Correct_or_Clear
XGBoost,1703,0,0,0.00025246149962130775,Correct_or_Clear
XGBoost,1704,0,0,0.00025246149962130775,Correct_or_Clear
XGBoost,1705,0,0,0.00025246149962130775,Correct_or_Clear
XGBoost,1706,0,0,0.00025246149962130775,Correct_or_Clear
XGBoost,1707,0,0,0.00025246149962130775,Correct_or_Clear
XGBoost,1708,0,0,0.00025246149962130775,Correct_or_Clear
XGBoost,1709,0,0,0.00025246149962130775,Correct_or_Clear
XGBoost,1710,0,0,0.00025246149962130775,Correct_or_Clear
XGBoost,1711,0,0,0.00025246149962130775,Correct_or_Clear
XGBoost,1712,0,0,0.00025246149962130775,Correct_or_Clear
XGBoost,1713,0,0,0.00025246149962130775,Correct_or_Clear
XGBoost,1714,0,0,0.00025246149962130775,Correct_or_Clear
XGBoost,1715,0,0,0.00025246149962130775,Correct_or_Clear
XGBoost,1716,0,0,0.00025246149962130775,Correct_or_Clear
XGBoost,1717,0,0,0.00025246149962130775,Correct_or_Clear
XGBoost,1718,0,0,0.00025246149962130775,Correct_or_Clear
XGBoost,1719,0,0,0.00025246149962130775,Correct_or_Clear
XGBoost,1720,0,0,0.00025246149962130775,Correct_or_Clear
XGBoost,1721,0,0,0.00025246149962130775,Correct_or_Clear
XGBoost,1722,0,0,0.00025246149962130775,Correct_or_Clear
XGBoost,1723,0,0,0.00025246149962130775,Correct_or_Clear
XGBoost,1724,0,0,0.00025246149962130775,Correct_or_Clear
XGBoost,1725,0,0,0.00025246149962130775,Correct_or_Clear
XGBoost,1726,0,0,0.00025246149962130775,Correct_or_Clear
XGBoost,1727,0,0,0.00025246149962130775,Correct_or_Clear
XGBoost,1728,0,0,0.0,Correct_or_Clear
XGBoost,1729,0,0,0.00025246149962130775,Correct_or_Clear
XGBoost,1730,0,0,0.00025246149962130775,Correct_or_Clear
XGBoost,1731,0,0,0.0,Correct_or_Clear
XGBoost,1732,0,0,0.0,Correct_or_Clear
XGBoost,1733,0,0,0.0,Correct_or_Clear
XGBoost,1734,0,0,0.0,Correct_or_Clear
XGBoost,1735,0,0,0.00025246149962130775,Correct_or_Clear
XGBoost,1736,0,0,0.0,Correct_or_Clear
XGBoost,1737,0,0,0.00025246149962130775,Correct_or_Clear
XGBoost,1738,0,0,0.00025246149962130775,Correct_or_Clear
XGBoost,1739,0,0,0.0,Correct_or_Clear
XGBoost,1740,0,0,0.0,Correct_or_Clear
XGBoost,1741,1,1,1.0,Correct_or_Clear
XGBoost,1742,0,0,0.00025246149962130775,Correct_or_Clear
XGBoost,1743,0,0,0.00025246149962130775,Correct_or_Clear
XGBoost,1744,0,0,0.00025246149962130775,Correct_or_Clear
XGBoost,1745,0,0,0.0,Correct_or_Clear
XGBoost,1746,0,0,0.0,Correct_or_Clear
XGBoost,1747,0,0,0.00025246149962130775,Correct_or_Clear
XGBoost,1748,1,1,1.0,Correct_or_Clear
XGBoost,1749,1,0,0.0,False_Negative
XGBoost,1750,1,1,1.0,Correct_or_Clear
XGBoost,1751,1,1,1.0,Correct_or_Clear
XGBoost,1752,1,0,0.0,False_Negative
XGBoost,1753,1,0,0.0,False_Negative
XGBoost,1754,1,1,1.0,Correct_or_Clear
XGBoost,1755,0,0,0.00025246149962130775,Correct_or_Clear
XGBoost,1756,1,1,1.0,Correct_or_Clear
XGBoost,1757,1,1,1.0,Correct_or_Clear
XGBoost,1758,1,1,1.0,Correct_or_Clear
XGBoost,1759,1,1,1.0,Correct_or_Clear
XGBoost,1760,0,0,0.00025246149962130775,Correct_or_Clear
XGBoost,1761,1,1,1.0,Correct_or_Clear
XGBoost,1762,1,1,1.0,Correct_or_Clear
XGBoost,1763,1,1,1.0,Correct_or_Clear
XGBoost,1764,1,0,0.0,False_Negative
XGBoost,1765,1,0,0.0,False_Negative
XGBoost,1766,1,1,1.0,Correct_or_Clear
XGBoost,1767,1,0,0.0,False_Negative
XGBoost,1768,1,1,1.0,Correct_or_Clear
XGBoost,1769,1,1,1.0,Correct_or_Clear
XGBoost,1770,1,1,1.0,Correct_or_Clear
XGBoost,1771,1,1,1.0,Correct_or_Clear
XGBoost,1772,0,0,0.00025246149962130775,Correct_or_Clear
XGBoost,1773,1,1,1.0,Correct_or_Clear
XGBoost,1774,1,1,1.0,Correct_or_Clear
XGBoost,1775,1,1,1.0,Correct_or_Clear
XGBoost,1776,1,0,0.0,False_Negative
XGBoost,1777,1,1,1.0,Correct_or_Clear
XGBoost,1778,1,1,1.0,Correct_or_Clear
XGBoost,1779,1,0,0.0,False_Negative
XGBoost,1780,1,1,1.0,Correct_or_Clear
XGBoost,1781,1,0,0.0,False_Negative
XGBoost,1782,1,1,1.0,Correct_or_Clear
XGBoost,1783,1,1,1.0,Correct_or_Clear
XGBoost,1784,1,0,0.0,False_Negative
XGBoost,1785,1,0,0.0,False_Negative
XGBoost,1786,1,0,0.0,False_Negative
XGBoost,1787,0,0,0.00025246149962130775,Correct_or_Clear
XGBoost,1788,1,0,0.0,False_Negative
XGBoost,1789,1,1,0.9999867542937484,Near_Threshold
XGBoost,1790,1,1,0.9999867542937484,Near_Threshold
XGBoost,1791,1,1,0.9999867542937484,Near_Threshold
XGBoost,1792,0,0,0.00025246149962130775,Correct_or_Clear
XGBoost,1793,1,1,0.9999867542937484,Near_Threshold
XGBoost,1794,1,1,0.9999867542937484,Near_Threshold
XGBoost,1795,1,1,0.9999867542937484,Near_Threshold
XGBoost,1796,1,0,0.0,False_Negative
XGBoost,1797,1,1,0.9999867542937484,Near_Threshold
XGBoost,1798,1,1,1.0,Correct_or_Clear
XGBoost,1799,1,0,0.0,False_Negative
XGBoost,1800,1,1,1.0,Correct_or_Clear
XGBoost,1801,1,0,0.0,False_Negative
XGBoost,1802,1,1,1.0,Correct_or_Clear
XGBoost,1803,1,1,1.0,Correct_or_Clear
XGBoost,1804,0,0,0.00025246149962130775,Correct_or_Clear
XGBoost,1805,1,1,1.0,Correct_or_Clear
XGBoost,1806,1,0,0.0,False_Negative
XGBoost,1807,1,1,1.0,Correct_or_Clear
XGBoost,1808,0,0,0.00025246149962130775,Correct_or_Clear
XGBoost,1809,1,1,1.0,Correct_or_Clear
XGBoost,1810,1,0,0.0,False_Negative
XGBoost,1811,1,1,1.0,Correct_or_Clear
XGBoost,1812,1,0,0.0,False_Negative
XGBoost,1813,1,1,1.0,Correct_or_Clear
XGBoost,1814,1,1,1.0,Correct_or_Clear
XGBoost,1815,1,1,1.0,Correct_or_Clear
XGBoost,1816,1,1,1.0,Correct_or_Clear
XGBoost,1817,1,0,0.0,False_Negative
XGBoost,1818,1,1,1.0,Correct_or_Clear
XGBoost,1819,1,0,0.0,False_Negative
XGBoost,1820,1,1,1.0,Correct_or_Clear
XGBoost,1821,1,1,1.0,Correct_or_Clear
XGBoost,1822,1,1,1.0,Correct_or_Clear
XGBoost,1823,1,1,1.0,Correct_or_Clear
XGBoost,1824,1,1,1.0,Correct_or_Clear
XGBoost,1825,1,1,1.0,Correct_or_Clear
XGBoost,1826,1,0,0.0,False_Negative
XGBoost,1827,1,1,1.0,Correct_or_Clear
XGBoost,1828,1,1,1.0,Correct_or_Clear
XGBoost,1829,1,0,0.0,False_Negative
XGBoost,1830,0,0,0.00025246149962130775,Correct_or_Clear
XGBoost,1831,0,0,0.00025246149962130775,Correct_or_Clear
XGBoost,1832,1,1,1.0,Correct_or_Clear
XGBoost,1833,0,0,0.00025246149962130775,Correct_or_Clear
XGBoost,1834,0,0,0.00025246149962130775,Correct_or_Clear
XGBoost,1835,0,0,0.0,Correct_or_Clear
XGBoost,1836,1,1,1.0,Correct_or_Clear
XGBoost,1837,0,0,0.0,Correct_or_Clear
XGBoost,1838,1,1,1.0,Correct_or_Clear
XGBoost,1839,0,0,0.0,Correct_or_Clear
XGBoost,1840,0,0,0.0,Correct_or_Clear
XGBoost,1841,0,0,0.0,Correct_or_Clear
XGBoost,1842,1,1,1.0,Correct_or_Clear
XGBoost,1843,1,1,1.0,Correct_or_Clear
XGBoost,1844,1,1,1.0,Correct_or_Clear
XGBoost,1845,1,1,1.0,Correct_or_Clear
XGBoost,1846,1,1,1.0,Correct_or_Clear
XGBoost,1847,1,1,1.0,Correct_or_Clear
XGBoost,1848,0,0,0.00025246149962130775,Correct_or_Clear
XGBoost,1849,1,1,1.0,Correct_or_Clear
XGBoost,1850,1,1,1.0,Correct_or_Clear
XGBoost,1851,0,0,0.00025246149962130775,Correct_or_Clear
XGBoost,1852,0,0,0.0,Correct_or_Clear
XGBoost,1853,0,0,0.0,Correct_or_Clear
XGBoost,1854,0,0,0.0,Correct_or_Clear
XGBoost,1855,0,0,0.00025246149962130775,Correct_or_Clear
XGBoost,1856,0,0,0.00025246149962130775,Correct_or_Clear
XGBoost,1857,0,0,0.0,Correct_or_Clear
XGBoost,1858,0,0,0.00025246149962130775,Correct_or_Clear
XGBoost,1859,0,0,0.00025246149962130775,Correct_or_Clear
XGBoost,1860,0,0,0.0,Correct_or_Clear
XGBoost,1861,0,0,0.0,Correct_or_Clear
XGBoost,1862,0,0,0.0,Correct_or_Clear
XGBoost,1863,0,0,0.0,Correct_or_Clear
XGBoost,1864,0,0,0.0,Correct_or_Clear
XGBoost,1865,0,0,0.0,Correct_or_Clear
XGBoost,1866,0,0,0.0,Correct_or_Clear
XGBoost,1867,0,0,0.00025246149962130775,Correct_or_Clear
XGBoost,1868,0,0,0.00025246149962130775,Correct_or_Clear
XGBoost,1869,0,0,0.0,Correct_or_Clear
XGBoost,1870,0,0,0.00025246149962130775,Correct_or_Clear
XGBoost,1871,0,0,0.00025246149962130775,Correct_or_Clear
XGBoost,1872,0,0,0.00025246149962130775,Correct_or_Clear
XGBoost,1873,0,0,0.00025246149962130775,Correct_or_Clear
XGBoost,1874,0,0,0.0,Correct_or_Clear
XGBoost,1875,0,0,0.00025246149962130775,Correct_or_Clear
XGBoost,1876,0,0,0.00025246149962130775,Correct_or_Clear
XGBoost,1877,0,0,0.00025246149962130775,Correct_or_Clear
XGBoost,1878,0,0,0.00025246149962130775,Correct_or_Clear
XGBoost,1879,0,0,0.00025246149962130775,Correct_or_Clear
XGBoost,1880,0,0,0.00025246149962130775,Correct_or_Clear
XGBoost,1881,0,0,0.00025246149962130775,Correct_or_Clear
XGBoost,1882,0,0,0.00025246149962130775,Correct_or_Clear
XGBoost,1883,0,0,0.00025246149962130775,Correct_or_Clear
XGBoost,1884,0,0,0.00025246149962130775,Correct_or_Clear
XGBoost,1885,1,1,1.0,Correct_or_Clear
XGBoost,1886,0,0,0.00025246149962130775,Correct_or_Clear
XGBoost,1887,0,0,0.00025246149962130775,Correct_or_Clear
XGBoost,1888,0,0,0.00025246149962130775,Correct_or_Clear
XGBoost,1889,0,0,0.00025246149962130775,Correct_or_Clear
XGBoost,1890,1,1,1.0,Correct_or_Clear
XGBoost,1891,0,0,0.00025246149962130775,Correct_or_Clear
XGBoost,1892,0,0,0.00025246149962130775,Correct_or_Clear
XGBoost,1893,0,0,0.00025246149962130775,Correct_or_Clear
XGBoost,1894,0,0,0.00025246149962130775,Correct_or_Clear
XGBoost,1895,0,0,0.00025246149962130775,Correct_or_Clear
XGBoost,1896,0,0,0.00025246149962130775,Correct_or_Clear
XGBoost,1897,0,0,0.00025246149962130775,Correct_or_Clear
XGBoost,1898,0,0,0.00025246149962130775,Correct_or_Clear
XGBoost,1899,0,0,0.00025246149962130775,Correct_or_Clear
XGBoost,1900,0,0,0.0,Correct_or_Clear
XGBoost,1901,0,0,0.00025246149962130775,Correct_or_Clear
XGBoost,1902,0,0,0.00025246149962130775,Correct_or_Clear
XGBoost,1903,1,1,1.0,Correct_or_Clear
XGBoost,1904,0,0,0.00025246149962130775,Correct_or_Clear
XGBoost,1905,0,0,0.0,Correct_or_Clear
XGBoost,1906,0,0,0.00025246149962130775,Correct_or_Clear
XGBoost,1907,0,0,0.00025246149962130775,Correct_or_Clear
XGBoost,1908,0,0,0.0,Correct_or_Clear
XGBoost,1909,0,0,0.00025246149962130775,Correct_or_Clear
XGBoost,1910,0,0,0.0,Correct_or_Clear
XGBoost,1911,0,0,0.00025246149962130775,Correct_or_Clear
XGBoost,1912,0,0,0.00025246149962130775,Correct_or_Clear
XGBoost,1913,0,0,0.00025246149962130775,Correct_or_Clear
XGBoost,1914,0,0,0.00025246149962130775,Correct_or_Clear
XGBoost,1915,0,0,0.00025246149962130775,Correct_or_Clear
XGBoost,1916,0,0,0.00025246149962130775,Correct_or_Clear
XGBoost,1917,0,0,0.00025246149962130775,Correct_or_Clear
XGBoost,1918,0,0,0.00025246149962130775,Correct_or_Clear
XGBoost,1919,0,0,0.00025246149962130775,Correct_or_Clear
XGBoost,1920,0,0,0.00025246149962130775,Correct_or_Clear
XGBoost,1921,0,0,0.00025246149962130775,Correct_or_Clear
XGBoost,1922,0,0,0.00025246149962130775,Correct_or_Clear
XGBoost,1923,0,0,0.00025246149962130775,Correct_or_Clear
XGBoost,1924,0,0,0.00025246149962130775,Correct_or_Clear
XGBoost,1925,0,0,0.00025246149962130775,Correct_or_Clear
XGBoost,1926,0,0,0.00025246149962130775,Correct_or_Clear
XGBoost,1927,0,0,0.00025246149962130775,Correct_or_Clear
XGBoost,1928,0,0,0.00025246149962130775,Correct_or_Clear
XGBoost,1929,0,0,0.00025246149962130775,Correct_or_Clear
XGBoost,1930,0,0,0.00025246149962130775,Correct_or_Clear
XGBoost,1931,0,0,0.00025246149962130775,Correct_or_Clear
XGBoost,1932,0,0,0.00025246149962130775,Correct_or_Clear
XGBoost,1933,0,0,0.00025246149962130775,Correct_or_Clear
XGBoost,1934,0,0,0.00025246149962130775,Correct_or_Clear
XGBoost,1935,1,1,1.0,Correct_or_Clear
XGBoost,1936,0,0,0.00025246149962130775,Correct_or_Clear
XGBoost,1937,0,0,0.00025246149962130775,Correct_or_Clear
XGBoost,1938,0,0,0.00025246149962130775,Correct_or_Clear
XGBoost,1939,0,0,0.00025246149962130775,Correct_or_Clear
XGBoost,1940,0,0,0.00025246149962130775,Correct_or_Clear
XGBoost,1941,0,0,0.00025246149962130775,Correct_or_Clear
XGBoost,1942,0,0,0.00025246149962130775,Correct_or_Clear
XGBoost,1943,0,0,0.00025246149962130775,Correct_or_Clear
XGBoost,1944,0,0,0.00025246149962130775,Correct_or_Clear
XGBoost,1945,1,1,1.0,Correct_or_Clear
XGBoost,1946,0,0,0.00025246149962130775,Correct_or_Clear
XGBoost,1947,0,0,0.0,Correct_or_Clear
XGBoost,1948,0,0,0.0,Correct_or_Clear
XGBoost,1949,0,0,0.00025246149962130775,Correct_or_Clear
XGBoost,1950,0,0,0.00025246149962130775,Correct_or_Clear
XGBoost,1951,0,0,0.0,Correct_or_Clear
XGBoost,1952,0,0,0.0,Correct_or_Clear
XGBoost,1953,0,0,0.00025246149962130775,Correct_or_Clear
XGBoost,1954,1,1,1.0,Correct_or_Clear
XGBoost,1955,0,0,0.00025246149962130775,Correct_or_Clear
XGBoost,1956,0,0,0.00025246149962130775,Correct_or_Clear
XGBoost,1957,0,0,0.00025246149962130775,Correct_or_Clear
XGBoost,1958,0,0,0.0,Correct_or_Clear
XGBoost,1959,0,0,0.0,Correct_or_Clear
XGBoost,1960,0,0,0.0,Correct_or_Clear
XGBoost,1961,0,0,0.0,Correct_or_Clear
XGBoost,1962,0,0,0.0,Correct_or_Clear
XGBoost,1963,0,0,0.0,Correct_or_Clear
XGBoost,1964,0,0,0.0,Correct_or_Clear
XGBoost,1965,0,0,0.0,Correct_or_Clear
XGBoost,1966,1,1,1.0,Correct_or_Clear
XGBoost,1967,0,0,0.00025246149962130775,Correct_or_Clear
XGBoost,1968,0,0,0.0,Correct_or_Clear
XGBoost,1969,1,1,1.0,Correct_or_Clear
XGBoost,1970,0,0,0.0,Correct_or_Clear
XGBoost,1971,0,0,0.00025246149962130775,Correct_or_Clear
XGBoost,1972,1,1,1.0,Correct_or_Clear
XGBoost,1973,0,0,0.00025246149962130775,Correct_or_Clear
XGBoost,1974,1,1,1.0,Correct_or_Clear
XGBoost,1975,0,0,0.00025246149962130775,Correct_or_Clear
XGBoost,1976,0,0,0.0,Correct_or_Clear
XGBoost,1977,1,1,1.0,Correct_or_Clear
XGBoost,1978,0,0,0.0,Correct_or_Clear
XGBoost,1979,1,1,1.0,Correct_or_Clear
XGBoost,1980,0,0,0.00025246149962130775,Correct_or_Clear
XGBoost,1981,0,0,0.0,Correct_or_Clear
XGBoost,1982,0,0,0.00025246149962130775,Correct_or_Clear
XGBoost,1983,0,0,0.00025246149962130775,Correct_or_Clear
XGBoost,1984,0,0,0.00025246149962130775,Correct_or_Clear
XGBoost,1985,0,0,0.00025246149962130775,Correct_or_Clear
XGBoost,1986,0,0,0.00025246149962130775,Correct_or_Clear
XGBoost,1987,0,0,0.00025246149962130775,Correct_or_Clear
XGBoost,1988,0,0,0.00025246149962130775,Correct_or_Clear
XGBoost,1989,0,0,0.00025246149962130775,Correct_or_Clear
XGBoost,1990,0,0,0.00025246149962130775,Correct_or_Clear
XGBoost,1991,0,0,0.00025246149962130775,Correct_or_Clear
XGBoost,1992,0,0,0.00025246149962130775,Correct_or_Clear
XGBoost,1993,0,0,0.00025246149962130775,Correct_or_Clear
XGBoost,1994,0,0,0.00025246149962130775,Correct_or_Clear
XGBoost,1995,1,1,1.0,Correct_or_Clear
XGBoost,1996,0,0,0.0,Correct_or_Clear
XGBoost,1997,0,0,0.00025246149962130775,Correct_or_Clear
XGBoost,1998,0,0,0.00025246149962130775,Correct_or_Clear
XGBoost,1999,1,1,1.0,Correct_or_Clear
XGBoost,2000,0,0,0.00025246149962130775,Correct_or_Clear
XGBoost,2001,0,0,0.0,Correct_or_Clear
XGBoost,2002,0,0,0.00025246149962130775,Correct_or_Clear
XGBoost,2003,0,0,0.00025246149962130775,Correct_or_Clear
XGBoost,2004,1,1,1.0,Correct_or_Clear
XGBoost,2005,0,0,0.00025246149962130775,Correct_or_Clear
XGBoost,2006,0,0,0.0,Correct_or_Clear
XGBoost,2007,0,0,0.0,Correct_or_Clear
XGBoost,2008,0,0,0.0,Correct_or_Clear
XGBoost,2009,0,0,0.00025246149962130775,Correct_or_Clear
XGBoost,2010,0,0,0.00025246149962130775,Correct_or_Clear
XGBoost,2011,0,0,0.00025246149962130775,Correct_or_Clear
XGBoost,2012,0,0,0.00025246149962130775,Correct_or_Clear
XGBoost,2013,0,0,0.00025246149962130775,Correct_or_Clear
XGBoost,2014,0,0,0.00025246149962130775,Correct_or_Clear
XGBoost,2015,0,0,0.00025246149962130775,Correct_or_Clear
XGBoost,2016,0,0,0.00025246149962130775,Correct_or_Clear
XGBoost,2017,0,0,0.00025246149962130775,Correct_or_Clear
XGBoost,2018,0,0,0.0,Correct_or_Clear
XGBoost,2019,0,0,0.00025246149962130775,Correct_or_Clear
XGBoost,2020,0,0,0.00025246149962130775,Correct_or_Clear
XGBoost,2021,0,0,0.00025246149962130775,Correct_or_Clear
XGBoost,2022,0,0,0.00025246149962130775,Correct_or_Clear
XGBoost,2023,0,0,0.00025246149962130775,Correct_or_Clear
XGBoost,2024,0,0,0.00025246149962130775,Correct_or_Clear
XGBoost,2025,0,0,0.00025246149962130775,Correct_or_Clear
XGBoost,2026,0,0,0.00025246149962130775,Correct_or_Clear
XGBoost,2027,0,0,0.00025246149962130775,Correct_or_Clear
XGBoost,2028,0,0,0.00025246149962130775,Correct_or_Clear
XGBoost,2029,0,0,0.00025246149962130775,Correct_or_Clear
XGBoost,2030,0,0,0.00025246149962130775,Correct_or_Clear
XGBoost,2031,0,0,0.00025246149962130775,Correct_or_Clear
XGBoost,2032,0,0,0.00025246149962130775,Correct_or_Clear
XGBoost,2033,0,0,0.00025246149962130775,Correct_or_Clear
XGBoost,2034,1,1,1.0,Correct_or_Clear
XGBoost,2035,0,0,0.0,Correct_or_Clear
XGBoost,2036,0,0,0.0,Correct_or_Clear
XGBoost,2037,0,0,0.0,Correct_or_Clear
XGBoost,2038,0,0,0.00025246149962130775,Correct_or_Clear
XGBoost,2039,0,0,0.00025246149962130775,Correct_or_Clear
XGBoost,2040,0,0,0.0,Correct_or_Clear
XGBoost,2041,0,0,0.0,Correct_or_Clear
XGBoost,2042,1,1,1.0,Correct_or_Clear
XGBoost,2043,0,0,0.0,Correct_or_Clear
XGBoost,2044,0,0,0.0,Correct_or_Clear
XGBoost,2045,0,0,0.0,Correct_or_Clear
XGBoost,2046,0,0,0.0,Correct_or_Clear
XGBoost,2047,0,0,0.0,Correct_or_Clear
XGBoost,2048,0,0,0.00025246149962130775,Correct_or_Clear
XGBoost,2049,0,0,0.00025246149962130775,Correct_or_Clear
XGBoost,2050,0,0,0.00025246149962130775,Correct_or_Clear
XGBoost,2051,0,0,0.00025246149962130775,Correct_or_Clear
XGBoost,2052,1,1,1.0,Correct_or_Clear
XGBoost,2053,0,0,0.00025246149962130775,Correct_or_Clear
XGBoost,2054,0,0,0.00025246149962130775,Correct_or_Clear
XGBoost,2055,0,0,0.00025246149962130775,Correct_or_Clear
XGBoost,2056,0,0,0.00025246149962130775,Correct_or_Clear
XGBoost,2057,0,0,0.00025246149962130775,Correct_or_Clear
XGBoost,2058,1,1,1.0,Correct_or_Clear
XGBoost,2059,0,0,0.00025246149962130775,Correct_or_Clear
XGBoost,2060,0,0,0.0,Correct_or_Clear
XGBoost,2061,0,0,0.0,Correct_or_Clear
XGBoost,2062,0,0,0.0,Correct_or_Clear
XGBoost,2063,1,1,1.0,Correct_or_Clear
XGBoost,2064,0,0,0.0,Correct_or_Clear
XGBoost,2065,0,0,0.0,Correct_or_Clear
XGBoost,2066,0,0,0.00025246149962130775,Correct_or_Clear
XGBoost,2067,0,0,0.0,Correct_or_Clear
XGBoost,2068,0,0,0.0,Correct_or_Clear
XGBoost,2069,1,1,1.0,Correct_or_Clear
XGBoost,2070,0,0,0.0,Correct_or_Clear
XGBoost,2071,0,0,0.0,Correct_or_Clear
XGBoost,2072,0,0,0.0,Correct_or_Clear
XGBoost,2073,0,0,0.0,Correct_or_Clear
XGBoost,2074,0,0,0.0,Correct_or_Clear
XGBoost,2075,0,0,0.0,Correct_or_Clear
XGBoost,2076,0,0,0.00025246149962130775,Correct_or_Clear
XGBoost,2077,0,0,0.0,Correct_or_Clear
XGBoost,2078,0,0,0.0,Correct_or_Clear
XGBoost,2079,0,0,0.0,Correct_or_Clear
XGBoost,2080,0,0,0.0,Correct_or_Clear
XGBoost,2081,1,1,1.0,Correct_or_Clear
XGBoost,2082,1,1,1.0,Correct_or_Clear
XGBoost,2083,1,1,1.0,Correct_or_Clear
XGBoost,2084,0,0,0.0,Correct_or_Clear
XGBoost,2085,1,1,1.0,Correct_or_Clear
XGBoost,2086,1,1,1.0,Correct_or_Clear
XGBoost,2087,1,1,1.0,Correct_or_Clear
XGBoost,2088,1,1,1.0,Correct_or_Clear
XGBoost,2089,0,0,0.00025246149962130775,Correct_or_Clear
XGBoost,2090,0,0,0.00025246149962130775,Correct_or_Clear
XGBoost,2091,0,0,0.00025246149962130775,Correct_or_Clear
XGBoost,2092,0,0,0.00025246149962130775,Correct_or_Clear
XGBoost,2093,0,0,0.00025246149962130775,Correct_or_Clear
XGBoost,2094,0,0,0.00025246149962130775,Correct_or_Clear
XGBoost,2095,0,0,0.00025246149962130775,Correct_or_Clear
XGBoost,2096,0,0,0.00025246149962130775,Correct_or_Clear
XGBoost,2097,0,0,0.0,Correct_or_Clear
XGBoost,2098,0,0,0.0,Correct_or_Clear
XGBoost,2099,0,0,0.0,Correct_or_Clear
XGBoost,2100,0,0,0.00025246149962130775,Correct_or_Clear
XGBoost,2101,0,0,0.0,Correct_or_Clear
XGBoost,2102,0,0,0.00025246149962130775,Correct_or_Clear
XGBoost,2103,0,0,0.0,Correct_or_Clear
XGBoost,2104,0,0,0.0006143172626884594,Correct_or_Clear
XGBoost,2105,0,0,0.0,Correct_or_Clear
XGBoost,2106,0,0,0.0009289163652621971,Correct_or_Clear
XGBoost,2107,0,0,0.00025246149962130775,Correct_or_Clear
XGBoost,2108,0,0,0.0,Correct_or_Clear
XGBoost,2109,0,0,0.00025246149962130775,Correct_or_Clear
XGBoost,2110,0,0,0.00025246149962130775,Correct_or_Clear
XGBoost,2111,0,0,0.00025246149962130775,Correct_or_Clear
XGBoost,2112,0,0,0.00025246149962130775,Correct_or_Clear
XGBoost,2113,0,0,0.00025246149962130775,Correct_or_Clear
XGBoost,2114,0,0,0.00025246149962130775,Correct_or_Clear
XGBoost,2115,0,0,0.00025246149962130775,Correct_or_Clear
XGBoost,2116,0,0,0.0010364408019028447,Correct_or_Clear
XGBoost,2117,0,0,0.00025246149962130775,Correct_or_Clear
XGBoost,2118,0,0,0.00025246149962130775,Correct_or_Clear
XGBoost,2119,0,0,0.00025246149962130775,Correct_or_Clear
XGBoost,2120,0,0,0.00025246149962130775,Correct_or_Clear
XGBoost,2121,0,0,0.00025246149962130775,Correct_or_Clear
XGBoost,2122,0,0,0.003352478387115815,Correct_or_Clear
XGBoost,2123,0,0,0.0,Correct_or_Clear
XGBoost,2124,0,0,0.00025246149962130775,Correct_or_Clear
XGBoost,2125,0,0,0.00025246149962130775,Correct_or_Clear
XGBoost,2126,0,0,0.00025246149962130775,Correct_or_Clear
XGBoost,2127,0,0,0.0,Correct_or_Clear
XGBoost,2128,0,0,0.00025246149962130775,Correct_or_Clear
XGBoost,2129,0,0,0.00025246149962130775,Correct_or_Clear
XGBoost,2130,0,0,0.0,Correct_or_Clear
XGBoost,2131,0,0,0.00025246149962130775,Correct_or_Clear
XGBoost,2132,1,1,1.0,Correct_or_Clear
XGBoost,2133,0,0,0.00025246149962130775,Correct_or_Clear
XGBoost,2134,0,0,0.00025246149962130775,Correct_or_Clear
XGBoost,2135,0,0,0.00025246149962130775,Correct_or_Clear
XGBoost,2136,0,0,0.0,Correct_or_Clear
XGBoost,2137,0,0,0.0,Correct_or_Clear
XGBoost,2138,0,0,0.0,Correct_or_Clear
XGBoost,2139,0,0,0.00025246149962130775,Correct_or_Clear
XGBoost,2140,0,0,0.00025246149962130775,Correct_or_Clear
XGBoost,2141,0,0,0.00025246149962130775,Correct_or_Clear
XGBoost,2142,0,0,0.0,Correct_or_Clear
XGBoost,2143,0,0,0.00025246149962130775,Correct_or_Clear
XGBoost,2144,0,0,0.00025246149962130775,Correct_or_Clear
XGBoost,2145,0,0,0.00025246149962130775,Correct_or_Clear
XGBoost,2146,0,0,0.00025246149962130775,Correct_or_Clear
XGBoost,2147,0,0,0.00025246149962130775,Correct_or_Clear
XGBoost,2148,0,0,0.00025246149962130775,Correct_or_Clear
XGBoost,2149,0,0,0.00025246149962130775,Correct_or_Clear
XGBoost,2150,0,0,0.00025246149962130775,Correct_or_Clear
XGBoost,2151,0,0,0.00025246149962130775,Correct_or_Clear
XGBoost,2152,0,0,0.0,Correct_or_Clear
XGBoost,2153,0,0,0.00025246149962130775,Correct_or_Clear
XGBoost,2154,0,0,0.00025246149962130775,Correct_or_Clear
XGBoost,2155,0,0,0.00025246149962130775,Correct_or_Clear
XGBoost,2156,0,0,0.00025246149962130775,Correct_or_Clear
XGBoost,2157,0,0,0.00025246149962130775,Correct_or_Clear
XGBoost,2158,0,0,0.00025246149962130775,Correct_or_Clear
XGBoost,2159,0,0,0.00025246149962130775,Correct_or_Clear
XGBoost,2160,0,0,0.00025246149962130775,Correct_or_Clear
XGBoost,2161,0,0,0.00025246149962130775,Correct_or_Clear
XGBoost,2162,0,0,0.00025246149962130775,Correct_or_Clear
XGBoost,2163,0,0,0.00025246149962130775,Correct_or_Clear
XGBoost,2164,0,0,0.0,Correct_or_Clear
XGBoost,2165,0,0,0.00025246149962130775,Correct_or_Clear
XGBoost,2166,0,0,0.00025246149962130775,Correct_or_Clear
XGBoost,2167,0,0,0.00025246149962130775,Correct_or_Clear
XGBoost,2168,0,0,0.00025246149962130775,Correct_or_Clear
XGBoost,2169,0,0,0.00025246149962130775,Correct_or_Clear
XGBoost,2170,0,0,0.00025246149962130775,Correct_or_Clear
XGBoost,2171,0,0,0.0,Correct_or_Clear
XGBoost,2172,0,0,0.00025246149962130775,Correct_or_Clear
XGBoost,2173,0,0,0.00025246149962130775,Correct_or_Clear
XGBoost,2174,0,0,0.0,Correct_or_Clear
XGBoost,2175,0,0,0.0,Correct_or_Clear
XGBoost,2176,0,0,0.00025246149962130775,Correct_or_Clear
XGBoost,2177,0,0,0.00025246149962130775,Correct_or_Clear
XGBoost,2178,0,0,0.00025246149962130775,Correct_or_Clear
XGBoost,2179,0,0,0.0,Correct_or_Clear
XGBoost,2180,0,0,0.00025246149962130775,Correct_or_Clear
XGBoost,2181,0,0,0.00025246149962130775,Correct_or_Clear
XGBoost,2182,0,0,0.0,Correct_or_Clear
XGBoost,2183,0,0,0.00025246149962130775,Correct_or_Clear
XGBoost,2184,0,0,0.00025246149962130775,Correct_or_Clear
XGBoost,2185,0,0,0.0,Correct_or_Clear
XGBoost,2186,0,0,0.00025246149962130775,Correct_or_Clear
XGBoost,2187,0,0,0.00025246149962130775,Correct_or_Clear
XGBoost,2188,0,0,0.00025246149962130775,Correct_or_Clear
XGBoost,2189,0,0,0.0,Correct_or_Clear
XGBoost,2190,0,0,0.00025246149962130775,Correct_or_Clear
XGBoost,2191,0,0,0.00025246149962130775,Correct_or_Clear
XGBoost,2192,0,0,0.00025246149962130775,Correct_or_Clear
XGBoost,2193,0,0,0.00025246149962130775,Correct_or_Clear
XGBoost,2194,0,0,0.00025246149962130775,Correct_or_Clear
XGBoost,2195,0,0,0.00025246149962130775,Correct_or_Clear
XGBoost,2196,0,0,0.00025246149962130775,Correct_or_Clear
XGBoost,2197,0,0,0.00025246149962130775,Correct_or_Clear
XGBoost,2198,0,0,0.00025246149962130775,Correct_or_Clear
XGBoost,2199,0,0,0.00025246149962130775,Correct_or_Clear
XGBoost,2200,0,0,0.00025246149962130775,Correct_or_Clear
XGBoost,2201,0,0,0.00025246149962130775,Correct_or_Clear
XGBoost,2202,0,0,0.00025246149962130775,Correct_or_Clear
XGBoost,2203,0,0,0.0020258404615701316,Correct_or_Clear
XGBoost,2204,0,0,0.002490686647786876,Correct_or_Clear
XGBoost,2205,0,0,0.00025246149962130775,Correct_or_Clear
XGBoost,2206,0,0,0.00025246149962130775,Correct_or_Clear
XGBoost,2207,0,0,0.0020258404615701316,Correct_or_Clear
XGBoost,2208,0,0,0.00025246149962130775,Correct_or_Clear
XGBoost,2209,0,0,0.00025246149962130775,Correct_or_Clear
XGBoost,2210,0,0,0.0,Correct_or_Clear
XGBoost,2211,0,0,0.00025246149962130775,Correct_or_Clear
XGBoost,2212,0,0,0.00025246149962130775,Correct_or_Clear
XGBoost,2213,0,0,0.00025246149962130775,Correct_or_Clear
XGBoost,2214,0,0,0.00025246149962130775,Correct_or_Clear
XGBoost,2215,0,0,0.00025246149962130775,Correct_or_Clear
XGBoost,2216,0,0,0.00025246149962130775,Correct_or_Clear
XGBoost,2217,0,0,0.00025246149962130775,Correct_or_Clear
XGBoost,2218,0,0,0.0,Correct_or_Clear
XGBoost,2219,0,0,0.00025246149962130775,Correct_or_Clear
XGBoost,2220,0,0,0.00025246149962130775,Correct_or_Clear
XGBoost,2221,0,0,0.00025246149962130775,Correct_or_Clear
XGBoost,2222,0,0,0.00025246149962130775,Correct_or_Clear
XGBoost,2223,0,0,0.00025246149962130775,Correct_or_Clear
XGBoost,2224,0,0,0.00025246149962130775,Correct_or_Clear
XGBoost,2225,0,0,0.00025246149962130775,Correct_or_Clear
XGBoost,2226,0,0,0.00025246149962130775,Correct_or_Clear
XGBoost,2227,0,0,0.00025246149962130775,Correct_or_Clear
XGBoost,2228,0,0,0.0,Correct_or_Clear
XGBoost,2229,0,0,0.00025246149962130775,Correct_or_Clear
XGBoost,2230,0,0,0.0,Correct_or_Clear
XGBoost,2231,0,0,0.00025246149962130775,Correct_or_Clear
XGBoost,2232,0,0,0.00025246149962130775,Correct_or_Clear
XGBoost,2233,0,0,0.00025246149962130775,Correct_or_Clear
XGBoost,2234,0,0,0.0,Correct_or_Clear
XGBoost,2235,0,0,0.00025246149962130775,Correct_or_Clear
XGBoost,2236,0,0,0.00025246149962130775,Correct_or_Clear
XGBoost,2237,0,0,0.00025246149962130775,Correct_or_Clear
XGBoost,2238,0,0,0.00025246149962130775,Correct_or_Clear
XGBoost,2239,0,0,0.00025246149962130775,Correct_or_Clear
XGBoost,2240,0,0,0.00025246149962130775,Correct_or_Clear
XGBoost,2241,0,0,0.00025246149962130775,Correct_or_Clear
XGBoost,2242,0,0,0.00025246149962130775,Correct_or_Clear
XGBoost,2243,0,0,0.0,Correct_or_Clear
XGBoost,2244,0,0,0.0,Correct_or_Clear
XGBoost,2245,0,0,0.00025246149962130775,Correct_or_Clear
XGBoost,2246,0,0,0.00025246149962130775,Correct_or_Clear
XGBoost,2247,0,0,0.0,Correct_or_Clear
XGBoost,2248,0,0,0.00025246149962130775,Correct_or_Clear
XGBoost,2249,0,0,0.00025246149962130775,Correct_or_Clear
XGBoost,2250,0,0,0.00025246149962130775,Correct_or_Clear
XGBoost,2251,0,0,0.00025246149962130775,Correct_or_Clear
XGBoost,2252,1,1,1.0,Correct_or_Clear
XGBoost,2253,0,0,0.00025246149962130775,Correct_or_Clear
XGBoost,2254,0,0,0.00025246149962130775,Correct_or_Clear
XGBoost,2255,0,0,0.00025246149962130775,Correct_or_Clear
XGBoost,2256,0,0,0.00025246149962130775,Correct_or_Clear
XGBoost,2257,0,0,0.00025246149962130775,Correct_or_Clear
XGBoost,2258,0,0,0.00025246149962130775,Correct_or_Clear
XGBoost,2259,0,0,0.00025246149962130775,Correct_or_Clear
XGBoost,2260,0,0,0.00025246149962130775,Correct_or_Clear
XGBoost,2261,0,0,0.0,Correct_or_Clear
XGBoost,2262,0,0,0.00025246149962130775,Correct_or_Clear
XGBoost,2263,0,0,0.0,Correct_or_Clear
XGBoost,2264,0,0,0.00025246149962130775,Correct_or_Clear
XGBoost,2265,0,0,0.0,Correct_or_Clear
XGBoost,2266,0,0,0.00025246149962130775,Correct_or_Clear
XGBoost,2267,0,0,0.00025246149962130775,Correct_or_Clear
XGBoost,2268,0,0,0.00025246149962130775,Correct_or_Clear
XGBoost,2269,0,0,0.0,Correct_or_Clear
XGBoost,2270,0,0,0.00025246149962130775,Correct_or_Clear
XGBoost,2271,0,0,0.00025246149962130775,Correct_or_Clear
XGBoost,2272,0,0,0.0,Correct_or_Clear
XGBoost,2273,0,0,0.00025246149962130775,Correct_or_Clear
XGBoost,2274,0,0,0.00025246149962130775,Correct_or_Clear
XGBoost,2275,0,0,0.00025246149962130775,Correct_or_Clear
XGBoost,2276,0,0,0.0,Correct_or_Clear
XGBoost,2277,0,0,0.0,Correct_or_Clear
XGBoost,2278,0,0,0.00025246149962130775,Correct_or_Clear
XGBoost,2279,0,0,0.0,Correct_or_Clear
XGBoost,2280,0,0,0.00025246149962130775,Correct_or_Clear
XGBoost,2281,0,0,0.00025246149962130775,Correct_or_Clear
XGBoost,2282,0,0,0.00025246149962130775,Correct_or_Clear
XGBoost,2283,0,0,0.00025246149962130775,Correct_or_Clear
XGBoost,2284,0,0,0.00025246149962130775,Correct_or_Clear
XGBoost,2285,0,0,0.0,Correct_or_Clear
XGBoost,2286,0,0,0.00025246149962130775,Correct_or_Clear
XGBoost,2287,0,0,0.00025246149962130775,Correct_or_Clear
XGBoost,2288,0,0,0.00025246149962130775,Correct_or_Clear
XGBoost,2289,0,0,0.00025246149962130775,Correct_or_Clear
XGBoost,2290,0,0,0.00025246149962130775,Correct_or_Clear
XGBoost,2291,0,0,0.00025246149962130775,Correct_or_Clear
XGBoost,2292,0,0,0.00025246149962130775,Correct_or_Clear
XGBoost,2293,0,0,0.00025246149962130775,Correct_or_Clear
XGBoost,2294,0,0,0.00025246149962130775,Correct_or_Clear
XGBoost,2295,0,0,0.0,Correct_or_Clear
XGBoost,2296,0,0,0.0,Correct_or_Clear
XGBoost,2297,0,0,0.00025246149962130775,Correct_or_Clear
XGBoost,2298,0,0,0.00025246149962130775,Correct_or_Clear
XGBoost,2299,0,0,0.00025246149962130775,Correct_or_Clear
XGBoost,2300,0,0,0.00025246149962130775,Correct_or_Clear
XGBoost,2301,0,0,0.00025246149962130775,Correct_or_Clear
XGBoost,2302,0,0,0.00025246149962130775,Correct_or_Clear
XGBoost,2303,0,0,0.00025246149962130775,Correct_or_Clear
XGBoost,2304,0,0,0.00025246149962130775,Correct_or_Clear
XGBoost,2305,0,0,0.00025246149962130775,Correct_or_Clear
XGBoost,2306,0,0,0.00025246149962130775,Correct_or_Clear
XGBoost,2307,0,0,0.00025246149962130775,Correct_or_Clear
XGBoost,2308,0,0,0.00025246149962130775,Correct_or_Clear
XGBoost,2309,0,0,0.00025246149962130775,Correct_or_Clear
XGBoost,2310,0,0,0.0,Correct_or_Clear
XGBoost,2311,0,0,0.00025246149962130775,Correct_or_Clear
XGBoost,2312,0,0,0.00025246149962130775,Correct_or_Clear
XGBoost,2313,0,0,0.00025246149962130775,Correct_or_Clear
XGBoost,2314,0,0,0.00025246149962130775,Correct_or_Clear
XGBoost,2315,1,1,1.0,Correct_or_Clear
XGBoost,2316,0,0,0.00025246149962130775,Correct_or_Clear
XGBoost,2317,0,0,0.00025246149962130775,Correct_or_Clear
XGBoost,2318,0,0,0.00025246149962130775,Correct_or_Clear
XGBoost,2319,0,0,0.00025246149962130775,Correct_or_Clear
XGBoost,2320,0,0,0.00025246149962130775,Correct_or_Clear
XGBoost,2321,0,0,0.00025246149962130775,Correct_or_Clear
XGBoost,2322,0,0,0.00025246149962130775,Correct_or_Clear
XGBoost,2323,0,0,0.00025246149962130775,Correct_or_Clear
XGBoost,2324,0,0,0.00025246149962130775,Correct_or_Clear
XGBoost,2325,0,0,0.00025246149962130775,Correct_or_Clear
XGBoost,2326,1,1,1.0,Correct_or_Clear
XGBoost,2327,0,0,0.00025246149962130775,Correct_or_Clear
XGBoost,2328,0,0,0.00025246149962130775,Correct_or_Clear
XGBoost,2329,0,0,0.00025246149962130775,Correct_or_Clear
XGBoost,2330,0,0,0.00025246149962130775,Correct_or_Clear
XGBoost,2331,0,0,0.0,Correct_or_Clear
XGBoost,2332,0,0,0.0,Correct_or_Clear
XGBoost,2333,0,0,0.0,Correct_or_Clear
XGBoost,2334,0,0,0.0,Correct_or_Clear
XGBoost,2335,0,0,0.0,Correct_or_Clear
XGBoost,2336,0,0,0.00025246149962130775,Correct_or_Clear
XGBoost,2337,0,0,0.00025246149962130775,Correct_or_Clear
XGBoost,2338,0,0,0.00025246149962130775,Correct_or_Clear
XGBoost,2339,0,0,0.00025246149962130775,Correct_or_Clear
XGBoost,2340,0,0,0.00025246149962130775,Correct_or_Clear
XGBoost,2341,0,0,0.0,Correct_or_Clear
XGBoost,2342,0,0,0.00025246149962130775,Correct_or_Clear
XGBoost,2343,0,0,0.00025246149962130775,Correct_or_Clear
XGBoost,2344,0,0,0.00025246149962130775,Correct_or_Clear
XGBoost,2345,0,0,0.00025246149962130775,Correct_or_Clear
XGBoost,2346,0,0,0.00025246149962130775,Correct_or_Clear
XGBoost,2347,0,0,0.00025246149962130775,Correct_or_Clear
XGBoost,2348,0,0,0.00025246149962130775,Correct_or_Clear
XGBoost,2349,0,0,0.00025246149962130775,Correct_or_Clear
XGBoost,2350,0,0,0.00025246149962130775,Correct_or_Clear
XGBoost,2351,0,0,0.00025246149962130775,Correct_or_Clear
XGBoost,2352,0,0,0.00025246149962130775,Correct_or_Clear
XGBoost,2353,0,0,0.00025246149962130775,Correct_or_Clear
XGBoost,2354,0,0,0.00025246149962130775,Correct_or_Clear
XGBoost,2355,0,0,0.0,Correct_or_Clear
XGBoost,2356,0,0,0.00025246149962130775,Correct_or_Clear
XGBoost,2357,0,0,0.00025246149962130775,Correct_or_Clear
XGBoost,2358,0,0,0.00025246149962130775,Correct_or_Clear
XGBoost,2359,0,0,0.00025246149962130775,Correct_or_Clear
XGBoost,2360,0,0,0.00025246149962130775,Correct_or_Clear
XGBoost,2361,0,0,0.0,Correct_or_Clear
XGBoost,2362,0,0,0.00025246149962130775,Correct_or_Clear
XGBoost,2363,0,0,0.00025246149962130775,Correct_or_Clear
XGBoost,2364,0,0,0.00025246149962130775,Correct_or_Clear
XGBoost,2365,0,0,0.00025246149962130775,Correct_or_Clear
XGBoost,2366,0,0,0.0,Correct_or_Clear
XGBoost,2367,0,0,0.00025246149962130775,Correct_or_Clear
XGBoost,2368,0,0,0.00025246149962130775,Correct_or_Clear
XGBoost,2369,0,0,0.00025246149962130775,Correct_or_Clear
XGBoost,2370,0,0,0.00025246149962130775,Correct_or_Clear
XGBoost,2371,0,0,0.00025246149962130775,Correct_or_Clear
XGBoost,2372,0,0,0.0,Correct_or_Clear
XGBoost,2373,0,0,0.00025246149962130775,Correct_or_Clear
XGBoost,2374,0,0,0.00025246149962130775,Correct_or_Clear
XGBoost,2375,0,0,0.0,Correct_or_Clear
XGBoost,2376,0,0,0.0,Correct_or_Clear
XGBoost,2377,0,0,0.00025246149962130775,Correct_or_Clear
XGBoost,2378,0,0,0.00025246149962130775,Correct_or_Clear
XGBoost,2379,0,0,0.0,Correct_or_Clear
XGBoost,2380,0,0,0.00025246149962130775,Correct_or_Clear
XGBoost,2381,0,0,0.0,Correct_or_Clear
XGBoost,2382,0,0,0.00025246149962130775,Correct_or_Clear
XGBoost,2383,0,0,0.00025246149962130775,Correct_or_Clear
XGBoost,2384,0,0,0.00025246149962130775,Correct_or_Clear
XGBoost,2385,0,0,0.0,Correct_or_Clear
XGBoost,2386,0,0,0.00025246149962130775,Correct_or_Clear
XGBoost,2387,0,0,0.0,Correct_or_Clear
XGBoost,2388,1,1,1.0,Correct_or_Clear
XGBoost,2389,0,0,0.0,Correct_or_Clear
XGBoost,2390,0,0,0.00025246149962130775,Correct_or_Clear
XGBoost,2391,0,0,0.00025246149962130775,Correct_or_Clear
XGBoost,2392,0,0,0.00025246149962130775,Correct_or_Clear
XGBoost,2393,0,0,0.0,Correct_or_Clear
XGBoost,2394,0,0,0.0,Correct_or_Clear
XGBoost,2395,0,0,0.00025246149962130775,Correct_or_Clear
XGBoost,2396,0,0,0.00025246149962130775,Correct_or_Clear
XGBoost,2397,0,0,0.00025246149962130775,Correct_or_Clear
XGBoost,2398,0,0,0.00025246149962130775,Correct_or_Clear
XGBoost,2399,0,0,0.00025246149962130775,Correct_or_Clear
XGBoost,2400,0,0,0.0,Correct_or_Clear
XGBoost,2401,0,0,0.00025246149962130775,Correct_or_Clear
XGBoost,2402,0,0,0.00025246149962130775,Correct_or_Clear
XGBoost,2403,0,0,0.0,Correct_or_Clear
XGBoost,2404,0,0,0.00025246149962130775,Correct_or_Clear
XGBoost,2405,0,0,0.00025246149962130775,Correct_or_Clear
XGBoost,2406,0,0,0.00025246149962130775,Correct_or_Clear
XGBoost,2407,0,0,0.00025246149962130775,Correct_or_Clear
XGBoost,2408,0,0,0.00025246149962130775,Correct_or_Clear
XGBoost,2409,0,0,0.0,Correct_or_Clear
XGBoost,2410,0,0,0.00025246149962130775,Correct_or_Clear
XGBoost,2411,0,0,0.00025246149962130775,Correct_or_Clear
XGBoost,2412,0,0,0.00025246149962130775,Correct_or_Clear
XGBoost,2413,0,0,0.0,Correct_or_Clear
XGBoost,2414,0,0,0.00025246149962130775,Correct_or_Clear
XGBoost,2415,0,0,0.00025246149962130775,Correct_or_Clear
XGBoost,2416,0,0,0.00025246149962130775,Correct_or_Clear
XGBoost,2417,0,0,0.00025246149962130775,Correct_or_Clear
XGBoost,2418,0,0,0.00025246149962130775,Correct_or_Clear
XGBoost,2419,0,0,0.00025246149962130775,Correct_or_Clear
XGBoost,2420,0,0,0.00025246149962130775,Correct_or_Clear
XGBoost,2421,0,0,0.00025246149962130775,Correct_or_Clear
XGBoost,2422,0,0,0.00025246149962130775,Correct_or_Clear
XGBoost,2423,0,0,0.00025246149962130775,Correct_or_Clear
XGBoost,2424,0,0,0.00025246149962130775,Correct_or_Clear
XGBoost,2425,0,0,0.0,Correct_or_Clear
XGBoost,2426,0,0,0.00025246149962130775,Correct_or_Clear
XGBoost,2427,0,0,0.00025246149962130775,Correct_or_Clear
XGBoost,2428,0,0,0.00025246149962130775,Correct_or_Clear
XGBoost,2429,0,0,0.00025246149962130775,Correct_or_Clear
XGBoost,2430,0,0,0.00025246149962130775,Correct_or_Clear
XGBoost,2431,0,0,0.00025246149962130775,Correct_or_Clear
XGBoost,2432,0,0,0.00025246149962130775,Correct_or_Clear
XGBoost,2433,0,0,0.00025246149962130775,Correct_or_Clear
XGBoost,2434,0,0,0.00025246149962130775,Correct_or_Clear
XGBoost,2435,0,0,0.00025246149962130775,Correct_or_Clear
XGBoost,2436,0,0,0.00025246149962130775,Correct_or_Clear
XGBoost,2437,0,0,0.00025246149962130775,Correct_or_Clear
XGBoost,2438,0,0,0.00025246149962130775,Correct_or_Clear
XGBoost,2439,0,0,0.00025246149962130775,Correct_or_Clear
XGBoost,2440,0,0,0.0,Correct_or_Clear
XGBoost,2441,0,0,0.00025246149962130775,Correct_or_Clear
XGBoost,2442,0,0,0.0,Correct_or_Clear
XGBoost,2443,0,0,0.00025246149962130775,Correct_or_Clear
XGBoost,2444,0,0,0.00025246149962130775,Correct_or_Clear
XGBoost,2445,0,0,0.00025246149962130775,Correct_or_Clear
XGBoost,2446,0,0,0.00025246149962130775,Correct_or_Clear
XGBoost,2447,0,0,0.00025246149962130775,Correct_or_Clear
XGBoost,2448,0,0,0.00025246149962130775,Correct_or_Clear
XGBoost,2449,0,0,0.00025246149962130775,Correct_or_Clear
XGBoost,2450,0,0,0.00025246149962130775,Correct_or_Clear
XGBoost,2451,0,0,0.00025246149962130775,Correct_or_Clear
XGBoost,2452,1,1,1.0,Correct_or_Clear
XGBoost,2453,0,0,0.00025246149962130775,Correct_or_Clear
XGBoost,2454,0,0,0.00025246149962130775,Correct_or_Clear
XGBoost,2455,0,0,0.00025246149962130775,Correct_or_Clear
XGBoost,2456,0,0,0.00025246149962130775,Correct_or_Clear
XGBoost,2457,0,0,0.00025246149962130775,Correct_or_Clear
XGBoost,2458,0,0,0.00025246149962130775,Correct_or_Clear
XGBoost,2459,0,0,0.0,Correct_or_Clear
XGBoost,2460,0,0,0.00025246149962130775,Correct_or_Clear
XGBoost,2461,0,0,0.00025246149962130775,Correct_or_Clear
XGBoost,2462,0,0,0.00025246149962130775,Correct_or_Clear
XGBoost,2463,0,0,0.00025246149962130775,Correct_or_Clear
XGBoost,2464,0,0,0.00025246149962130775,Correct_or_Clear
XGBoost,2465,0,0,0.00025246149962130775,Correct_or_Clear
XGBoost,2466,0,0,0.00025246149962130775,Correct_or_Clear
XGBoost,2467,0,0,0.00025246149962130775,Correct_or_Clear
XGBoost,2468,0,0,0.0,Correct_or_Clear
XGBoost,2469,0,0,0.0,Correct_or_Clear
XGBoost,2470,0,0,0.0,Correct_or_Clear
XGBoost,2471,0,0,0.0,Correct_or_Clear
XGBoost,2472,0,0,0.00025246149962130775,Correct_or_Clear
XGBoost,2473,0,0,0.00025246149962130775,Correct_or_Clear
XGBoost,2474,0,0,0.00025246149962130775,Correct_or_Clear
XGBoost,2475,0,0,0.00025246149962130775,Correct_or_Clear
XGBoost,2476,0,0,0.00025246149962130775,Correct_or_Clear
XGBoost,2477,0,0,0.00025246149962130775,Correct_or_Clear
XGBoost,2478,0,0,0.00025246149962130775,Correct_or_Clear
XGBoost,2479,0,0,0.00025246149962130775,Correct_or_Clear
XGBoost,2480,0,0,0.00025246149962130775,Correct_or_Clear
XGBoost,2481,0,0,0.00025246149962130775,Correct_or_Clear
XGBoost,2482,0,0,0.00025246149962130775,Correct_or_Clear
XGBoost,2483,0,0,0.0,Correct_or_Clear
XGBoost,2484,0,0,0.00025246149962130775,Correct_or_Clear
XGBoost,2485,0,0,0.00025246149962130775,Correct_or_Clear
XGBoost,2486,0,0,0.0,Correct_or_Clear
XGBoost,2487,0,0,0.00025246149962130775,Correct_or_Clear
XGBoost,2488,0,0,0.00025246149962130775,Correct_or_Clear
XGBoost,2489,0,0,0.00025246149962130775,Correct_or_Clear
XGBoost,2490,0,0,0.00025246149962130775,Correct_or_Clear
XGBoost,2491,0,0,0.00025246149962130775,Correct_or_Clear
XGBoost,2492,0,0,0.00025246149962130775,Correct_or_Clear
XGBoost,2493,0,0,0.0,Correct_or_Clear
XGBoost,2494,0,0,0.00025246149962130775,Correct_or_Clear
XGBoost,2495,0,0,0.0,Correct_or_Clear
XGBoost,2496,0,0,0.0,Correct_or_Clear
XGBoost,2497,0,0,0.00025246149962130775,Correct_or_Clear
XGBoost,2498,0,0,0.00025246149962130775,Correct_or_Clear
XGBoost,2499,0,0,0.00025246149962130775,Correct_or_Clear
XGBoost,2500,0,0,0.0,Correct_or_Clear
XGBoost,2501,0,0,0.00025246149962130775,Correct_or_Clear
XGBoost,2502,0,0,0.00025246149962130775,Correct_or_Clear
XGBoost,2503,0,0,0.00025246149962130775,Correct_or_Clear
XGBoost,2504,0,0,0.00025246149962130775,Correct_or_Clear
XGBoost,2505,0,0,0.0,Correct_or_Clear
XGBoost,2506,0,0,0.00025246149962130775,Correct_or_Clear
XGBoost,2507,0,0,0.00025246149962130775,Correct_or_Clear
XGBoost,2508,0,0,0.0,Correct_or_Clear
XGBoost,2509,0,0,0.00025246149962130775,Correct_or_Clear
XGBoost,2510,0,0,0.00025246149962130775,Correct_or_Clear
XGBoost,2511,0,0,0.00025246149962130775,Correct_or_Clear
XGBoost,2512,0,0,0.00025246149962130775,Correct_or_Clear
XGBoost,2513,0,0,0.00025246149962130775,Correct_or_Clear
XGBoost,2514,0,0,0.00025246149962130775,Correct_or_Clear
XGBoost,2515,0,0,0.00025246149962130775,Correct_or_Clear
XGBoost,2516,0,0,0.00025246149962130775,Correct_or_Clear
XGBoost,2517,0,0,0.00025246149962130775,Correct_or_Clear
XGBoost,2518,0,0,0.00025246149962130775,Correct_or_Clear
XGBoost,2519,0,0,0.00025246149962130775,Correct_or_Clear
XGBoost,2520,0,0,0.00025246149962130775,Correct_or_Clear
XGBoost,2521,0,0,0.00025246149962130775,Correct_or_Clear
XGBoost,2522,0,0,0.00025246149962130775,Correct_or_Clear
XGBoost,2523,0,0,0.00025246149962130775,Correct_or_Clear
XGBoost,2524,0,0,0.00025246149962130775,Correct_or_Clear
XGBoost,2525,0,0,0.00025246149962130775,Correct_or_Clear
XGBoost,2526,0,0,0.0,Correct_or_Clear
XGBoost,2527,0,0,0.00025246149962130775,Correct_or_Clear
XGBoost,2528,0,0,0.00025246149962130775,Correct_or_Clear
XGBoost,2529,0,0,0.00025246149962130775,Correct_or_Clear
XGBoost,2530,0,0,0.0,Correct_or_Clear
XGBoost,2531,0,0,0.00025246149962130775,Correct_or_Clear
XGBoost,2532,0,0,0.00025246149962130775,Correct_or_Clear
XGBoost,2533,0,0,0.0,Correct_or_Clear
XGBoost,2534,0,0,0.00025246149962130775,Correct_or_Clear
XGBoost,2535,0,0,0.00025246149962130775,Correct_or_Clear
XGBoost,2536,0,0,0.00025246149962130775,Correct_or_Clear
XGBoost,2537,0,0,0.0,Correct_or_Clear
XGBoost,2538,0,0,0.00025246149962130775,Correct_or_Clear
XGBoost,2539,0,0,0.00025246149962130775,Correct_or_Clear
XGBoost,2540,0,0,0.00025246149962130775,Correct_or_Clear
XGBoost,2541,0,0,0.0,Correct_or_Clear
XGBoost,2542,0,0,0.00025246149962130775,Correct_or_Clear
XGBoost,2543,0,0,0.00025246149962130775,Correct_or_Clear
XGBoost,2544,0,0,0.00025246149962130775,Correct_or_Clear
XGBoost,2545,0,0,0.00025246149962130775,Correct_or_Clear
XGBoost,2546,0,0,0.00025246149962130775,Correct_or_Clear
XGBoost,2547,0,0,0.00025246149962130775,Correct_or_Clear
XGBoost,2548,0,0,0.00025246149962130775,Correct_or_Clear
XGBoost,2549,0,0,0.0,Correct_or_Clear
XGBoost,2550,0,0,0.00025246149962130775,Correct_or_Clear
XGBoost,2551,0,0,0.00025246149962130775,Correct_or_Clear
XGBoost,2552,0,0,0.00025246149962130775,Correct_or_Clear
XGBoost,2553,0,0,0.00025246149962130775,Correct_or_Clear
XGBoost,2554,0,0,0.00025246149962130775,Correct_or_Clear
XGBoost,2555,0,0,0.00025246149962130775,Correct_or_Clear
XGBoost,2556,0,0,0.00025246149962130775,Correct_or_Clear
XGBoost,2557,0,0,0.00025246149962130775,Correct_or_Clear
XGBoost,2558,0,0,0.00025246149962130775,Correct_or_Clear
XGBoost,2559,0,0,0.00025246149962130775,Correct_or_Clear
XGBoost,2560,0,0,0.0,Correct_or_Clear
XGBoost,2561,0,0,0.00025246149962130775,Correct_or_Clear
XGBoost,2562,0,0,0.00025246149962130775,Correct_or_Clear
XGBoost,2563,0,0,0.00025246149962130775,Correct_or_Clear
XGBoost,2564,0,0,0.00025246149962130775,Correct_or_Clear
XGBoost,2565,0,0,0.00025246149962130775,Correct_or_Clear
XGBoost,2566,0,0,0.00025246149962130775,Correct_or_Clear
XGBoost,2567,0,0,0.00025246149962130775,Correct_or_Clear
XGBoost,2568,0,0,0.00025246149962130775,Correct_or_Clear
XGBoost,2569,0,0,0.00025246149962130775,Correct_or_Clear
XGBoost,2570,0,0,0.00025246149962130775,Correct_or_Clear
XGBoost,2571,0,0,0.00025246149962130775,Correct_or_Clear
XGBoost,2572,0,0,0.00025246149962130775,Correct_or_Clear
XGBoost,2573,0,0,0.00025246149962130775,Correct_or_Clear
XGBoost,2574,0,0,0.00025246149962130775,Correct_or_Clear
XGBoost,2575,0,0,0.00025246149962130775,Correct_or_Clear
XGBoost,2576,0,0,0.00025246149962130775,Correct_or_Clear
XGBoost,2577,0,0,0.00025246149962130775,Correct_or_Clear
XGBoost,2578,1,1,1.0,Correct_or_Clear
XGBoost,2579,1,1,1.0,Correct_or_Clear
XGBoost,2580,0,0,0.00025246149962130775,Correct_or_Clear
XGBoost,2581,0,0,0.0,Correct_or_Clear
XGBoost,2582,0,0,0.0,Correct_or_Clear
XGBoost,2583,0,0,0.0,Correct_or_Clear
XGBoost,2584,0,0,0.0,Correct_or_Clear
XGBoost,2585,0,0,0.0,Correct_or_Clear
XGBoost,2586,0,0,0.0,Correct_or_Clear
XGBoost,2587,0,0,0.0,Correct_or_Clear
XGBoost,2588,0,0,0.0,Correct_or_Clear
XGBoost,2589,0,0,0.0,Correct_or_Clear
XGBoost,2590,0,0,0.0,Correct_or_Clear
XGBoost,2591,0,0,0.0,Correct_or_Clear
XGBoost,2592,0,0,0.0,Correct_or_Clear
XGBoost,2593,0,0,0.00025246149962130775,Correct_or_Clear
XGBoost,2594,0,0,0.0,Correct_or_Clear
XGBoost,2595,0,0,0.0,Correct_or_Clear
XGBoost,2596,0,0,0.0,Correct_or_Clear
XGBoost,2597,0,0,0.0,Correct_or_Clear
XGBoost,2598,0,0,0.0,Correct_or_Clear
XGBoost,2599,0,0,0.0,Correct_or_Clear
XGBoost,2600,0,0,0.0,Correct_or_Clear
XGBoost,2601,0,0,0.0,Correct_or_Clear
XGBoost,2602,0,0,0.0,Correct_or_Clear
XGBoost,2603,0,0,0.0,Correct_or_Clear
XGBoost,2604,0,0,0.0,Correct_or_Clear
XGBoost,2605,0,0,0.0,Correct_or_Clear
XGBoost,2606,0,0,0.0,Correct_or_Clear
XGBoost,2607,1,1,1.0,Correct_or_Clear
XGBoost,2608,0,0,0.0,Correct_or_Clear
XGBoost,2609,0,0,0.0,Correct_or_Clear
XGBoost,2610,0,0,0.0,Correct_or_Clear
XGBoost,2611,0,0,0.0,Correct_or_Clear
XGBoost,2612,0,0,0.0,Correct_or_Clear
XGBoost,2613,0,0,0.00025246149962130775,Correct_or_Clear
XGBoost,2614,0,0,0.0,Correct_or_Clear
XGBoost,2615,0,0,0.00025246149962130775,Correct_or_Clear
XGBoost,2616,0,0,0.0,Correct_or_Clear
XGBoost,2617,0,0,0.0,Correct_or_Clear
XGBoost,2618,0,0,0.0,Correct_or_Clear
XGBoost,2619,0,0,0.0,Correct_or_Clear
XGBoost,2620,0,0,0.0,Correct_or_Clear
XGBoost,2621,0,0,0.0,Correct_or_Clear
XGBoost,2622,0,0,0.0,Correct_or_Clear
XGBoost,2623,0,0,0.0,Correct_or_Clear
XGBoost,2624,0,0,0.0,Correct_or_Clear
XGBoost,2625,0,0,0.0,Correct_or_Clear
XGBoost,2626,0,0,0.0,Correct_or_Clear
XGBoost,2627,0,0,0.0,Correct_or_Clear
XGBoost,2628,0,0,0.0,Correct_or_Clear
XGBoost,2629,0,0,0.0,Correct_or_Clear
XGBoost,2630,0,0,0.0,Correct_or_Clear
XGBoost,2631,0,0,0.0,Correct_or_Clear
XGBoost,2632,0,0,0.0,Correct_or_Clear
XGBoost,2633,0,0,0.0,Correct_or_Clear
XGBoost,2634,0,0,0.0,Correct_or_Clear
XGBoost,2635,0,0,0.0,Correct_or_Clear
XGBoost,2636,0,0,0.0,Correct_or_Clear
XGBoost,2637,0,0,0.0,Correct_or_Clear
XGBoost,2638,0,0,0.0,Correct_or_Clear
XGBoost,2639,0,0,0.0,Correct_or_Clear
XGBoost,2640,0,0,0.0,Correct_or_Clear
XGBoost,2641,0,0,0.0,Correct_or_Clear
XGBoost,2642,0,0,0.0,Correct_or_Clear
XGBoost,2643,0,0,0.0,Correct_or_Clear
XGBoost,2644,0,0,0.0,Correct_or_Clear
XGBoost,2645,0,0,0.0,Correct_or_Clear
XGBoost,2646,0,0,0.00025246149962130775,Correct_or_Clear
XGBoost,2647,0,0,0.0,Correct_or_Clear
XGBoost,2648,0,0,0.0,Correct_or_Clear
XGBoost,2649,0,0,0.00025246149962130775,Correct_or_Clear
XGBoost,2650,0,0,0.0,Correct_or_Clear
XGBoost,2651,0,0,0.0,Correct_or_Clear
XGBoost,2652,0,0,0.0,Correct_or_Clear
XGBoost,2653,0,0,0.0,Correct_or_Clear
XGBoost,2654,0,0,0.0,Correct_or_Clear
XGBoost,2655,0,0,0.0,Correct_or_Clear
XGBoost,2656,0,0,0.0,Correct_or_Clear
XGBoost,2657,0,0,0.0,Correct_or_Clear
XGBoost,2658,0,0,0.0,Correct_or_Clear
XGBoost,2659,0,0,0.0,Correct_or_Clear
XGBoost,2660,0,0,0.0,Correct_or_Clear
XGBoost,2661,0,0,0.0,Correct_or_Clear
XGBoost,2662,0,0,0.0,Correct_or_Clear
XGBoost,2663,0,0,0.0,Correct_or_Clear
XGBoost,2664,0,0,0.0,Correct_or_Clear
XGBoost,2665,0,0,0.0,Correct_or_Clear
XGBoost,2666,0,0,0.0,Correct_or_Clear
XGBoost,2667,0,0,0.0,Correct_or_Clear
XGBoost,2668,0,0,0.0,Correct_or_Clear
XGBoost,2669,0,0,0.0,Correct_or_Clear
XGBoost,2670,0,0,0.0,Correct_or_Clear
XGBoost,2671,0,0,0.0,Correct_or_Clear
XGBoost,2672,0,0,0.0,Correct_or_Clear
XGBoost,2673,0,0,0.0,Correct_or_Clear
XGBoost,2674,0,0,0.00025246149962130775,Correct_or_Clear
XGBoost,2675,0,0,0.0,Correct_or_Clear
XGBoost,2676,0,0,0.00025246149962130775,Correct_or_Clear
XGBoost,2677,0,0,0.0,Correct_or_Clear
XGBoost,2678,0,0,0.0,Correct_or_Clear
XGBoost,2679,1,1,1.0,Correct_or_Clear
XGBoost,2680,0,0,0.0,Correct_or_Clear
XGBoost,2681,0,0,0.0,Correct_or_Clear
XGBoost,2682,0,0,0.0,Correct_or_Clear
XGBoost,2683,0,0,0.0,Correct_or_Clear
XGBoost,2684,0,0,0.00025246149962130775,Correct_or_Clear
XGBoost,2685,0,0,0.00025246149962130775,Correct_or_Clear
XGBoost,2686,0,0,0.0,Correct_or_Clear
XGBoost,2687,0,0,0.0,Correct_or_Clear
XGBoost,2688,0,0,0.0,Correct_or_Clear
XGBoost,2689,0,0,0.0,Correct_or_Clear
XGBoost,2690,0,0,0.0,Correct_or_Clear
XGBoost,2691,0,0,0.0,Correct_or_Clear
XGBoost,2692,0,0,0.00025246149962130775,Correct_or_Clear
XGBoost,2693,0,0,0.00025246149962130775,Correct_or_Clear
XGBoost,2694,1,1,1.0,Correct_or_Clear
XGBoost,2695,0,0,0.00025246149962130775,Correct_or_Clear
XGBoost,2696,0,0,0.00025246149962130775,Correct_or_Clear
XGBoost,2697,0,0,0.00025246149962130775,Correct_or_Clear
XGBoost,2698,0,0,0.00025246149962130775,Correct_or_Clear
XGBoost,2699,0,0,0.00025246149962130775,Correct_or_Clear
XGBoost,2700,0,0,0.00025246149962130775,Correct_or_Clear
XGBoost,2701,0,0,0.00025246149962130775,Correct_or_Clear
XGBoost,2702,0,0,0.00025246149962130775,Correct_or_Clear
XGBoost,2703,0,0,0.00025246149962130775,Correct_or_Clear
XGBoost,2704,0,0,0.00025246149962130775,Correct_or_Clear
XGBoost,2705,0,0,0.00025246149962130775,Correct_or_Clear
XGBoost,2706,0,0,0.00025246149962130775,Correct_or_Clear
XGBoost,2707,0,0,0.00025246149962130775,Correct_or_Clear
XGBoost,2708,0,0,0.00025246149962130775,Correct_or_Clear
XGBoost,2709,0,0,0.00025246149962130775,Correct_or_Clear
XGBoost,2710,0,0,0.00025246149962130775,Correct_or_Clear
XGBoost,2711,0,0,0.00025246149962130775,Correct_or_Clear
XGBoost,2712,0,0,0.00025246149962130775,Correct_or_Clear
XGBoost,2713,0,0,0.00025246149962130775,Correct_or_Clear
XGBoost,2714,0,0,0.00025246149962130775,Correct_or_Clear
XGBoost,2715,0,0,0.00025246149962130775,Correct_or_Clear
XGBoost,2716,0,0,0.00025246149962130775,Correct_or_Clear
XGBoost,2717,0,0,0.00025246149962130775,Correct_or_Clear
XGBoost,2718,0,0,0.00025246149962130775,Correct_or_Clear
XGBoost,2719,0,0,0.00025246149962130775,Correct_or_Clear
XGBoost,2720,0,0,0.00025246149962130775,Correct_or_Clear
XGBoost,2721,0,0,0.00025246149962130775,Correct_or_Clear
XGBoost,2722,0,0,0.00025246149962130775,Correct_or_Clear
XGBoost,2723,0,0,0.00025246149962130775,Correct_or_Clear
XGBoost,2724,0,0,0.00025246149962130775,Correct_or_Clear
XGBoost,2725,0,0,0.00025246149962130775,Correct_or_Clear
XGBoost,2726,0,0,0.00025246149962130775,Correct_or_Clear
XGBoost,2727,0,0,0.00025246149962130775,Correct_or_Clear
XGBoost,2728,0,0,0.0,Correct_or_Clear
XGBoost,2729,0,0,0.00025246149962130775,Correct_or_Clear
XGBoost,2730,0,0,0.00025246149962130775,Correct_or_Clear
XGBoost,2731,0,0,0.0,Correct_or_Clear
XGBoost,2732,0,0,0.0,Correct_or_Clear
XGBoost,2733,0,0,0.0,Correct_or_Clear
XGBoost,2734,0,0,0.0,Correct_or_Clear
XGBoost,2735,1,1,1.0,Correct_or_Clear
XGBoost,2736,0,0,0.00025246149962130775,Correct_or_Clear
XGBoost,2737,0,0,0.00025246149962130775,Correct_or_Clear
XGBoost,2738,0,0,0.00025246149962130775,Correct_or_Clear
XGBoost,2739,0,0,0.00025246149962130775,Correct_or_Clear
XGBoost,2740,0,0,0.00025246149962130775,Correct_or_Clear
XGBoost,2741,0,0,0.00025246149962130775,Correct_or_Clear
XGBoost,2742,0,0,0.00025246149962130775,Correct_or_Clear
XGBoost,2743,0,0,0.00025246149962130775,Correct_or_Clear
XGBoost,2744,0,0,0.0,Correct_or_Clear
XGBoost,2745,0,0,0.0,Correct_or_Clear
XGBoost,2746,0,0,0.0,Correct_or_Clear
XGBoost,2747,0,0,0.00025246149962130775,Correct_or_Clear
XGBoost,2748,0,0,0.0,Correct_or_Clear
XGBoost,2749,0,0,0.00025246149962130775,Correct_or_Clear
XGBoost,2750,0,0,0.0,Correct_or_Clear
XGBoost,2751,0,0,0.00025246149962130775,Correct_or_Clear
XGBoost,2752,0,0,0.00025246149962130775,Correct_or_Clear
XGBoost,2753,0,0,0.00025246149962130775,Correct_or_Clear
XGBoost,2754,0,0,0.00025246149962130775,Correct_or_Clear
XGBoost,2755,0,0,0.00025246149962130775,Correct_or_Clear
XGBoost,2756,0,0,0.00025246149962130775,Correct_or_Clear
XGBoost,2757,0,0,0.00025246149962130775,Correct_or_Clear
XGBoost,2758,0,0,0.00025246149962130775,Correct_or_Clear
XGBoost,2759,0,0,0.00025246149962130775,Correct_or_Clear
XGBoost,2760,0,0,0.00025246149962130775,Correct_or_Clear
XGBoost,2761,0,0,0.00025246149962130775,Correct_or_Clear
XGBoost,2762,0,0,0.0,Correct_or_Clear
XGBoost,2763,0,0,0.00025246149962130775,Correct_or_Clear
XGBoost,2764,0,0,0.00025246149962130775,Correct_or_Clear
XGBoost,2765,0,0,0.00025246149962130775,Correct_or_Clear
XGBoost,2766,0,0,0.00025246149962130775,Correct_or_Clear
XGBoost,2767,0,0,0.00025246149962130775,Correct_or_Clear
XGBoost,2768,0,0,0.00025246149962130775,Correct_or_Clear
XGBoost,2769,0,0,0.00025246149962130775,Correct_or_Clear
XGBoost,2770,0,0,0.00025246149962130775,Correct_or_Clear
XGBoost,2771,0,0,0.00025246149962130775,Correct_or_Clear
XGBoost,2772,0,0,0.00025246149962130775,Correct_or_Clear
XGBoost,2773,0,0,0.00025246149962130775,Correct_or_Clear
XGBoost,2774,0,0,0.00025246149962130775,Correct_or_Clear
XGBoost,2775,0,0,0.00025246149962130775,Correct_or_Clear
XGBoost,2776,0,0,0.00025246149962130775,Correct_or_Clear
XGBoost,2777,0,0,0.00025246149962130775,Correct_or_Clear
XGBoost,2778,0,0,0.00025246149962130775,Correct_or_Clear
XGBoost,2779,0,0,0.00025246149962130775,Correct_or_Clear
XGBoost,2780,0,0,0.00025246149962130775,Correct_or_Clear
XGBoost,2781,0,0,0.00025246149962130775,Correct_or_Clear
XGBoost,2782,0,0,0.00025246149962130775,Correct_or_Clear
XGBoost,2783,0,0,0.00025246149962130775,Correct_or_Clear
XGBoost,2784,0,0,0.00025246149962130775,Correct_or_Clear
XGBoost,2785,0,0,0.00025246149962130775,Correct_or_Clear
XGBoost,2786,0,0,0.00025246149962130775,Correct_or_Clear
XGBoost,2787,0,0,0.00025246149962130775,Correct_or_Clear
XGBoost,2788,0,0,0.0,Correct_or_Clear
XGBoost,2789,0,0,0.0,Correct_or_Clear
XGBoost,2790,0,0,0.00025246149962130775,Correct_or_Clear
XGBoost,2791,0,0,0.00025246149962130775,Correct_or_Clear
XGBoost,2792,0,0,0.00025246149962130775,Correct_or_Clear
XGBoost,2793,0,0,0.00025246149962130775,Correct_or_Clear
XGBoost,2794,0,0,0.0,Correct_or_Clear
XGBoost,2795,0,0,0.00025246149962130775,Correct_or_Clear
XGBoost,2796,0,0,0.00025246149962130775,Correct_or_Clear
XGBoost,2797,0,0,0.00025246149962130775,Correct_or_Clear
XGBoost,2798,0,0,0.00025246149962130775,Correct_or_Clear
XGBoost,2799,0,0,0.00025246149962130775,Correct_or_Clear
XGBoost,2800,1,1,1.0,Correct_or_Clear
XGBoost,2801,0,0,0.00025246149962130775,Correct_or_Clear
XGBoost,2802,0,0,0.00025246149962130775,Correct_or_Clear
XGBoost,2803,0,0,0.00025246149962130775,Correct_or_Clear
XGBoost,2804,0,0,0.00025246149962130775,Correct_or_Clear
XGBoost,2805,0,0,0.00025246149962130775,Correct_or_Clear
XGBoost,2806,0,0,0.00025246149962130775,Correct_or_Clear
XGBoost,2807,0,0,0.00025246149962130775,Correct_or_Clear
XGBoost,2808,0,0,0.00025246149962130775,Correct_or_Clear
XGBoost,2809,0,0,0.00025246149962130775,Correct_or_Clear
XGBoost,2810,0,0,0.00025246149962130775,Correct_or_Clear
XGBoost,2811,0,0,0.00025246149962130775,Correct_or_Clear
XGBoost,2812,0,0,0.00025246149962130775,Correct_or_Clear
XGBoost,2813,0,0,0.00025246149962130775,Correct_or_Clear
XGBoost,2814,0,0,0.00025246149962130775,Correct_or_Clear
XGBoost,2815,0,0,0.00025246149962130775,Correct_or_Clear
XGBoost,2816,0,0,0.00025246149962130775,Correct_or_Clear
XGBoost,2817,0,0,0.00025246149962130775,Correct_or_Clear
XGBoost,2818,0,0,0.00025246149962130775,Correct_or_Clear
XGBoost,2819,0,0,0.00025246149962130775,Correct_or_Clear
XGBoost,2820,0,0,0.0,Correct_or_Clear
XGBoost,2821,0,0,0.00025246149962130775,Correct_or_Clear
XGBoost,2822,0,0,0.00025246149962130775,Correct_or_Clear
XGBoost,2823,0,0,0.00025246149962130775,Correct_or_Clear
XGBoost,2824,0,0,0.00025246149962130775,Correct_or_Clear
XGBoost,2825,0,0,0.00025246149962130775,Correct_or_Clear
XGBoost,2826,0,0,0.00025246149962130775,Correct_or_Clear
XGBoost,2827,0,0,0.00025246149962130775,Correct_or_Clear
XGBoost,2828,0,0,0.00025246149962130775,Correct_or_Clear
XGBoost,2829,0,0,0.00025246149962130775,Correct_or_Clear
XGBoost,2830,0,0,0.00025246149962130775,Correct_or_Clear
XGBoost,2831,0,0,0.00025246149962130775,Correct_or_Clear
XGBoost,2832,0,0,0.00025246149962130775,Correct_or_Clear
XGBoost,2833,0,0,0.00025246149962130775,Correct_or_Clear
XGBoost,2834,0,0,0.00025246149962130775,Correct_or_Clear
XGBoost,2835,0,0,0.00025246149962130775,Correct_or_Clear
XGBoost,2836,0,0,0.00025246149962130775,Correct_or_Clear
XGBoost,2837,0,0,0.00025246149962130775,Correct_or_Clear
XGBoost,2838,0,0,0.00025246149962130775,Correct_or_Clear
XGBoost,2839,0,0,0.00025246149962130775,Correct_or_Clear
XGBoost,2840,0,0,0.00025246149962130775,Correct_or_Clear
XGBoost,2841,0,0,0.00025246149962130775,Correct_or_Clear
XGBoost,2842,0,0,0.00025246149962130775,Correct_or_Clear
XGBoost,2843,1,1,1.0,Correct_or_Clear
XGBoost,2844,0,0,0.00025246149962130775,Correct_or_Clear
XGBoost,2845,0,0,0.00025246149962130775,Correct_or_Clear
XGBoost,2846,0,0,0.00025246149962130775,Correct_or_Clear
XGBoost,2847,0,0,0.00025246149962130775,Correct_or_Clear
XGBoost,2848,1,1,1.0,Correct_or_Clear
XGBoost,2849,0,0,0.00025246149962130775,Correct_or_Clear
XGBoost,2850,0,0,0.00025246149962130775,Correct_or_Clear
XGBoost,2851,0,0,0.00025246149962130775,Correct_or_Clear
XGBoost,2852,0,0,0.00025246149962130775,Correct_or_Clear
XGBoost,2853,1,1,1.0,Correct_or_Clear
XGBoost,2854,1,1,1.0,Correct_or_Clear
XGBoost,2855,0,0,0.00025246149962130775,Correct_or_Clear
XGBoost,2856,0,0,0.00025246149962130775,Correct_or_Clear
XGBoost,2857,0,0,0.00025246149962130775,Correct_or_Clear
XGBoost,2858,0,0,0.00025246149962130775,Correct_or_Clear
XGBoost,2859,0,0,0.00025246149962130775,Correct_or_Clear
XGBoost,2860,0,0,0.00025246149962130775,Correct_or_Clear
XGBoost,2861,0,0,0.00025246149962130775,Correct_or_Clear
XGBoost,2862,0,0,0.00025246149962130775,Correct_or_Clear
XGBoost,2863,0,0,0.00025246149962130775,Correct_or_Clear
XGBoost,2864,0,0,0.00025246149962130775,Correct_or_Clear
XGBoost,2865,0,0,0.00025246149962130775,Correct_or_Clear
XGBoost,2866,0,0,0.00025246149962130775,Correct_or_Clear
XGBoost,2867,0,0,0.00025246149962130775,Correct_or_Clear
XGBoost,2868,0,0,0.00025246149962130775,Correct_or_Clear
XGBoost,2869,0,0,0.00025246149962130775,Correct_or_Clear
XGBoost,2870,0,0,0.00025246149962130775,Correct_or_Clear
XGBoost,2871,0,0,0.00025246149962130775,Correct_or_Clear
XGBoost,2872,0,0,0.00025246149962130775,Correct_or_Clear
XGBoost,2873,0,0,0.00025246149962130775,Correct_or_Clear
XGBoost,2874,0,0,0.00025246149962130775,Correct_or_Clear
XGBoost,2875,0,0,0.00025246149962130775,Correct_or_Clear
XGBoost,2876,0,0,0.00025246149962130775,Correct_or_Clear
XGBoost,2877,0,0,0.00025246149962130775,Correct_or_Clear
XGBoost,2878,0,0,0.00025246149962130775,Correct_or_Clear
XGBoost,2879,0,0,0.00025246149962130775,Correct_or_Clear
XGBoost,2880,0,0,0.00025246149962130775,Correct_or_Clear
XGBoost,2881,0,0,0.00025246149962130775,Correct_or_Clear
XGBoost,2882,0,0,0.00025246149962130775,Correct_or_Clear
XGBoost,2883,0,0,0.00025246149962130775,Correct_or_Clear
XGBoost,2884,0,0,0.00025246149962130775,Correct_or_Clear
XGBoost,2885,0,0,0.00025246149962130775,Correct_or_Clear
XGBoost,2886,0,0,0.00025246149962130775,Correct_or_Clear
XGBoost,2887,0,0,0.00025246149962130775,Correct_or_Clear
XGBoost,2888,0,0,0.00025246149962130775,Correct_or_Clear
XGBoost,2889,0,0,0.00025246149962130775,Correct_or_Clear
XGBoost,2890,0,0,0.00025246149962130775,Correct_or_Clear
XGBoost,2891,0,0,0.0,Correct_or_Clear
XGBoost,2892,0,0,0.0,Correct_or_Clear
XGBoost,2893,0,0,0.0,Correct_or_Clear
XGBoost,2894,0,0,0.00025246149962130775,Correct_or_Clear
XGBoost,2895,0,0,0.00025246149962130775,Correct_or_Clear
XGBoost,2896,0,0,0.00025246149962130775,Correct_or_Clear
XGBoost,2897,0,0,0.00025246149962130775,Correct_or_Clear
XGBoost,2898,0,0,0.00025246149962130775,Correct_or_Clear
XGBoost,2899,0,0,0.00025246149962130775,Correct_or_Clear
XGBoost,2900,0,0,0.00025246149962130775,Correct_or_Clear
XGBoost,2901,0,0,0.00025246149962130775,Correct_or_Clear
XGBoost,2902,0,0,0.00025246149962130775,Correct_or_Clear
XGBoost,2903,0,0,0.00025246149962130775,Correct_or_Clear
XGBoost,2904,0,0,0.00025246149962130775,Correct_or_Clear
XGBoost,2905,0,0,0.00025246149962130775,Correct_or_Clear
XGBoost,2906,0,0,0.00025246149962130775,Correct_or_Clear
XGBoost,2907,0,0,0.00025246149962130775,Correct_or_Clear
XGBoost,2908,0,0,0.00025246149962130775,Correct_or_Clear
XGBoost,2909,0,0,0.00025246149962130775,Correct_or_Clear
XGBoost,2910,0,0,0.00025246149962130775,Correct_or_Clear
XGBoost,2911,0,0,0.00025246149962130775,Correct_or_Clear
XGBoost,2912,0,0,0.00025246149962130775,Correct_or_Clear
XGBoost,2913,0,0,0.00025246149962130775,Correct_or_Clear
XGBoost,2914,0,0,0.00025246149962130775,Correct_or_Clear
XGBoost,2915,0,0,0.00025246149962130775,Correct_or_Clear
XGBoost,2916,0,0,0.00025246149962130775,Correct_or_Clear
XGBoost,2917,0,0,0.00025246149962130775,Correct_or_Clear
XGBoost,2918,0,0,0.0,Correct_or_Clear
XGBoost,2919,0,0,0.00025246149962130775,Correct_or_Clear
XGBoost,2920,0,0,0.00025246149962130775,Correct_or_Clear
XGBoost,2921,0,0,0.00025246149962130775,Correct_or_Clear
XGBoost,2922,0,0,0.00025246149962130775,Correct_or_Clear
XGBoost,2923,0,0,0.00025246149962130775,Correct_or_Clear
XGBoost,2924,0,0,0.00025246149962130775,Correct_or_Clear
XGBoost,2925,0,0,0.00025246149962130775,Correct_or_Clear
XGBoost,2926,0,0,0.00025246149962130775,Correct_or_Clear
XGBoost,2927,0,0,0.00025246149962130775,Correct_or_Clear
XGBoost,2928,0,0,0.00025246149962130775,Correct_or_Clear
XGBoost,2929,0,0,0.00025246149962130775,Correct_or_Clear
XGBoost,2930,0,0,0.00025246149962130775,Correct_or_Clear
XGBoost,2931,0,0,0.00025246149962130775,Correct_or_Clear
XGBoost,2932,0,0,0.00025246149962130775,Correct_or_Clear
XGBoost,2933,0,0,0.00025246149962130775,Correct_or_Clear
XGBoost,2934,0,0,0.00025246149962130775,Correct_or_Clear
XGBoost,2935,0,0,0.00025246149962130775,Correct_or_Clear
XGBoost,2936,0,0,0.00025246149962130775,Correct_or_Clear
XGBoost,2937,0,0,0.00025246149962130775,Correct_or_Clear
XGBoost,2938,0,0,0.00025246149962130775,Correct_or_Clear
XGBoost,2939,0,0,0.00025246149962130775,Correct_or_Clear
XGBoost,2940,0,0,0.00025246149962130775,Correct_or_Clear
XGBoost,2941,0,0,0.00025246149962130775,Correct_or_Clear
XGBoost,2942,0,0,0.00025246149962130775,Correct_or_Clear
XGBoost,2943,0,0,0.00025246149962130775,Correct_or_Clear
XGBoost,2944,0,0,0.00025246149962130775,Correct_or_Clear
XGBoost,2945,0,0,0.00025246149962130775,Correct_or_Clear
XGBoost,2946,0,0,0.00025246149962130775,Correct_or_Clear
XGBoost,2947,0,0,0.00025246149962130775,Correct_or_Clear
XGBoost,2948,0,0,0.00025246149962130775,Correct_or_Clear
XGBoost,2949,0,0,0.00025246149962130775,Correct_or_Clear
XGBoost,2950,0,0,0.00025246149962130775,Correct_or_Clear
XGBoost,2951,0,0,0.00025246149962130775,Correct_or_Clear
XGBoost,2952,0,0,0.00025246149962130775,Correct_or_Clear
XGBoost,2953,0,0,0.00025246149962130775,Correct_or_Clear
XGBoost,2954,0,0,0.00025246149962130775,Correct_or_Clear
XGBoost,2955,0,0,0.00025246149962130775,Correct_or_Clear
XGBoost,2956,0,0,0.00025246149962130775,Correct_or_Clear
XGBoost,2957,0,0,0.00025246149962130775,Correct_or_Clear
XGBoost,2958,0,0,0.00025246149962130775,Correct_or_Clear
XGBoost,2959,0,0,0.00025246149962130775,Correct_or_Clear
XGBoost,2960,0,0,0.00025246149962130775,Correct_or_Clear
XGBoost,2961,0,0,0.00025246149962130775,Correct_or_Clear
XGBoost,2962,0,0,0.00025246149962130775,Correct_or_Clear
XGBoost,2963,0,0,0.00025246149962130775,Correct_or_Clear
XGBoost,2964,0,0,0.00025246149962130775,Correct_or_Clear
XGBoost,2965,0,0,0.00025246149962130775,Correct_or_Clear
XGBoost,2966,0,0,0.00025246149962130775,Correct_or_Clear
XGBoost,2967,0,0,0.00025246149962130775,Correct_or_Clear
XGBoost,2968,0,0,0.00025246149962130775,Correct_or_Clear
XGBoost,2969,0,0,0.00025246149962130775,Correct_or_Clear
XGBoost,2970,0,0,0.00025246149962130775,Correct_or_Clear
XGBoost,2971,0,0,0.00025246149962130775,Correct_or_Clear
XGBoost,2972,0,0,0.00025246149962130775,Correct_or_Clear
XGBoost,2973,0,0,0.00025246149962130775,Correct_or_Clear
XGBoost,2974,0,0,0.00025246149962130775,Correct_or_Clear
XGBoost,2975,0,0,0.00025246149962130775,Correct_or_Clear
XGBoost,2976,0,0,0.00025246149962130775,Correct_or_Clear
XGBoost,2977,0,0,0.00025246149962130775,Correct_or_Clear
XGBoost,2978,0,0,0.00025246149962130775,Correct_or_Clear
XGBoost,2979,0,0,0.00025246149962130775,Correct_or_Clear
XGBoost,2980,0,0,0.00025246149962130775,Correct_or_Clear
XGBoost,2981,0,0,0.00025246149962130775,Correct_or_Clear
XGBoost,2982,0,0,0.00025246149962130775,Correct_or_Clear
XGBoost,2983,0,0,0.00025246149962130775,Correct_or_Clear
XGBoost,2984,0,0,0.00025246149962130775,Correct_or_Clear
XGBoost,2985,0,0,0.00025246149962130775,Correct_or_Clear
XGBoost,2986,0,0,0.00025246149962130775,Correct_or_Clear
XGBoost,2987,0,0,0.00025246149962130775,Correct_or_Clear
XGBoost,2988,0,0,0.00025246149962130775,Correct_or_Clear
XGBoost,2989,0,0,0.00025246149962130775,Correct_or_Clear
XGBoost,2990,0,0,0.00025246149962130775,Correct_or_Clear
XGBoost,2991,0,0,0.00025246149962130775,Correct_or_Clear
XGBoost,2992,0,0,0.00025246149962130775,Correct_or_Clear
XGBoost,2993,0,0,0.00025246149962130775,Correct_or_Clear
XGBoost,2994,0,0,0.00025246149962130775,Correct_or_Clear
XGBoost,2995,0,0,0.00025246149962130775,Correct_or_Clear
XGBoost,2996,0,0,0.00025246149962130775,Correct_or_Clear
XGBoost,2997,0,0,0.00025246149962130775,Correct_or_Clear
XGBoost,2998,0,0,0.00025246149962130775,Correct_or_Clear
XGBoost,2999,0,0,0.00025246149962130775,Correct_or_Clear
XGBoost,3000,0,0,0.00025246149962130775,Correct_or_Clear
XGBoost,3001,0,0,0.00025246149962130775,Correct_or_Clear
XGBoost,3002,0,0,0.00025246149962130775,Correct_or_Clear
XGBoost,3003,0,0,0.00025246149962130775,Correct_or_Clear
XGBoost,3004,0,0,0.00025246149962130775,Correct_or_Clear
XGBoost,3005,0,0,0.00025246149962130775,Correct_or_Clear
XGBoost,3006,0,0,0.0,Correct_or_Clear
XGBoost,3007,0,0,0.00025246149962130775,Correct_or_Clear
XGBoost,3008,0,0,0.00025246149962130775,Correct_or_Clear
XGBoost,3009,0,0,0.00025246149962130775,Correct_or_Clear
XGBoost,3010,0,0,0.00025246149962130775,Correct_or_Clear
XGBoost,3011,0,0,0.00025246149962130775,Correct_or_Clear
XGBoost,3012,0,0,0.00025246149962130775,Correct_or_Clear
XGBoost,3013,0,0,0.00025246149962130775,Correct_or_Clear
XGBoost,3014,0,0,0.00025246149962130775,Correct_or_Clear
XGBoost,3015,0,0,0.00025246149962130775,Correct_or_Clear
XGBoost,3016,0,0,0.00025246149962130775,Correct_or_Clear
XGBoost,3017,0,0,0.00025246149962130775,Correct_or_Clear
XGBoost,3018,0,0,0.00025246149962130775,Correct_or_Clear
XGBoost,3019,1,1,1.0,Correct_or_Clear
XGBoost,3020,0,0,0.00025246149962130775,Correct_or_Clear
XGBoost,3021,0,0,0.00025246149962130775,Correct_or_Clear
XGBoost,3022,0,0,0.00025246149962130775,Correct_or_Clear
XGBoost,3023,0,0,0.00025246149962130775,Correct_or_Clear
XGBoost,3024,0,0,0.00025246149962130775,Correct_or_Clear
XGBoost,3025,0,0,0.00025246149962130775,Correct_or_Clear
XGBoost,3026,0,0,0.00025246149962130775,Correct_or_Clear
XGBoost,3027,0,0,0.00025246149962130775,Correct_or_Clear
XGBoost,3028,0,0,0.00025246149962130775,Correct_or_Clear
XGBoost,3029,0,0,0.00025246149962130775,Correct_or_Clear
XGBoost,3030,0,0,0.00025246149962130775,Correct_or_Clear
XGBoost,3031,0,0,0.00025246149962130775,Correct_or_Clear
XGBoost,3032,0,0,0.00025246149962130775,Correct_or_Clear
XGBoost,3033,0,0,0.00025246149962130775,Correct_or_Clear
XGBoost,3034,0,0,0.00025246149962130775,Correct_or_Clear
XGBoost,3035,0,0,0.00025246149962130775,Correct_or_Clear
XGBoost,3036,0,0,0.00025246149962130775,Correct_or_Clear
XGBoost,3037,0,0,0.00025246149962130775,Correct_or_Clear
XGBoost,3038,0,0,0.00025246149962130775,Correct_or_Clear
XGBoost,3039,0,0,0.00025246149962130775,Correct_or_Clear
XGBoost,3040,0,0,0.00025246149962130775,Correct_or_Clear
XGBoost,3041,0,0,0.00025246149962130775,Correct_or_Clear
XGBoost,3042,0,0,0.00025246149962130775,Correct_or_Clear
XGBoost,3043,0,0,0.00025246149962130775,Correct_or_Clear
XGBoost,3044,0,0,0.00025246149962130775,Correct_or_Clear
XGBoost,3045,0,0,0.00025246149962130775,Correct_or_Clear
XGBoost,3046,0,0,0.00025246149962130775,Correct_or_Clear
XGBoost,3047,0,0,0.00025246149962130775,Correct_or_Clear
XGBoost,3048,0,0,0.00025246149962130775,Correct_or_Clear
XGBoost,3049,0,0,0.00025246149962130775,Correct_or_Clear
XGBoost,3050,0,0,0.00025246149962130775,Correct_or_Clear
XGBoost,3051,0,0,0.00025246149962130775,Correct_or_Clear
XGBoost,3052,0,0,0.00025246149962130775,Correct_or_Clear
XGBoost,3053,0,0,0.00025246149962130775,Correct_or_Clear
XGBoost,3054,0,0,0.00025246149962130775,Correct_or_Clear
XGBoost,3055,0,0,0.00025246149962130775,Correct_or_Clear
XGBoost,3056,0,0,0.00025246149962130775,Correct_or_Clear
XGBoost,3057,0,0,0.00025246149962130775,Correct_or_Clear
XGBoost,3058,0,0,0.00025246149962130775,Correct_or_Clear
XGBoost,3059,0,0,0.00025246149962130775,Correct_or_Clear
XGBoost,3060,0,0,0.0,Correct_or_Clear
XGBoost,3061,0,0,0.00025246149962130775,Correct_or_Clear
XGBoost,3062,0,0,0.00025246149962130775,Correct_or_Clear
XGBoost,3063,0,0,0.00025246149962130775,Correct_or_Clear
XGBoost,3064,0,0,0.00025246149962130775,Correct_or_Clear
XGBoost,3065,0,0,0.00025246149962130775,Correct_or_Clear
XGBoost,3066,0,0,0.00025246149962130775,Correct_or_Clear
XGBoost,3067,0,0,0.00025246149962130775,Correct_or_Clear
XGBoost,3068,0,0,0.00025246149962130775,Correct_or_Clear
XGBoost,3069,0,0,0.00025246149962130775,Correct_or_Clear
XGBoost,3070,0,0,0.00025246149962130775,Correct_or_Clear
XGBoost,3071,0,0,0.00025246149962130775,Correct_or_Clear
XGBoost,3072,0,0,0.00025246149962130775,Correct_or_Clear
XGBoost,3073,0,0,0.00025246149962130775,Correct_or_Clear
XGBoost,3074,0,0,0.00025246149962130775,Correct_or_Clear
XGBoost,3075,0,0,0.00025246149962130775,Correct_or_Clear
XGBoost,3076,0,0,0.00025246149962130775,Correct_or_Clear
XGBoost,3077,0,0,0.00025246149962130775,Correct_or_Clear
XGBoost,3078,0,0,0.00025246149962130775,Correct_or_Clear
XGBoost,3079,0,0,0.00025246149962130775,Correct_or_Clear
XGBoost,3080,0,0,0.0,Correct_or_Clear
XGBoost,3081,0,0,0.00025246149962130775,Correct_or_Clear
XGBoost,3082,0,0,0.00025246149962130775,Correct_or_Clear
XGBoost,3083,0,0,0.00025246149962130775,Correct_or_Clear
XGBoost,3084,0,0,0.00025246149962130775,Correct_or_Clear
XGBoost,3085,0,0,0.00025246149962130775,Correct_or_Clear
XGBoost,3086,0,0,0.00025246149962130775,Correct_or_Clear
XGBoost,3087,0,0,0.00025246149962130775,Correct_or_Clear
XGBoost,3088,0,0,0.00025246149962130775,Correct_or_Clear
XGBoost,3089,0,0,0.00025246149962130775,Correct_or_Clear
XGBoost,3090,0,0,0.00025246149962130775,Correct_or_Clear
XGBoost,3091,0,0,0.00025246149962130775,Correct_or_Clear
XGBoost,3092,0,0,0.00025246149962130775,Correct_or_Clear
XGBoost,3093,0,0,0.00025246149962130775,Correct_or_Clear
XGBoost,3094,0,0,0.00025246149962130775,Correct_or_Clear
XGBoost,3095,0,0,0.00025246149962130775,Correct_or_Clear
XGBoost,3096,0,0,0.00025246149962130775,Correct_or_Clear
XGBoost,3097,0,0,0.00025246149962130775,Correct_or_Clear
XGBoost,3098,0,0,0.00025246149962130775,Correct_or_Clear
XGBoost,3099,0,0,0.00025246149962130775,Correct_or_Clear
XGBoost,3100,0,0,0.00025246149962130775,Correct_or_Clear
XGBoost,3101,0,0,0.00025246149962130775,Correct_or_Clear
XGBoost,3102,0,0,0.00025246149962130775,Correct_or_Clear
XGBoost,3103,0,0,0.00025246149962130775,Correct_or_Clear
XGBoost,3104,0,0,0.00025246149962130775,Correct_or_Clear
XGBoost,3105,0,0,0.00025246149962130775,Correct_or_Clear
XGBoost,3106,0,0,0.00025246149962130775,Correct_or_Clear
XGBoost,3107,0,0,0.00025246149962130775,Correct_or_Clear
XGBoost,3108,0,0,0.00025246149962130775,Correct_or_Clear
XGBoost,3109,0,0,0.00025246149962130775,Correct_or_Clear
XGBoost,3110,0,0,0.00025246149962130775,Correct_or_Clear
XGBoost,3111,0,0,0.00025246149962130775,Correct_or_Clear
XGBoost,3112,0,0,0.0,Correct_or_Clear
XGBoost,3113,0,0,0.00025246149962130775,Correct_or_Clear
XGBoost,3114,0,0,0.00025246149962130775,Correct_or_Clear
XGBoost,3115,0,0,0.00025246149962130775,Correct_or_Clear
XGBoost,3116,0,0,0.00025246149962130775,Correct_or_Clear
XGBoost,3117,0,0,0.00025246149962130775,Correct_or_Clear
XGBoost,3118,0,0,0.00025246149962130775,Correct_or_Clear
XGBoost,3119,0,0,0.00025246149962130775,Correct_or_Clear
XGBoost,3120,0,0,0.00025246149962130775,Correct_or_Clear
XGBoost,3121,0,0,0.00025246149962130775,Correct_or_Clear
XGBoost,3122,0,0,0.00025246149962130775,Correct_or_Clear
XGBoost,3123,0,0,0.00025246149962130775,Correct_or_Clear
XGBoost,3124,0,0,0.00025246149962130775,Correct_or_Clear
XGBoost,3125,0,0,0.00025246149962130775,Correct_or_Clear
XGBoost,3126,0,0,0.00025246149962130775,Correct_or_Clear
XGBoost,3127,0,0,0.00025246149962130775,Correct_or_Clear
XGBoost,3128,0,0,0.00025246149962130775,Correct_or_Clear
XGBoost,3129,0,0,0.00025246149962130775,Correct_or_Clear
XGBoost,3130,0,0,0.00025246149962130775,Correct_or_Clear
XGBoost,3131,0,0,0.00025246149962130775,Correct_or_Clear
XGBoost,3132,0,0,0.00025246149962130775,Correct_or_Clear
XGBoost,3133,0,0,0.00025246149962130775,Correct_or_Clear
XGBoost,3134,0,0,0.00025246149962130775,Correct_or_Clear
XGBoost,3135,0,0,0.00025246149962130775,Correct_or_Clear
XGBoost,3136,0,0,0.00025246149962130775,Correct_or_Clear
XGBoost,3137,0,0,0.00025246149962130775,Correct_or_Clear
XGBoost,3138,0,0,0.00025246149962130775,Correct_or_Clear
XGBoost,3139,0,0,0.00025246149962130775,Correct_or_Clear
XGBoost,3140,0,0,0.00025246149962130775,Correct_or_Clear
XGBoost,3141,0,0,0.00025246149962130775,Correct_or_Clear
XGBoost,3142,0,0,0.00025246149962130775,Correct_or_Clear
XGBoost,3143,0,0,0.00025246149962130775,Correct_or_Clear
XGBoost,3144,0,0,0.00025246149962130775,Correct_or_Clear
XGBoost,3145,0,0,0.00025246149962130775,Correct_or_Clear
XGBoost,3146,0,0,0.00025246149962130775,Correct_or_Clear
XGBoost,3147,0,0,0.00025246149962130775,Correct_or_Clear
XGBoost,3148,0,0,0.00025246149962130775,Correct_or_Clear
XGBoost,3149,0,0,0.00025246149962130775,Correct_or_Clear
XGBoost,3150,0,0,0.00025246149962130775,Correct_or_Clear
XGBoost,3151,0,0,0.00025246149962130775,Correct_or_Clear
XGBoost,3152,0,0,0.0,Correct_or_Clear
XGBoost,3153,0,0,0.00025246149962130775,Correct_or_Clear
XGBoost,3154,0,0,0.00025246149962130775,Correct_or_Clear
XGBoost,3155,0,0,0.00025246149962130775,Correct_or_Clear
XGBoost,3156,0,0,0.00025246149962130775,Correct_or_Clear
XGBoost,3157,0,0,0.00025246149962130775,Correct_or_Clear
XGBoost,3158,0,0,0.00025246149962130775,Correct_or_Clear
XGBoost,3159,0,0,0.00025246149962130775,Correct_or_Clear
XGBoost,3160,0,0,0.00025246149962130775,Correct_or_Clear
XGBoost,3161,0,0,0.00025246149962130775,Correct_or_Clear
XGBoost,3162,0,0,0.00025246149962130775,Correct_or_Clear
XGBoost,3163,0,0,0.00025246149962130775,Correct_or_Clear
XGBoost,3164,0,0,0.00025246149962130775,Correct_or_Clear
XGBoost,3165,0,0,0.00025246149962130775,Correct_or_Clear
XGBoost,3166,0,0,0.00025246149962130775,Correct_or_Clear
XGBoost,3167,0,0,0.00025246149962130775,Correct_or_Clear
XGBoost,3168,0,0,0.00025246149962130775,Correct_or_Clear
XGBoost,3169,0,0,0.00025246149962130775,Correct_or_Clear
XGBoost,3170,1,1,1.0,Correct_or_Clear
XGBoost,3171,0,0,0.00025246149962130775,Correct_or_Clear
XGBoost,3172,0,0,0.00025246149962130775,Correct_or_Clear
XGBoost,3173,0,0,0.00025246149962130775,Correct_or_Clear
XGBoost,3174,0,0,0.00025246149962130775,Correct_or_Clear
XGBoost,3175,0,0,0.00025246149962130775,Correct_or_Clear
XGBoost,3176,0,0,0.00025246149962130775,Correct_or_Clear
XGBoost,3177,0,0,0.00025246149962130775,Correct_or_Clear
XGBoost,3178,0,0,0.0,Correct_or_Clear
XGBoost,3179,0,0,0.0,Correct_or_Clear
XGBoost,3180,0,0,0.00025246149962130775,Correct_or_Clear
XGBoost,3181,0,0,0.00025246149962130775,Correct_or_Clear
XGBoost,3182,0,0,0.00025246149962130775,Correct_or_Clear
XGBoost,3183,0,0,0.00025246149962130775,Correct_or_Clear
XGBoost,3184,0,0,0.00025246149962130775,Correct_or_Clear
XGBoost,3185,0,0,0.00025246149962130775,Correct_or_Clear
XGBoost,3186,0,0,0.00025246149962130775,Correct_or_Clear
XGBoost,3187,0,0,0.00025246149962130775,Correct_or_Clear
XGBoost,3188,0,0,0.00025246149962130775,Correct_or_Clear
XGBoost,3189,0,0,0.00025246149962130775,Correct_or_Clear
XGBoost,3190,0,0,0.00025246149962130775,Correct_or_Clear
XGBoost,3191,0,0,0.00025246149962130775,Correct_or_Clear
XGBoost,3192,0,0,0.00025246149962130775,Correct_or_Clear
XGBoost,3193,0,0,0.00025246149962130775,Correct_or_Clear
XGBoost,3194,0,0,0.00025246149962130775,Correct_or_Clear
XGBoost,3195,0,0,0.00025246149962130775,Correct_or_Clear
XGBoost,3196,0,0,0.00025246149962130775,Correct_or_Clear
XGBoost,3197,0,0,0.00025246149962130775,Correct_or_Clear
XGBoost,3198,0,0,0.00025246149962130775,Correct_or_Clear
XGBoost,3199,0,0,0.00025246149962130775,Correct_or_Clear
XGBoost,3200,0,0,0.00025246149962130775,Correct_or_Clear
XGBoost,3201,0,0,0.00025246149962130775,Correct_or_Clear
XGBoost,3202,0,0,0.00025246149962130775,Correct_or_Clear
XGBoost,3203,0,0,0.00025246149962130775,Correct_or_Clear
XGBoost,3204,0,0,0.00025246149962130775,Correct_or_Clear
XGBoost,3205,0,0,0.00025246149962130775,Correct_or_Clear
XGBoost,3206,0,0,0.00025246149962130775,Correct_or_Clear
XGBoost,3207,0,0,0.00025246149962130775,Correct_or_Clear
XGBoost,3208,0,0,0.00025246149962130775,Correct_or_Clear
XGBoost,3209,0,0,0.00025246149962130775,Correct_or_Clear
XGBoost,3210,0,0,0.00025246149962130775,Correct_or_Clear
XGBoost,3211,0,0,0.00025246149962130775,Correct_or_Clear
XGBoost,3212,0,0,0.00025246149962130775,Correct_or_Clear
XGBoost,3213,0,0,0.00025246149962130775,Correct_or_Clear
XGBoost,3214,0,0,0.00025246149962130775,Correct_or_Clear
XGBoost,3215,0,0,0.00025246149962130775,Correct_or_Clear
XGBoost,3216,0,0,0.00025246149962130775,Correct_or_Clear
XGBoost,3217,0,0,0.00025246149962130775,Correct_or_Clear
XGBoost,3218,0,0,0.00025246149962130775,Correct_or_Clear
XGBoost,3219,0,0,0.00025246149962130775,Correct_or_Clear
XGBoost,3220,0,0,0.00025246149962130775,Correct_or_Clear
XGBoost,3221,0,0,0.00025246149962130775,Correct_or_Clear
XGBoost,3222,0,0,0.00025246149962130775,Correct_or_Clear
XGBoost,3223,0,0,0.00025246149962130775,Correct_or_Clear
XGBoost,3224,0,0,0.00025246149962130775,Correct_or_Clear
XGBoost,3225,0,0,0.00025246149962130775,Correct_or_Clear
XGBoost,3226,0,0,0.00025246149962130775,Correct_or_Clear
XGBoost,3227,0,0,0.00025246149962130775,Correct_or_Clear
XGBoost,3228,0,0,0.00025246149962130775,Correct_or_Clear
XGBoost,3229,0,0,0.00025246149962130775,Correct_or_Clear
XGBoost,3230,0,0,0.00025246149962130775,Correct_or_Clear
XGBoost,3231,0,0,0.00025246149962130775,Correct_or_Clear
XGBoost,3232,0,0,0.00025246149962130775,Correct_or_Clear
XGBoost,3233,0,0,0.00025246149962130775,Correct_or_Clear
XGBoost,3234,0,0,0.00025246149962130775,Correct_or_Clear
XGBoost,3235,0,0,0.00025246149962130775,Correct_or_Clear
XGBoost,3236,0,0,0.00025246149962130775,Correct_or_Clear
XGBoost,3237,0,0,0.00025246149962130775,Correct_or_Clear
XGBoost,3238,0,0,0.00025246149962130775,Correct_or_Clear
XGBoost,3239,0,0,0.00025246149962130775,Correct_or_Clear
XGBoost,3240,0,0,0.00025246149962130775,Correct_or_Clear
XGBoost,3241,0,0,0.00025246149962130775,Correct_or_Clear
XGBoost,3242,0,0,0.00025246149962130775,Correct_or_Clear
XGBoost,3243,0,0,0.00025246149962130775,Correct_or_Clear
XGBoost,3244,0,0,0.00025246149962130775,Correct_or_Clear
XGBoost,3245,0,0,0.00025246149962130775,Correct_or_Clear
XGBoost,3246,0,0,0.00025246149962130775,Correct_or_Clear
XGBoost,3247,0,0,0.00025246149962130775,Correct_or_Clear
XGBoost,3248,1,1,1.0,Correct_or_Clear
XGBoost,3249,0,0,0.00025246149962130775,Correct_or_Clear
XGBoost,3250,0,0,0.00025246149962130775,Correct_or_Clear
XGBoost,3251,0,0,0.00025246149962130775,Correct_or_Clear
XGBoost,3252,0,0,0.00025246149962130775,Correct_or_Clear
XGBoost,3253,1,1,1.0,Correct_or_Clear
XGBoost,3254,0,0,0.0,Correct_or_Clear
XGBoost,3255,0,0,0.00025246149962130775,Correct_or_Clear
XGBoost,3256,0,0,0.0,Correct_or_Clear
XGBoost,3257,0,0,0.0,Correct_or_Clear
XGBoost,3258,0,0,0.00025246149962130775,Correct_or_Clear
XGBoost,3259,0,0,0.00025246149962130775,Correct_or_Clear
XGBoost,3260,0,0,0.00025246149962130775,Correct_or_Clear
XGBoost,3261,0,0,0.00025246149962130775,Correct_or_Clear
XGBoost,3262,0,0,0.00025246149962130775,Correct_or_Clear
XGBoost,3263,0,0,0.00025246149962130775,Correct_or_Clear
XGBoost,3264,0,0,0.00025246149962130775,Correct_or_Clear
XGBoost,3265,0,0,0.00025246149962130775,Correct_or_Clear
XGBoost,3266,0,0,0.00025246149962130775,Correct_or_Clear
XGBoost,3267,0,0,0.00025246149962130775,Correct_or_Clear
XGBoost,3268,0,0,0.00025246149962130775,Correct_or_Clear
XGBoost,3269,0,0,0.00025246149962130775,Correct_or_Clear
XGBoost,3270,0,0,0.00025246149962130775,Correct_or_Clear
XGBoost,3271,0,0,0.00025246149962130775,Correct_or_Clear
XGBoost,3272,0,0,0.00025246149962130775,Correct_or_Clear
XGBoost,3273,0,0,0.00025246149962130775,Correct_or_Clear
XGBoost,3274,0,0,0.00025246149962130775,Correct_or_Clear
XGBoost,3275,0,0,0.00025246149962130775,Correct_or_Clear
XGBoost,3276,0,0,0.00025246149962130775,Correct_or_Clear
XGBoost,3277,0,0,0.00025246149962130775,Correct_or_Clear
XGBoost,3278,0,0,0.00025246149962130775,Correct_or_Clear
XGBoost,3279,0,0,0.00025246149962130775,Correct_or_Clear
XGBoost,3280,0,0,0.00025246149962130775,Correct_or_Clear
XGBoost,3281,0,0,0.00025246149962130775,Correct_or_Clear
XGBoost,3282,0,0,0.00025246149962130775,Correct_or_Clear
XGBoost,3283,0,0,0.00025246149962130775,Correct_or_Clear
XGBoost,3284,0,0,0.00025246149962130775,Correct_or_Clear
XGBoost,3285,0,0,0.00025246149962130775,Correct_or_Clear
XGBoost,3286,0,0,0.00025246149962130775,Correct_or_Clear
XGBoost,3287,0,0,0.00025246149962130775,Correct_or_Clear
XGBoost,3288,0,0,0.00025246149962130775,Correct_or_Clear
XGBoost,3289,0,0,0.00025246149962130775,Correct_or_Clear
XGBoost,3290,0,0,0.00025246149962130775,Correct_or_Clear
XGBoost,3291,0,0,0.00025246149962130775,Correct_or_Clear
XGBoost,3292,0,0,0.00025246149962130775,Correct_or_Clear
XGBoost,3293,0,0,0.00025246149962130775,Correct_or_Clear
XGBoost,3294,0,0,0.00025246149962130775,Correct_or_Clear
XGBoost,3295,0,0,0.00025246149962130775,Correct_or_Clear
XGBoost,3296,0,0,0.00025246149962130775,Correct_or_Clear
XGBoost,3297,1,1,1.0,Correct_or_Clear
XGBoost,3298,0,0,0.00025246149962130775,Correct_or_Clear
XGBoost,3299,1,1,1.0,Correct_or_Clear
XGBoost,3300,0,0,0.00025246149962130775,Correct_or_Clear
XGBoost,3301,0,0,0.00025246149962130775,Correct_or_Clear
XGBoost,3302,0,0,0.00025246149962130775,Correct_or_Clear
XGBoost,3303,0,0,0.00025246149962130775,Correct_or_Clear
XGBoost,3304,0,0,0.00025246149962130775,Correct_or_Clear
XGBoost,3305,0,0,0.00025246149962130775,Correct_or_Clear
XGBoost,3306,0,0,0.00025246149962130775,Correct_or_Clear
XGBoost,3307,0,0,0.00025246149962130775,Correct_or_Clear
XGBoost,3308,0,0,0.00025246149962130775,Correct_or_Clear
XGBoost,3309,0,0,0.00025246149962130775,Correct_or_Clear
XGBoost,3310,0,0,0.00025246149962130775,Correct_or_Clear
XGBoost,3311,0,0,0.00025246149962130775,Correct_or_Clear
XGBoost,3312,0,0,0.00025246149962130775,Correct_or_Clear
XGBoost,3313,0,0,0.00025246149962130775,Correct_or_Clear
XGBoost,3314,0,0,0.00025246149962130775,Correct_or_Clear
XGBoost,3315,0,0,0.00025246149962130775,Correct_or_Clear
XGBoost,3316,0,0,0.00025246149962130775,Correct_or_Clear
XGBoost,3317,0,0,0.00025246149962130775,Correct_or_Clear
XGBoost,3318,0,0,0.00025246149962130775,Correct_or_Clear
XGBoost,3319,0,0,0.00025246149962130775,Correct_or_Clear
XGBoost,3320,0,0,0.00025246149962130775,Correct_or_Clear
XGBoost,3321,0,0,0.00025246149962130775,Correct_or_Clear
XGBoost,3322,0,0,0.00025246149962130775,Correct_or_Clear
XGBoost,3323,0,0,0.00025246149962130775,Correct_or_Clear
XGBoost,3324,0,0,0.00025246149962130775,Correct_or_Clear
XGBoost,3325,0,0,0.00025246149962130775,Correct_or_Clear
XGBoost,3326,0,0,0.00025246149962130775,Correct_or_Clear
XGBoost,3327,0,0,0.00025246149962130775,Correct_or_Clear
XGBoost,3328,0,0,0.00025246149962130775,Correct_or_Clear
XGBoost,3329,0,0,0.00025246149962130775,Correct_or_Clear
XGBoost,3330,0,0,0.00025246149962130775,Correct_or_Clear
XGBoost,3331,0,0,0.00025246149962130775,Correct_or_Clear
XGBoost,3332,0,0,0.00025246149962130775,Correct_or_Clear
XGBoost,3333,0,0,0.0,Correct_or_Clear
XGBoost,3334,0,0,0.0,Correct_or_Clear
XGBoost,3335,0,0,0.00025246149962130775,Correct_or_Clear
XGBoost,3336,0,0,0.00025246149962130775,Correct_or_Clear
XGBoost,3337,0,0,0.00025246149962130775,Correct_or_Clear
XGBoost,3338,0,0,0.00025246149962130775,Correct_or_Clear
XGBoost,3339,1,1,1.0,Correct_or_Clear
XGBoost,3340,0,0,0.00025246149962130775,Correct_or_Clear
XGBoost,3341,0,0,0.00025246149962130775,Correct_or_Clear
XGBoost,3342,0,0,0.00025246149962130775,Correct_or_Clear
XGBoost,3343,0,0,0.00025246149962130775,Correct_or_Clear
XGBoost,3344,0,0,0.00025246149962130775,Correct_or_Clear
XGBoost,3345,0,0,0.00025246149962130775,Correct_or_Clear
XGBoost,3346,0,0,0.00025246149962130775,Correct_or_Clear
XGBoost,3347,0,0,0.00025246149962130775,Correct_or_Clear
XGBoost,3348,0,0,0.00025246149962130775,Correct_or_Clear
XGBoost,3349,0,0,0.00025246149962130775,Correct_or_Clear
XGBoost,3350,0,0,0.00025246149962130775,Correct_or_Clear
XGBoost,3351,0,0,0.00025246149962130775,Correct_or_Clear
XGBoost,3352,0,0,0.00025246149962130775,Correct_or_Clear
XGBoost,3353,0,0,0.00025246149962130775,Correct_or_Clear
XGBoost,3354,0,0,0.00025246149962130775,Correct_or_Clear
XGBoost,3355,0,0,0.00025246149962130775,Correct_or_Clear
XGBoost,3356,0,0,0.00025246149962130775,Correct_or_Clear
XGBoost,3357,0,0,0.00025246149962130775,Correct_or_Clear
XGBoost,3358,0,0,0.00025246149962130775,Correct_or_Clear
XGBoost,3359,0,0,0.00025246149962130775,Correct_or_Clear
XGBoost,3360,0,0,0.0,Correct_or_Clear
XGBoost,3361,1,1,1.0,Correct_or_Clear
XGBoost,3362,0,0,0.00025246149962130775,Correct_or_Clear
XGBoost,3363,0,0,0.00025246149962130775,Correct_or_Clear
XGBoost,3364,0,0,0.00025246149962130775,Correct_or_Clear
XGBoost,3365,0,0,0.00025246149962130775,Correct_or_Clear
XGBoost,3366,0,0,0.00025246149962130775,Correct_or_Clear
XGBoost,3367,0,0,0.00025246149962130775,Correct_or_Clear
XGBoost,3368,0,0,0.00025246149962130775,Correct_or_Clear
XGBoost,3369,0,0,0.00025246149962130775,Correct_or_Clear
XGBoost,3370,0,0,0.00025246149962130775,Correct_or_Clear
XGBoost,3371,0,0,0.00025246149962130775,Correct_or_Clear
XGBoost,3372,0,0,0.00025246149962130775,Correct_or_Clear
XGBoost,3373,0,0,0.00025246149962130775,Correct_or_Clear
XGBoost,3374,0,0,0.00025246149962130775,Correct_or_Clear
XGBoost,3375,0,0,0.00025246149962130775,Correct_or_Clear
XGBoost,3376,0,0,0.00025246149962130775,Correct_or_Clear
XGBoost,3377,0,0,0.00025246149962130775,Correct_or_Clear
XGBoost,3378,0,0,0.00025246149962130775,Correct_or_Clear
XGBoost,3379,0,0,0.0,Correct_or_Clear
XGBoost,3380,0,0,0.00025246149962130775,Correct_or_Clear
XGBoost,3381,0,0,0.00025246149962130775,Correct_or_Clear
XGBoost,3382,0,0,0.00025246149962130775,Correct_or_Clear
XGBoost,3383,0,0,0.00025246149962130775,Correct_or_Clear
XGBoost,3384,0,0,0.00025246149962130775,Correct_or_Clear
XGBoost,3385,0,0,0.00025246149962130775,Correct_or_Clear
XGBoost,3386,0,0,0.00025246149962130775,Correct_or_Clear
XGBoost,3387,0,0,0.00025246149962130775,Correct_or_Clear
XGBoost,3388,0,0,0.00025246149962130775,Correct_or_Clear
XGBoost,3389,0,0,0.00025246149962130775,Correct_or_Clear
XGBoost,3390,0,0,0.00025246149962130775,Correct_or_Clear
XGBoost,3391,1,1,1.0,Correct_or_Clear
XGBoost,3392,0,0,0.0,Correct_or_Clear
XGBoost,3393,0,0,0.0,Correct_or_Clear
XGBoost,3394,0,0,0.00025246149962130775,Correct_or_Clear
XGBoost,3395,0,0,0.00025246149962130775,Correct_or_Clear
XGBoost,3396,0,0,0.00025246149962130775,Correct_or_Clear
XGBoost,3397,0,0,0.00025246149962130775,Correct_or_Clear
XGBoost,3398,0,0,0.00025246149962130775,Correct_or_Clear
XGBoost,3399,0,0,0.00025246149962130775,Correct_or_Clear
XGBoost,3400,0,0,0.00025246149962130775,Correct_or_Clear
XGBoost,3401,0,0,0.0,Correct_or_Clear
XGBoost,3402,0,0,0.0,Correct_or_Clear
XGBoost,3403,0,0,0.0,Correct_or_Clear
XGBoost,3404,0,0,0.0,Correct_or_Clear
XGBoost,3405,0,0,0.0,Correct_or_Clear
XGBoost,3406,0,0,0.0,Correct_or_Clear
XGBoost,3407,0,0,0.0,Correct_or_Clear
XGBoost,3408,0,0,0.0,Correct_or_Clear
XGBoost,3409,0,0,0.00025246149962130775,Correct_or_Clear
XGBoost,3410,0,0,0.00025246149962130775,Correct_or_Clear
XGBoost,3411,0,0,0.00025246149962130775,Correct_or_Clear
XGBoost,3412,0,0,0.00025246149962130775,Correct_or_Clear
XGBoost,3413,0,0,0.00025246149962130775,Correct_or_Clear
XGBoost,3414,0,0,0.00025246149962130775,Correct_or_Clear
XGBoost,3415,0,0,0.00025246149962130775,Correct_or_Clear
XGBoost,3416,0,0,0.00025246149962130775,Correct_or_Clear
XGBoost,3417,0,0,0.00025246149962130775,Correct_or_Clear
XGBoost,3418,0,0,0.00025246149962130775,Correct_or_Clear
XGBoost,3419,0,0,0.00025246149962130775,Correct_or_Clear
XGBoost,3420,0,0,0.00025246149962130775,Correct_or_Clear
XGBoost,3421,0,0,0.00025246149962130775,Correct_or_Clear
XGBoost,3422,0,0,0.00025246149962130775,Correct_or_Clear
XGBoost,3423,0,0,0.00025246149962130775,Correct_or_Clear
XGBoost,3424,0,0,0.00025246149962130775,Correct_or_Clear
XGBoost,3425,0,0,0.00025246149962130775,Correct_or_Clear
XGBoost,3426,0,0,0.00025246149962130775,Correct_or_Clear
XGBoost,3427,0,0,0.00025246149962130775,Correct_or_Clear
XGBoost,3428,0,0,0.00025246149962130775,Correct_or_Clear
XGBoost,3429,0,0,0.00025246149962130775,Correct_or_Clear
XGBoost,3430,0,0,0.00025246149962130775,Correct_or_Clear
XGBoost,3431,0,0,0.00025246149962130775,Correct_or_Clear
XGBoost,3432,0,0,0.00025246149962130775,Correct_or_Clear
XGBoost,3433,0,0,0.00025246149962130775,Correct_or_Clear
XGBoost,3434,0,0,0.00025246149962130775,Correct_or_Clear
XGBoost,3435,0,0,0.00025246149962130775,Correct_or_Clear
XGBoost,3436,1,1,1.0,Correct_or_Clear
XGBoost,3437,1,1,1.0,Correct_or_Clear
XGBoost,3438,0,0,0.00025246149962130775,Correct_or_Clear
XGBoost,3439,0,0,0.00025246149962130775,Correct_or_Clear
XGBoost,3440,0,0,0.00025246149962130775,Correct_or_Clear
XGBoost,3441,0,0,0.00025246149962130775,Correct_or_Clear
XGBoost,3442,0,0,0.00025246149962130775,Correct_or_Clear
XGBoost,3443,0,0,0.00025246149962130775,Correct_or_Clear
XGBoost,3444,0,0,0.00025246149962130775,Correct_or_Clear
XGBoost,3445,0,0,0.00025246149962130775,Correct_or_Clear
XGBoost,3446,0,0,0.00025246149962130775,Correct_or_Clear
XGBoost,3447,0,0,0.00025246149962130775,Correct_or_Clear
XGBoost,3448,0,0,0.00025246149962130775,Correct_or_Clear
XGBoost,3449,0,0,0.00025246149962130775,Correct_or_Clear
XGBoost,3450,0,0,0.0,Correct_or_Clear
XGBoost,3451,0,0,0.00025246149962130775,Correct_or_Clear
XGBoost,3452,0,0,0.00025246149962130775,Correct_or_Clear
XGBoost,3453,0,0,0.00025246149962130775,Correct_or_Clear
XGBoost,3454,0,0,0.00025246149962130775,Correct_or_Clear
XGBoost,3455,0,0,0.00025246149962130775,Correct_or_Clear
XGBoost,3456,0,0,0.00025246149962130775,Correct_or_Clear
XGBoost,3457,0,0,0.00025246149962130775,Correct_or_Clear
XGBoost,3458,0,0,0.00025246149962130775,Correct_or_Clear
XGBoost,3459,0,0,0.00025246149962130775,Correct_or_Clear
XGBoost,3460,0,0,0.00025246149962130775,Correct_or_Clear
XGBoost,3461,0,0,0.00025246149962130775,Correct_or_Clear
XGBoost,3462,0,0,0.00025246149962130775,Correct_or_Clear
XGBoost,3463,0,0,0.00025246149962130775,Correct_or_Clear
XGBoost,3464,0,0,0.00025246149962130775,Correct_or_Clear
XGBoost,3465,0,0,0.0,Correct_or_Clear
XGBoost,3466,0,0,0.00025246149962130775,Correct_or_Clear
XGBoost,3467,0,0,0.00025246149962130775,Correct_or_Clear
XGBoost,3468,0,0,0.00025246149962130775,Correct_or_Clear
XGBoost,3469,1,1,1.0,Correct_or_Clear
XGBoost,3470,0,0,0.0,Correct_or_Clear
XGBoost,3471,0,0,0.0,Correct_or_Clear
XGBoost,3472,0,0,0.0,Correct_or_Clear
XGBoost,3473,0,0,0.00025246149962130775,Correct_or_Clear
XGBoost,3474,0,0,0.00025246149962130775,Correct_or_Clear
XGBoost,3475,0,0,0.0,Correct_or_Clear
XGBoost,3476,0,0,0.0,Correct_or_Clear
XGBoost,3477,0,0,0.0,Correct_or_Clear
XGBoost,3478,0,0,0.0,Correct_or_Clear
XGBoost,3479,0,0,0.0,Correct_or_Clear
XGBoost,3480,0,0,0.0,Correct_or_Clear
XGBoost,3481,0,0,0.0,Correct_or_Clear
XGBoost,3482,0,0,0.00025246149962130775,Correct_or_Clear
XGBoost,3483,0,0,0.00025246149962130775,Correct_or_Clear
XGBoost,3484,0,0,0.0,Correct_or_Clear
XGBoost,3485,0,0,0.0,Correct_or_Clear
XGBoost,3486,0,0,0.0,Correct_or_Clear
XGBoost,3487,0,0,0.0,Correct_or_Clear
XGBoost,3488,0,0,0.00025246149962130775,Correct_or_Clear
XGBoost,3489,1,1,1.0,Correct_or_Clear
XGBoost,3490,1,1,1.0,Correct_or_Clear
XGBoost,3491,1,1,1.0,Correct_or_Clear
XGBoost,3492,0,0,0.00025246149962130775,Correct_or_Clear
XGBoost,3493,0,0,0.00025246149962130775,Correct_or_Clear
XGBoost,3494,0,0,0.00025246149962130775,Correct_or_Clear
XGBoost,3495,0,0,0.00025246149962130775,Correct_or_Clear
XGBoost,3496,0,0,0.00025246149962130775,Correct_or_Clear
XGBoost,3497,0,0,0.00025246149962130775,Correct_or_Clear
XGBoost,3498,0,0,0.00025246149962130775,Correct_or_Clear
XGBoost,3499,0,0,0.0,Correct_or_Clear
XGBoost,3500,0,0,0.0,Correct_or_Clear
XGBoost,3501,0,0,0.00025246149962130775,Correct_or_Clear
XGBoost,3502,0,0,0.00025246149962130775,Correct_or_Clear
XGBoost,3503,0,0,0.0,Correct_or_Clear
XGBoost,3504,0,0,0.0,Correct_or_Clear
XGBoost,3505,0,0,0.00025246149962130775,Correct_or_Clear
XGBoost,3506,0,0,0.00025246149962130775,Correct_or_Clear
XGBoost,3507,0,0,0.00025246149962130775,Correct_or_Clear
XGBoost,3508,0,0,0.0,Correct_or_Clear
XGBoost,3509,0,0,0.00025246149962130775,Correct_or_Clear
XGBoost,3510,0,0,0.0,Correct_or_Clear
XGBoost,3511,0,0,0.00025246149962130775,Correct_or_Clear
XGBoost,3512,0,0,0.0,Correct_or_Clear
XGBoost,3513,0,0,0.00025246149962130775,Correct_or_Clear
XGBoost,3514,0,0,0.00025246149962130775,Correct_or_Clear
XGBoost,3515,0,0,0.00025246149962130775,Correct_or_Clear
XGBoost,3516,0,0,0.00025246149962130775,Correct_or_Clear
XGBoost,3517,0,0,0.00025246149962130775,Correct_or_Clear
XGBoost,3518,0,0,0.00025246149962130775,Correct_or_Clear
XGBoost,3519,0,0,0.00025246149962130775,Correct_or_Clear
XGBoost,3520,0,0,0.00025246149962130775,Correct_or_Clear
XGBoost,3521,0,0,0.00025246149962130775,Correct_or_Clear
XGBoost,3522,0,0,0.00025246149962130775,Correct_or_Clear
XGBoost,3523,0,0,0.00025246149962130775,Correct_or_Clear
XGBoost,3524,0,0,0.00025246149962130775,Correct_or_Clear
XGBoost,3525,0,0,0.00025246149962130775,Correct_or_Clear
XGBoost,3526,0,0,0.00025246149962130775,Correct_or_Clear
XGBoost,3527,0,0,0.0,Correct_or_Clear
XGBoost,3528,0,0,0.00025246149962130775,Correct_or_Clear
XGBoost,3529,0,0,0.00025246149962130775,Correct_or_Clear
XGBoost,3530,0,0,0.00025246149962130775,Correct_or_Clear
XGBoost,3531,0,0,0.00025246149962130775,Correct_or_Clear
XGBoost,3532,0,0,0.00025246149962130775,Correct_or_Clear
XGBoost,3533,1,1,1.0,Correct_or_Clear
XGBoost,3534,0,0,0.00025246149962130775,Correct_or_Clear
XGBoost,3535,0,0,0.00025246149962130775,Correct_or_Clear
XGBoost,3536,0,0,0.00025246149962130775,Correct_or_Clear
XGBoost,3537,0,0,0.00025246149962130775,Correct_or_Clear
XGBoost,3538,0,0,0.00025246149962130775,Correct_or_Clear
XGBoost,3539,0,0,0.00025246149962130775,Correct_or_Clear
XGBoost,3540,0,0,0.0,Correct_or_Clear
XGBoost,3541,0,0,0.00025246149962130775,Correct_or_Clear
XGBoost,3542,0,0,0.00025246149962130775,Correct_or_Clear
XGBoost,3543,0,0,0.00025246149962130775,Correct_or_Clear
XGBoost,3544,0,0,0.00025246149962130775,Correct_or_Clear
XGBoost,3545,0,0,0.00025246149962130775,Correct_or_Clear
XGBoost,3546,0,0,0.00025246149962130775,Correct_or_Clear
XGBoost,3547,0,0,0.00025246149962130775,Correct_or_Clear
XGBoost,3548,0,0,0.00025246149962130775,Correct_or_Clear
XGBoost,3549,0,0,0.0,Correct_or_Clear
XGBoost,3550,0,0,0.0,Correct_or_Clear
XGBoost,3551,0,0,0.0,Correct_or_Clear
XGBoost,3552,0,0,0.00025246149962130775,Correct_or_Clear
XGBoost,3553,0,0,0.00025246149962130775,Correct_or_Clear
XGBoost,3554,0,0,0.0,Correct_or_Clear
XGBoost,3555,0,0,0.00025246149962130775,Correct_or_Clear
XGBoost,3556,0,0,0.00025246149962130775,Correct_or_Clear
XGBoost,3557,0,0,0.00025246149962130775,Correct_or_Clear
XGBoost,3558,1,1,1.0,Correct_or_Clear
XGBoost,3559,0,0,0.00025246149962130775,Correct_or_Clear
XGBoost,3560,0,0,0.00025246149962130775,Correct_or_Clear
XGBoost,3561,0,0,0.0,Correct_or_Clear
XGBoost,3562,0,0,0.00025246149962130775,Correct_or_Clear
XGBoost,3563,0,0,0.00025246149962130775,Correct_or_Clear
XGBoost,3564,0,0,0.00025246149962130775,Correct_or_Clear
XGBoost,3565,0,0,0.00025246149962130775,Correct_or_Clear
XGBoost,3566,0,0,0.00025246149962130775,Correct_or_Clear
XGBoost,3567,0,0,0.00025246149962130775,Correct_or_Clear
XGBoost,3568,0,0,0.00025246149962130775,Correct_or_Clear
XGBoost,3569,0,0,0.00025246149962130775,Correct_or_Clear
XGBoost,3570,0,0,0.00025246149962130775,Correct_or_Clear
XGBoost,3571,0,0,0.00025246149962130775,Correct_or_Clear
XGBoost,3572,0,0,0.00025246149962130775,Correct_or_Clear
XGBoost,3573,0,0,0.00025246149962130775,Correct_or_Clear
XGBoost,3574,0,0,0.00025246149962130775,Correct_or_Clear
XGBoost,3575,0,0,0.00025246149962130775,Correct_or_Clear
XGBoost,3576,0,0,0.00025246149962130775,Correct_or_Clear
XGBoost,3577,0,0,0.00025246149962130775,Correct_or_Clear
XGBoost,3578,0,0,0.00025246149962130775,Correct_or_Clear
XGBoost,3579,0,0,0.00025246149962130775,Correct_or_Clear
XGBoost,3580,0,0,0.00025246149962130775,Correct_or_Clear
XGBoost,3581,1,1,1.0,Correct_or_Clear
XGBoost,3582,0,0,0.00025246149962130775,Correct_or_Clear
XGBoost,3583,0,0,0.00025246149962130775,Correct_or_Clear
XGBoost,3584,0,0,0.0,Correct_or_Clear
XGBoost,3585,0,0,0.00025246149962130775,Correct_or_Clear
XGBoost,3586,0,0,0.00025246149962130775,Correct_or_Clear
XGBoost,3587,0,0,0.00025246149962130775,Correct_or_Clear
XGBoost,3588,0,0,0.00025246149962130775,Correct_or_Clear
XGBoost,3589,0,0,0.0,Correct_or_Clear
XGBoost,3590,0,0,0.0,Correct_or_Clear
XGBoost,3591,0,0,0.0,Correct_or_Clear
XGBoost,3592,0,0,0.0,Correct_or_Clear
XGBoost,3593,0,0,0.00025246149962130775,Correct_or_Clear
XGBoost,3594,0,0,0.00025246149962130775,Correct_or_Clear
XGBoost,3595,0,0,0.00025246149962130775,Correct_or_Clear
XGBoost,3596,0,0,0.00025246149962130775,Correct_or_Clear
XGBoost,3597,0,0,0.00025246149962130775,Correct_or_Clear
XGBoost,3598,0,0,0.00025246149962130775,Correct_or_Clear
XGBoost,3599,0,0,0.0,Correct_or_Clear
XGBoost,3600,0,0,0.00025246149962130775,Correct_or_Clear
XGBoost,3601,0,0,0.00025246149962130775,Correct_or_Clear
XGBoost,3602,0,0,0.00025246149962130775,Correct_or_Clear
XGBoost,3603,0,0,0.00025246149962130775,Correct_or_Clear
XGBoost,3604,0,0,0.00025246149962130775,Correct_or_Clear
XGBoost,3605,0,0,0.0,Correct_or_Clear
XGBoost,3606,0,0,0.00025246149962130775,Correct_or_Clear
XGBoost,3607,0,0,0.00025246149962130775,Correct_or_Clear
XGBoost,3608,0,0,0.00025246149962130775,Correct_or_Clear
XGBoost,3609,0,0,0.00025246149962130775,Correct_or_Clear
XGBoost,3610,0,0,0.00025246149962130775,Correct_or_Clear
XGBoost,3611,0,0,0.00025246149962130775,Correct_or_Clear
XGBoost,3612,0,0,0.00025246149962130775,Correct_or_Clear
XGBoost,3613,0,0,0.00025246149962130775,Correct_or_Clear
XGBoost,3614,0,0,0.0,Correct_or_Clear
XGBoost,3615,0,0,0.00025246149962130775,Correct_or_Clear
XGBoost,3616,0,0,0.00025246149962130775,Correct_or_Clear
XGBoost,3617,0,0,0.00025246149962130775,Correct_or_Clear
XGBoost,3618,0,0,0.00025246149962130775,Correct_or_Clear
XGBoost,3619,0,0,0.00025246149962130775,Correct_or_Clear
XGBoost,3620,0,0,0.00025246149962130775,Correct_or_Clear
XGBoost,3621,0,0,0.00025246149962130775,Correct_or_Clear
XGBoost,3622,0,0,0.00025246149962130775,Correct_or_Clear
XGBoost,3623,0,0,0.0,Correct_or_Clear
XGBoost,3624,0,0,0.0,Correct_or_Clear
XGBoost,3625,0,0,0.0,Correct_or_Clear
XGBoost,3626,0,0,0.0,Correct_or_Clear
XGBoost,3627,0,0,0.00025246149962130775,Correct_or_Clear
XGBoost,3628,0,0,0.0,Correct_or_Clear
XGBoost,3629,0,0,0.00025246149962130775,Correct_or_Clear
XGBoost,3630,0,0,0.00025246149962130775,Correct_or_Clear
XGBoost,3631,0,0,0.00025246149962130775,Correct_or_Clear
XGBoost,3632,0,0,0.0,Correct_or_Clear
XGBoost,3633,0,0,0.00025246149962130775,Correct_or_Clear
XGBoost,3634,0,0,0.00025246149962130775,Correct_or_Clear
XGBoost,3635,0,0,0.0,Correct_or_Clear
XGBoost,3636,0,0,0.00025246149962130775,Correct_or_Clear
XGBoost,3637,0,0,0.00025246149962130775,Correct_or_Clear
XGBoost,3638,0,0,0.00025246149962130775,Correct_or_Clear
XGBoost,3639,0,0,0.00025246149962130775,Correct_or_Clear
XGBoost,3640,0,0,0.00025246149962130775,Correct_or_Clear
XGBoost,3641,0,0,0.00025246149962130775,Correct_or_Clear
XGBoost,3642,0,0,0.0,Correct_or_Clear
XGBoost,3643,0,0,0.0,Correct_or_Clear
XGBoost,3644,0,0,0.00025246149962130775,Correct_or_Clear
XGBoost,3645,0,0,0.00025246149962130775,Correct_or_Clear
XGBoost,3646,0,0,0.00025246149962130775,Correct_or_Clear
XGBoost,3647,0,0,0.00025246149962130775,Correct_or_Clear
XGBoost,3648,0,0,0.00025246149962130775,Correct_or_Clear
XGBoost,3649,0,0,0.00025246149962130775,Correct_or_Clear
XGBoost,3650,0,0,0.00025246149962130775,Correct_or_Clear
XGBoost,3651,0,0,0.00025246149962130775,Correct_or_Clear
XGBoost,3652,0,0,0.00025246149962130775,Correct_or_Clear
XGBoost,3653,0,0,0.00025246149962130775,Correct_or_Clear
XGBoost,3654,0,0,0.00025246149962130775,Correct_or_Clear
XGBoost,3655,0,0,0.00025246149962130775,Correct_or_Clear
XGBoost,3656,0,0,0.00025246149962130775,Correct_or_Clear
XGBoost,3657,0,0,0.00025246149962130775,Correct_or_Clear
XGBoost,3658,0,0,0.00025246149962130775,Correct_or_Clear
XGBoost,3659,1,1,1.0,Correct_or_Clear
XGBoost,3660,0,0,0.0,Correct_or_Clear
XGBoost,3661,0,0,0.0,Correct_or_Clear
XGBoost,3662,0,0,0.0,Correct_or_Clear
XGBoost,3663,0,0,0.0,Correct_or_Clear
XGBoost,3664,0,0,0.0,Correct_or_Clear
XGBoost,3665,0,0,0.0,Correct_or_Clear
XGBoost,3666,0,0,0.0,Correct_or_Clear
XGBoost,3667,0,0,0.0,Correct_or_Clear
XGBoost,3668,0,0,0.0,Correct_or_Clear
XGBoost,3669,0,0,0.0,Correct_or_Clear
XGBoost,3670,0,0,0.0,Correct_or_Clear
XGBoost,3671,0,0,0.00025246149962130775,Correct_or_Clear
XGBoost,3672,0,0,0.0,Correct_or_Clear
XGBoost,3673,0,0,0.0,Correct_or_Clear
XGBoost,3674,0,0,0.0,Correct_or_Clear
XGBoost,3675,0,0,0.00025246149962130775,Correct_or_Clear
XGBoost,3676,0,0,0.00025246149962130775,Correct_or_Clear
XGBoost,3677,0,0,0.00025246149962130775,Correct_or_Clear
XGBoost,3678,0,0,0.0,Correct_or_Clear
XGBoost,3679,0,0,0.0,Correct_or_Clear
XGBoost,3680,0,0,0.0,Correct_or_Clear
XGBoost,3681,0,0,0.0,Correct_or_Clear
XGBoost,3682,0,0,0.0,Correct_or_Clear
XGBoost,3683,0,0,0.0,Correct_or_Clear
XGBoost,3684,0,0,0.00025246149962130775,Correct_or_Clear
XGBoost,3685,0,0,0.0,Correct_or_Clear
XGBoost,3686,0,0,0.00025246149962130775,Correct_or_Clear
XGBoost,3687,0,0,0.00025246149962130775,Correct_or_Clear
XGBoost,3688,0,0,0.00025246149962130775,Correct_or_Clear
XGBoost,3689,0,0,0.00025246149962130775,Correct_or_Clear
XGBoost,3690,0,0,0.00025246149962130775,Correct_or_Clear
XGBoost,3691,0,0,0.00025246149962130775,Correct_or_Clear
XGBoost,3692,0,0,0.00025246149962130775,Correct_or_Clear
XGBoost,3693,0,0,0.00025246149962130775,Correct_or_Clear
XGBoost,3694,0,0,0.00025246149962130775,Correct_or_Clear
XGBoost,3695,0,0,0.00025246149962130775,Correct_or_Clear
XGBoost,3696,0,0,0.00025246149962130775,Correct_or_Clear
XGBoost,3697,0,0,0.00025246149962130775,Correct_or_Clear
XGBoost,3698,0,0,0.00025246149962130775,Correct_or_Clear
XGBoost,3699,0,0,0.00025246149962130775,Correct_or_Clear
XGBoost,3700,0,0,0.00025246149962130775,Correct_or_Clear
XGBoost,3701,0,0,0.00025246149962130775,Correct_or_Clear
XGBoost,3702,0,0,0.00025246149962130775,Correct_or_Clear
XGBoost,3703,0,0,0.00025246149962130775,Correct_or_Clear
XGBoost,3704,0,0,0.00025246149962130775,Correct_or_Clear
XGBoost,3705,0,0,0.00025246149962130775,Correct_or_Clear
XGBoost,3706,0,0,0.00025246149962130775,Correct_or_Clear
XGBoost,3707,0,0,0.00025246149962130775,Correct_or_Clear
XGBoost,3708,0,0,0.0,Correct_or_Clear
XGBoost,3709,0,0,0.0,Correct_or_Clear
XGBoost,3710,0,0,0.0,Correct_or_Clear
XGBoost,3711,0,0,0.00025246149962130775,Correct_or_Clear
XGBoost,3712,0,0,0.00025246149962130775,Correct_or_Clear
XGBoost,3713,0,0,0.00025246149962130775,Correct_or_Clear
XGBoost,3714,0,0,0.00025246149962130775,Correct_or_Clear
XGBoost,3715,0,0,0.00025246149962130775,Correct_or_Clear
XGBoost,3716,0,0,0.00025246149962130775,Correct_or_Clear
XGBoost,3717,1,1,1.0,Correct_or_Clear
XGBoost,3718,0,0,0.00025246149962130775,Correct_or_Clear
XGBoost,3719,0,0,0.0,Correct_or_Clear
XGBoost,3720,0,0,0.00025246149962130775,Correct_or_Clear
XGBoost,3721,0,0,0.00025246149962130775,Correct_or_Clear
XGBoost,3722,0,0,0.00025246149962130775,Correct_or_Clear
XGBoost,3723,0,0,0.00025246149962130775,Correct_or_Clear
XGBoost,3724,0,0,0.00025246149962130775,Correct_or_Clear
XGBoost,3725,0,0,0.00025246149962130775,Correct_or_Clear
XGBoost,3726,0,0,0.00025246149962130775,Correct_or_Clear
XGBoost,3727,0,0,0.00025246149962130775,Correct_or_Clear
XGBoost,3728,0,0,0.00025246149962130775,Correct_or_Clear
XGBoost,3729,0,0,0.00025246149962130775,Correct_or_Clear
XGBoost,3730,0,0,0.00025246149962130775,Correct_or_Clear
XGBoost,3731,0,0,0.00025246149962130775,Correct_or_Clear
XGBoost,3732,0,0,0.00025246149962130775,Correct_or_Clear
XGBoost,3733,0,0,0.00025246149962130775,Correct_or_Clear
XGBoost,3734,0,0,0.00025246149962130775,Correct_or_Clear
XGBoost,3735,0,0,0.00025246149962130775,Correct_or_Clear
XGBoost,3736,0,0,0.00025246149962130775,Correct_or_Clear
XGBoost,3737,0,0,0.00025246149962130775,Correct_or_Clear
XGBoost,3738,0,0,0.00025246149962130775,Correct_or_Clear
XGBoost,3739,0,0,0.00025246149962130775,Correct_or_Clear
XGBoost,3740,0,0,0.00025246149962130775,Correct_or_Clear
XGBoost,3741,0,0,0.00025246149962130775,Correct_or_Clear
XGBoost,3742,0,0,0.00025246149962130775,Correct_or_Clear
XGBoost,3743,0,0,0.00025246149962130775,Correct_or_Clear
XGBoost,3744,0,0,0.00025246149962130775,Correct_or_Clear
XGBoost,3745,0,0,0.00025246149962130775,Correct_or_Clear
XGBoost,3746,0,0,0.00025246149962130775,Correct_or_Clear
XGBoost,3747,0,0,0.00025246149962130775,Correct_or_Clear
XGBoost,3748,0,0,0.00025246149962130775,Correct_or_Clear
XGBoost,3749,1,1,1.0,Correct_or_Clear
XGBoost,3750,0,0,0.00025246149962130775,Correct_or_Clear
XGBoost,3751,0,0,0.00025246149962130775,Correct_or_Clear
XGBoost,3752,0,0,0.00025246149962130775,Correct_or_Clear
XGBoost,3753,0,0,0.00025246149962130775,Correct_or_Clear
XGBoost,3754,0,0,0.00025246149962130775,Correct_or_Clear
XGBoost,3755,0,0,0.00025246149962130775,Correct_or_Clear
XGBoost,3756,0,0,0.00025246149962130775,Correct_or_Clear
XGBoost,3757,0,0,0.00025246149962130775,Correct_or_Clear
XGBoost,3758,0,0,0.00025246149962130775,Correct_or_Clear
XGBoost,3759,0,0,0.0,Correct_or_Clear
XGBoost,3760,0,0,0.0,Correct_or_Clear
XGBoost,3761,0,0,0.0,Correct_or_Clear
XGBoost,3762,0,0,0.0,Correct_or_Clear
XGBoost,3763,0,0,0.0,Correct_or_Clear
XGBoost,3764,0,0,0.00025246149962130775,Correct_or_Clear
XGBoost,3765,0,0,0.00025246149962130775,Correct_or_Clear
XGBoost,3766,0,0,0.0,Correct_or_Clear
XGBoost,3767,0,0,0.00025246149962130775,Correct_or_Clear
XGBoost,3768,0,0,0.0,Correct_or_Clear
XGBoost,3769,0,0,0.00025246149962130775,Correct_or_Clear
XGBoost,3770,0,0,0.00025246149962130775,Correct_or_Clear
XGBoost,3771,0,0,0.0,Correct_or_Clear
XGBoost,3772,0,0,0.00025246149962130775,Correct_or_Clear
XGBoost,3773,0,0,0.00025246149962130775,Correct_or_Clear
XGBoost,3774,0,0,0.00025246149962130775,Correct_or_Clear
XGBoost,3775,0,0,0.00025246149962130775,Correct_or_Clear
XGBoost,3776,0,0,0.00025246149962130775,Correct_or_Clear
XGBoost,3777,0,0,0.00025246149962130775,Correct_or_Clear
XGBoost,3778,0,0,0.00025246149962130775,Correct_or_Clear
XGBoost,3779,0,0,0.00025246149962130775,Correct_or_Clear
XGBoost,3780,0,0,0.00025246149962130775,Correct_or_Clear
XGBoost,3781,0,0,0.00025246149962130775,Correct_or_Clear
XGBoost,3782,0,0,0.00025246149962130775,Correct_or_Clear
XGBoost,3783,0,0,0.00025246149962130775,Correct_or_Clear
XGBoost,3784,0,0,0.00025246149962130775,Correct_or_Clear
XGBoost,3785,0,0,0.00025246149962130775,Correct_or_Clear
XGBoost,3786,0,0,0.00025246149962130775,Correct_or_Clear
XGBoost,3787,0,0,0.00025246149962130775,Correct_or_Clear
XGBoost,3788,0,0,0.00025246149962130775,Correct_or_Clear
XGBoost,3789,0,0,0.00025246149962130775,Correct_or_Clear
XGBoost,3790,0,0,0.0,Correct_or_Clear
XGBoost,3791,0,0,0.0,Correct_or_Clear
XGBoost,3792,0,0,0.00025246149962130775,Correct_or_Clear
XGBoost,3793,0,0,0.00025246149962130775,Correct_or_Clear
XGBoost,3794,1,1,1.0,Correct_or_Clear
XGBoost,3795,0,0,0.0,Correct_or_Clear
XGBoost,3796,1,1,1.0,Correct_or_Clear
XGBoost,3797,0,0,0.00025246149962130775,Correct_or_Clear
XGBoost,3798,0,0,0.0,Correct_or_Clear
XGBoost,3799,0,0,0.00025246149962130775,Correct_or_Clear
XGBoost,3800,0,0,0.00025246149962130775,Correct_or_Clear
XGBoost,3801,0,0,0.00025246149962130775,Correct_or_Clear
XGBoost,3802,0,0,0.0,Correct_or_Clear
XGBoost,3803,0,0,0.0,Correct_or_Clear
XGBoost,3804,0,0,0.00025246149962130775,Correct_or_Clear
XGBoost,3805,0,0,0.00025246149962130775,Correct_or_Clear
XGBoost,3806,0,0,0.00025246149962130775,Correct_or_Clear
XGBoost,3807,1,1,1.0,Correct_or_Clear
XGBoost,3808,0,0,0.00025246149962130775,Correct_or_Clear
XGBoost,3809,0,0,0.00025246149962130775,Correct_or_Clear
XGBoost,3810,0,0,0.00025246149962130775,Correct_or_Clear
XGBoost,3811,0,0,0.00025246149962130775,Correct_or_Clear
XGBoost,3812,0,0,0.0,Correct_or_Clear
XGBoost,3813,0,0,0.00025246149962130775,Correct_or_Clear
XGBoost,3814,1,1,1.0,Correct_or_Clear
XGBoost,3815,0,0,0.00025246149962130775,Correct_or_Clear
XGBoost,3816,0,0,0.00025246149962130775,Correct_or_Clear
XGBoost,3817,0,0,0.00025246149962130775,Correct_or_Clear
XGBoost,3818,0,0,0.0,Correct_or_Clear
XGBoost,3819,0,0,0.00025246149962130775,Correct_or_Clear
XGBoost,3820,0,0,0.00025246149962130775,Correct_or_Clear
XGBoost,3821,0,0,0.0,Correct_or_Clear
XGBoost,3822,0,0,0.0,Correct_or_Clear
XGBoost,3823,0,0,0.00025246149962130775,Correct_or_Clear
XGBoost,3824,0,0,0.00025246149962130775,Correct_or_Clear
XGBoost,3825,0,0,0.00025246149962130775,Correct_or_Clear
XGBoost,3826,0,0,0.00025246149962130775,Correct_or_Clear
XGBoost,3827,0,0,0.00025246149962130775,Correct_or_Clear
XGBoost,3828,0,0,0.00025246149962130775,Correct_or_Clear
XGBoost,3829,0,0,0.00025246149962130775,Correct_or_Clear
XGBoost,3830,0,0,0.00025246149962130775,Correct_or_Clear
XGBoost,3831,0,0,0.00025246149962130775,Correct_or_Clear
XGBoost,3832,0,0,0.00025246149962130775,Correct_or_Clear
XGBoost,3833,0,0,0.00025246149962130775,Correct_or_Clear
XGBoost,3834,0,0,0.00025246149962130775,Correct_or_Clear
XGBoost,3835,0,0,0.00025246149962130775,Correct_or_Clear
XGBoost,3836,0,0,0.0,Correct_or_Clear
XGBoost,3837,0,0,0.00025246149962130775,Correct_or_Clear
XGBoost,3838,0,0,0.00025246149962130775,Correct_or_Clear
XGBoost,3839,0,0,0.00025246149962130775,Correct_or_Clear
XGBoost,3840,0,0,0.0,Correct_or_Clear
XGBoost,3841,0,0,0.0,Correct_or_Clear
XGBoost,3842,0,0,0.00025246149962130775,Correct_or_Clear
XGBoost,3843,0,0,0.00025246149962130775,Correct_or_Clear
XGBoost,3844,0,0,0.00025246149962130775,Correct_or_Clear
XGBoost,3845,0,0,0.00025246149962130775,Correct_or_Clear
XGBoost,3846,0,0,0.00025246149962130775,Correct_or_Clear
XGBoost,3847,0,0,0.0,Correct_or_Clear
XGBoost,3848,0,0,0.00025246149962130775,Correct_or_Clear
XGBoost,3849,0,0,0.00025246149962130775,Correct_or_Clear
XGBoost,3850,0,0,0.00025246149962130775,Correct_or_Clear
XGBoost,3851,0,0,0.00025246149962130775,Correct_or_Clear
XGBoost,3852,0,0,0.00025246149962130775,Correct_or_Clear
XGBoost,3853,0,0,0.00025246149962130775,Correct_or_Clear
XGBoost,3854,0,0,0.00025246149962130775,Correct_or_Clear
XGBoost,3855,0,0,0.00025246149962130775,Correct_or_Clear
XGBoost,3856,0,0,0.00025246149962130775,Correct_or_Clear
XGBoost,3857,0,0,0.00025246149962130775,Correct_or_Clear
XGBoost,3858,0,0,0.00025246149962130775,Correct_or_Clear
XGBoost,3859,0,0,0.00025246149962130775,Correct_or_Clear
XGBoost,3860,0,0,0.00025246149962130775,Correct_or_Clear
XGBoost,3861,0,0,0.00025246149962130775,Correct_or_Clear
XGBoost,3862,0,0,0.00025246149962130775,Correct_or_Clear
XGBoost,3863,0,0,0.0,Correct_or_Clear
XGBoost,3864,0,0,0.00025246149962130775,Correct_or_Clear
XGBoost,3865,0,0,0.00025246149962130775,Correct_or_Clear
XGBoost,3866,0,0,0.00025246149962130775,Correct_or_Clear
XGBoost,3867,0,0,0.00025246149962130775,Correct_or_Clear
XGBoost,3868,0,0,0.00025246149962130775,Correct_or_Clear
XGBoost,3869,0,0,0.00025246149962130775,Correct_or_Clear
XGBoost,3870,0,0,0.00025246149962130775,Correct_or_Clear
XGBoost,3871,0,0,0.00025246149962130775,Correct_or_Clear
XGBoost,3872,0,0,0.00025246149962130775,Correct_or_Clear
XGBoost,3873,0,0,0.00025246149962130775,Correct_or_Clear
XGBoost,3874,0,0,0.00025246149962130775,Correct_or_Clear
XGBoost,3875,0,0,0.00025246149962130775,Correct_or_Clear
XGBoost,3876,0,0,0.00025246149962130775,Correct_or_Clear
XGBoost,3877,0,0,0.00025246149962130775,Correct_or_Clear
XGBoost,3878,0,0,0.00025246149962130775,Correct_or_Clear
XGBoost,3879,0,0,0.00025246149962130775,Correct_or_Clear
XGBoost,3880,0,0,0.00025246149962130775,Correct_or_Clear
XGBoost,3881,0,0,0.00025246149962130775,Correct_or_Clear
XGBoost,3882,0,0,0.00025246149962130775,Correct_or_Clear
XGBoost,3883,0,0,0.00025246149962130775,Correct_or_Clear
XGBoost,3884,0,0,0.0,Correct_or_Clear
XGBoost,3885,0,0,0.00025246149962130775,Correct_or_Clear
XGBoost,3886,0,0,0.00025246149962130775,Correct_or_Clear
XGBoost,3887,1,1,1.0,Correct_or_Clear
XGBoost,3888,0,0,0.00025246149962130775,Correct_or_Clear
XGBoost,3889,0,0,0.00025246149962130775,Correct_or_Clear
XGBoost,3890,1,1,1.0,Correct_or_Clear
XGBoost,3891,0,0,0.0,Correct_or_Clear
XGBoost,3892,0,0,0.0,Correct_or_Clear
XGBoost,3893,0,0,0.0,Correct_or_Clear
XGBoost,3894,0,0,0.0,Correct_or_Clear
XGBoost,3895,0,0,0.0,Correct_or_Clear
XGBoost,3896,0,0,0.0,Correct_or_Clear
XGBoost,3897,0,0,0.00025246149962130775,Correct_or_Clear
XGBoost,3898,0,0,0.0,Correct_or_Clear
XGBoost,3899,0,0,0.00025246149962130775,Correct_or_Clear
XGBoost,3900,0,0,0.00025246149962130775,Correct_or_Clear
XGBoost,3901,0,0,0.00025246149962130775,Correct_or_Clear
XGBoost,3902,0,0,0.00025246149962130775,Correct_or_Clear
XGBoost,3903,0,0,0.00025246149962130775,Correct_or_Clear
XGBoost,3904,0,0,0.00025246149962130775,Correct_or_Clear
XGBoost,3905,0,0,0.00025246149962130775,Correct_or_Clear
XGBoost,3906,0,0,0.00025246149962130775,Correct_or_Clear
XGBoost,3907,0,0,0.00025246149962130775,Correct_or_Clear
XGBoost,3908,0,0,0.00025246149962130775,Correct_or_Clear
XGBoost,3909,0,0,0.00025246149962130775,Correct_or_Clear
XGBoost,3910,0,0,0.00025246149962130775,Correct_or_Clear
XGBoost,3911,0,0,0.00025246149962130775,Correct_or_Clear
XGBoost,3912,0,0,0.00025246149962130775,Correct_or_Clear
XGBoost,3913,0,0,0.00025246149962130775,Correct_or_Clear
XGBoost,3914,0,0,0.00025246149962130775,Correct_or_Clear
XGBoost,3915,0,0,0.00025246149962130775,Correct_or_Clear
XGBoost,3916,0,0,0.00025246149962130775,Correct_or_Clear
XGBoost,3917,0,0,0.00025246149962130775,Correct_or_Clear
XGBoost,3918,0,0,0.00025246149962130775,Correct_or_Clear
XGBoost,3919,0,0,0.00025246149962130775,Correct_or_Clear
XGBoost,3920,0,0,0.00025246149962130775,Correct_or_Clear
XGBoost,3921,0,0,0.00025246149962130775,Correct_or_Clear
XGBoost,3922,0,0,0.00025246149962130775,Correct_or_Clear
XGBoost,3923,0,0,0.00025246149962130775,Correct_or_Clear
XGBoost,3924,0,0,0.00025246149962130775,Correct_or_Clear
XGBoost,3925,0,0,0.00025246149962130775,Correct_or_Clear
XGBoost,3926,0,0,0.00025246149962130775,Correct_or_Clear
XGBoost,3927,0,0,0.0,Correct_or_Clear
XGBoost,3928,0,0,0.0,Correct_or_Clear
XGBoost,3929,0,0,0.0,Correct_or_Clear
XGBoost,3930,0,0,0.0,Correct_or_Clear
XGBoost,3931,0,0,0.0,Correct_or_Clear
XGBoost,3932,0,0,0.0,Correct_or_Clear
XGBoost,3933,0,0,0.00025246149962130775,Correct_or_Clear
XGBoost,3934,0,0,0.00025246149962130775,Correct_or_Clear
XGBoost,3935,0,0,0.00025246149962130775,Correct_or_Clear
XGBoost,3936,0,0,0.00025246149962130775,Correct_or_Clear
XGBoost,3937,0,0,0.00025246149962130775,Correct_or_Clear
XGBoost,3938,0,0,0.00025246149962130775,Correct_or_Clear
XGBoost,3939,0,0,0.00025246149962130775,Correct_or_Clear
XGBoost,3940,0,0,0.0,Correct_or_Clear
XGBoost,3941,1,1,1.0,Correct_or_Clear
XGBoost,3942,0,0,0.0,Correct_or_Clear
XGBoost,3943,0,0,0.0,Correct_or_Clear
XGBoost,3944,0,0,0.00025246149962130775,Correct_or_Clear
XGBoost,3945,0,0,0.00025246149962130775,Correct_or_Clear
XGBoost,3946,0,0,0.0,Correct_or_Clear
XGBoost,3947,0,0,0.00025246149962130775,Correct_or_Clear
XGBoost,3948,0,0,0.00025246149962130775,Correct_or_Clear
XGBoost,3949,0,0,0.00025246149962130775,Correct_or_Clear
XGBoost,3950,0,0,0.00025246149962130775,Correct_or_Clear
XGBoost,3951,0,0,0.00025246149962130775,Correct_or_Clear
XGBoost,3952,0,0,0.00025246149962130775,Correct_or_Clear
XGBoost,3953,0,0,0.00025246149962130775,Correct_or_Clear
XGBoost,3954,0,0,0.00025246149962130775,Correct_or_Clear
XGBoost,3955,0,0,0.00025246149962130775,Correct_or_Clear
XGBoost,3956,0,0,0.00025246149962130775,Correct_or_Clear
XGBoost,3957,0,0,0.00025246149962130775,Correct_or_Clear
XGBoost,3958,0,0,0.0,Correct_or_Clear
XGBoost,3959,0,0,0.00025246149962130775,Correct_or_Clear
XGBoost,3960,0,0,0.0,Correct_or_Clear
XGBoost,3961,0,0,0.00025246149962130775,Correct_or_Clear
XGBoost,3962,0,0,0.00025246149962130775,Correct_or_Clear
XGBoost,3963,0,0,0.00025246149962130775,Correct_or_Clear
XGBoost,3964,0,0,0.0,Correct_or_Clear
XGBoost,3965,0,0,0.0,Correct_or_Clear
XGBoost,3966,0,0,0.00025246149962130775,Correct_or_Clear
XGBoost,3967,0,0,0.00025246149962130775,Correct_or_Clear
XGBoost,3968,0,0,0.00025246149962130775,Correct_or_Clear
XGBoost,3969,0,0,0.00025246149962130775,Correct_or_Clear
XGBoost,3970,0,0,0.00025246149962130775,Correct_or_Clear
XGBoost,3971,0,0,0.00025246149962130775,Correct_or_Clear
XGBoost,3972,0,0,0.00025246149962130775,Correct_or_Clear
XGBoost,3973,0,0,0.00025246149962130775,Correct_or_Clear
XGBoost,3974,0,0,0.00025246149962130775,Correct_or_Clear
XGBoost,3975,0,0,0.0,Correct_or_Clear
XGBoost,3976,0,0,0.00025246149962130775,Correct_or_Clear
XGBoost,3977,0,0,0.00025246149962130775,Correct_or_Clear
XGBoost,3978,0,0,0.00025246149962130775,Correct_or_Clear
XGBoost,3979,0,0,0.00025246149962130775,Correct_or_Clear
XGBoost,3980,0,0,0.00025246149962130775,Correct_or_Clear
XGBoost,3981,0,0,0.00025246149962130775,Correct_or_Clear
XGBoost,3982,0,0,0.00025246149962130775,Correct_or_Clear
XGBoost,3983,0,0,0.00025246149962130775,Correct_or_Clear
XGBoost,3984,0,0,0.00025246149962130775,Correct_or_Clear
XGBoost,3985,0,0,0.00025246149962130775,Correct_or_Clear
XGBoost,3986,1,1,1.0,Correct_or_Clear
XGBoost,3987,0,0,0.00025246149962130775,Correct_or_Clear
XGBoost,3988,1,1,1.0,Correct_or_Clear
XGBoost,3989,0,0,0.00025246149962130775,Correct_or_Clear
XGBoost,3990,0,0,0.00025246149962130775,Correct_or_Clear
XGBoost,3991,0,0,0.00025246149962130775,Correct_or_Clear
XGBoost,3992,0,0,0.00025246149962130775,Correct_or_Clear
XGBoost,3993,0,0,0.00025246149962130775,Correct_or_Clear
XGBoost,3994,0,0,0.00025246149962130775,Correct_or_Clear
XGBoost,3995,0,0,0.00025246149962130775,Correct_or_Clear
XGBoost,3996,0,0,0.00025246149962130775,Correct_or_Clear
XGBoost,3997,0,0,0.00025246149962130775,Correct_or_Clear
XGBoost,3998,0,0,0.00025246149962130775,Correct_or_Clear
XGBoost,3999,0,0,0.00025246149962130775,Correct_or_Clear
XGBoost,4000,0,0,0.00025246149962130775,Correct_or_Clear
XGBoost,4001,0,0,0.00025246149962130775,Correct_or_Clear
XGBoost,4002,0,0,0.00025246149962130775,Correct_or_Clear
XGBoost,4003,0,0,0.00025246149962130775,Correct_or_Clear
XGBoost,4004,0,0,0.00025246149962130775,Correct_or_Clear
XGBoost,4005,0,0,0.00025246149962130775,Correct_or_Clear
XGBoost,4006,0,0,0.00025246149962130775,Correct_or_Clear
XGBoost,4007,0,0,0.00025246149962130775,Correct_or_Clear
XGBoost,4008,0,0,0.00025246149962130775,Correct_or_Clear
XGBoost,4009,0,0,0.00025246149962130775,Correct_or_Clear
XGBoost,4010,0,0,0.00025246149962130775,Correct_or_Clear
XGBoost,4011,0,0,0.00025246149962130775,Correct_or_Clear
XGBoost,4012,0,0,0.00025246149962130775,Correct_or_Clear
XGBoost,4013,0,0,0.00025246149962130775,Correct_or_Clear
XGBoost,4014,0,0,0.00025246149962130775,Correct_or_Clear
XGBoost,4015,0,0,0.00025246149962130775,Correct_or_Clear
XGBoost,4016,0,0,0.00025246149962130775,Correct_or_Clear
XGBoost,4017,1,1,1.0,Correct_or_Clear
XGBoost,4018,0,0,0.0,Correct_or_Clear
XGBoost,4019,0,0,0.0,Correct_or_Clear
XGBoost,4020,0,0,0.00025246149962130775,Correct_or_Clear
XGBoost,4021,0,0,0.00025246149962130775,Correct_or_Clear
XGBoost,4022,0,0,0.00025246149962130775,Correct_or_Clear
XGBoost,4023,0,0,0.00025246149962130775,Correct_or_Clear
XGBoost,4024,0,0,0.0,Correct_or_Clear
XGBoost,4025,0,0,0.00025246149962130775,Correct_or_Clear
XGBoost,4026,0,0,0.0,Correct_or_Clear
XGBoost,4027,0,0,0.0,Correct_or_Clear
XGBoost,4028,0,0,0.0,Correct_or_Clear
XGBoost,4029,0,0,0.00025246149962130775,Correct_or_Clear
XGBoost,4030,0,0,0.0,Correct_or_Clear
XGBoost,4031,0,0,0.0,Correct_or_Clear
XGBoost,4032,0,0,0.00025246149962130775,Correct_or_Clear
XGBoost,4033,0,0,0.00025246149962130775,Correct_or_Clear
XGBoost,4034,0,0,0.00025246149962130775,Correct_or_Clear
XGBoost,4035,0,0,0.00025246149962130775,Correct_or_Clear
XGBoost,4036,0,0,0.00025246149962130775,Correct_or_Clear
XGBoost,4037,0,0,0.00025246149962130775,Correct_or_Clear
XGBoost,4038,0,0,0.0,Correct_or_Clear
XGBoost,4039,0,0,0.0,Correct_or_Clear
XGBoost,4040,0,0,0.00025246149962130775,Correct_or_Clear
XGBoost,4041,0,0,0.0,Correct_or_Clear
XGBoost,4042,0,0,0.0,Correct_or_Clear
XGBoost,4043,1,1,1.0,Correct_or_Clear
XGBoost,4044,0,0,0.00025246149962130775,Correct_or_Clear
XGBoost,4045,0,0,0.00025246149962130775,Correct_or_Clear
XGBoost,4046,0,0,0.00025246149962130775,Correct_or_Clear
XGBoost,4047,0,0,0.00025246149962130775,Correct_or_Clear
XGBoost,4048,1,1,1.0,Correct_or_Clear
XGBoost,4049,0,0,0.00025246149962130775,Correct_or_Clear
XGBoost,4050,1,1,1.0,Correct_or_Clear
XGBoost,4051,0,0,0.00025246149962130775,Correct_or_Clear
XGBoost,4052,0,0,0.00025246149962130775,Correct_or_Clear
XGBoost,4053,0,0,0.00025246149962130775,Correct_or_Clear
XGBoost,4054,0,0,0.0,Correct_or_Clear
XGBoost,4055,0,0,0.00025246149962130775,Correct_or_Clear
XGBoost,4056,0,0,0.00025246149962130775,Correct_or_Clear
XGBoost,4057,0,0,0.00025246149962130775,Correct_or_Clear
XGBoost,4058,0,0,0.00025246149962130775,Correct_or_Clear
XGBoost,4059,0,0,0.00025246149962130775,Correct_or_Clear
XGBoost,4060,0,0,0.00025246149962130775,Correct_or_Clear
XGBoost,4061,0,0,0.00025246149962130775,Correct_or_Clear
XGBoost,4062,0,0,0.00025246149962130775,Correct_or_Clear
XGBoost,4063,0,0,0.00025246149962130775,Correct_or_Clear
XGBoost,4064,0,0,0.00025246149962130775,Correct_or_Clear
XGBoost,4065,0,0,0.00025246149962130775,Correct_or_Clear
XGBoost,4066,0,0,0.00025246149962130775,Correct_or_Clear
XGBoost,4067,0,0,0.00025246149962130775,Correct_or_Clear
XGBoost,4068,0,0,0.00025246149962130775,Correct_or_Clear
XGBoost,4069,0,0,0.00025246149962130775,Correct_or_Clear
XGBoost,4070,0,0,0.00025246149962130775,Correct_or_Clear
XGBoost,4071,0,0,0.0,Correct_or_Clear
XGBoost,4072,0,0,0.00025246149962130775,Correct_or_Clear
XGBoost,4073,1,1,1.0,Correct_or_Clear
XGBoost,4074,1,1,1.0,Correct_or_Clear
XGBoost,4075,0,0,0.0,Correct_or_Clear
XGBoost,4076,0,0,0.0,Correct_or_Clear
XGBoost,4077,0,0,0.00025246149962130775,Correct_or_Clear
XGBoost,4078,0,0,0.00025246149962130775,Correct_or_Clear
XGBoost,4079,0,0,0.00025246149962130775,Correct_or_Clear
XGBoost,4080,0,0,0.00025246149962130775,Correct_or_Clear
XGBoost,4081,0,0,0.00025246149962130775,Correct_or_Clear
XGBoost,4082,0,0,0.00025246149962130775,Correct_or_Clear
XGBoost,4083,0,0,0.00025246149962130775,Correct_or_Clear
XGBoost,4084,0,0,0.0,Correct_or_Clear
XGBoost,4085,0,0,0.00025246149962130775,Correct_or_Clear
XGBoost,4086,0,0,0.00025246149962130775,Correct_or_Clear
XGBoost,4087,0,0,0.00025246149962130775,Correct_or_Clear
XGBoost,4088,0,0,0.00025246149962130775,Correct_or_Clear
XGBoost,4089,0,0,0.00025246149962130775,Correct_or_Clear
XGBoost,4090,0,0,0.0,Correct_or_Clear
XGBoost,4091,0,0,0.00025246149962130775,Correct_or_Clear
XGBoost,4092,0,0,0.00025246149962130775,Correct_or_Clear
XGBoost,4093,0,0,0.00025246149962130775,Correct_or_Clear
XGBoost,4094,0,0,0.00025246149962130775,Correct_or_Clear
XGBoost,4095,0,0,0.00025246149962130775,Correct_or_Clear
XGBoost,4096,0,0,0.0,Correct_or_Clear
XGBoost,4097,0,0,0.0,Correct_or_Clear
XGBoost,4098,0,0,0.0,Correct_or_Clear
XGBoost,4099,0,0,0.0,Correct_or_Clear
XGBoost,4100,0,0,0.00025246149962130775,Correct_or_Clear
XGBoost,4101,0,0,0.00025246149962130775,Correct_or_Clear
XGBoost,4102,0,0,0.00025246149962130775,Correct_or_Clear
XGBoost,4103,0,0,0.00025246149962130775,Correct_or_Clear
XGBoost,4104,0,0,0.00025246149962130775,Correct_or_Clear
XGBoost,4105,0,0,0.00025246149962130775,Correct_or_Clear
XGBoost,4106,0,0,0.00025246149962130775,Correct_or_Clear
XGBoost,4107,0,0,0.00025246149962130775,Correct_or_Clear
XGBoost,4108,0,0,0.00025246149962130775,Correct_or_Clear
XGBoost,4109,0,0,0.0,Correct_or_Clear
XGBoost,4110,0,0,0.0,Correct_or_Clear
XGBoost,4111,0,0,0.00025246149962130775,Correct_or_Clear
XGBoost,4112,0,0,0.00025246149962130775,Correct_or_Clear
XGBoost,4113,0,0,0.00025246149962130775,Correct_or_Clear
XGBoost,4114,0,0,0.00025246149962130775,Correct_or_Clear
XGBoost,4115,0,0,0.00025246149962130775,Correct_or_Clear
XGBoost,4116,0,0,0.00025246149962130775,Correct_or_Clear
XGBoost,4117,0,0,0.00025246149962130775,Correct_or_Clear
XGBoost,4118,0,0,0.00025246149962130775,Correct_or_Clear
XGBoost,4119,0,0,0.00025246149962130775,Correct_or_Clear
XGBoost,4120,0,0,0.00025246149962130775,Correct_or_Clear
XGBoost,4121,0,0,0.00025246149962130775,Correct_or_Clear
XGBoost,4122,1,1,1.0,Correct_or_Clear
XGBoost,4123,1,0,0.0,False_Negative
XGBoost,4124,1,1,1.0,Correct_or_Clear
XGBoost,4125,1,0,0.0,False_Negative
XGBoost,4126,1,1,1.0,Correct_or_Clear
XGBoost,4127,1,0,0.0,False_Negative
XGBoost,4128,1,1,1.0,Correct_or_Clear
XGBoost,4129,1,0,0.0,False_Negative
XGBoost,4130,1,1,1.0,Correct_or_Clear
XGBoost,4131,0,0,0.00025246149962130775,Correct_or_Clear
XGBoost,4132,1,0,0.0,False_Negative
XGBoost,4133,1,1,1.0,Correct_or_Clear
XGBoost,4134,1,0,0.0,False_Negative
XGBoost,4135,1,1,1.0,Correct_or_Clear
XGBoost,4136,0,0,0.00025246149962130775,Correct_or_Clear
XGBoost,4137,0,0,0.00025246149962130775,Correct_or_Clear
XGBoost,4138,0,0,0.00025246149962130775,Correct_or_Clear
XGBoost,4139,0,0,0.00025246149962130775,Correct_or_Clear
XGBoost,4140,0,0,0.00025246149962130775,Correct_or_Clear
XGBoost,4141,0,0,0.00025246149962130775,Correct_or_Clear
XGBoost,4142,0,0,0.00025246149962130775,Correct_or_Clear
XGBoost,4143,0,0,0.0,Correct_or_Clear
XGBoost,4144,0,0,0.00025246149962130775,Correct_or_Clear
XGBoost,4145,0,0,0.0,Correct_or_Clear
XGBoost,4146,0,0,0.00025246149962130775,Correct_or_Clear
XGBoost,4147,0,0,0.0,Correct_or_Clear
XGBoost,4148,0,0,0.00025246149962130775,Correct_or_Clear
XGBoost,4149,0,0,0.00025246149962130775,Correct_or_Clear
XGBoost,4150,0,0,0.00025246149962130775,Correct_or_Clear
XGBoost,4151,0,0,0.00025246149962130775,Correct_or_Clear
XGBoost,4152,0,0,0.00025246149962130775,Correct_or_Clear
XGBoost,4153,0,0,0.0,Correct_or_Clear
XGBoost,4154,1,1,1.0,Correct_or_Clear
XGBoost,4155,0,0,0.0,Correct_or_Clear
XGBoost,4156,0,0,0.00025246149962130775,Correct_or_Clear
XGBoost,4157,0,0,0.00025246149962130775,Correct_or_Clear
XGBoost,4158,0,0,0.00025246149962130775,Correct_or_Clear
XGBoost,4159,0,0,0.00025246149962130775,Correct_or_Clear
XGBoost,4160,0,0,0.0,Correct_or_Clear
XGBoost,4161,0,0,0.00025246149962130775,Correct_or_Clear
XGBoost,4162,0,0,0.00025246149962130775,Correct_or_Clear
XGBoost,4163,0,0,0.00025246149962130775,Correct_or_Clear
XGBoost,4164,0,0,0.00025246149962130775,Correct_or_Clear
XGBoost,4165,0,0,0.0,Correct_or_Clear
XGBoost,4166,0,0,0.00025246149962130775,Correct_or_Clear
XGBoost,4167,0,0,0.00025246149962130775,Correct_or_Clear
XGBoost,4168,0,0,0.00025246149962130775,Correct_or_Clear
XGBoost,4169,0,0,0.00025246149962130775,Correct_or_Clear
XGBoost,4170,0,0,0.00025246149962130775,Correct_or_Clear
XGBoost,4171,0,0,0.00025246149962130775,Correct_or_Clear
XGBoost,4172,0,0,0.00025246149962130775,Correct_or_Clear
XGBoost,4173,0,0,0.00025246149962130775,Correct_or_Clear
XGBoost,4174,0,0,0.00025246149962130775,Correct_or_Clear
XGBoost,4175,0,0,0.00025246149962130775,Correct_or_Clear
XGBoost,4176,0,0,0.0,Correct_or_Clear
XGBoost,4177,0,0,0.00025246149962130775,Correct_or_Clear
XGBoost,4178,0,0,0.00025246149962130775,Correct_or_Clear
XGBoost,4179,0,0,0.0,Correct_or_Clear
XGBoost,4180,0,0,0.00025246149962130775,Correct_or_Clear
XGBoost,4181,0,0,0.00025246149962130775,Correct_or_Clear
XGBoost,4182,0,0,0.00025246149962130775,Correct_or_Clear
XGBoost,4183,0,0,0.00025246149962130775,Correct_or_Clear
XGBoost,4184,0,0,0.00025246149962130775,Correct_or_Clear
XGBoost,4185,0,0,0.00025246149962130775,Correct_or_Clear
XGBoost,4186,0,0,0.00025246149962130775,Correct_or_Clear
XGBoost,4187,0,0,0.00025246149962130775,Correct_or_Clear
XGBoost,4188,0,0,0.00025246149962130775,Correct_or_Clear
XGBoost,4189,0,0,0.00025246149962130775,Correct_or_Clear
XGBoost,4190,0,0,0.00025246149962130775,Correct_or_Clear
XGBoost,4191,0,0,0.00025246149962130775,Correct_or_Clear
XGBoost,4192,0,0,0.00025246149962130775,Correct_or_Clear
XGBoost,4193,0,0,0.00025246149962130775,Correct_or_Clear
XGBoost,4194,0,0,0.0,Correct_or_Clear
XGBoost,4195,0,0,0.0,Correct_or_Clear
XGBoost,4196,0,0,0.0,Correct_or_Clear
XGBoost,4197,0,0,0.0,Correct_or_Clear
XGBoost,4198,0,0,0.0,Correct_or_Clear
XGBoost,4199,0,0,0.0,Correct_or_Clear
XGBoost,4200,0,0,0.0,Correct_or_Clear
XGBoost,4201,0,0,0.0,Correct_or_Clear
XGBoost,4202,0,0,0.0,Correct_or_Clear
XGBoost,4203,0,0,0.0,Correct_or_Clear
XGBoost,4204,0,0,0.0,Correct_or_Clear
XGBoost,4205,0,0,0.00025246149962130775,Correct_or_Clear
XGBoost,4206,0,0,0.0,Correct_or_Clear
XGBoost,4207,0,0,0.00025246149962130775,Correct_or_Clear
XGBoost,4208,0,0,0.00025246149962130775,Correct_or_Clear
XGBoost,4209,0,0,0.00025246149962130775,Correct_or_Clear
XGBoost,4210,0,0,0.00025246149962130775,Correct_or_Clear
XGBoost,4211,0,0,0.0,Correct_or_Clear
XGBoost,4212,0,0,0.0,Correct_or_Clear
XGBoost,4213,0,0,0.00025246149962130775,Correct_or_Clear
XGBoost,4214,0,0,0.00025246149962130775,Correct_or_Clear
XGBoost,4215,0,0,0.00025246149962130775,Correct_or_Clear
XGBoost,4216,0,0,0.0,Correct_or_Clear
XGBoost,4217,0,0,0.0,Correct_or_Clear
XGBoost,4218,0,0,0.00025246149962130775,Correct_or_Clear
XGBoost,4219,0,0,0.00025246149962130775,Correct_or_Clear
XGBoost,4220,0,0,0.00025246149962130775,Correct_or_Clear
XGBoost,4221,0,0,0.00025246149962130775,Correct_or_Clear
XGBoost,4222,0,0,0.0,Correct_or_Clear
XGBoost,4223,1,1,1.0,Correct_or_Clear
XGBoost,4224,0,0,0.00025246149962130775,Correct_or_Clear
XGBoost,4225,0,0,0.00025246149962130775,Correct_or_Clear
XGBoost,4226,0,0,0.00025246149962130775,Correct_or_Clear
XGBoost,4227,0,0,0.00025246149962130775,Correct_or_Clear
XGBoost,4228,0,0,0.00025246149962130775,Correct_or_Clear
XGBoost,4229,0,0,0.0,Correct_or_Clear
XGBoost,4230,0,0,0.00025246149962130775,Correct_or_Clear
XGBoost,4231,0,0,0.00025246149962130775,Correct_or_Clear
XGBoost,4232,0,0,0.00025246149962130775,Correct_or_Clear
XGBoost,4233,0,0,0.00025246149962130775,Correct_or_Clear
XGBoost,4234,0,0,0.00025246149962130775,Correct_or_Clear
XGBoost,4235,0,0,0.00025246149962130775,Correct_or_Clear
XGBoost,4236,0,0,0.00025246149962130775,Correct_or_Clear
XGBoost,4237,0,0,0.00025246149962130775,Correct_or_Clear
XGBoost,4238,0,0,0.00025246149962130775,Correct_or_Clear
XGBoost,4239,0,0,0.00025246149962130775,Correct_or_Clear
XGBoost,4240,0,0,0.00025246149962130775,Correct_or_Clear
XGBoost,4241,0,0,0.00025246149962130775,Correct_or_Clear
XGBoost,4242,0,0,0.0,Correct_or_Clear
XGBoost,4243,0,0,0.00025246149962130775,Correct_or_Clear
XGBoost,4244,0,0,0.0,Correct_or_Clear
XGBoost,4245,0,0,0.0,Correct_or_Clear
XGBoost,4246,0,0,0.00025246149962130775,Correct_or_Clear
XGBoost,4247,0,0,0.00025246149962130775,Correct_or_Clear
XGBoost,4248,0,0,0.00025246149962130775,Correct_or_Clear
XGBoost,4249,0,0,0.00025246149962130775,Correct_or_Clear
XGBoost,4250,0,0,0.00025246149962130775,Correct_or_Clear
XGBoost,4251,0,0,0.00025246149962130775,Correct_or_Clear
XGBoost,4252,0,0,0.00025246149962130775,Correct_or_Clear
XGBoost,4253,0,0,0.00025246149962130775,Correct_or_Clear
XGBoost,4254,0,0,0.00025246149962130775,Correct_or_Clear
XGBoost,4255,0,0,0.00025246149962130775,Correct_or_Clear
XGBoost,4256,0,0,0.00025246149962130775,Correct_or_Clear
XGBoost,4257,0,0,0.00025246149962130775,Correct_or_Clear
XGBoost,4258,0,0,0.00025246149962130775,Correct_or_Clear
XGBoost,4259,0,0,0.00025246149962130775,Correct_or_Clear
XGBoost,4260,0,0,0.00025246149962130775,Correct_or_Clear
XGBoost,4261,0,0,0.00025246149962130775,Correct_or_Clear
XGBoost,4262,0,0,0.00025246149962130775,Correct_or_Clear
XGBoost,4263,0,0,0.00025246149962130775,Correct_or_Clear
XGBoost,4264,0,0,0.00025246149962130775,Correct_or_Clear
XGBoost,4265,0,0,0.00025246149962130775,Correct_or_Clear
XGBoost,4266,0,0,0.00025246149962130775,Correct_or_Clear
XGBoost,4267,0,0,0.00025246149962130775,Correct_or_Clear
XGBoost,4268,0,0,0.00025246149962130775,Correct_or_Clear
XGBoost,4269,0,0,0.00025246149962130775,Correct_or_Clear
XGBoost,4270,0,0,0.00025246149962130775,Correct_or_Clear
XGBoost,4271,0,0,0.00025246149962130775,Correct_or_Clear
XGBoost,4272,0,0,0.00025246149962130775,Correct_or_Clear
XGBoost,4273,0,0,0.00025246149962130775,Correct_or_Clear
XGBoost,4274,0,0,0.0,Correct_or_Clear
XGBoost,4275,0,0,0.00025246149962130775,Correct_or_Clear
XGBoost,4276,0,0,0.0,Correct_or_Clear
XGBoost,4277,0,0,0.00025246149962130775,Correct_or_Clear
XGBoost,4278,0,0,0.0,Correct_or_Clear
XGBoost,4279,0,0,0.00025246149962130775,Correct_or_Clear
XGBoost,4280,0,0,0.0,Correct_or_Clear
XGBoost,4281,0,0,0.00025246149962130775,Correct_or_Clear
XGBoost,4282,0,0,0.00025246149962130775,Correct_or_Clear
XGBoost,4283,0,0,0.00025246149962130775,Correct_or_Clear
XGBoost,4284,0,0,0.00025246149962130775,Correct_or_Clear
XGBoost,4285,0,0,0.00025246149962130775,Correct_or_Clear
XGBoost,4286,0,0,0.00025246149962130775,Correct_or_Clear
XGBoost,4287,0,0,0.00025246149962130775,Correct_or_Clear
XGBoost,4288,0,0,0.00025246149962130775,Correct_or_Clear
XGBoost,4289,0,0,0.0,Correct_or_Clear
XGBoost,4290,0,0,0.00025246149962130775,Correct_or_Clear
XGBoost,4291,0,0,0.00025246149962130775,Correct_or_Clear
XGBoost,4292,0,0,0.00025246149962130775,Correct_or_Clear
XGBoost,4293,0,0,0.00025246149962130775,Correct_or_Clear
XGBoost,4294,0,0,0.00025246149962130775,Correct_or_Clear
XGBoost,4295,0,0,0.00025246149962130775,Correct_or_Clear
XGBoost,4296,0,0,0.00025246149962130775,Correct_or_Clear
XGBoost,4297,0,0,0.00025246149962130775,Correct_or_Clear
XGBoost,4298,0,0,0.00025246149962130775,Correct_or_Clear
XGBoost,4299,0,0,0.00025246149962130775,Correct_or_Clear
XGBoost,4300,0,0,0.00025246149962130775,Correct_or_Clear
XGBoost,4301,0,0,0.00025246149962130775,Correct_or_Clear
XGBoost,4302,0,0,0.00025246149962130775,Correct_or_Clear
XGBoost,4303,0,0,0.00025246149962130775,Correct_or_Clear
XGBoost,4304,0,0,0.00025246149962130775,Correct_or_Clear
XGBoost,4305,0,0,0.00025246149962130775,Correct_or_Clear
XGBoost,4306,0,0,0.00025246149962130775,Correct_or_Clear
XGBoost,4307,0,0,0.00025246149962130775,Correct_or_Clear
XGBoost,4308,0,0,0.00025246149962130775,Correct_or_Clear
XGBoost,4309,0,0,0.0,Correct_or_Clear
XGBoost,4310,0,0,0.00025246149962130775,Correct_or_Clear
XGBoost,4311,0,0,0.0,Correct_or_Clear
XGBoost,4312,0,0,0.00025246149962130775,Correct_or_Clear
XGBoost,4313,0,0,0.0,Correct_or_Clear
XGBoost,4314,0,0,0.00025246149962130775,Correct_or_Clear
XGBoost,4315,0,0,0.00025246149962130775,Correct_or_Clear
XGBoost,4316,0,0,0.00025246149962130775,Correct_or_Clear
XGBoost,4317,0,0,0.00025246149962130775,Correct_or_Clear
XGBoost,4318,0,0,0.00025246149962130775,Correct_or_Clear
XGBoost,4319,0,0,0.00025246149962130775,Correct_or_Clear
XGBoost,4320,0,0,0.00025246149962130775,Correct_or_Clear
XGBoost,4321,0,0,0.00025246149962130775,Correct_or_Clear
XGBoost,4322,0,0,0.00025246149962130775,Correct_or_Clear
XGBoost,4323,0,0,0.00025246149962130775,Correct_or_Clear
XGBoost,4324,0,0,0.00025246149962130775,Correct_or_Clear
XGBoost,4325,0,0,0.00025246149962130775,Correct_or_Clear
XGBoost,4326,0,0,0.00025246149962130775,Correct_or_Clear
XGBoost,4327,0,0,0.00025246149962130775,Correct_or_Clear
XGBoost,4328,0,0,0.00025246149962130775,Correct_or_Clear
XGBoost,4329,0,0,0.0,Correct_or_Clear
XGBoost,4330,0,0,0.00025246149962130775,Correct_or_Clear
XGBoost,4331,0,0,0.00025246149962130775,Correct_or_Clear
XGBoost,4332,0,0,0.00025246149962130775,Correct_or_Clear
XGBoost,4333,0,0,0.00025246149962130775,Correct_or_Clear
XGBoost,4334,0,0,0.00025246149962130775,Correct_or_Clear
XGBoost,4335,0,0,0.00025246149962130775,Correct_or_Clear
XGBoost,4336,0,0,0.00025246149962130775,Correct_or_Clear
XGBoost,4337,0,0,0.00025246149962130775,Correct_or_Clear
XGBoost,4338,0,0,0.00025246149962130775,Correct_or_Clear
XGBoost,4339,0,0,0.00025246149962130775,Correct_or_Clear
XGBoost,4340,0,0,0.00025246149962130775,Correct_or_Clear
XGBoost,4341,0,0,0.00025246149962130775,Correct_or_Clear
XGBoost,4342,0,0,0.00025246149962130775,Correct_or_Clear
XGBoost,4343,0,0,0.00025246149962130775,Correct_or_Clear
XGBoost,4344,0,0,0.00025246149962130775,Correct_or_Clear
XGBoost,4345,0,0,0.00025246149962130775,Correct_or_Clear
XGBoost,4346,0,0,0.00025246149962130775,Correct_or_Clear
XGBoost,4347,0,0,0.00025246149962130775,Correct_or_Clear
XGBoost,4348,0,0,0.00025246149962130775,Correct_or_Clear
XGBoost,4349,0,0,0.00025246149962130775,Correct_or_Clear
XGBoost,4350,0,0,0.00025246149962130775,Correct_or_Clear
XGBoost,4351,0,0,0.00025246149962130775,Correct_or_Clear
XGBoost,4352,0,0,0.00025246149962130775,Correct_or_Clear
XGBoost,4353,0,0,0.00025246149962130775,Correct_or_Clear
XGBoost,4354,0,0,0.00025246149962130775,Correct_or_Clear
XGBoost,4355,0,0,0.00025246149962130775,Correct_or_Clear
XGBoost,4356,0,0,0.00025246149962130775,Correct_or_Clear
XGBoost,4357,0,0,0.00025246149962130775,Correct_or_Clear
XGBoost,4358,0,0,0.00025246149962130775,Correct_or_Clear
XGBoost,4359,0,0,0.00025246149962130775,Correct_or_Clear
XGBoost,4360,0,0,0.00025246149962130775,Correct_or_Clear
XGBoost,4361,0,0,0.00025246149962130775,Correct_or_Clear
XGBoost,4362,1,1,1.0,Correct_or_Clear
XGBoost,4363,0,0,0.00025246149962130775,Correct_or_Clear
XGBoost,4364,0,0,0.00025246149962130775,Correct_or_Clear
XGBoost,4365,0,0,0.00025246149962130775,Correct_or_Clear
XGBoost,4366,0,0,0.00025246149962130775,Correct_or_Clear
XGBoost,4367,0,0,0.00025246149962130775,Correct_or_Clear
XGBoost,4368,0,0,0.00025246149962130775,Correct_or_Clear
XGBoost,4369,0,0,0.00025246149962130775,Correct_or_Clear
XGBoost,4370,0,0,0.00025246149962130775,Correct_or_Clear
XGBoost,4371,0,0,0.00025246149962130775,Correct_or_Clear
XGBoost,4372,0,0,0.0,Correct_or_Clear
XGBoost,4373,0,0,0.00025246149962130775,Correct_or_Clear
XGBoost,4374,0,0,0.00025246149962130775,Correct_or_Clear
XGBoost,4375,0,0,0.0,Correct_or_Clear
XGBoost,4376,0,0,0.0,Correct_or_Clear
XGBoost,4377,0,0,0.00025246149962130775,Correct_or_Clear
XGBoost,4378,0,0,0.00025246149962130775,Correct_or_Clear
XGBoost,4379,0,0,0.0,Correct_or_Clear
XGBoost,4380,0,0,0.0,Correct_or_Clear
XGBoost,4381,0,0,0.0,Correct_or_Clear
XGBoost,4382,0,0,0.0,Correct_or_Clear
XGBoost,4383,0,0,0.00025246149962130775,Correct_or_Clear
XGBoost,4384,0,0,0.0,Correct_or_Clear
XGBoost,4385,0,0,0.0,Correct_or_Clear
XGBoost,4386,0,0,0.0,Correct_or_Clear
XGBoost,4387,0,0,0.00025246149962130775,Correct_or_Clear
XGBoost,4388,0,0,0.00025246149962130775,Correct_or_Clear
XGBoost,4389,0,0,0.0,Correct_or_Clear
XGBoost,4390,0,0,0.0,Correct_or_Clear
XGBoost,4391,0,0,0.0,Correct_or_Clear
XGBoost,4392,0,0,0.00025246149962130775,Correct_or_Clear
XGBoost,4393,0,0,0.00025246149962130775,Correct_or_Clear
XGBoost,4394,0,0,0.00025246149962130775,Correct_or_Clear
XGBoost,4395,0,0,0.00025246149962130775,Correct_or_Clear
XGBoost,4396,0,0,0.0,Correct_or_Clear
XGBoost,4397,0,0,0.00025246149962130775,Correct_or_Clear
XGBoost,4398,0,0,0.0,Correct_or_Clear
XGBoost,4399,0,0,0.0,Correct_or_Clear
XGBoost,4400,0,0,0.00025246149962130775,Correct_or_Clear
XGBoost,4401,0,0,0.00025246149962130775,Correct_or_Clear
XGBoost,4402,0,0,0.00025246149962130775,Correct_or_Clear
XGBoost,4403,0,0,0.00025246149962130775,Correct_or_Clear
XGBoost,4404,0,0,0.00025246149962130775,Correct_or_Clear
XGBoost,4405,0,0,0.00025246149962130775,Correct_or_Clear
XGBoost,4406,0,0,0.0,Correct_or_Clear
XGBoost,4407,0,0,0.0,Correct_or_Clear
XGBoost,4408,0,0,0.0,Correct_or_Clear
XGBoost,4409,0,0,0.0,Correct_or_Clear
XGBoost,4410,0,0,0.0,Correct_or_Clear
XGBoost,4411,0,0,0.0,Correct_or_Clear
XGBoost,4412,0,0,0.0,Correct_or_Clear
XGBoost,4413,0,0,0.0,Correct_or_Clear
XGBoost,4414,0,0,0.0,Correct_or_Clear
XGBoost,4415,0,0,0.0,Correct_or_Clear
XGBoost,4416,0,0,0.0,Correct_or_Clear
XGBoost,4417,0,0,0.0,Correct_or_Clear
XGBoost,4418,0,0,0.0,Correct_or_Clear
XGBoost,4419,0,0,0.0,Correct_or_Clear
XGBoost,4420,0,0,0.0,Correct_or_Clear
XGBoost,4421,0,0,0.00025246149962130775,Correct_or_Clear
XGBoost,4422,0,0,0.00025246149962130775,Correct_or_Clear
XGBoost,4423,0,0,0.00025246149962130775,Correct_or_Clear
XGBoost,4424,0,0,0.0,Correct_or_Clear
XGBoost,4425,0,0,0.0,Correct_or_Clear
XGBoost,4426,0,0,0.00025246149962130775,Correct_or_Clear
XGBoost,4427,0,0,0.00025246149962130775,Correct_or_Clear
XGBoost,4428,0,0,0.00025246149962130775,Correct_or_Clear
XGBoost,4429,0,0,0.00025246149962130775,Correct_or_Clear
XGBoost,4430,0,0,0.0,Correct_or_Clear
XGBoost,4431,0,0,0.0,Correct_or_Clear
XGBoost,4432,0,0,0.00025246149962130775,Correct_or_Clear
XGBoost,4433,0,0,0.00025246149962130775,Correct_or_Clear
XGBoost,4434,0,0,0.00025246149962130775,Correct_or_Clear
XGBoost,4435,0,0,0.0,Correct_or_Clear
XGBoost,4436,0,0,0.0,Correct_or_Clear
XGBoost,4437,0,0,0.0,Correct_or_Clear
XGBoost,4438,0,0,0.0,Correct_or_Clear
XGBoost,4439,0,0,0.0,Correct_or_Clear
XGBoost,4440,0,0,0.0,Correct_or_Clear
XGBoost,4441,0,0,0.0,Correct_or_Clear
XGBoost,4442,0,0,0.0,Correct_or_Clear
XGBoost,4443,0,0,0.00025246149962130775,Correct_or_Clear
XGBoost,4444,0,0,0.0,Correct_or_Clear
XGBoost,4445,0,0,0.0,Correct_or_Clear
XGBoost,4446,0,0,0.0,Correct_or_Clear
XGBoost,4447,0,0,0.0,Correct_or_Clear
XGBoost,4448,0,0,0.0,Correct_or_Clear
XGBoost,4449,0,0,0.0,Correct_or_Clear
XGBoost,4450,0,0,0.0,Correct_or_Clear
XGBoost,4451,0,0,0.0,Correct_or_Clear
XGBoost,4452,0,0,0.0,Correct_or_Clear
XGBoost,4453,0,0,0.0,Correct_or_Clear
XGBoost,4454,0,0,0.0,Correct_or_Clear
XGBoost,4455,0,0,0.0,Correct_or_Clear
XGBoost,4456,0,0,0.0,Correct_or_Clear
XGBoost,4457,0,0,0.0,Correct_or_Clear
XGBoost,4458,0,0,0.00025246149962130775,Correct_or_Clear
XGBoost,4459,0,0,0.00025246149962130775,Correct_or_Clear
XGBoost,4460,0,0,0.00025246149962130775,Correct_or_Clear
XGBoost,4461,0,0,0.00025246149962130775,Correct_or_Clear
XGBoost,4462,0,0,0.00025246149962130775,Correct_or_Clear
XGBoost,4463,0,0,0.00025246149962130775,Correct_or_Clear
XGBoost,4464,0,0,0.00025246149962130775,Correct_or_Clear
XGBoost,4465,0,0,0.0,Correct_or_Clear
XGBoost,4466,0,0,0.0,Correct_or_Clear
XGBoost,4467,0,0,0.0,Correct_or_Clear
XGBoost,4468,0,0,0.0,Correct_or_Clear
XGBoost,4469,0,0,0.0,Correct_or_Clear
XGBoost,4470,0,0,0.0,Correct_or_Clear
XGBoost,4471,0,0,0.0,Correct_or_Clear
XGBoost,4472,0,0,0.0,Correct_or_Clear
XGBoost,4473,0,0,0.0,Correct_or_Clear
XGBoost,4474,0,0,0.00025246149962130775,Correct_or_Clear
XGBoost,4475,0,0,0.0,Correct_or_Clear
XGBoost,4476,0,0,0.00025246149962130775,Correct_or_Clear
XGBoost,4477,0,0,0.00025246149962130775,Correct_or_Clear
XGBoost,4478,0,0,0.00025246149962130775,Correct_or_Clear
XGBoost,4479,0,0,0.0,Correct_or_Clear
XGBoost,4480,0,0,0.0,Correct_or_Clear
XGBoost,4481,0,0,0.0,Correct_or_Clear
XGBoost,4482,0,0,0.0,Correct_or_Clear
XGBoost,4483,0,0,0.0,Correct_or_Clear
XGBoost,4484,0,0,0.0,Correct_or_Clear
XGBoost,4485,0,0,0.00025246149962130775,Correct_or_Clear
XGBoost,4486,0,0,0.0,Correct_or_Clear
XGBoost,4487,0,0,0.0,Correct_or_Clear
XGBoost,4488,0,0,0.0,Correct_or_Clear
XGBoost,4489,0,0,0.0,Correct_or_Clear
XGBoost,4490,0,0,0.0,Correct_or_Clear
XGBoost,4491,0,0,0.0,Correct_or_Clear
XGBoost,4492,0,0,0.0,Correct_or_Clear
XGBoost,4493,0,0,0.0,Correct_or_Clear
XGBoost,4494,0,0,0.0,Correct_or_Clear
XGBoost,4495,0,0,0.00025246149962130775,Correct_or_Clear
XGBoost,4496,0,0,0.00025246149962130775,Correct_or_Clear
XGBoost,4497,0,0,0.0,Correct_or_Clear
XGBoost,4498,0,0,0.0,Correct_or_Clear
XGBoost,4499,0,0,0.0,Correct_or_Clear
XGBoost,4500,0,0,0.0,Correct_or_Clear
XGBoost,4501,0,0,0.00025246149962130775,Correct_or_Clear
XGBoost,4502,0,0,0.0,Correct_or_Clear
XGBoost,4503,0,0,0.0,Correct_or_Clear
XGBoost,4504,0,0,0.0,Correct_or_Clear
XGBoost,4505,0,0,0.0,Correct_or_Clear
XGBoost,4506,0,0,0.00025246149962130775,Correct_or_Clear
XGBoost,4507,0,0,0.00025246149962130775,Correct_or_Clear
XGBoost,4508,0,0,0.00025246149962130775,Correct_or_Clear
XGBoost,4509,0,0,0.00025246149962130775,Correct_or_Clear
XGBoost,4510,0,0,0.00025246149962130775,Correct_or_Clear
XGBoost,4511,0,0,0.00025246149962130775,Correct_or_Clear
XGBoost,4512,0,0,0.00025246149962130775,Correct_or_Clear
XGBoost,4513,0,0,0.00025246149962130775,Correct_or_Clear
XGBoost,4514,0,0,0.00025246149962130775,Correct_or_Clear
XGBoost,4515,0,0,0.00025246149962130775,Correct_or_Clear
XGBoost,4516,0,0,0.00025246149962130775,Correct_or_Clear
XGBoost,4517,0,0,0.00025246149962130775,Correct_or_Clear
XGBoost,4518,0,0,0.00025246149962130775,Correct_or_Clear
XGBoost,4519,0,0,0.00025246149962130775,Correct_or_Clear
XGBoost,4520,0,0,0.00025246149962130775,Correct_or_Clear
XGBoost,4521,0,0,0.00025246149962130775,Correct_or_Clear
XGBoost,4522,0,0,0.00025246149962130775,Correct_or_Clear
XGBoost,4523,0,0,0.00025246149962130775,Correct_or_Clear
XGBoost,4524,1,1,1.0,Correct_or_Clear
XGBoost,4525,1,1,1.0,Correct_or_Clear
XGBoost,4526,0,0,0.00025246149962130775,Correct_or_Clear
XGBoost,4527,0,0,0.00025246149962130775,Correct_or_Clear
XGBoost,4528,0,0,0.00025246149962130775,Correct_or_Clear
XGBoost,4529,0,0,0.00025246149962130775,Correct_or_Clear
XGBoost,4530,0,0,0.00025246149962130775,Correct_or_Clear
XGBoost,4531,0,0,0.0,Correct_or_Clear
XGBoost,4532,0,0,0.00025246149962130775,Correct_or_Clear
XGBoost,4533,0,0,0.0,Correct_or_Clear
XGBoost,4534,0,0,0.0,Correct_or_Clear
XGBoost,4535,0,0,0.0,Correct_or_Clear
XGBoost,4536,0,0,0.00025246149962130775,Correct_or_Clear
XGBoost,4537,0,0,0.00025246149962130775,Correct_or_Clear
XGBoost,4538,0,0,0.0,Correct_or_Clear
XGBoost,4539,0,0,0.0,Correct_or_Clear
XGBoost,4540,0,0,0.0,Correct_or_Clear
XGBoost,4541,0,0,0.0,Correct_or_Clear
XGBoost,4542,0,0,0.00025246149962130775,Correct_or_Clear
XGBoost,4543,0,0,0.00025246149962130775,Correct_or_Clear
XGBoost,4544,0,0,0.00025246149962130775,Correct_or_Clear
XGBoost,4545,0,0,0.00025246149962130775,Correct_or_Clear
XGBoost,4546,0,0,0.00025246149962130775,Correct_or_Clear
XGBoost,4547,0,0,0.00025246149962130775,Correct_or_Clear
XGBoost,4548,0,0,0.00025246149962130775,Correct_or_Clear
XGBoost,4549,0,0,0.00025246149962130775,Correct_or_Clear
XGBoost,4550,0,0,0.00025246149962130775,Correct_or_Clear
XGBoost,4551,0,0,0.00025246149962130775,Correct_or_Clear
XGBoost,4552,0,0,0.00025246149962130775,Correct_or_Clear
XGBoost,4553,0,0,0.00025246149962130775,Correct_or_Clear
XGBoost,4554,0,0,0.00025246149962130775,Correct_or_Clear
XGBoost,4555,0,0,0.00025246149962130775,Correct_or_Clear
XGBoost,4556,0,0,0.00025246149962130775,Correct_or_Clear
XGBoost,4557,0,0,0.00025246149962130775,Correct_or_Clear
XGBoost,4558,0,0,0.00025246149962130775,Correct_or_Clear
XGBoost,4559,0,0,0.00025246149962130775,Correct_or_Clear
XGBoost,4560,0,0,0.00025246149962130775,Correct_or_Clear
XGBoost,4561,0,0,0.00025246149962130775,Correct_or_Clear
XGBoost,4562,0,0,0.00025246149962130775,Correct_or_Clear
XGBoost,4563,0,0,0.00025246149962130775,Correct_or_Clear
XGBoost,4564,0,0,0.00025246149962130775,Correct_or_Clear
XGBoost,4565,0,0,0.00025246149962130775,Correct_or_Clear
XGBoost,4566,0,0,0.00025246149962130775,Correct_or_Clear
XGBoost,4567,0,0,0.00025246149962130775,Correct_or_Clear
XGBoost,4568,0,0,0.00025246149962130775,Correct_or_Clear
XGBoost,4569,0,0,0.00025246149962130775,Correct_or_Clear
XGBoost,4570,0,0,0.00025246149962130775,Correct_or_Clear
XGBoost,4571,0,0,0.00025246149962130775,Correct_or_Clear
XGBoost,4572,0,0,0.00025246149962130775,Correct_or_Clear
XGBoost,4573,0,0,0.00025246149962130775,Correct_or_Clear
XGBoost,4574,0,0,0.00025246149962130775,Correct_or_Clear
XGBoost,4575,0,0,0.00025246149962130775,Correct_or_Clear
XGBoost,4576,0,0,0.00025246149962130775,Correct_or_Clear
XGBoost,4577,0,0,0.00025246149962130775,Correct_or_Clear
XGBoost,4578,0,0,0.00025246149962130775,Correct_or_Clear
XGBoost,4579,0,0,0.00025246149962130775,Correct_or_Clear
XGBoost,4580,0,0,0.00025246149962130775,Correct_or_Clear
XGBoost,4581,0,0,0.00025246149962130775,Correct_or_Clear
XGBoost,4582,0,0,0.00025246149962130775,Correct_or_Clear
XGBoost,4583,0,0,0.00025246149962130775,Correct_or_Clear
XGBoost,4584,0,0,0.00025246149962130775,Correct_or_Clear
XGBoost,4585,0,0,0.00025246149962130775,Correct_or_Clear
XGBoost,4586,0,0,0.00025246149962130775,Correct_or_Clear
XGBoost,4587,0,0,0.00025246149962130775,Correct_or_Clear
XGBoost,4588,0,0,0.00025246149962130775,Correct_or_Clear
XGBoost,4589,0,0,0.00025246149962130775,Correct_or_Clear
XGBoost,4590,0,0,0.00025246149962130775,Correct_or_Clear
XGBoost,4591,0,0,0.0,Correct_or_Clear
XGBoost,4592,0,0,0.00025246149962130775,Correct_or_Clear
XGBoost,4593,0,0,0.00025246149962130775,Correct_or_Clear
XGBoost,4594,0,0,0.00025246149962130775,Correct_or_Clear
XGBoost,4595,0,0,0.00025246149962130775,Correct_or_Clear
XGBoost,4596,0,0,0.00025246149962130775,Correct_or_Clear
XGBoost,4597,0,0,0.0,Correct_or_Clear
XGBoost,4598,0,0,0.00025246149962130775,Correct_or_Clear
XGBoost,4599,0,0,0.00025246149962130775,Correct_or_Clear
XGBoost,4600,0,0,0.00025246149962130775,Correct_or_Clear
XGBoost,4601,0,0,0.00025246149962130775,Correct_or_Clear
XGBoost,4602,0,0,0.0,Correct_or_Clear
XGBoost,4603,0,0,0.0,Correct_or_Clear
XGBoost,4604,0,0,0.00025246149962130775,Correct_or_Clear
XGBoost,4605,0,0,0.00025246149962130775,Correct_or_Clear
XGBoost,4606,0,0,0.00025246149962130775,Correct_or_Clear
XGBoost,4607,0,0,0.00025246149962130775,Correct_or_Clear
XGBoost,4608,0,0,0.00025246149962130775,Correct_or_Clear
XGBoost,4609,0,0,0.0,Correct_or_Clear
XGBoost,4610,0,0,0.00025246149962130775,Correct_or_Clear
XGBoost,4611,0,0,0.00025246149962130775,Correct_or_Clear
XGBoost,4612,0,0,0.0,Correct_or_Clear
XGBoost,4613,0,0,0.0,Correct_or_Clear
XGBoost,4614,0,0,0.00025246149962130775,Correct_or_Clear
XGBoost,4615,0,0,0.00025246149962130775,Correct_or_Clear
XGBoost,4616,0,0,0.00025246149962130775,Correct_or_Clear
XGBoost,4617,0,0,0.0,Correct_or_Clear
XGBoost,4618,0,0,0.00025246149962130775,Correct_or_Clear
XGBoost,4619,0,0,0.0,Correct_or_Clear
XGBoost,4620,0,0,0.00025246149962130775,Correct_or_Clear
XGBoost,4621,0,0,0.00025246149962130775,Correct_or_Clear
XGBoost,4622,0,0,0.00025246149962130775,Correct_or_Clear
XGBoost,4623,0,0,0.00025246149962130775,Correct_or_Clear
XGBoost,4624,0,0,0.00025246149962130775,Correct_or_Clear
XGBoost,4625,0,0,0.00025246149962130775,Correct_or_Clear
XGBoost,4626,0,0,0.0,Correct_or_Clear
XGBoost,4627,0,0,0.00025246149962130775,Correct_or_Clear
XGBoost,4628,0,0,0.0,Correct_or_Clear
XGBoost,4629,0,0,0.00025246149962130775,Correct_or_Clear
XGBoost,4630,0,0,0.00025246149962130775,Correct_or_Clear
XGBoost,4631,0,0,0.00025246149962130775,Correct_or_Clear
XGBoost,4632,0,0,0.00025246149962130775,Correct_or_Clear
XGBoost,4633,0,0,0.00025246149962130775,Correct_or_Clear
XGBoost,4634,0,0,0.00025246149962130775,Correct_or_Clear
XGBoost,4635,0,0,0.00025246149962130775,Correct_or_Clear
XGBoost,4636,0,0,0.0,Correct_or_Clear
XGBoost,4637,0,0,0.00025246149962130775,Correct_or_Clear
XGBoost,4638,0,0,0.00025246149962130775,Correct_or_Clear
XGBoost,4639,0,0,0.00025246149962130775,Correct_or_Clear
XGBoost,4640,0,0,0.00025246149962130775,Correct_or_Clear
XGBoost,4641,0,0,0.00025246149962130775,Correct_or_Clear
XGBoost,4642,0,0,0.0,Correct_or_Clear
XGBoost,4643,0,0,0.0,Correct_or_Clear
XGBoost,4644,0,0,0.00025246149962130775,Correct_or_Clear
XGBoost,4645,0,0,0.0,Correct_or_Clear
XGBoost,4646,0,0,0.00025246149962130775,Correct_or_Clear
XGBoost,4647,0,0,0.0,Correct_or_Clear
XGBoost,4648,0,0,0.0,Correct_or_Clear
XGBoost,4649,0,0,0.0,Correct_or_Clear
XGBoost,4650,0,0,0.00025246149962130775,Correct_or_Clear
XGBoost,4651,0,0,0.00025246149962130775,Correct_or_Clear
XGBoost,4652,0,0,0.0,Correct_or_Clear
XGBoost,4653,0,0,0.00025246149962130775,Correct_or_Clear
XGBoost,4654,0,0,0.0,Correct_or_Clear
XGBoost,4655,0,0,0.00025246149962130775,Correct_or_Clear
XGBoost,4656,0,0,0.00025246149962130775,Correct_or_Clear
XGBoost,4657,0,0,0.00025246149962130775,Correct_or_Clear
XGBoost,4658,0,0,0.00025246149962130775,Correct_or_Clear
XGBoost,4659,0,0,0.00025246149962130775,Correct_or_Clear
XGBoost,4660,0,0,0.00025246149962130775,Correct_or_Clear
XGBoost,4661,0,0,0.00025246149962130775,Correct_or_Clear
XGBoost,4662,0,0,0.00025246149962130775,Correct_or_Clear
XGBoost,4663,0,0,0.00025246149962130775,Correct_or_Clear
XGBoost,4664,0,0,0.00025246149962130775,Correct_or_Clear
XGBoost,4665,0,0,0.00025246149962130775,Correct_or_Clear
XGBoost,4666,0,0,0.00025246149962130775,Correct_or_Clear
XGBoost,4667,0,0,0.00025246149962130775,Correct_or_Clear
XGBoost,4668,0,0,0.00025246149962130775,Correct_or_Clear
XGBoost,4669,0,0,0.0,Correct_or_Clear
XGBoost,4670,0,0,0.0,Correct_or_Clear
XGBoost,4671,0,0,0.00025246149962130775,Correct_or_Clear
XGBoost,4672,0,0,0.00025246149962130775,Correct_or_Clear
XGBoost,4673,0,0,0.00025246149962130775,Correct_or_Clear
XGBoost,4674,0,0,0.00025246149962130775,Correct_or_Clear
XGBoost,4675,0,0,0.00025246149962130775,Correct_or_Clear
XGBoost,4676,0,0,0.00025246149962130775,Correct_or_Clear
XGBoost,4677,0,0,0.00025246149962130775,Correct_or_Clear
XGBoost,4678,0,0,0.00025246149962130775,Correct_or_Clear
XGBoost,4679,0,0,0.00025246149962130775,Correct_or_Clear
XGBoost,4680,0,0,0.00025246149962130775,Correct_or_Clear
XGBoost,4681,0,0,0.00025246149962130775,Correct_or_Clear
XGBoost,4682,0,0,0.00025246149962130775,Correct_or_Clear
XGBoost,4683,0,0,0.00025246149962130775,Correct_or_Clear
XGBoost,4684,0,0,0.00025246149962130775,Correct_or_Clear
XGBoost,4685,0,0,0.00025246149962130775,Correct_or_Clear
XGBoost,4686,0,0,0.0,Correct_or_Clear
XGBoost,4687,0,0,0.0,Correct_or_Clear
XGBoost,4688,0,0,0.0,Correct_or_Clear
XGBoost,4689,0,0,0.00025246149962130775,Correct_or_Clear
XGBoost,4690,0,0,0.00025246149962130775,Correct_or_Clear
XGBoost,4691,0,0,0.0,Correct_or_Clear
XGBoost,4692,0,0,0.00025246149962130775,Correct_or_Clear
XGBoost,4693,0,0,0.00025246149962130775,Correct_or_Clear
XGBoost,4694,0,0,0.0,Correct_or_Clear
XGBoost,4695,0,0,0.0,Correct_or_Clear
XGBoost,4696,0,0,0.00025246149962130775,Correct_or_Clear
XGBoost,4697,0,0,0.00025246149962130775,Correct_or_Clear
XGBoost,4698,0,0,0.00025246149962130775,Correct_or_Clear
XGBoost,4699,0,0,0.00025246149962130775,Correct_or_Clear
XGBoost,4700,0,0,0.00025246149962130775,Correct_or_Clear
XGBoost,4701,0,0,0.0,Correct_or_Clear
XGBoost,4702,1,1,1.0,Correct_or_Clear
XGBoost,4703,0,0,0.00025246149962130775,Correct_or_Clear
XGBoost,4704,0,0,0.00025246149962130775,Correct_or_Clear
XGBoost,4705,0,0,0.0,Correct_or_Clear
XGBoost,4706,0,0,0.00025246149962130775,Correct_or_Clear
XGBoost,4707,0,0,0.0,Correct_or_Clear
XGBoost,4708,0,0,0.0,Correct_or_Clear
XGBoost,4709,0,0,0.00025246149962130775,Correct_or_Clear
XGBoost,4710,0,0,0.00025246149962130775,Correct_or_Clear
XGBoost,4711,0,0,0.00025246149962130775,Correct_or_Clear
XGBoost,4712,0,0,0.00025246149962130775,Correct_or_Clear
XGBoost,4713,0,0,0.00025246149962130775,Correct_or_Clear
XGBoost,4714,0,0,0.0,Correct_or_Clear
XGBoost,4715,0,0,0.00025246149962130775,Correct_or_Clear
XGBoost,4716,1,1,1.0,Correct_or_Clear
XGBoost,4717,1,1,1.0,Correct_or_Clear
XGBoost,4718,0,0,0.00025246149962130775,Correct_or_Clear
XGBoost,4719,0,0,0.00025246149962130775,Correct_or_Clear
XGBoost,4720,0,0,0.00025246149962130775,Correct_or_Clear
XGBoost,4721,0,0,0.0,Correct_or_Clear
XGBoost,4722,0,0,0.0,Correct_or_Clear
XGBoost,4723,0,0,0.0,Correct_or_Clear
XGBoost,4724,1,1,1.0,Correct_or_Clear
XGBoost,4725,1,1,1.0,Correct_or_Clear
XGBoost,4726,0,0,0.00025246149962130775,Correct_or_Clear
XGBoost,4727,1,1,1.0,Correct_or_Clear
XGBoost,4728,0,0,0.00025246149962130775,Correct_or_Clear
XGBoost,4729,1,1,1.0,Correct_or_Clear
XGBoost,4730,0,0,0.00025246149962130775,Correct_or_Clear
XGBoost,4731,0,0,0.00025246149962130775,Correct_or_Clear
XGBoost,4732,0,0,0.0,Correct_or_Clear
XGBoost,4733,0,0,0.00025246149962130775,Correct_or_Clear
XGBoost,4734,0,0,0.00025246149962130775,Correct_or_Clear
XGBoost,4735,0,0,0.00025246149962130775,Correct_or_Clear
XGBoost,4736,0,0,0.00025246149962130775,Correct_or_Clear
XGBoost,4737,0,0,0.00025246149962130775,Correct_or_Clear
XGBoost,4738,0,0,0.00025246149962130775,Correct_or_Clear
XGBoost,4739,0,0,0.00025246149962130775,Correct_or_Clear
XGBoost,4740,0,0,0.00025246149962130775,Correct_or_Clear
XGBoost,4741,0,0,0.00025246149962130775,Correct_or_Clear
XGBoost,4742,0,0,0.00025246149962130775,Correct_or_Clear
XGBoost,4743,0,0,0.00025246149962130775,Correct_or_Clear
XGBoost,4744,0,0,0.00025246149962130775,Correct_or_Clear
XGBoost,4745,0,0,0.00025246149962130775,Correct_or_Clear
XGBoost,4746,0,0,0.00025246149962130775,Correct_or_Clear
XGBoost,4747,0,0,0.00025246149962130775,Correct_or_Clear
XGBoost,4748,0,0,0.00025246149962130775,Correct_or_Clear
XGBoost,4749,0,0,0.00025246149962130775,Correct_or_Clear
XGBoost,4750,0,0,0.00025246149962130775,Correct_or_Clear
XGBoost,4751,0,0,0.0,Correct_or_Clear
XGBoost,4752,0,0,0.00025246149962130775,Correct_or_Clear
XGBoost,4753,0,0,0.00025246149962130775,Correct_or_Clear
XGBoost,4754,0,0,0.00025246149962130775,Correct_or_Clear
XGBoost,4755,0,0,0.00025246149962130775,Correct_or_Clear
XGBoost,4756,0,0,0.00025246149962130775,Correct_or_Clear
XGBoost,4757,0,0,0.00025246149962130775,Correct_or_Clear
XGBoost,4758,0,0,0.00025246149962130775,Correct_or_Clear
XGBoost,4759,0,0,0.00025246149962130775,Correct_or_Clear
XGBoost,4760,0,0,0.00025246149962130775,Correct_or_Clear
XGBoost,4761,0,0,0.00025246149962130775,Correct_or_Clear
XGBoost,4762,0,0,0.00025246149962130775,Correct_or_Clear
XGBoost,4763,0,0,0.00025246149962130775,Correct_or_Clear
XGBoost,4764,0,0,0.00025246149962130775,Correct_or_Clear
XGBoost,4765,1,1,1.0,Correct_or_Clear
XGBoost,4766,0,0,0.00025246149962130775,Correct_or_Clear
XGBoost,4767,0,0,0.00025246149962130775,Correct_or_Clear
XGBoost,4768,0,0,0.00025246149962130775,Correct_or_Clear
XGBoost,4769,0,0,0.00025246149962130775,Correct_or_Clear
XGBoost,4770,0,0,0.00025246149962130775,Correct_or_Clear
XGBoost,4771,0,0,0.00025246149962130775,Correct_or_Clear
XGBoost,4772,0,0,0.0,Correct_or_Clear
XGBoost,4773,0,0,0.0,Correct_or_Clear
XGBoost,4774,0,0,0.00025246149962130775,Correct_or_Clear
XGBoost,4775,0,0,0.00025246149962130775,Correct_or_Clear
XGBoost,4776,0,0,0.0,Correct_or_Clear
XGBoost,4777,0,0,0.00025246149962130775,Correct_or_Clear
XGBoost,4778,0,0,0.0,Correct_or_Clear
XGBoost,4779,0,0,0.0,Correct_or_Clear
XGBoost,4780,0,0,0.0,Correct_or_Clear
XGBoost,4781,0,0,0.00025246149962130775,Correct_or_Clear
XGBoost,4782,0,0,0.0,Correct_or_Clear
XGBoost,4783,0,0,0.00025246149962130775,Correct_or_Clear
XGBoost,4784,0,0,0.00025246149962130775,Correct_or_Clear
XGBoost,4785,0,0,0.00025246149962130775,Correct_or_Clear
XGBoost,4786,0,0,0.00025246149962130775,Correct_or_Clear
XGBoost,4787,0,0,0.0,Correct_or_Clear
XGBoost,4788,0,0,0.00025246149962130775,Correct_or_Clear
XGBoost,4789,0,0,0.00025246149962130775,Correct_or_Clear
XGBoost,4790,0,0,0.0,Correct_or_Clear
XGBoost,4791,0,0,0.00025246149962130775,Correct_or_Clear
XGBoost,4792,0,0,0.0,Correct_or_Clear
XGBoost,4793,0,0,0.00025246149962130775,Correct_or_Clear
XGBoost,4794,0,0,0.00025246149962130775,Correct_or_Clear
XGBoost,4795,0,0,0.00025246149962130775,Correct_or_Clear
XGBoost,4796,0,0,0.00025246149962130775,Correct_or_Clear
XGBoost,4797,0,0,0.00025246149962130775,Correct_or_Clear
XGBoost,4798,0,0,0.0,Correct_or_Clear
XGBoost,4799,0,0,0.00025246149962130775,Correct_or_Clear
XGBoost,4800,0,0,0.00025246149962130775,Correct_or_Clear
XGBoost,4801,0,0,0.00025246149962130775,Correct_or_Clear
XGBoost,4802,1,1,1.0,Correct_or_Clear
XGBoost,4803,0,0,0.0,Correct_or_Clear
XGBoost,4804,0,0,0.00025246149962130775,Correct_or_Clear
XGBoost,4805,0,0,0.00025246149962130775,Correct_or_Clear
XGBoost,4806,0,0,0.00025246149962130775,Correct_or_Clear
XGBoost,4807,0,0,0.00025246149962130775,Correct_or_Clear
XGBoost,4808,0,0,0.00025246149962130775,Correct_or_Clear
XGBoost,4809,0,0,0.0,Correct_or_Clear
XGBoost,4810,0,0,0.00025246149962130775,Correct_or_Clear
XGBoost,4811,0,0,0.0,Correct_or_Clear
XGBoost,4812,0,0,0.00025246149962130775,Correct_or_Clear
XGBoost,4813,0,0,0.00025246149962130775,Correct_or_Clear
XGBoost,4814,0,0,0.00025246149962130775,Correct_or_Clear
XGBoost,4815,0,0,0.00025246149962130775,Correct_or_Clear
XGBoost,4816,0,0,0.0,Correct_or_Clear
XGBoost,4817,0,0,0.00025246149962130775,Correct_or_Clear
XGBoost,4818,0,0,0.00025246149962130775,Correct_or_Clear
XGBoost,4819,0,0,0.00025246149962130775,Correct_or_Clear
XGBoost,4820,0,0,0.00025246149962130775,Correct_or_Clear
XGBoost,4821,0,0,0.0,Correct_or_Clear
XGBoost,4822,0,0,0.0,Correct_or_Clear
XGBoost,4823,0,0,0.00025246149962130775,Correct_or_Clear
XGBoost,4824,0,0,0.00025246149962130775,Correct_or_Clear
XGBoost,4825,0,0,0.0,Correct_or_Clear
XGBoost,4826,0,0,0.00025246149962130775,Correct_or_Clear
XGBoost,4827,0,0,0.0,Correct_or_Clear
XGBoost,4828,0,0,0.00025246149962130775,Correct_or_Clear
XGBoost,4829,0,0,0.00025246149962130775,Correct_or_Clear
XGBoost,4830,0,0,0.00025246149962130775,Correct_or_Clear
XGBoost,4831,0,0,0.0,Correct_or_Clear
XGBoost,4832,0,0,0.00025246149962130775,Correct_or_Clear
XGBoost,4833,0,0,0.00025246149962130775,Correct_or_Clear
XGBoost,4834,1,1,1.0,Correct_or_Clear
XGBoost,4835,0,0,0.0,Correct_or_Clear
XGBoost,4836,0,0,0.0,Correct_or_Clear
XGBoost,4837,0,0,0.00025246149962130775,Correct_or_Clear
XGBoost,4838,0,0,0.00025246149962130775,Correct_or_Clear
XGBoost,4839,0,0,0.0,Correct_or_Clear
XGBoost,4840,0,0,0.0,Correct_or_Clear
XGBoost,4841,0,0,0.0,Correct_or_Clear
XGBoost,4842,0,0,0.00025246149962130775,Correct_or_Clear
XGBoost,4843,0,0,0.00025246149962130775,Correct_or_Clear
XGBoost,4844,0,0,0.00025246149962130775,Correct_or_Clear
XGBoost,4845,0,0,0.0,Correct_or_Clear
XGBoost,4846,0,0,0.0,Correct_or_Clear
XGBoost,4847,0,0,0.0,Correct_or_Clear
XGBoost,4848,1,1,1.0,Correct_or_Clear
XGBoost,4849,0,0,0.00025246149962130775,Correct_or_Clear
XGBoost,4850,0,0,0.00025246149962130775,Correct_or_Clear
XGBoost,4851,0,0,0.00025246149962130775,Correct_or_Clear
XGBoost,4852,0,0,0.00025246149962130775,Correct_or_Clear
XGBoost,4853,0,0,0.0,Correct_or_Clear
XGBoost,4854,0,0,0.0,Correct_or_Clear
XGBoost,4855,0,0,0.0,Correct_or_Clear
XGBoost,4856,0,0,0.0,Correct_or_Clear
XGBoost,4857,0,0,0.00025246149962130775,Correct_or_Clear
XGBoost,4858,0,0,0.00025246149962130775,Correct_or_Clear
XGBoost,4859,0,0,0.00025246149962130775,Correct_or_Clear
XGBoost,4860,0,0,0.0,Correct_or_Clear
XGBoost,4861,0,0,0.0,Correct_or_Clear
XGBoost,4862,0,0,0.00025246149962130775,Correct_or_Clear
XGBoost,4863,0,0,0.00025246149962130775,Correct_or_Clear
XGBoost,4864,0,0,0.0,Correct_or_Clear
XGBoost,4865,0,0,0.0,Correct_or_Clear
XGBoost,4866,0,0,0.00025246149962130775,Correct_or_Clear
XGBoost,4867,0,0,0.00025246149962130775,Correct_or_Clear
XGBoost,4868,0,0,0.0,Correct_or_Clear
XGBoost,4869,0,0,0.0,Correct_or_Clear
XGBoost,4870,0,0,0.00025246149962130775,Correct_or_Clear
XGBoost,4871,0,0,0.0,Correct_or_Clear
XGBoost,4872,0,0,0.0,Correct_or_Clear
XGBoost,4873,0,0,0.0,Correct_or_Clear
XGBoost,4874,0,0,0.00025246149962130775,Correct_or_Clear
XGBoost,4875,0,0,0.00025246149962130775,Correct_or_Clear
XGBoost,4876,0,0,0.00025246149962130775,Correct_or_Clear
XGBoost,4877,0,0,0.00025246149962130775,Correct_or_Clear
XGBoost,4878,0,0,0.00025246149962130775,Correct_or_Clear
XGBoost,4879,0,0,0.00025246149962130775,Correct_or_Clear
XGBoost,4880,0,0,0.0,Correct_or_Clear
XGBoost,4881,0,0,0.0,Correct_or_Clear
XGBoost,4882,0,0,0.0,Correct_or_Clear
XGBoost,4883,0,0,0.0,Correct_or_Clear
XGBoost,4884,0,0,0.00025246149962130775,Correct_or_Clear
XGBoost,4885,0,0,0.00025246149962130775,Correct_or_Clear
XGBoost,4886,0,0,0.00025246149962130775,Correct_or_Clear
XGBoost,4887,0,0,0.0,Correct_or_Clear
XGBoost,4888,0,0,0.00025246149962130775,Correct_or_Clear
XGBoost,4889,0,0,0.00025246149962130775,Correct_or_Clear
XGBoost,4890,0,0,0.00025246149962130775,Correct_or_Clear
XGBoost,4891,0,0,0.00025246149962130775,Correct_or_Clear
XGBoost,4892,0,0,0.00025246149962130775,Correct_or_Clear
XGBoost,4893,0,0,0.00025246149962130775,Correct_or_Clear
XGBoost,4894,0,0,0.00025246149962130775,Correct_or_Clear
XGBoost,4895,0,0,0.00025246149962130775,Correct_or_Clear
XGBoost,4896,0,0,0.00025246149962130775,Correct_or_Clear
XGBoost,4897,0,0,0.00025246149962130775,Correct_or_Clear
XGBoost,4898,0,0,0.00025246149962130775,Correct_or_Clear
XGBoost,4899,0,0,0.00025246149962130775,Correct_or_Clear
XGBoost,4900,0,0,0.00025246149962130775,Correct_or_Clear
XGBoost,4901,0,0,0.00025246149962130775,Correct_or_Clear
XGBoost,4902,0,0,0.00025246149962130775,Correct_or_Clear
XGBoost,4903,0,0,0.00025246149962130775,Correct_or_Clear
XGBoost,4904,0,0,0.00025246149962130775,Correct_or_Clear
XGBoost,4905,1,1,1.0,Correct_or_Clear
XGBoost,4906,0,0,0.00025246149962130775,Correct_or_Clear
XGBoost,4907,0,0,0.00025246149962130775,Correct_or_Clear
XGBoost,4908,0,0,0.00025246149962130775,Correct_or_Clear
XGBoost,4909,0,0,0.00025246149962130775,Correct_or_Clear
XGBoost,4910,0,0,0.00025246149962130775,Correct_or_Clear
XGBoost,4911,0,0,0.00025246149962130775,Correct_or_Clear
XGBoost,4912,0,0,0.00025246149962130775,Correct_or_Clear
XGBoost,4913,0,0,0.00025246149962130775,Correct_or_Clear
XGBoost,4914,0,0,0.0,Correct_or_Clear
XGBoost,4915,0,0,0.00025246149962130775,Correct_or_Clear
XGBoost,4916,0,0,0.00025246149962130775,Correct_or_Clear
XGBoost,4917,0,0,0.00025246149962130775,Correct_or_Clear
XGBoost,4918,0,0,0.00025246149962130775,Correct_or_Clear
XGBoost,4919,0,0,0.00025246149962130775,Correct_or_Clear
XGBoost,4920,0,0,0.00025246149962130775,Correct_or_Clear
XGBoost,4921,0,0,0.00025246149962130775,Correct_or_Clear
XGBoost,4922,0,0,0.00025246149962130775,Correct_or_Clear
XGBoost,4923,0,0,0.00025246149962130775,Correct_or_Clear
XGBoost,4924,0,0,0.00025246149962130775,Correct_or_Clear
XGBoost,4925,0,0,0.00025246149962130775,Correct_or_Clear
XGBoost,4926,1,1,1.0,Correct_or_Clear
XGBoost,4927,0,0,0.00025246149962130775,Correct_or_Clear
XGBoost,4928,0,0,0.0,Correct_or_Clear
XGBoost,4929,0,0,0.0,Correct_or_Clear
XGBoost,4930,0,0,0.0,Correct_or_Clear
XGBoost,4931,0,0,0.00025246149962130775,Correct_or_Clear
XGBoost,4932,0,0,0.00025246149962130775,Correct_or_Clear
XGBoost,4933,0,0,0.00025246149962130775,Correct_or_Clear
XGBoost,4934,0,0,0.00025246149962130775,Correct_or_Clear
XGBoost,4935,0,0,0.00025246149962130775,Correct_or_Clear
XGBoost,4936,0,0,0.00025246149962130775,Correct_or_Clear
XGBoost,4937,0,0,0.00025246149962130775,Correct_or_Clear
XGBoost,4938,0,0,0.00025246149962130775,Correct_or_Clear
XGBoost,4939,0,0,0.00025246149962130775,Correct_or_Clear
XGBoost,4940,0,0,0.00025246149962130775,Correct_or_Clear
XGBoost,4941,0,0,0.0,Correct_or_Clear
XGBoost,4942,0,0,0.00025246149962130775,Correct_or_Clear
XGBoost,4943,0,0,0.00025246149962130775,Correct_or_Clear
XGBoost,4944,0,0,0.00025246149962130775,Correct_or_Clear
XGBoost,4945,0,0,0.00025246149962130775,Correct_or_Clear
XGBoost,4946,0,0,0.0,Correct_or_Clear
XGBoost,4947,0,0,0.0,Correct_or_Clear
XGBoost,4948,0,0,0.0,Correct_or_Clear
XGBoost,4949,0,0,0.00025246149962130775,Correct_or_Clear
XGBoost,4950,0,0,0.00025246149962130775,Correct_or_Clear
XGBoost,4951,0,0,0.0,Correct_or_Clear
XGBoost,4952,0,0,0.00025246149962130775,Correct_or_Clear
XGBoost,4953,0,0,0.00025246149962130775,Correct_or_Clear
XGBoost,4954,0,0,0.00025246149962130775,Correct_or_Clear
XGBoost,4955,0,0,0.0,Correct_or_Clear
XGBoost,4956,0,0,0.0,Correct_or_Clear
XGBoost,4957,0,0,0.0,Correct_or_Clear
XGBoost,4958,0,0,0.00025246149962130775,Correct_or_Clear
XGBoost,4959,0,0,0.00025246149962130775,Correct_or_Clear
XGBoost,4960,0,0,0.00025246149962130775,Correct_or_Clear
XGBoost,4961,0,0,0.0,Correct_or_Clear
XGBoost,4962,0,0,0.0,Correct_or_Clear
XGBoost,4963,0,0,0.00025246149962130775,Correct_or_Clear
XGBoost,4964,0,0,0.00025246149962130775,Correct_or_Clear
XGBoost,4965,0,0,0.0,Correct_or_Clear
XGBoost,4966,0,0,0.00025246149962130775,Correct_or_Clear
XGBoost,4967,0,0,0.0,Correct_or_Clear
XGBoost,4968,0,0,0.00025246149962130775,Correct_or_Clear
XGBoost,4969,0,0,0.00025246149962130775,Correct_or_Clear
XGBoost,4970,0,0,0.00025246149962130775,Correct_or_Clear
XGBoost,4971,0,0,0.00025246149962130775,Correct_or_Clear
XGBoost,4972,0,0,0.00025246149962130775,Correct_or_Clear
XGBoost,4973,0,0,0.00025246149962130775,Correct_or_Clear
XGBoost,4974,0,0,0.00025246149962130775,Correct_or_Clear
XGBoost,4975,0,0,0.00025246149962130775,Correct_or_Clear
XGBoost,4976,0,0,0.00025246149962130775,Correct_or_Clear
XGBoost,4977,0,0,0.00025246149962130775,Correct_or_Clear
XGBoost,4978,0,0,0.00025246149962130775,Correct_or_Clear
XGBoost,4979,0,0,0.00025246149962130775,Correct_or_Clear
XGBoost,4980,0,0,0.00025246149962130775,Correct_or_Clear
XGBoost,4981,0,0,0.0,Correct_or_Clear
XGBoost,4982,0,0,0.0,Correct_or_Clear
XGBoost,4983,0,0,0.00025246149962130775,Correct_or_Clear
XGBoost,4984,0,0,0.00025246149962130775,Correct_or_Clear
XGBoost,4985,0,0,0.00025246149962130775,Correct_or_Clear
XGBoost,4986,0,0,0.00025246149962130775,Correct_or_Clear
XGBoost,4987,0,0,0.00025246149962130775,Correct_or_Clear
XGBoost,4988,0,0,0.0,Correct_or_Clear
XGBoost,4989,0,0,0.00025246149962130775,Correct_or_Clear
XGBoost,4990,0,0,0.00025246149962130775,Correct_or_Clear
XGBoost,4991,0,0,0.00025246149962130775,Correct_or_Clear
XGBoost,4992,0,0,0.00025246149962130775,Correct_or_Clear
XGBoost,4993,0,0,0.00025246149962130775,Correct_or_Clear
XGBoost,4994,0,0,0.00025246149962130775,Correct_or_Clear
XGBoost,4995,0,0,0.00025246149962130775,Correct_or_Clear
XGBoost,4996,1,1,1.0,Correct_or_Clear
XGBoost,4997,0,0,0.00025246149962130775,Correct_or_Clear
XGBoost,4998,0,0,0.0,Correct_or_Clear
XGBoost,4999,1,1,1.0,Correct_or_Clear
XGBoost,5000,1,1,1.0,Correct_or_Clear
XGBoost,5001,0,0,0.0,Correct_or_Clear
XGBoost,5002,0,0,0.00025246149962130775,Correct_or_Clear
XGBoost,5003,1,1,1.0,Correct_or_Clear
RandomForest,0,0,0,0.0002126754572522331,Correct_or_Clear
RandomForest,1,0,0,0.0002126754572522331,Correct_or_Clear
RandomForest,2,0,0,0.0002126754572522331,Correct_or_Clear
RandomForest,3,0,0,0.0002126754572522331,Correct_or_Clear
RandomForest,4,0,0,0.0002126754572522331,Correct_or_Clear
RandomForest,5,0,0,0.0002126754572522331,Correct_or_Clear
RandomForest,6,0,0,0.0002126754572522331,Correct_or_Clear
RandomForest,7,0,0,0.0002126754572522331,Correct_or_Clear
RandomForest,8,1,1,1.0,Correct_or_Clear
RandomForest,9,0,0,0.0002126754572522331,Correct_or_Clear
RandomForest,10,0,0,0.0002126754572522331,Correct_or_Clear
RandomForest,11,0,0,0.0002126754572522331,Correct_or_Clear
RandomForest,12,0,0,0.0002126754572522331,Correct_or_Clear
RandomForest,13,0,0,0.0002126754572522331,Correct_or_Clear
RandomForest,14,0,0,0.0002126754572522331,Correct_or_Clear
RandomForest,15,0,0,0.0002126754572522331,Correct_or_Clear
RandomForest,16,0,0,0.0002126754572522331,Correct_or_Clear
RandomForest,17,0,0,0.0002126754572522331,Correct_or_Clear
RandomForest,18,0,0,0.0002126754572522331,Correct_or_Clear
RandomForest,19,0,0,0.0002126754572522331,Correct_or_Clear
RandomForest,20,0,0,0.0002126754572522331,Correct_or_Clear
RandomForest,21,0,0,0.0002126754572522331,Correct_or_Clear
RandomForest,22,0,0,0.0002126754572522331,Correct_or_Clear
RandomForest,23,0,0,0.0002126754572522331,Correct_or_Clear
RandomForest,24,0,0,0.0002126754572522331,Correct_or_Clear
RandomForest,25,0,0,0.0002126754572522331,Correct_or_Clear
RandomForest,26,0,0,0.0002126754572522331,Correct_or_Clear
RandomForest,27,0,0,0.0002126754572522331,Correct_or_Clear
RandomForest,28,0,0,0.0002126754572522331,Correct_or_Clear
RandomForest,29,0,0,0.0002126754572522331,Correct_or_Clear
RandomForest,30,0,0,0.0002126754572522331,Correct_or_Clear
RandomForest,31,0,0,0.0002126754572522331,Correct_or_Clear
RandomForest,32,0,0,0.0002126754572522331,Correct_or_Clear
RandomForest,33,0,0,0.0002126754572522331,Correct_or_Clear
RandomForest,34,0,0,0.0002126754572522331,Correct_or_Clear
RandomForest,35,0,0,0.0002126754572522331,Correct_or_Clear
RandomForest,36,0,0,0.0002126754572522331,Correct_or_Clear
RandomForest,37,0,0,0.0002126754572522331,Correct_or_Clear
RandomForest,38,0,0,0.0002126754572522331,Correct_or_Clear
RandomForest,39,0,0,0.0002126754572522331,Correct_or_Clear
RandomForest,40,0,0,0.0002126754572522331,Correct_or_Clear
RandomForest,41,0,0,0.0002126754572522331,Correct_or_Clear
RandomForest,42,0,0,0.0002126754572522331,Correct_or_Clear
RandomForest,43,0,0,0.0002126754572522331,Correct_or_Clear
RandomForest,44,1,1,1.0,Correct_or_Clear
RandomForest,45,0,0,0.0002126754572522331,Correct_or_Clear
RandomForest,46,0,0,0.0002126754572522331,Correct_or_Clear
RandomForest,47,0,0,0.0002126754572522331,Correct_or_Clear
RandomForest,48,0,0,0.0002126754572522331,Correct_or_Clear
RandomForest,49,0,0,0.0002126754572522331,Correct_or_Clear
RandomForest,50,0,0,0.0002126754572522331,Correct_or_Clear
RandomForest,51,0,0,0.0002126754572522331,Correct_or_Clear
RandomForest,52,0,0,0.0002126754572522331,Correct_or_Clear
RandomForest,53,0,0,0.0002126754572522331,Correct_or_Clear
RandomForest,54,0,0,0.0002126754572522331,Correct_or_Clear
RandomForest,55,0,0,0.0002126754572522331,Correct_or_Clear
RandomForest,56,0,0,0.0002126754572522331,Correct_or_Clear
RandomForest,57,0,0,0.0002126754572522331,Correct_or_Clear
RandomForest,58,0,0,0.0002126754572522331,Correct_or_Clear
RandomForest,59,0,0,0.0002126754572522331,Correct_or_Clear
RandomForest,60,0,0,0.0002126754572522331,Correct_or_Clear
RandomForest,61,0,0,0.0002126754572522331,Correct_or_Clear
RandomForest,62,0,0,0.0002126754572522331,Correct_or_Clear
RandomForest,63,0,0,0.0002126754572522331,Correct_or_Clear
RandomForest,64,0,0,0.0002126754572522331,Correct_or_Clear
RandomForest,65,0,0,0.0002126754572522331,Correct_or_Clear
RandomForest,66,1,1,1.0,Correct_or_Clear
RandomForest,67,0,0,0.0002126754572522331,Correct_or_Clear
RandomForest,68,0,0,0.0002126754572522331,Correct_or_Clear
RandomForest,69,0,0,0.0002126754572522331,Correct_or_Clear
RandomForest,70,0,0,0.0002126754572522331,Correct_or_Clear
RandomForest,71,0,0,0.0002126754572522331,Correct_or_Clear
RandomForest,72,0,0,0.0002126754572522331,Correct_or_Clear
RandomForest,73,0,0,0.0002126754572522331,Correct_or_Clear
RandomForest,74,0,0,0.0002126754572522331,Correct_or_Clear
RandomForest,75,0,0,0.0002126754572522331,Correct_or_Clear
RandomForest,76,0,0,0.0002126754572522331,Correct_or_Clear
RandomForest,77,0,0,0.0002126754572522331,Correct_or_Clear
RandomForest,78,0,0,0.0002126754572522331,Correct_or_Clear
RandomForest,79,0,0,0.0002126754572522331,Correct_or_Clear
RandomForest,80,0,0,0.0002126754572522331,Correct_or_Clear
RandomForest,81,0,0,0.0002126754572522331,Correct_or_Clear
RandomForest,82,0,0,0.0002126754572522331,Correct_or_Clear
RandomForest,83,0,0,0.0002126754572522331,Correct_or_Clear
RandomForest,84,0,0,0.0002126754572522331,Correct_or_Clear
RandomForest,85,0,0,0.0002126754572522331,Correct_or_Clear
RandomForest,86,0,0,0.0002126754572522331,Correct_or_Clear
RandomForest,87,0,0,0.0002126754572522331,Correct_or_Clear
RandomForest,88,0,0,0.0002126754572522331,Correct_or_Clear
RandomForest,89,0,0,0.0002126754572522331,Correct_or_Clear
RandomForest,90,0,0,0.0002126754572522331,Correct_or_Clear
RandomForest,91,0,0,0.0002126754572522331,Correct_or_Clear
RandomForest,92,0,0,0.0002126754572522331,Correct_or_Clear
RandomForest,93,0,0,0.0002126754572522331,Correct_or_Clear
RandomForest,94,0,0,0.0002126754572522331,Correct_or_Clear
RandomForest,95,0,0,0.0002126754572522331,Correct_or_Clear
RandomForest,96,0,0,0.0002126754572522331,Correct_or_Clear
RandomForest,97,0,0,0.0002126754572522331,Correct_or_Clear
RandomForest,98,0,0,0.0002126754572522331,Correct_or_Clear
RandomForest,99,0,0,0.0002126754572522331,Correct_or_Clear
RandomForest,100,0,0,0.0002126754572522331,Correct_or_Clear
RandomForest,101,0,0,0.0002126754572522331,Correct_or_Clear
RandomForest,102,0,0,0.0002126754572522331,Correct_or_Clear
RandomForest,103,0,0,0.0002126754572522331,Correct_or_Clear
RandomForest,104,0,0,0.0002126754572522331,Correct_or_Clear
RandomForest,105,0,0,0.0002126754572522331,Correct_or_Clear
RandomForest,106,1,1,1.0,Correct_or_Clear
RandomForest,107,0,0,0.0002126754572522331,Correct_or_Clear
RandomForest,108,1,1,1.0,Correct_or_Clear
RandomForest,109,0,0,0.0002126754572522331,Correct_or_Clear
RandomForest,110,1,1,1.0,Correct_or_Clear
RandomForest,111,0,0,0.0002126754572522331,Correct_or_Clear
RandomForest,112,0,0,0.0002126754572522331,Correct_or_Clear
RandomForest,113,1,1,1.0,Correct_or_Clear
RandomForest,114,0,0,0.0002126754572522331,Correct_or_Clear
RandomForest,115,1,1,1.0,Correct_or_Clear
RandomForest,116,0,0,0.0002126754572522331,Correct_or_Clear
RandomForest,117,0,0,0.0002126754572522331,Correct_or_Clear
RandomForest,118,0,0,0.0002126754572522331,Correct_or_Clear
RandomForest,119,1,1,1.0,Correct_or_Clear
RandomForest,120,1,1,1.0,Correct_or_Clear
RandomForest,121,1,1,1.0,Correct_or_Clear
RandomForest,122,1,1,1.0,Correct_or_Clear
RandomForest,123,0,0,0.0002126754572522331,Correct_or_Clear
RandomForest,124,0,0,0.0002126754572522331,Correct_or_Clear
RandomForest,125,0,0,0.0002126754572522331,Correct_or_Clear
RandomForest,126,0,0,0.0002126754572522331,Correct_or_Clear
RandomForest,127,1,1,1.0,Correct_or_Clear
RandomForest,128,0,0,0.0002126754572522331,Correct_or_Clear
RandomForest,129,1,1,1.0,Correct_or_Clear
RandomForest,130,0,0,0.0002126754572522331,Correct_or_Clear
RandomForest,131,0,0,0.0002126754572522331,Correct_or_Clear
RandomForest,132,0,0,0.0002126754572522331,Correct_or_Clear
RandomForest,133,0,0,0.0002126754572522331,Correct_or_Clear
RandomForest,134,1,1,1.0,Correct_or_Clear
RandomForest,135,0,0,0.0002126754572522331,Correct_or_Clear
RandomForest,136,0,0,0.0002126754572522331,Correct_or_Clear
RandomForest,137,0,0,0.0002126754572522331,Correct_or_Clear
RandomForest,138,0,0,0.0002126754572522331,Correct_or_Clear
RandomForest,139,0,0,0.0002126754572522331,Correct_or_Clear
RandomForest,140,1,1,1.0,Correct_or_Clear
RandomForest,141,0,0,0.0002126754572522331,Correct_or_Clear
RandomForest,142,0,0,0.0002126754572522331,Correct_or_Clear
RandomForest,143,0,0,0.0002126754572522331,Correct_or_Clear
RandomForest,144,0,0,0.0002126754572522331,Correct_or_Clear
RandomForest,145,0,0,0.0002126754572522331,Correct_or_Clear
RandomForest,146,0,0,0.0002126754572522331,Correct_or_Clear
RandomForest,147,1,1,1.0,Correct_or_Clear
RandomForest,148,0,0,0.0002126754572522331,Correct_or_Clear
RandomForest,149,1,1,1.0,Correct_or_Clear
RandomForest,150,0,0,0.0002126754572522331,Correct_or_Clear
RandomForest,151,0,0,0.0002126754572522331,Correct_or_Clear
RandomForest,152,0,0,0.0002126754572522331,Correct_or_Clear
RandomForest,153,0,0,0.0002126754572522331,Correct_or_Clear
RandomForest,154,0,0,0.0002126754572522331,Correct_or_Clear
RandomForest,155,0,0,0.0002126754572522331,Correct_or_Clear
RandomForest,156,0,0,0.0002126754572522331,Correct_or_Clear
RandomForest,157,1,1,1.0,Correct_or_Clear
RandomForest,158,0,0,0.0002126754572522331,Correct_or_Clear
RandomForest,159,0,0,0.0002126754572522331,Correct_or_Clear
RandomForest,160,0,0,0.0002126754572522331,Correct_or_Clear
RandomForest,161,0,0,0.0002126754572522331,Correct_or_Clear
RandomForest,162,1,1,1.0,Correct_or_Clear
RandomForest,163,0,0,0.0002126754572522331,Correct_or_Clear
RandomForest,164,0,0,0.0002126754572522331,Correct_or_Clear
RandomForest,165,0,0,0.0002126754572522331,Correct_or_Clear
RandomForest,166,0,0,0.0002126754572522331,Correct_or_Clear
RandomForest,167,0,0,0.0002126754572522331,Correct_or_Clear
RandomForest,168,0,0,0.0002126754572522331,Correct_or_Clear
RandomForest,169,0,0,0.0002126754572522331,Correct_or_Clear
RandomForest,170,0,0,0.0002126754572522331,Correct_or_Clear
RandomForest,171,0,0,0.0002126754572522331,Correct_or_Clear
RandomForest,172,0,0,0.0002126754572522331,Correct_or_Clear
RandomForest,173,0,0,0.0002126754572522331,Correct_or_Clear
RandomForest,174,0,0,0.0002126754572522331,Correct_or_Clear
RandomForest,175,0,0,0.0002126754572522331,Correct_or_Clear
RandomForest,176,0,0,0.0002126754572522331,Correct_or_Clear
RandomForest,177,0,0,0.0002126754572522331,Correct_or_Clear
RandomForest,178,0,0,0.0002126754572522331,Correct_or_Clear
RandomForest,179,0,0,0.0002126754572522331,Correct_or_Clear
RandomForest,180,0,0,0.0002126754572522331,Correct_or_Clear
RandomForest,181,0,0,0.0002126754572522331,Correct_or_Clear
RandomForest,182,0,0,0.0002126754572522331,Correct_or_Clear
RandomForest,183,0,0,0.0002126754572522331,Correct_or_Clear
RandomForest,184,0,0,0.0002126754572522331,Correct_or_Clear
RandomForest,185,0,0,0.0002126754572522331,Correct_or_Clear
RandomForest,186,0,0,0.0002126754572522331,Correct_or_Clear
RandomForest,187,1,1,1.0,Correct_or_Clear
RandomForest,188,0,0,0.0002126754572522331,Correct_or_Clear
RandomForest,189,0,0,0.0002126754572522331,Correct_or_Clear
RandomForest,190,0,0,0.0002126754572522331,Correct_or_Clear
RandomForest,191,0,0,0.0002126754572522331,Correct_or_Clear
RandomForest,192,0,0,0.0002126754572522331,Correct_or_Clear
RandomForest,193,0,0,0.0002126754572522331,Correct_or_Clear
RandomForest,194,0,0,0.0002126754572522331,Correct_or_Clear
RandomForest,195,0,0,0.0002126754572522331,Correct_or_Clear
RandomForest,196,0,0,0.0002126754572522331,Correct_or_Clear
RandomForest,197,0,0,0.0002126754572522331,Correct_or_Clear
RandomForest,198,0,0,0.0002126754572522331,Correct_or_Clear
RandomForest,199,0,0,0.0002126754572522331,Correct_or_Clear
RandomForest,200,0,0,0.0002126754572522331,Correct_or_Clear
RandomForest,201,0,0,0.0002126754572522331,Correct_or_Clear
RandomForest,202,0,0,0.0002126754572522331,Correct_or_Clear
RandomForest,203,1,1,1.0,Correct_or_Clear
RandomForest,204,0,0,0.0002126754572522331,Correct_or_Clear
RandomForest,205,0,0,0.0002126754572522331,Correct_or_Clear
RandomForest,206,0,0,0.0002126754572522331,Correct_or_Clear
RandomForest,207,0,0,0.0002126754572522331,Correct_or_Clear
RandomForest,208,0,0,0.0002126754572522331,Correct_or_Clear
RandomForest,209,0,0,0.0002126754572522331,Correct_or_Clear
RandomForest,210,0,0,0.0002126754572522331,Correct_or_Clear
RandomForest,211,0,0,0.0002126754572522331,Correct_or_Clear
RandomForest,212,0,0,0.0002126754572522331,Correct_or_Clear
RandomForest,213,0,0,0.0002126754572522331,Correct_or_Clear
RandomForest,214,0,0,0.0002126754572522331,Correct_or_Clear
RandomForest,215,0,0,0.0002126754572522331,Correct_or_Clear
RandomForest,216,0,0,0.0002126754572522331,Correct_or_Clear
RandomForest,217,0,0,0.0002126754572522331,Correct_or_Clear
RandomForest,218,0,0,0.0002126754572522331,Correct_or_Clear
RandomForest,219,0,0,0.0002126754572522331,Correct_or_Clear
RandomForest,220,0,0,0.0002126754572522331,Correct_or_Clear
RandomForest,221,0,0,0.0002126754572522331,Correct_or_Clear
RandomForest,222,0,0,0.0002126754572522331,Correct_or_Clear
RandomForest,223,0,0,0.0002126754572522331,Correct_or_Clear
RandomForest,224,0,0,0.0002126754572522331,Correct_or_Clear
RandomForest,225,0,0,0.0002126754572522331,Correct_or_Clear
RandomForest,226,0,0,0.0002126754572522331,Correct_or_Clear
RandomForest,227,0,0,0.0002126754572522331,Correct_or_Clear
RandomForest,228,0,0,0.0002126754572522331,Correct_or_Clear
RandomForest,229,0,0,0.0002126754572522331,Correct_or_Clear
RandomForest,230,0,0,0.0002126754572522331,Correct_or_Clear
RandomForest,231,1,1,1.0,Correct_or_Clear
RandomForest,232,0,0,0.0002126754572522331,Correct_or_Clear
RandomForest,233,0,0,0.0002126754572522331,Correct_or_Clear
RandomForest,234,0,0,0.0002126754572522331,Correct_or_Clear
RandomForest,235,0,0,0.0002126754572522331,Correct_or_Clear
RandomForest,236,0,0,0.0002126754572522331,Correct_or_Clear
RandomForest,237,0,0,0.0002126754572522331,Correct_or_Clear
RandomForest,238,0,0,0.0002126754572522331,Correct_or_Clear
RandomForest,239,0,0,0.0002126754572522331,Correct_or_Clear
RandomForest,240,0,0,0.0002126754572522331,Correct_or_Clear
RandomForest,241,0,0,0.0002126754572522331,Correct_or_Clear
RandomForest,242,0,0,0.0002126754572522331,Correct_or_Clear
RandomForest,243,0,0,0.0002126754572522331,Correct_or_Clear
RandomForest,244,0,0,0.0002126754572522331,Correct_or_Clear
RandomForest,245,0,0,0.0002126754572522331,Correct_or_Clear
RandomForest,246,0,0,0.0002126754572522331,Correct_or_Clear
RandomForest,247,0,0,0.0002126754572522331,Correct_or_Clear
RandomForest,248,0,0,0.0002126754572522331,Correct_or_Clear
RandomForest,249,0,0,0.0002126754572522331,Correct_or_Clear
RandomForest,250,0,0,0.0002126754572522331,Correct_or_Clear
RandomForest,251,0,0,0.0002126754572522331,Correct_or_Clear
RandomForest,252,0,0,0.0002126754572522331,Correct_or_Clear
RandomForest,253,0,0,0.0002126754572522331,Correct_or_Clear
RandomForest,254,0,0,0.0002126754572522331,Correct_or_Clear
RandomForest,255,0,0,0.0002126754572522331,Correct_or_Clear
RandomForest,256,0,0,0.0002126754572522331,Correct_or_Clear
RandomForest,257,0,0,0.0002126754572522331,Correct_or_Clear
RandomForest,258,0,0,0.0002126754572522331,Correct_or_Clear
RandomForest,259,0,0,0.0002126754572522331,Correct_or_Clear
RandomForest,260,0,0,0.0002126754572522331,Correct_or_Clear
RandomForest,261,0,0,0.0002126754572522331,Correct_or_Clear
RandomForest,262,0,0,0.0002126754572522331,Correct_or_Clear
RandomForest,263,0,0,0.0002126754572522331,Correct_or_Clear
RandomForest,264,0,0,0.0002126754572522331,Correct_or_Clear
RandomForest,265,0,0,0.0002126754572522331,Correct_or_Clear
RandomForest,266,0,0,0.0002126754572522331,Correct_or_Clear
RandomForest,267,0,0,0.0002126754572522331,Correct_or_Clear
RandomForest,268,0,0,0.0002126754572522331,Correct_or_Clear
RandomForest,269,0,0,0.0002126754572522331,Correct_or_Clear
RandomForest,270,0,0,0.0002126754572522331,Correct_or_Clear
RandomForest,271,0,0,0.0002126754572522331,Correct_or_Clear
RandomForest,272,0,0,0.0002126754572522331,Correct_or_Clear
RandomForest,273,0,0,0.0002126754572522331,Correct_or_Clear
RandomForest,274,0,0,0.0002126754572522331,Correct_or_Clear
RandomForest,275,0,0,0.0002126754572522331,Correct_or_Clear
RandomForest,276,1,1,1.0,Correct_or_Clear
RandomForest,277,0,0,0.0002126754572522331,Correct_or_Clear
RandomForest,278,0,0,0.0002126754572522331,Correct_or_Clear
RandomForest,279,0,0,0.0002126754572522331,Correct_or_Clear
RandomForest,280,0,0,0.0002126754572522331,Correct_or_Clear
RandomForest,281,0,0,0.0002126754572522331,Correct_or_Clear
RandomForest,282,0,0,0.0002126754572522331,Correct_or_Clear
RandomForest,283,0,0,0.0002126754572522331,Correct_or_Clear
RandomForest,284,0,0,0.0002126754572522331,Correct_or_Clear
RandomForest,285,0,0,0.0002126754572522331,Correct_or_Clear
RandomForest,286,0,0,0.0002126754572522331,Correct_or_Clear
RandomForest,287,0,0,0.0002126754572522331,Correct_or_Clear
RandomForest,288,0,0,0.0002126754572522331,Correct_or_Clear
RandomForest,289,0,0,0.0002126754572522331,Correct_or_Clear
RandomForest,290,0,0,0.0002126754572522331,Correct_or_Clear
RandomForest,291,0,0,0.0002126754572522331,Correct_or_Clear
RandomForest,292,0,0,0.0002126754572522331,Correct_or_Clear
RandomForest,293,0,0,0.0002126754572522331,Correct_or_Clear
RandomForest,294,0,0,0.0002126754572522331,Correct_or_Clear
RandomForest,295,0,0,0.0002126754572522331,Correct_or_Clear
RandomForest,296,0,0,0.0002126754572522331,Correct_or_Clear
RandomForest,297,0,0,0.0002126754572522331,Correct_or_Clear
RandomForest,298,0,0,0.0002126754572522331,Correct_or_Clear
RandomForest,299,0,0,0.0002126754572522331,Correct_or_Clear
RandomForest,300,0,0,0.0002126754572522331,Correct_or_Clear
RandomForest,301,0,0,0.0002126754572522331,Correct_or_Clear
RandomForest,302,0,0,0.0002126754572522331,Correct_or_Clear
RandomForest,303,0,0,0.0002126754572522331,Correct_or_Clear
RandomForest,304,0,0,0.0002126754572522331,Correct_or_Clear
RandomForest,305,0,0,0.0002126754572522331,Correct_or_Clear
RandomForest,306,0,0,0.0002126754572522331,Correct_or_Clear
RandomForest,307,0,0,0.0002126754572522331,Correct_or_Clear
RandomForest,308,0,0,0.0002126754572522331,Correct_or_Clear
RandomForest,309,0,0,0.0002126754572522331,Correct_or_Clear
RandomForest,310,0,0,0.0002126754572522331,Correct_or_Clear
RandomForest,311,0,0,0.0002126754572522331,Correct_or_Clear
RandomForest,312,0,0,0.0002126754572522331,Correct_or_Clear
RandomForest,313,0,0,0.0002126754572522331,Correct_or_Clear
RandomForest,314,0,0,0.0002126754572522331,Correct_or_Clear
RandomForest,315,0,0,0.0002126754572522331,Correct_or_Clear
RandomForest,316,0,0,0.0002126754572522331,Correct_or_Clear
RandomForest,317,1,1,1.0,Correct_or_Clear
RandomForest,318,0,0,0.0002126754572522331,Correct_or_Clear
RandomForest,319,0,0,0.0002126754572522331,Correct_or_Clear
RandomForest,320,0,0,0.0002126754572522331,Correct_or_Clear
RandomForest,321,0,0,0.0002126754572522331,Correct_or_Clear
RandomForest,322,0,0,0.0002126754572522331,Correct_or_Clear
RandomForest,323,0,0,0.0002126754572522331,Correct_or_Clear
RandomForest,324,0,0,0.0002126754572522331,Correct_or_Clear
RandomForest,325,0,0,0.0002126754572522331,Correct_or_Clear
RandomForest,326,0,0,0.0002126754572522331,Correct_or_Clear
RandomForest,327,0,0,0.0002126754572522331,Correct_or_Clear
RandomForest,328,0,0,0.0002126754572522331,Correct_or_Clear
RandomForest,329,0,0,0.0002126754572522331,Correct_or_Clear
RandomForest,330,0,0,0.0002126754572522331,Correct_or_Clear
RandomForest,331,0,0,0.0002126754572522331,Correct_or_Clear
RandomForest,332,0,0,0.0002126754572522331,Correct_or_Clear
RandomForest,333,0,0,0.0002126754572522331,Correct_or_Clear
RandomForest,334,0,0,0.0002126754572522331,Correct_or_Clear
RandomForest,335,0,0,0.0002126754572522331,Correct_or_Clear
RandomForest,336,0,0,0.0002126754572522331,Correct_or_Clear
RandomForest,337,0,0,0.0002126754572522331,Correct_or_Clear
RandomForest,338,0,0,0.0002126754572522331,Correct_or_Clear
RandomForest,339,0,0,0.0002126754572522331,Correct_or_Clear
RandomForest,340,0,0,0.0002126754572522331,Correct_or_Clear
RandomForest,341,0,0,0.0002126754572522331,Correct_or_Clear
RandomForest,342,0,0,0.0002126754572522331,Correct_or_Clear
RandomForest,343,0,0,0.0002126754572522331,Correct_or_Clear
RandomForest,344,0,0,0.0002126754572522331,Correct_or_Clear
RandomForest,345,0,0,0.0002126754572522331,Correct_or_Clear
RandomForest,346,0,0,0.0002126754572522331,Correct_or_Clear
RandomForest,347,0,0,0.0002126754572522331,Correct_or_Clear
RandomForest,348,0,0,0.0002126754572522331,Correct_or_Clear
RandomForest,349,0,0,0.0002126754572522331,Correct_or_Clear
RandomForest,350,0,0,0.0002126754572522331,Correct_or_Clear
RandomForest,351,0,0,0.0002126754572522331,Correct_or_Clear
RandomForest,352,0,0,0.0002126754572522331,Correct_or_Clear
RandomForest,353,0,0,0.0002126754572522331,Correct_or_Clear
RandomForest,354,0,0,0.0002126754572522331,Correct_or_Clear
RandomForest,355,0,0,0.0002126754572522331,Correct_or_Clear
RandomForest,356,0,0,0.0002126754572522331,Correct_or_Clear
RandomForest,357,0,0,0.0002126754572522331,Correct_or_Clear
RandomForest,358,0,0,0.0002126754572522331,Correct_or_Clear
RandomForest,359,0,0,0.0002126754572522331,Correct_or_Clear
RandomForest,360,0,0,0.0002126754572522331,Correct_or_Clear
RandomForest,361,0,0,0.0002126754572522331,Correct_or_Clear
RandomForest,362,0,0,0.0002126754572522331,Correct_or_Clear
RandomForest,363,0,0,0.0002126754572522331,Correct_or_Clear
RandomForest,364,0,0,0.0002126754572522331,Correct_or_Clear
RandomForest,365,0,0,0.0002126754572522331,Correct_or_Clear
RandomForest,366,0,0,0.0002126754572522331,Correct_or_Clear
RandomForest,367,0,0,0.0002126754572522331,Correct_or_Clear
RandomForest,368,0,0,0.0002126754572522331,Correct_or_Clear
RandomForest,369,0,0,0.0002126754572522331,Correct_or_Clear
RandomForest,370,0,0,0.0002126754572522331,Correct_or_Clear
RandomForest,371,0,0,0.0002126754572522331,Correct_or_Clear
RandomForest,372,0,0,0.0002126754572522331,Correct_or_Clear
RandomForest,373,0,0,0.0002126754572522331,Correct_or_Clear
RandomForest,374,0,0,0.0002126754572522331,Correct_or_Clear
RandomForest,375,0,0,0.0002126754572522331,Correct_or_Clear
RandomForest,376,0,0,0.0002126754572522331,Correct_or_Clear
RandomForest,377,0,0,0.0002126754572522331,Correct_or_Clear
RandomForest,378,0,0,0.0002126754572522331,Correct_or_Clear
RandomForest,379,0,0,0.0002126754572522331,Correct_or_Clear
RandomForest,380,0,0,0.0002126754572522331,Correct_or_Clear
RandomForest,381,0,0,0.0002126754572522331,Correct_or_Clear
RandomForest,382,0,0,0.0002126754572522331,Correct_or_Clear
RandomForest,383,0,0,0.0002126754572522331,Correct_or_Clear
RandomForest,384,0,0,0.0002126754572522331,Correct_or_Clear
RandomForest,385,0,0,0.0002126754572522331,Correct_or_Clear
RandomForest,386,0,0,0.0002126754572522331,Correct_or_Clear
RandomForest,387,0,0,0.0002126754572522331,Correct_or_Clear
RandomForest,388,0,0,0.0002126754572522331,Correct_or_Clear
RandomForest,389,0,0,0.0002126754572522331,Correct_or_Clear
RandomForest,390,0,0,0.0002126754572522331,Correct_or_Clear
RandomForest,391,0,0,0.0002126754572522331,Correct_or_Clear
RandomForest,392,0,0,0.0002126754572522331,Correct_or_Clear
RandomForest,393,0,0,0.0002126754572522331,Correct_or_Clear
RandomForest,394,0,0,0.0002126754572522331,Correct_or_Clear
RandomForest,395,0,0,0.0002126754572522331,Correct_or_Clear
RandomForest,396,0,0,0.0002126754572522331,Correct_or_Clear
RandomForest,397,0,0,0.0002126754572522331,Correct_or_Clear
RandomForest,398,0,0,0.0002126754572522331,Correct_or_Clear
RandomForest,399,0,0,0.0002126754572522331,Correct_or_Clear
RandomForest,400,0,0,0.0002126754572522331,Correct_or_Clear
RandomForest,401,0,0,0.0002126754572522331,Correct_or_Clear
RandomForest,402,0,0,0.0002126754572522331,Correct_or_Clear
RandomForest,403,0,0,0.0002126754572522331,Correct_or_Clear
RandomForest,404,0,0,0.0002126754572522331,Correct_or_Clear
RandomForest,405,0,0,0.0002126754572522331,Correct_or_Clear
RandomForest,406,0,0,0.0002126754572522331,Correct_or_Clear
RandomForest,407,0,0,0.0002126754572522331,Correct_or_Clear
RandomForest,408,0,0,0.0002126754572522331,Correct_or_Clear
RandomForest,409,0,0,0.0002126754572522331,Correct_or_Clear
RandomForest,410,0,0,0.0002126754572522331,Correct_or_Clear
RandomForest,411,0,0,0.0002126754572522331,Correct_or_Clear
RandomForest,412,0,0,0.0002126754572522331,Correct_or_Clear
RandomForest,413,0,0,0.0002126754572522331,Correct_or_Clear
RandomForest,414,0,0,0.0002126754572522331,Correct_or_Clear
RandomForest,415,0,0,0.0002126754572522331,Correct_or_Clear
RandomForest,416,0,0,0.0002126754572522331,Correct_or_Clear
RandomForest,417,0,0,0.0002126754572522331,Correct_or_Clear
RandomForest,418,0,0,0.0002126754572522331,Correct_or_Clear
RandomForest,419,0,0,0.0002126754572522331,Correct_or_Clear
RandomForest,420,0,0,0.0002126754572522331,Correct_or_Clear
RandomForest,421,0,0,0.0002126754572522331,Correct_or_Clear
RandomForest,422,0,0,0.0002126754572522331,Correct_or_Clear
RandomForest,423,0,0,0.0002126754572522331,Correct_or_Clear
RandomForest,424,0,0,0.0002126754572522331,Correct_or_Clear
RandomForest,425,0,0,0.0002126754572522331,Correct_or_Clear
RandomForest,426,0,0,0.0002126754572522331,Correct_or_Clear
RandomForest,427,0,0,0.0002126754572522331,Correct_or_Clear
RandomForest,428,0,0,0.0002126754572522331,Correct_or_Clear
RandomForest,429,0,0,0.0002126754572522331,Correct_or_Clear
RandomForest,430,0,0,0.0002126754572522331,Correct_or_Clear
RandomForest,431,0,0,0.0002126754572522331,Correct_or_Clear
RandomForest,432,0,0,0.0002126754572522331,Correct_or_Clear
RandomForest,433,0,0,0.0002126754572522331,Correct_or_Clear
RandomForest,434,0,0,0.0002126754572522331,Correct_or_Clear
RandomForest,435,0,0,0.0002126754572522331,Correct_or_Clear
RandomForest,436,0,0,0.0002126754572522331,Correct_or_Clear
RandomForest,437,0,0,0.0002126754572522331,Correct_or_Clear
RandomForest,438,0,0,0.0002126754572522331,Correct_or_Clear
RandomForest,439,0,0,0.0002126754572522331,Correct_or_Clear
RandomForest,440,0,0,0.0002126754572522331,Correct_or_Clear
RandomForest,441,0,0,0.0002126754572522331,Correct_or_Clear
RandomForest,442,0,0,0.0002126754572522331,Correct_or_Clear
RandomForest,443,0,0,0.0002126754572522331,Correct_or_Clear
RandomForest,444,0,0,0.0002126754572522331,Correct_or_Clear
RandomForest,445,0,0,0.0002126754572522331,Correct_or_Clear
RandomForest,446,0,0,0.0002126754572522331,Correct_or_Clear
RandomForest,447,0,0,0.0002126754572522331,Correct_or_Clear
RandomForest,448,0,0,0.0002126754572522331,Correct_or_Clear
RandomForest,449,0,0,0.0002126754572522331,Correct_or_Clear
RandomForest,450,0,0,0.0002126754572522331,Correct_or_Clear
RandomForest,451,0,0,0.0002126754572522331,Correct_or_Clear
RandomForest,452,0,0,0.0002126754572522331,Correct_or_Clear
RandomForest,453,0,0,0.0002126754572522331,Correct_or_Clear
RandomForest,454,0,0,0.0002126754572522331,Correct_or_Clear
RandomForest,455,0,0,0.0002126754572522331,Correct_or_Clear
RandomForest,456,0,0,0.0002126754572522331,Correct_or_Clear
RandomForest,457,0,0,0.0002126754572522331,Correct_or_Clear
RandomForest,458,0,0,0.0002126754572522331,Correct_or_Clear
RandomForest,459,0,0,0.0002126754572522331,Correct_or_Clear
RandomForest,460,0,0,0.0002126754572522331,Correct_or_Clear
RandomForest,461,1,1,1.0,Correct_or_Clear
RandomForest,462,0,0,0.0002126754572522331,Correct_or_Clear
RandomForest,463,0,0,0.0002126754572522331,Correct_or_Clear
RandomForest,464,1,1,1.0,Correct_or_Clear
RandomForest,465,0,0,0.0002126754572522331,Correct_or_Clear
RandomForest,466,0,0,0.0002126754572522331,Correct_or_Clear
RandomForest,467,0,0,0.0002126754572522331,Correct_or_Clear
RandomForest,468,0,0,0.0002126754572522331,Correct_or_Clear
RandomForest,469,0,0,0.0002126754572522331,Correct_or_Clear
RandomForest,470,0,0,0.0002126754572522331,Correct_or_Clear
RandomForest,471,0,0,0.0002126754572522331,Correct_or_Clear
RandomForest,472,0,0,0.0002126754572522331,Correct_or_Clear
RandomForest,473,1,1,1.0,Correct_or_Clear
RandomForest,474,0,0,0.0002126754572522331,Correct_or_Clear
RandomForest,475,0,0,0.0002126754572522331,Correct_or_Clear
RandomForest,476,0,0,0.0002126754572522331,Correct_or_Clear
RandomForest,477,0,0,0.0002126754572522331,Correct_or_Clear
RandomForest,478,1,1,1.0,Correct_or_Clear
RandomForest,479,0,0,0.0002126754572522331,Correct_or_Clear
RandomForest,480,0,0,0.0002126754572522331,Correct_or_Clear
RandomForest,481,0,0,0.0002126754572522331,Correct_or_Clear
RandomForest,482,0,0,0.0002126754572522331,Correct_or_Clear
RandomForest,483,0,0,0.0002126754572522331,Correct_or_Clear
RandomForest,484,0,0,0.0002126754572522331,Correct_or_Clear
RandomForest,485,0,0,0.0002126754572522331,Correct_or_Clear
RandomForest,486,0,0,0.0002126754572522331,Correct_or_Clear
RandomForest,487,0,0,0.0002126754572522331,Correct_or_Clear
RandomForest,488,0,0,0.0002126754572522331,Correct_or_Clear
RandomForest,489,0,0,0.0002126754572522331,Correct_or_Clear
RandomForest,490,0,0,0.0002126754572522331,Correct_or_Clear
RandomForest,491,1,1,1.0,Correct_or_Clear
RandomForest,492,1,1,1.0,Correct_or_Clear
RandomForest,493,1,1,1.0,Correct_or_Clear
RandomForest,494,0,0,0.0002126754572522331,Correct_or_Clear
RandomForest,495,0,0,0.0002126754572522331,Correct_or_Clear
RandomForest,496,0,0,0.0002126754572522331,Correct_or_Clear
RandomForest,497,0,0,0.0002126754572522331,Correct_or_Clear
RandomForest,498,0,0,0.0002126754572522331,Correct_or_Clear
RandomForest,499,0,0,0.0002126754572522331,Correct_or_Clear
RandomForest,500,0,0,0.0002126754572522331,Correct_or_Clear
RandomForest,501,0,0,0.0002126754572522331,Correct_or_Clear
RandomForest,502,0,0,0.0002126754572522331,Correct_or_Clear
RandomForest,503,0,0,0.0002126754572522331,Correct_or_Clear
RandomForest,504,0,0,0.0002126754572522331,Correct_or_Clear
RandomForest,505,0,0,0.0002126754572522331,Correct_or_Clear
RandomForest,506,0,0,0.0002126754572522331,Correct_or_Clear
RandomForest,507,0,0,0.0002126754572522331,Correct_or_Clear
RandomForest,508,0,0,0.0002126754572522331,Correct_or_Clear
RandomForest,509,0,0,0.0002126754572522331,Correct_or_Clear
RandomForest,510,0,0,0.0002126754572522331,Correct_or_Clear
RandomForest,511,0,0,0.0002126754572522331,Correct_or_Clear
RandomForest,512,0,0,0.0002126754572522331,Correct_or_Clear
RandomForest,513,0,0,0.0002126754572522331,Correct_or_Clear
RandomForest,514,0,0,0.0002126754572522331,Correct_or_Clear
RandomForest,515,0,0,0.0002126754572522331,Correct_or_Clear
RandomForest,516,0,0,0.0002126754572522331,Correct_or_Clear
RandomForest,517,1,1,1.0,Correct_or_Clear
RandomForest,518,0,0,0.0002126754572522331,Correct_or_Clear
RandomForest,519,0,0,0.0002126754572522331,Correct_or_Clear
RandomForest,520,0,0,0.0002126754572522331,Correct_or_Clear
RandomForest,521,0,0,0.0002126754572522331,Correct_or_Clear
RandomForest,522,0,0,0.0002126754572522331,Correct_or_Clear
RandomForest,523,0,0,0.0002126754572522331,Correct_or_Clear
RandomForest,524,0,0,0.0002126754572522331,Correct_or_Clear
RandomForest,525,0,0,0.0002126754572522331,Correct_or_Clear
RandomForest,526,0,0,0.0002126754572522331,Correct_or_Clear
RandomForest,527,0,0,0.0002126754572522331,Correct_or_Clear
RandomForest,528,0,0,0.0002126754572522331,Correct_or_Clear
RandomForest,529,0,0,0.0002126754572522331,Correct_or_Clear
RandomForest,530,0,0,0.0002126754572522331,Correct_or_Clear
RandomForest,531,0,0,0.0002126754572522331,Correct_or_Clear
RandomForest,532,0,0,0.0002126754572522331,Correct_or_Clear
RandomForest,533,0,0,0.0002126754572522331,Correct_or_Clear
RandomForest,534,0,0,0.0002126754572522331,Correct_or_Clear
RandomForest,535,0,0,0.0002126754572522331,Correct_or_Clear
RandomForest,536,0,0,0.0002126754572522331,Correct_or_Clear
RandomForest,537,0,0,0.0002126754572522331,Correct_or_Clear
RandomForest,538,0,0,0.0002126754572522331,Correct_or_Clear
RandomForest,539,0,0,0.0002126754572522331,Correct_or_Clear
RandomForest,540,0,0,0.0002126754572522331,Correct_or_Clear
RandomForest,541,0,0,0.0002126754572522331,Correct_or_Clear
RandomForest,542,0,0,0.0002126754572522331,Correct_or_Clear
RandomForest,543,0,0,0.0002126754572522331,Correct_or_Clear
RandomForest,544,1,1,1.0,Correct_or_Clear
RandomForest,545,0,0,0.0002126754572522331,Correct_or_Clear
RandomForest,546,0,0,0.0002126754572522331,Correct_or_Clear
RandomForest,547,0,0,0.0002126754572522331,Correct_or_Clear
RandomForest,548,0,0,0.0002126754572522331,Correct_or_Clear
RandomForest,549,0,0,0.0002126754572522331,Correct_or_Clear
RandomForest,550,0,0,0.0002126754572522331,Correct_or_Clear
RandomForest,551,0,0,0.0002126754572522331,Correct_or_Clear
RandomForest,552,0,0,0.0002126754572522331,Correct_or_Clear
RandomForest,553,0,0,0.0002126754572522331,Correct_or_Clear
RandomForest,554,0,0,0.0002126754572522331,Correct_or_Clear
RandomForest,555,0,0,0.0002126754572522331,Correct_or_Clear
RandomForest,556,0,0,0.0002126754572522331,Correct_or_Clear
RandomForest,557,0,0,0.0002126754572522331,Correct_or_Clear
RandomForest,558,0,0,0.0002126754572522331,Correct_or_Clear
RandomForest,559,0,0,0.0002126754572522331,Correct_or_Clear
RandomForest,560,1,1,1.0,Correct_or_Clear
RandomForest,561,1,1,1.0,Correct_or_Clear
RandomForest,562,1,0,0.0002126754572522331,False_Negative
RandomForest,563,1,1,1.0,Correct_or_Clear
RandomForest,564,0,0,0.0002126754572522331,Correct_or_Clear
RandomForest,565,1,0,0.0002126754572522331,False_Negative
RandomForest,566,1,1,1.0,Correct_or_Clear
RandomForest,567,0,0,0.0002126754572522331,Correct_or_Clear
RandomForest,568,0,0,0.0002126754572522331,Correct_or_Clear
RandomForest,569,0,0,0.0002126754572522331,Correct_or_Clear
RandomForest,570,0,0,0.0002126754572522331,Correct_or_Clear
RandomForest,571,0,0,0.0002126754572522331,Correct_or_Clear
RandomForest,572,0,0,0.0002126754572522331,Correct_or_Clear
RandomForest,573,0,0,0.0002126754572522331,Correct_or_Clear
RandomForest,574,0,0,0.0002126754572522331,Correct_or_Clear
RandomForest,575,1,1,1.0,Correct_or_Clear
RandomForest,576,0,0,0.0002126754572522331,Correct_or_Clear
RandomForest,577,0,0,0.0002126754572522331,Correct_or_Clear
RandomForest,578,0,0,0.0002126754572522331,Correct_or_Clear
RandomForest,579,0,0,0.0002126754572522331,Correct_or_Clear
RandomForest,580,0,0,0.0002126754572522331,Correct_or_Clear
RandomForest,581,0,0,0.0002126754572522331,Correct_or_Clear
RandomForest,582,0,0,0.0002126754572522331,Correct_or_Clear
RandomForest,583,0,0,0.0002126754572522331,Correct_or_Clear
RandomForest,584,0,0,0.0002126754572522331,Correct_or_Clear
RandomForest,585,0,0,0.0002126754572522331,Correct_or_Clear
RandomForest,586,0,0,0.0002126754572522331,Correct_or_Clear
RandomForest,587,0,0,0.0002126754572522331,Correct_or_Clear
RandomForest,588,0,0,0.0002126754572522331,Correct_or_Clear
RandomForest,589,0,0,0.0002126754572522331,Correct_or_Clear
RandomForest,590,0,0,0.0002126754572522331,Correct_or_Clear
RandomForest,591,0,0,0.0002126754572522331,Correct_or_Clear
RandomForest,592,0,0,0.0002126754572522331,Correct_or_Clear
RandomForest,593,0,0,0.0002126754572522331,Correct_or_Clear
RandomForest,594,0,0,0.0002126754572522331,Correct_or_Clear
RandomForest,595,0,0,0.0002126754572522331,Correct_or_Clear
RandomForest,596,0,0,0.0002126754572522331,Correct_or_Clear
RandomForest,597,0,0,0.0002126754572522331,Correct_or_Clear
RandomForest,598,0,0,0.0002126754572522331,Correct_or_Clear
RandomForest,599,0,0,0.0002126754572522331,Correct_or_Clear
RandomForest,600,0,0,0.0002126754572522331,Correct_or_Clear
RandomForest,601,0,0,0.0002126754572522331,Correct_or_Clear
RandomForest,602,0,0,0.0002126754572522331,Correct_or_Clear
RandomForest,603,0,0,0.0002126754572522331,Correct_or_Clear
RandomForest,604,0,0,0.0002126754572522331,Correct_or_Clear
RandomForest,605,0,0,0.0002126754572522331,Correct_or_Clear
RandomForest,606,1,1,1.0,Correct_or_Clear
RandomForest,607,0,0,0.0002126754572522331,Correct_or_Clear
RandomForest,608,0,0,0.0002126754572522331,Correct_or_Clear
RandomForest,609,0,0,0.0002126754572522331,Correct_or_Clear
RandomForest,610,0,0,0.0002126754572522331,Correct_or_Clear
RandomForest,611,0,0,0.0002126754572522331,Correct_or_Clear
RandomForest,612,0,0,0.0002126754572522331,Correct_or_Clear
RandomForest,613,0,0,0.0002126754572522331,Correct_or_Clear
RandomForest,614,0,0,0.0002126754572522331,Correct_or_Clear
RandomForest,615,0,0,0.0002126754572522331,Correct_or_Clear
RandomForest,616,0,0,0.0002126754572522331,Correct_or_Clear
RandomForest,617,0,0,0.0002126754572522331,Correct_or_Clear
RandomForest,618,0,0,0.0002126754572522331,Correct_or_Clear
RandomForest,619,1,1,1.0,Correct_or_Clear
RandomForest,620,1,1,1.0,Correct_or_Clear
RandomForest,621,1,1,1.0,Correct_or_Clear
RandomForest,622,1,1,1.0,Correct_or_Clear
RandomForest,623,1,0,0.0002126754572522331,False_Negative
RandomForest,624,1,1,1.0,Correct_or_Clear
RandomForest,625,1,0,0.0002126754572522331,False_Negative
RandomForest,626,1,1,1.0,Correct_or_Clear
RandomForest,627,0,0,0.0002126754572522331,Correct_or_Clear
RandomForest,628,1,1,1.0,Correct_or_Clear
RandomForest,629,1,0,0.0002126754572522331,False_Negative
RandomForest,630,1,1,1.0,Correct_or_Clear
RandomForest,631,0,0,0.0002126754572522331,Correct_or_Clear
RandomForest,632,0,0,0.0002126754572522331,Correct_or_Clear
RandomForest,633,1,1,1.0,Correct_or_Clear
RandomForest,634,1,0,0.0002126754572522331,False_Negative
RandomForest,635,1,0,0.0002126754572522331,False_Negative
RandomForest,636,1,1,1.0,Correct_or_Clear
RandomForest,637,1,0,0.0002126754572522331,False_Negative
RandomForest,638,1,1,1.0,Correct_or_Clear
RandomForest,639,1,1,1.0,Correct_or_Clear
RandomForest,640,1,0,0.0002126754572522331,False_Negative
RandomForest,641,1,1,1.0,Correct_or_Clear
RandomForest,642,1,1,1.0,Correct_or_Clear
RandomForest,643,0,0,0.0002126754572522331,Correct_or_Clear
RandomForest,644,1,0,0.0002126754572522331,False_Negative
RandomForest,645,1,1,1.0,Correct_or_Clear
RandomForest,646,1,1,1.0,Correct_or_Clear
RandomForest,647,1,0,0.0002126754572522331,False_Negative
RandomForest,648,1,0,0.0002126754572522331,False_Negative
RandomForest,649,1,1,1.0,Correct_or_Clear
RandomForest,650,1,0,0.0002126754572522331,False_Negative
RandomForest,651,1,1,1.0,Correct_or_Clear
RandomForest,652,0,0,0.0002126754572522331,Correct_or_Clear
RandomForest,653,0,0,0.0002126754572522331,Correct_or_Clear
RandomForest,654,1,1,1.0,Correct_or_Clear
RandomForest,655,1,0,0.0002126754572522331,False_Negative
RandomForest,656,0,0,0.0002126754572522331,Correct_or_Clear
RandomForest,657,1,1,1.0,Correct_or_Clear
RandomForest,658,0,0,0.0002126754572522331,Correct_or_Clear
RandomForest,659,1,0,0.0002126754572522331,False_Negative
RandomForest,660,1,1,1.0,Correct_or_Clear
RandomForest,661,0,0,0.0002126754572522331,Correct_or_Clear
RandomForest,662,1,1,1.0,Correct_or_Clear
RandomForest,663,1,0,0.0002126754572522331,False_Negative
RandomForest,664,1,1,1.0,Correct_or_Clear
RandomForest,665,1,0,0.0002126754572522331,False_Negative
RandomForest,666,0,0,0.0002126754572522331,Correct_or_Clear
RandomForest,667,1,1,1.0,Correct_or_Clear
RandomForest,668,1,0,0.0002126754572522331,False_Negative
RandomForest,669,1,1,1.0,Correct_or_Clear
RandomForest,670,1,0,0.0002126754572522331,False_Negative
RandomForest,671,0,0,0.0002126754572522331,Correct_or_Clear
RandomForest,672,0,0,0.0002126754572522331,Correct_or_Clear
RandomForest,673,1,1,1.0,Correct_or_Clear
RandomForest,674,1,0,0.0002126754572522331,False_Negative
RandomForest,675,0,0,0.0002126754572522331,Correct_or_Clear
RandomForest,676,1,1,1.0,Correct_or_Clear
RandomForest,677,1,0,0.0002126754572522331,False_Negative
RandomForest,678,1,1,1.0,Correct_or_Clear
RandomForest,679,1,0,0.0002126754572522331,False_Negative
RandomForest,680,1,1,1.0,Correct_or_Clear
RandomForest,681,0,0,0.0002126754572522331,Correct_or_Clear
RandomForest,682,0,0,0.0002126754572522331,Correct_or_Clear
RandomForest,683,1,1,1.0,Correct_or_Clear
RandomForest,684,1,0,0.0002126754572522331,False_Negative
RandomForest,685,1,1,1.0,Correct_or_Clear
RandomForest,686,1,0,0.0002126754572522331,False_Negative
RandomForest,687,1,1,1.0,Correct_or_Clear
RandomForest,688,1,1,1.0,Correct_or_Clear
RandomForest,689,1,0,0.0002126754572522331,False_Negative
RandomForest,690,1,1,1.0,Correct_or_Clear
RandomForest,691,1,0,0.0002126754572522331,False_Negative
RandomForest,692,1,1,1.0,Correct_or_Clear
RandomForest,693,1,0,0.0002126754572522331,False_Negative
RandomForest,694,0,0,0.0002126754572522331,Correct_or_Clear
RandomForest,695,1,1,1.0,Correct_or_Clear
RandomForest,696,1,0,0.0002126754572522331,False_Negative
RandomForest,697,0,0,0.0002126754572522331,Correct_or_Clear
RandomForest,698,1,1,1.0,Correct_or_Clear
RandomForest,699,1,0,0.0002126754572522331,False_Negative
RandomForest,700,0,0,0.0002126754572522331,Correct_or_Clear
RandomForest,701,1,1,1.0,Correct_or_Clear
RandomForest,702,1,0,0.0002126754572522331,False_Negative
RandomForest,703,1,1,1.0,Correct_or_Clear
RandomForest,704,1,0,0.0002126754572522331,False_Negative
RandomForest,705,0,0,0.0002126754572522331,Correct_or_Clear
RandomForest,706,1,1,1.0,Correct_or_Clear
RandomForest,707,0,0,0.0002126754572522331,Correct_or_Clear
RandomForest,708,1,0,0.0002126754572522331,False_Negative
RandomForest,709,1,1,1.0,Correct_or_Clear
RandomForest,710,1,0,0.0002126754572522331,False_Negative
RandomForest,711,1,1,1.0,Correct_or_Clear
RandomForest,712,1,0,0.0002126754572522331,False_Negative
RandomForest,713,0,0,0.0002126754572522331,Correct_or_Clear
RandomForest,714,1,1,1.0,Correct_or_Clear
RandomForest,715,1,0,0.0002126754572522331,False_Negative
RandomForest,716,0,0,0.0002126754572522331,Correct_or_Clear
RandomForest,717,1,1,1.0,Correct_or_Clear
RandomForest,718,1,0,0.0002126754572522331,False_Negative
RandomForest,719,1,1,1.0,Correct_or_Clear
RandomForest,720,1,0,0.0002126754572522331,False_Negative
RandomForest,721,0,0,0.0002126754572522331,Correct_or_Clear
RandomForest,722,1,0,0.0002126754572522331,False_Negative
RandomForest,723,1,1,1.0,Correct_or_Clear
RandomForest,724,0,0,0.0002126754572522331,Correct_or_Clear
RandomForest,725,1,0,0.0002126754572522331,False_Negative
RandomForest,726,1,1,1.0,Correct_or_Clear
RandomForest,727,0,0,0.0002126754572522331,Correct_or_Clear
RandomForest,728,1,0,0.0002126754572522331,False_Negative
RandomForest,729,1,1,1.0,Correct_or_Clear
RandomForest,730,0,0,0.0002126754572522331,Correct_or_Clear
RandomForest,731,0,0,0.0002126754572522331,Correct_or_Clear
RandomForest,732,0,0,0.0002126754572522331,Correct_or_Clear
RandomForest,733,0,0,0.0002126754572522331,Correct_or_Clear
RandomForest,734,0,0,0.0002126754572522331,Correct_or_Clear
RandomForest,735,0,0,0.0002126754572522331,Correct_or_Clear
RandomForest,736,0,0,0.0002126754572522331,Correct_or_Clear
RandomForest,737,0,0,0.0002126754572522331,Correct_or_Clear
RandomForest,738,0,0,0.0002126754572522331,Correct_or_Clear
RandomForest,739,0,0,0.0002126754572522331,Correct_or_Clear
RandomForest,740,0,0,0.0002126754572522331,Correct_or_Clear
RandomForest,741,0,0,0.0002126754572522331,Correct_or_Clear
RandomForest,742,0,0,0.0002126754572522331,Correct_or_Clear
RandomForest,743,0,0,0.0002126754572522331,Correct_or_Clear
RandomForest,744,0,0,0.0002126754572522331,Correct_or_Clear
RandomForest,745,0,0,0.0002126754572522331,Correct_or_Clear
RandomForest,746,0,0,0.0002126754572522331,Correct_or_Clear
RandomForest,747,0,0,0.0002126754572522331,Correct_or_Clear
RandomForest,748,0,0,0.0002126754572522331,Correct_or_Clear
RandomForest,749,0,0,0.0002126754572522331,Correct_or_Clear
RandomForest,750,0,0,0.0002126754572522331,Correct_or_Clear
RandomForest,751,0,0,0.0002126754572522331,Correct_or_Clear
RandomForest,752,0,0,0.0002126754572522331,Correct_or_Clear
RandomForest,753,0,0,0.0002126754572522331,Correct_or_Clear
RandomForest,754,0,0,0.0002126754572522331,Correct_or_Clear
RandomForest,755,0,0,0.0002126754572522331,Correct_or_Clear
RandomForest,756,0,0,0.0002126754572522331,Correct_or_Clear
RandomForest,757,0,0,0.0002126754572522331,Correct_or_Clear
RandomForest,758,0,0,0.0002126754572522331,Correct_or_Clear
RandomForest,759,0,0,0.0002126754572522331,Correct_or_Clear
RandomForest,760,0,0,0.0002126754572522331,Correct_or_Clear
RandomForest,761,0,0,0.0002126754572522331,Correct_or_Clear
RandomForest,762,0,0,0.0002126754572522331,Correct_or_Clear
RandomForest,763,0,0,0.0002126754572522331,Correct_or_Clear
RandomForest,764,0,0,0.0002126754572522331,Correct_or_Clear
RandomForest,765,0,0,0.0002126754572522331,Correct_or_Clear
RandomForest,766,0,0,0.0002126754572522331,Correct_or_Clear
RandomForest,767,0,0,0.0002126754572522331,Correct_or_Clear
RandomForest,768,0,0,0.0002126754572522331,Correct_or_Clear
RandomForest,769,0,0,0.0002126754572522331,Correct_or_Clear
RandomForest,770,0,0,0.0002126754572522331,Correct_or_Clear
RandomForest,771,0,0,0.0002126754572522331,Correct_or_Clear
RandomForest,772,0,0,0.0002126754572522331,Correct_or_Clear
RandomForest,773,0,0,0.0002126754572522331,Correct_or_Clear
RandomForest,774,0,0,0.0002126754572522331,Correct_or_Clear
RandomForest,775,0,0,0.0002126754572522331,Correct_or_Clear
RandomForest,776,0,0,0.0002126754572522331,Correct_or_Clear
RandomForest,777,0,0,0.0002126754572522331,Correct_or_Clear
RandomForest,778,0,0,0.0002126754572522331,Correct_or_Clear
RandomForest,779,0,0,0.0002126754572522331,Correct_or_Clear
RandomForest,780,0,0,0.0002126754572522331,Correct_or_Clear
RandomForest,781,0,0,0.0002126754572522331,Correct_or_Clear
RandomForest,782,0,0,0.0002126754572522331,Correct_or_Clear
RandomForest,783,0,0,0.0002126754572522331,Correct_or_Clear
RandomForest,784,0,0,0.0002126754572522331,Correct_or_Clear
RandomForest,785,0,0,0.0002126754572522331,Correct_or_Clear
RandomForest,786,0,0,0.0002126754572522331,Correct_or_Clear
RandomForest,787,0,0,0.0002126754572522331,Correct_or_Clear
RandomForest,788,0,0,0.0002126754572522331,Correct_or_Clear
RandomForest,789,0,0,0.0002126754572522331,Correct_or_Clear
RandomForest,790,0,0,0.0002126754572522331,Correct_or_Clear
RandomForest,791,0,0,0.0002126754572522331,Correct_or_Clear
RandomForest,792,0,0,0.0002126754572522331,Correct_or_Clear
RandomForest,793,0,0,0.0002126754572522331,Correct_or_Clear
RandomForest,794,0,0,0.0002126754572522331,Correct_or_Clear
RandomForest,795,0,0,0.0002126754572522331,Correct_or_Clear
RandomForest,796,0,0,0.0002126754572522331,Correct_or_Clear
RandomForest,797,0,0,0.0002126754572522331,Correct_or_Clear
RandomForest,798,0,0,0.0002126754572522331,Correct_or_Clear
RandomForest,799,0,0,0.0002126754572522331,Correct_or_Clear
RandomForest,800,0,0,0.0002126754572522331,Correct_or_Clear
RandomForest,801,0,0,0.0002126754572522331,Correct_or_Clear
RandomForest,802,0,0,0.0002126754572522331,Correct_or_Clear
RandomForest,803,0,0,0.0002126754572522331,Correct_or_Clear
RandomForest,804,0,0,0.0002126754572522331,Correct_or_Clear
RandomForest,805,0,0,0.0002126754572522331,Correct_or_Clear
RandomForest,806,0,0,0.0002126754572522331,Correct_or_Clear
RandomForest,807,0,0,0.0002126754572522331,Correct_or_Clear
RandomForest,808,0,0,0.0002126754572522331,Correct_or_Clear
RandomForest,809,0,0,0.0002126754572522331,Correct_or_Clear
RandomForest,810,0,0,0.0002126754572522331,Correct_or_Clear
RandomForest,811,0,0,0.0002126754572522331,Correct_or_Clear
RandomForest,812,0,0,0.0002126754572522331,Correct_or_Clear
RandomForest,813,0,0,0.0002126754572522331,Correct_or_Clear
RandomForest,814,0,0,0.0002126754572522331,Correct_or_Clear
RandomForest,815,0,0,0.0002126754572522331,Correct_or_Clear
RandomForest,816,1,1,1.0,Correct_or_Clear
RandomForest,817,0,0,0.0002126754572522331,Correct_or_Clear
RandomForest,818,0,0,0.0002126754572522331,Correct_or_Clear
RandomForest,819,0,0,0.0002126754572522331,Correct_or_Clear
RandomForest,820,0,0,0.0002126754572522331,Correct_or_Clear
RandomForest,821,0,0,0.0002126754572522331,Correct_or_Clear
RandomForest,822,0,0,0.0002126754572522331,Correct_or_Clear
RandomForest,823,0,0,0.0002126754572522331,Correct_or_Clear
RandomForest,824,0,0,0.0002126754572522331,Correct_or_Clear
RandomForest,825,0,0,0.0002126754572522331,Correct_or_Clear
RandomForest,826,0,0,0.0002126754572522331,Correct_or_Clear
RandomForest,827,0,0,0.0002126754572522331,Correct_or_Clear
RandomForest,828,0,0,0.0002126754572522331,Correct_or_Clear
RandomForest,829,0,0,0.0002126754572522331,Correct_or_Clear
RandomForest,830,0,0,0.0002126754572522331,Correct_or_Clear
RandomForest,831,0,0,0.0002126754572522331,Correct_or_Clear
RandomForest,832,0,0,0.0002126754572522331,Correct_or_Clear
RandomForest,833,0,0,0.0002126754572522331,Correct_or_Clear
RandomForest,834,0,0,0.0002126754572522331,Correct_or_Clear
RandomForest,835,0,0,0.0002126754572522331,Correct_or_Clear
RandomForest,836,0,0,0.0002126754572522331,Correct_or_Clear
RandomForest,837,0,0,0.0002126754572522331,Correct_or_Clear
RandomForest,838,0,0,0.0002126754572522331,Correct_or_Clear
RandomForest,839,0,0,0.0002126754572522331,Correct_or_Clear
RandomForest,840,0,0,0.0002126754572522331,Correct_or_Clear
RandomForest,841,0,0,0.0002126754572522331,Correct_or_Clear
RandomForest,842,0,0,0.0002126754572522331,Correct_or_Clear
RandomForest,843,0,0,0.0002126754572522331,Correct_or_Clear
RandomForest,844,0,0,0.0002126754572522331,Correct_or_Clear
RandomForest,845,0,0,0.0002126754572522331,Correct_or_Clear
RandomForest,846,0,0,0.0002126754572522331,Correct_or_Clear
RandomForest,847,0,0,0.0002126754572522331,Correct_or_Clear
RandomForest,848,0,0,0.0002126754572522331,Correct_or_Clear
RandomForest,849,1,1,1.0,Correct_or_Clear
RandomForest,850,0,0,0.0002126754572522331,Correct_or_Clear
RandomForest,851,0,0,0.0002126754572522331,Correct_or_Clear
RandomForest,852,0,0,0.0002126754572522331,Correct_or_Clear
RandomForest,853,0,0,0.0002126754572522331,Correct_or_Clear
RandomForest,854,0,0,0.0002126754572522331,Correct_or_Clear
RandomForest,855,0,0,0.0002126754572522331,Correct_or_Clear
RandomForest,856,0,0,0.0002126754572522331,Correct_or_Clear
RandomForest,857,0,0,0.0002126754572522331,Correct_or_Clear
RandomForest,858,0,0,0.0002126754572522331,Correct_or_Clear
RandomForest,859,0,0,0.0002126754572522331,Correct_or_Clear
RandomForest,860,0,0,0.0002126754572522331,Correct_or_Clear
RandomForest,861,0,0,0.0002126754572522331,Correct_or_Clear
RandomForest,862,0,0,0.0002126754572522331,Correct_or_Clear
RandomForest,863,0,0,0.0002126754572522331,Correct_or_Clear
RandomForest,864,0,0,0.0002126754572522331,Correct_or_Clear
RandomForest,865,0,0,0.0002126754572522331,Correct_or_Clear
RandomForest,866,0,0,0.0002126754572522331,Correct_or_Clear
RandomForest,867,0,0,0.0002126754572522331,Correct_or_Clear
RandomForest,868,0,0,0.0002126754572522331,Correct_or_Clear
RandomForest,869,0,0,0.0002126754572522331,Correct_or_Clear
RandomForest,870,0,0,0.0002126754572522331,Correct_or_Clear
RandomForest,871,0,0,0.0002126754572522331,Correct_or_Clear
RandomForest,872,0,0,0.0002126754572522331,Correct_or_Clear
RandomForest,873,0,0,0.0002126754572522331,Correct_or_Clear
RandomForest,874,0,0,0.0002126754572522331,Correct_or_Clear
RandomForest,875,0,0,0.0002126754572522331,Correct_or_Clear
RandomForest,876,0,0,0.0002126754572522331,Correct_or_Clear
RandomForest,877,0,0,0.0002126754572522331,Correct_or_Clear
RandomForest,878,0,0,0.0002126754572522331,Correct_or_Clear
RandomForest,879,0,0,0.0002126754572522331,Correct_or_Clear
RandomForest,880,1,1,1.0,Correct_or_Clear
RandomForest,881,0,0,0.0002126754572522331,Correct_or_Clear
RandomForest,882,0,0,0.0002126754572522331,Correct_or_Clear
RandomForest,883,1,1,1.0,Correct_or_Clear
RandomForest,884,0,0,0.0002126754572522331,Correct_or_Clear
RandomForest,885,0,0,0.0002126754572522331,Correct_or_Clear
RandomForest,886,0,0,0.0002126754572522331,Correct_or_Clear
RandomForest,887,0,0,0.0002126754572522331,Correct_or_Clear
RandomForest,888,0,0,0.0002126754572522331,Correct_or_Clear
RandomForest,889,0,0,0.0002126754572522331,Correct_or_Clear
RandomForest,890,0,0,0.0002126754572522331,Correct_or_Clear
RandomForest,891,0,0,0.0002126754572522331,Correct_or_Clear
RandomForest,892,0,0,0.0002126754572522331,Correct_or_Clear
RandomForest,893,0,0,0.0002126754572522331,Correct_or_Clear
RandomForest,894,0,0,0.0002126754572522331,Correct_or_Clear
RandomForest,895,0,0,0.0002126754572522331,Correct_or_Clear
RandomForest,896,0,0,0.0002126754572522331,Correct_or_Clear
RandomForest,897,0,0,0.0002126754572522331,Correct_or_Clear
RandomForest,898,0,0,0.0002126754572522331,Correct_or_Clear
RandomForest,899,0,0,0.0002126754572522331,Correct_or_Clear
RandomForest,900,0,0,0.0002126754572522331,Correct_or_Clear
RandomForest,901,0,0,0.0002126754572522331,Correct_or_Clear
RandomForest,902,0,0,0.0002126754572522331,Correct_or_Clear
RandomForest,903,0,0,0.0002126754572522331,Correct_or_Clear
RandomForest,904,0,0,0.0002126754572522331,Correct_or_Clear
RandomForest,905,0,0,0.0002126754572522331,Correct_or_Clear
RandomForest,906,0,0,0.0002126754572522331,Correct_or_Clear
RandomForest,907,0,0,0.0002126754572522331,Correct_or_Clear
RandomForest,908,0,0,0.0002126754572522331,Correct_or_Clear
RandomForest,909,0,0,0.0002126754572522331,Correct_or_Clear
RandomForest,910,0,0,0.0002126754572522331,Correct_or_Clear
RandomForest,911,0,0,0.0002126754572522331,Correct_or_Clear
RandomForest,912,0,0,0.0002126754572522331,Correct_or_Clear
RandomForest,913,0,0,0.0002126754572522331,Correct_or_Clear
RandomForest,914,0,0,0.0002126754572522331,Correct_or_Clear
RandomForest,915,0,0,0.0002126754572522331,Correct_or_Clear
RandomForest,916,0,0,0.0002126754572522331,Correct_or_Clear
RandomForest,917,0,0,0.0002126754572522331,Correct_or_Clear
RandomForest,918,0,0,0.0002126754572522331,Correct_or_Clear
RandomForest,919,0,0,0.0002126754572522331,Correct_or_Clear
RandomForest,920,0,0,0.0002126754572522331,Correct_or_Clear
RandomForest,921,0,0,0.0002126754572522331,Correct_or_Clear
RandomForest,922,0,0,0.0002126754572522331,Correct_or_Clear
RandomForest,923,0,0,0.0002126754572522331,Correct_or_Clear
RandomForest,924,0,0,0.0002126754572522331,Correct_or_Clear
RandomForest,925,0,0,0.0002126754572522331,Correct_or_Clear
RandomForest,926,0,0,0.0002126754572522331,Correct_or_Clear
RandomForest,927,0,0,0.0002126754572522331,Correct_or_Clear
RandomForest,928,0,0,0.0002126754572522331,Correct_or_Clear
RandomForest,929,0,0,0.0002126754572522331,Correct_or_Clear
RandomForest,930,0,0,0.0002126754572522331,Correct_or_Clear
RandomForest,931,0,0,0.0002126754572522331,Correct_or_Clear
RandomForest,932,0,0,0.0002126754572522331,Correct_or_Clear
RandomForest,933,0,0,0.0002126754572522331,Correct_or_Clear
RandomForest,934,0,0,0.0002126754572522331,Correct_or_Clear
RandomForest,935,0,0,0.0002126754572522331,Correct_or_Clear
RandomForest,936,0,0,0.0002126754572522331,Correct_or_Clear
RandomForest,937,0,0,0.0002126754572522331,Correct_or_Clear
RandomForest,938,0,0,0.0002126754572522331,Correct_or_Clear
RandomForest,939,0,0,0.0002126754572522331,Correct_or_Clear
RandomForest,940,0,0,0.0002126754572522331,Correct_or_Clear
RandomForest,941,0,0,0.0002126754572522331,Correct_or_Clear
RandomForest,942,0,0,0.0002126754572522331,Correct_or_Clear
RandomForest,943,0,0,0.0002126754572522331,Correct_or_Clear
RandomForest,944,0,0,0.0002126754572522331,Correct_or_Clear
RandomForest,945,0,0,0.0002126754572522331,Correct_or_Clear
RandomForest,946,0,0,0.0002126754572522331,Correct_or_Clear
RandomForest,947,0,0,0.0002126754572522331,Correct_or_Clear
RandomForest,948,0,0,0.0002126754572522331,Correct_or_Clear
RandomForest,949,0,0,0.0002126754572522331,Correct_or_Clear
RandomForest,950,0,0,0.0002126754572522331,Correct_or_Clear
RandomForest,951,0,0,0.0002126754572522331,Correct_or_Clear
RandomForest,952,0,0,0.0002126754572522331,Correct_or_Clear
RandomForest,953,0,0,0.0002126754572522331,Correct_or_Clear
RandomForest,954,0,0,0.0002126754572522331,Correct_or_Clear
RandomForest,955,0,0,0.0002126754572522331,Correct_or_Clear
RandomForest,956,0,0,0.0002126754572522331,Correct_or_Clear
RandomForest,957,0,0,0.0002126754572522331,Correct_or_Clear
RandomForest,958,0,0,0.0002126754572522331,Correct_or_Clear
RandomForest,959,0,0,0.0002126754572522331,Correct_or_Clear
RandomForest,960,0,0,0.0002126754572522331,Correct_or_Clear
RandomForest,961,0,0,0.0002126754572522331,Correct_or_Clear
RandomForest,962,0,0,0.0002126754572522331,Correct_or_Clear
RandomForest,963,0,0,0.0002126754572522331,Correct_or_Clear
RandomForest,964,0,0,0.0002126754572522331,Correct_or_Clear
RandomForest,965,1,1,1.0,Correct_or_Clear
RandomForest,966,0,0,0.0002126754572522331,Correct_or_Clear
RandomForest,967,0,0,0.0002126754572522331,Correct_or_Clear
RandomForest,968,0,0,0.0002126754572522331,Correct_or_Clear
RandomForest,969,1,1,1.0,Correct_or_Clear
RandomForest,970,0,0,0.0002126754572522331,Correct_or_Clear
RandomForest,971,0,0,0.0002126754572522331,Correct_or_Clear
RandomForest,972,0,0,0.0002126754572522331,Correct_or_Clear
RandomForest,973,0,0,0.0002126754572522331,Correct_or_Clear
RandomForest,974,0,0,0.0002126754572522331,Correct_or_Clear
RandomForest,975,0,0,0.0002126754572522331,Correct_or_Clear
RandomForest,976,0,0,0.0002126754572522331,Correct_or_Clear
RandomForest,977,0,0,0.0002126754572522331,Correct_or_Clear
RandomForest,978,0,0,0.0002126754572522331,Correct_or_Clear
RandomForest,979,0,0,0.0002126754572522331,Correct_or_Clear
RandomForest,980,0,0,0.0002126754572522331,Correct_or_Clear
RandomForest,981,0,0,0.0002126754572522331,Correct_or_Clear
RandomForest,982,0,0,0.0002126754572522331,Correct_or_Clear
RandomForest,983,0,0,0.0002126754572522331,Correct_or_Clear
RandomForest,984,0,0,0.0002126754572522331,Correct_or_Clear
RandomForest,985,0,0,0.0002126754572522331,Correct_or_Clear
RandomForest,986,0,0,0.0002126754572522331,Correct_or_Clear
RandomForest,987,0,0,0.0002126754572522331,Correct_or_Clear
RandomForest,988,1,1,1.0,Correct_or_Clear
RandomForest,989,0,0,0.0002126754572522331,Correct_or_Clear
RandomForest,990,0,0,0.0002126754572522331,Correct_or_Clear
RandomForest,991,1,1,1.0,Correct_or_Clear
RandomForest,992,0,0,0.0002126754572522331,Correct_or_Clear
RandomForest,993,1,1,1.0,Correct_or_Clear
RandomForest,994,0,0,0.0002126754572522331,Correct_or_Clear
RandomForest,995,0,0,0.0002126754572522331,Correct_or_Clear
RandomForest,996,0,0,0.0002126754572522331,Correct_or_Clear
RandomForest,997,0,0,0.0002126754572522331,Correct_or_Clear
RandomForest,998,0,0,0.0002126754572522331,Correct_or_Clear
RandomForest,999,0,0,0.0002126754572522331,Correct_or_Clear
RandomForest,1000,0,0,0.0002126754572522331,Correct_or_Clear
RandomForest,1001,0,0,0.0002126754572522331,Correct_or_Clear
RandomForest,1002,0,0,0.0002126754572522331,Correct_or_Clear
RandomForest,1003,0,0,0.0002126754572522331,Correct_or_Clear
RandomForest,1004,0,0,0.0002126754572522331,Correct_or_Clear
RandomForest,1005,0,0,0.0002126754572522331,Correct_or_Clear
RandomForest,1006,0,0,0.0002126754572522331,Correct_or_Clear
RandomForest,1007,0,0,0.0002126754572522331,Correct_or_Clear
RandomForest,1008,0,0,0.0002126754572522331,Correct_or_Clear
RandomForest,1009,0,0,0.0002126754572522331,Correct_or_Clear
RandomForest,1010,0,0,0.0002126754572522331,Correct_or_Clear
RandomForest,1011,0,0,0.0002126754572522331,Correct_or_Clear
RandomForest,1012,0,0,0.0002126754572522331,Correct_or_Clear
RandomForest,1013,0,0,0.0002126754572522331,Correct_or_Clear
RandomForest,1014,0,0,0.0002126754572522331,Correct_or_Clear
RandomForest,1015,0,0,0.0002126754572522331,Correct_or_Clear
RandomForest,1016,0,0,0.0002126754572522331,Correct_or_Clear
RandomForest,1017,0,0,0.0002126754572522331,Correct_or_Clear
RandomForest,1018,0,0,0.0002126754572522331,Correct_or_Clear
RandomForest,1019,0,0,0.0002126754572522331,Correct_or_Clear
RandomForest,1020,0,0,0.0002126754572522331,Correct_or_Clear
RandomForest,1021,0,0,0.0002126754572522331,Correct_or_Clear
RandomForest,1022,1,1,1.0,Correct_or_Clear
RandomForest,1023,0,0,0.0002126754572522331,Correct_or_Clear
RandomForest,1024,0,0,0.0002126754572522331,Correct_or_Clear
RandomForest,1025,0,0,0.0002126754572522331,Correct_or_Clear
RandomForest,1026,0,0,0.0002126754572522331,Correct_or_Clear
RandomForest,1027,0,0,0.0002126754572522331,Correct_or_Clear
RandomForest,1028,0,0,0.0002126754572522331,Correct_or_Clear
RandomForest,1029,0,0,0.0002126754572522331,Correct_or_Clear
RandomForest,1030,0,0,0.0002126754572522331,Correct_or_Clear
RandomForest,1031,0,0,0.0002126754572522331,Correct_or_Clear
RandomForest,1032,0,0,0.0002126754572522331,Correct_or_Clear
RandomForest,1033,0,0,0.0002126754572522331,Correct_or_Clear
RandomForest,1034,0,0,0.0002126754572522331,Correct_or_Clear
RandomForest,1035,1,1,1.0,Correct_or_Clear
RandomForest,1036,0,0,0.0002126754572522331,Correct_or_Clear
RandomForest,1037,0,0,0.0002126754572522331,Correct_or_Clear
RandomForest,1038,0,0,0.0002126754572522331,Correct_or_Clear
RandomForest,1039,0,0,0.0002126754572522331,Correct_or_Clear
RandomForest,1040,0,0,0.0002126754572522331,Correct_or_Clear
RandomForest,1041,0,0,0.0002126754572522331,Correct_or_Clear
RandomForest,1042,0,0,0.0002126754572522331,Correct_or_Clear
RandomForest,1043,0,0,0.0002126754572522331,Correct_or_Clear
RandomForest,1044,0,0,0.0002126754572522331,Correct_or_Clear
RandomForest,1045,0,0,0.0002126754572522331,Correct_or_Clear
RandomForest,1046,0,0,0.0002126754572522331,Correct_or_Clear
RandomForest,1047,0,0,0.0002126754572522331,Correct_or_Clear
RandomForest,1048,0,0,0.0002126754572522331,Correct_or_Clear
RandomForest,1049,0,0,0.0002126754572522331,Correct_or_Clear
RandomForest,1050,0,0,0.0002126754572522331,Correct_or_Clear
RandomForest,1051,0,0,0.0002126754572522331,Correct_or_Clear
RandomForest,1052,0,0,0.0002126754572522331,Correct_or_Clear
RandomForest,1053,0,0,0.0002126754572522331,Correct_or_Clear
RandomForest,1054,0,0,0.0002126754572522331,Correct_or_Clear
RandomForest,1055,0,0,0.0002126754572522331,Correct_or_Clear
RandomForest,1056,0,0,0.0002126754572522331,Correct_or_Clear
RandomForest,1057,0,0,0.0002126754572522331,Correct_or_Clear
RandomForest,1058,0,0,0.0002126754572522331,Correct_or_Clear
RandomForest,1059,0,0,0.0002126754572522331,Correct_or_Clear
RandomForest,1060,0,0,0.0002126754572522331,Correct_or_Clear
RandomForest,1061,0,0,0.0002126754572522331,Correct_or_Clear
RandomForest,1062,0,0,0.0002126754572522331,Correct_or_Clear
RandomForest,1063,0,0,0.0002126754572522331,Correct_or_Clear
RandomForest,1064,0,0,0.0002126754572522331,Correct_or_Clear
RandomForest,1065,0,0,0.0002126754572522331,Correct_or_Clear
RandomForest,1066,0,0,0.0002126754572522331,Correct_or_Clear
RandomForest,1067,0,0,0.0002126754572522331,Correct_or_Clear
RandomForest,1068,0,0,0.0002126754572522331,Correct_or_Clear
RandomForest,1069,0,0,0.0002126754572522331,Correct_or_Clear
RandomForest,1070,0,0,0.0002126754572522331,Correct_or_Clear
RandomForest,1071,0,0,0.0002126754572522331,Correct_or_Clear
RandomForest,1072,0,0,0.0002126754572522331,Correct_or_Clear
RandomForest,1073,0,0,0.0002126754572522331,Correct_or_Clear
RandomForest,1074,0,0,0.0002126754572522331,Correct_or_Clear
RandomForest,1075,1,1,1.0,Correct_or_Clear
RandomForest,1076,0,0,0.0002126754572522331,Correct_or_Clear
RandomForest,1077,0,0,0.0002126754572522331,Correct_or_Clear
RandomForest,1078,0,0,0.0002126754572522331,Correct_or_Clear
RandomForest,1079,0,0,0.0002126754572522331,Correct_or_Clear
RandomForest,1080,0,0,0.0002126754572522331,Correct_or_Clear
RandomForest,1081,0,0,0.0002126754572522331,Correct_or_Clear
RandomForest,1082,0,0,0.0002126754572522331,Correct_or_Clear
RandomForest,1083,0,0,0.0002126754572522331,Correct_or_Clear
RandomForest,1084,0,0,0.0002126754572522331,Correct_or_Clear
RandomForest,1085,0,0,0.0002126754572522331,Correct_or_Clear
RandomForest,1086,0,0,0.0002126754572522331,Correct_or_Clear
RandomForest,1087,0,0,0.0002126754572522331,Correct_or_Clear
RandomForest,1088,0,0,0.0002126754572522331,Correct_or_Clear
RandomForest,1089,0,0,0.0002126754572522331,Correct_or_Clear
RandomForest,1090,0,0,0.0002126754572522331,Correct_or_Clear
RandomForest,1091,0,0,0.0002126754572522331,Correct_or_Clear
RandomForest,1092,0,0,0.0002126754572522331,Correct_or_Clear
RandomForest,1093,0,0,0.0002126754572522331,Correct_or_Clear
RandomForest,1094,0,0,0.0002126754572522331,Correct_or_Clear
RandomForest,1095,0,0,0.0002126754572522331,Correct_or_Clear
RandomForest,1096,0,0,0.0002126754572522331,Correct_or_Clear
RandomForest,1097,0,0,0.0002126754572522331,Correct_or_Clear
RandomForest,1098,0,0,0.0002126754572522331,Correct_or_Clear
RandomForest,1099,1,1,1.0,Correct_or_Clear
RandomForest,1100,0,0,0.0002126754572522331,Correct_or_Clear
RandomForest,1101,0,0,0.0002126754572522331,Correct_or_Clear
RandomForest,1102,0,0,0.0002126754572522331,Correct_or_Clear
RandomForest,1103,0,0,0.0002126754572522331,Correct_or_Clear
RandomForest,1104,0,0,0.0002126754572522331,Correct_or_Clear
RandomForest,1105,0,0,0.0002126754572522331,Correct_or_Clear
RandomForest,1106,0,0,0.0002126754572522331,Correct_or_Clear
RandomForest,1107,0,0,0.0002126754572522331,Correct_or_Clear
RandomForest,1108,0,0,0.0002126754572522331,Correct_or_Clear
RandomForest,1109,0,0,0.0002126754572522331,Correct_or_Clear
RandomForest,1110,0,0,0.0002126754572522331,Correct_or_Clear
RandomForest,1111,0,0,0.0002126754572522331,Correct_or_Clear
RandomForest,1112,0,0,0.0002126754572522331,Correct_or_Clear
RandomForest,1113,0,0,0.0002126754572522331,Correct_or_Clear
RandomForest,1114,0,0,0.0002126754572522331,Correct_or_Clear
RandomForest,1115,0,0,0.0002126754572522331,Correct_or_Clear
RandomForest,1116,0,0,0.0002126754572522331,Correct_or_Clear
RandomForest,1117,0,0,0.0002126754572522331,Correct_or_Clear
RandomForest,1118,0,0,0.0002126754572522331,Correct_or_Clear
RandomForest,1119,0,0,0.0002126754572522331,Correct_or_Clear
RandomForest,1120,0,0,0.0002126754572522331,Correct_or_Clear
RandomForest,1121,0,0,0.0002126754572522331,Correct_or_Clear
RandomForest,1122,0,0,0.0002126754572522331,Correct_or_Clear
RandomForest,1123,1,1,1.0,Correct_or_Clear
RandomForest,1124,1,1,1.0,Correct_or_Clear
RandomForest,1125,0,0,0.0002126754572522331,Correct_or_Clear
RandomForest,1126,0,0,0.0002126754572522331,Correct_or_Clear
RandomForest,1127,0,0,0.0002126754572522331,Correct_or_Clear
RandomForest,1128,0,0,0.0002126754572522331,Correct_or_Clear
RandomForest,1129,0,0,0.0002126754572522331,Correct_or_Clear
RandomForest,1130,0,0,0.0002126754572522331,Correct_or_Clear
RandomForest,1131,0,0,0.0002126754572522331,Correct_or_Clear
RandomForest,1132,0,0,0.0002126754572522331,Correct_or_Clear
RandomForest,1133,0,0,0.0002126754572522331,Correct_or_Clear
RandomForest,1134,0,0,0.0002126754572522331,Correct_or_Clear
RandomForest,1135,0,0,0.0002126754572522331,Correct_or_Clear
RandomForest,1136,0,0,0.0002126754572522331,Correct_or_Clear
RandomForest,1137,0,0,0.0002126754572522331,Correct_or_Clear
RandomForest,1138,0,0,0.0002126754572522331,Correct_or_Clear
RandomForest,1139,0,0,0.0002126754572522331,Correct_or_Clear
RandomForest,1140,0,0,0.0002126754572522331,Correct_or_Clear
RandomForest,1141,0,0,0.0002126754572522331,Correct_or_Clear
RandomForest,1142,0,0,0.0002126754572522331,Correct_or_Clear
RandomForest,1143,0,0,0.0002126754572522331,Correct_or_Clear
RandomForest,1144,0,0,0.0002126754572522331,Correct_or_Clear
RandomForest,1145,0,0,0.0002126754572522331,Correct_or_Clear
RandomForest,1146,0,0,0.0002126754572522331,Correct_or_Clear
RandomForest,1147,0,0,0.0002126754572522331,Correct_or_Clear
RandomForest,1148,0,0,0.0002126754572522331,Correct_or_Clear
RandomForest,1149,0,0,0.0002126754572522331,Correct_or_Clear
RandomForest,1150,0,0,0.0002126754572522331,Correct_or_Clear
RandomForest,1151,0,0,0.0002126754572522331,Correct_or_Clear
RandomForest,1152,0,0,0.0002126754572522331,Correct_or_Clear
RandomForest,1153,0,0,0.0002126754572522331,Correct_or_Clear
RandomForest,1154,0,0,0.0002126754572522331,Correct_or_Clear
RandomForest,1155,0,0,0.0002126754572522331,Correct_or_Clear
RandomForest,1156,0,0,0.0002126754572522331,Correct_or_Clear
RandomForest,1157,0,0,0.0002126754572522331,Correct_or_Clear
RandomForest,1158,0,0,0.0002126754572522331,Correct_or_Clear
RandomForest,1159,0,0,0.0002126754572522331,Correct_or_Clear
RandomForest,1160,0,0,0.0002126754572522331,Correct_or_Clear
RandomForest,1161,0,0,0.0002126754572522331,Correct_or_Clear
RandomForest,1162,0,0,0.0002126754572522331,Correct_or_Clear
RandomForest,1163,0,0,0.0002126754572522331,Correct_or_Clear
RandomForest,1164,0,0,0.0002126754572522331,Correct_or_Clear
RandomForest,1165,0,0,0.0002126754572522331,Correct_or_Clear
RandomForest,1166,0,0,0.0002126754572522331,Correct_or_Clear
RandomForest,1167,0,0,0.0002126754572522331,Correct_or_Clear
RandomForest,1168,0,0,0.0002126754572522331,Correct_or_Clear
RandomForest,1169,0,0,0.0002126754572522331,Correct_or_Clear
RandomForest,1170,0,0,0.0002126754572522331,Correct_or_Clear
RandomForest,1171,0,0,0.0002126754572522331,Correct_or_Clear
RandomForest,1172,0,0,0.0002126754572522331,Correct_or_Clear
RandomForest,1173,0,0,0.0002126754572522331,Correct_or_Clear
RandomForest,1174,0,0,0.0002126754572522331,Correct_or_Clear
RandomForest,1175,0,0,0.0002126754572522331,Correct_or_Clear
RandomForest,1176,0,0,0.0002126754572522331,Correct_or_Clear
RandomForest,1177,0,0,0.0002126754572522331,Correct_or_Clear
RandomForest,1178,0,0,0.0002126754572522331,Correct_or_Clear
RandomForest,1179,0,0,0.0002126754572522331,Correct_or_Clear
RandomForest,1180,0,0,0.0002126754572522331,Correct_or_Clear
RandomForest,1181,0,0,0.0002126754572522331,Correct_or_Clear
RandomForest,1182,0,0,0.0002126754572522331,Correct_or_Clear
RandomForest,1183,0,0,0.0002126754572522331,Correct_or_Clear
RandomForest,1184,0,0,0.0002126754572522331,Correct_or_Clear
RandomForest,1185,0,0,0.0002126754572522331,Correct_or_Clear
RandomForest,1186,0,0,0.0002126754572522331,Correct_or_Clear
RandomForest,1187,0,0,0.0002126754572522331,Correct_or_Clear
RandomForest,1188,0,0,0.0002126754572522331,Correct_or_Clear
RandomForest,1189,0,0,0.0002126754572522331,Correct_or_Clear
RandomForest,1190,0,0,0.0002126754572522331,Correct_or_Clear
RandomForest,1191,0,0,0.0002126754572522331,Correct_or_Clear
RandomForest,1192,0,0,0.0002126754572522331,Correct_or_Clear
RandomForest,1193,0,0,0.0002126754572522331,Correct_or_Clear
RandomForest,1194,0,0,0.0002126754572522331,Correct_or_Clear
RandomForest,1195,0,0,0.0002126754572522331,Correct_or_Clear
RandomForest,1196,0,0,0.0002126754572522331,Correct_or_Clear
RandomForest,1197,0,0,0.0002126754572522331,Correct_or_Clear
RandomForest,1198,0,0,0.0002126754572522331,Correct_or_Clear
RandomForest,1199,1,1,1.0,Correct_or_Clear
RandomForest,1200,0,0,0.0002126754572522331,Correct_or_Clear
RandomForest,1201,0,0,0.0002126754572522331,Correct_or_Clear
RandomForest,1202,0,0,0.0002126754572522331,Correct_or_Clear
RandomForest,1203,0,0,0.0002126754572522331,Correct_or_Clear
RandomForest,1204,0,0,0.0002126754572522331,Correct_or_Clear
RandomForest,1205,0,0,0.0002126754572522331,Correct_or_Clear
RandomForest,1206,1,1,1.0,Correct_or_Clear
RandomForest,1207,0,0,0.0002126754572522331,Correct_or_Clear
RandomForest,1208,1,1,1.0,Correct_or_Clear
RandomForest,1209,0,0,0.0002126754572522331,Correct_or_Clear
RandomForest,1210,0,0,0.0002126754572522331,Correct_or_Clear
RandomForest,1211,0,0,0.0002126754572522331,Correct_or_Clear
RandomForest,1212,0,0,0.0002126754572522331,Correct_or_Clear
RandomForest,1213,0,0,0.0002126754572522331,Correct_or_Clear
RandomForest,1214,0,0,0.0002126754572522331,Correct_or_Clear
RandomForest,1215,0,0,0.0002126754572522331,Correct_or_Clear
RandomForest,1216,0,0,0.0002126754572522331,Correct_or_Clear
RandomForest,1217,0,0,0.0002126754572522331,Correct_or_Clear
RandomForest,1218,0,0,0.0002126754572522331,Correct_or_Clear
RandomForest,1219,0,0,0.0002126754572522331,Correct_or_Clear
RandomForest,1220,0,0,0.0002126754572522331,Correct_or_Clear
RandomForest,1221,0,0,0.0002126754572522331,Correct_or_Clear
RandomForest,1222,0,0,0.0002126754572522331,Correct_or_Clear
RandomForest,1223,0,0,0.0002126754572522331,Correct_or_Clear
RandomForest,1224,0,0,0.0002126754572522331,Correct_or_Clear
RandomForest,1225,0,0,0.0002126754572522331,Correct_or_Clear
RandomForest,1226,0,0,0.0002126754572522331,Correct_or_Clear
RandomForest,1227,0,0,0.0002126754572522331,Correct_or_Clear
RandomForest,1228,0,0,0.0002126754572522331,Correct_or_Clear
RandomForest,1229,0,0,0.0002126754572522331,Correct_or_Clear
RandomForest,1230,0,0,0.0002126754572522331,Correct_or_Clear
RandomForest,1231,0,0,0.0002126754572522331,Correct_or_Clear
RandomForest,1232,0,0,0.0002126754572522331,Correct_or_Clear
RandomForest,1233,0,0,0.0002126754572522331,Correct_or_Clear
RandomForest,1234,0,0,0.0002126754572522331,Correct_or_Clear
RandomForest,1235,0,0,0.0002126754572522331,Correct_or_Clear
RandomForest,1236,0,0,0.0002126754572522331,Correct_or_Clear
RandomForest,1237,0,0,0.0002126754572522331,Correct_or_Clear
RandomForest,1238,0,0,0.0002126754572522331,Correct_or_Clear
RandomForest,1239,0,0,0.0002126754572522331,Correct_or_Clear
RandomForest,1240,0,0,0.0002126754572522331,Correct_or_Clear
RandomForest,1241,0,0,0.0002126754572522331,Correct_or_Clear
RandomForest,1242,0,0,0.0002126754572522331,Correct_or_Clear
RandomForest,1243,0,0,0.0002126754572522331,Correct_or_Clear
RandomForest,1244,0,0,0.0002126754572522331,Correct_or_Clear
RandomForest,1245,0,0,0.0002126754572522331,Correct_or_Clear
RandomForest,1246,1,1,1.0,Correct_or_Clear
RandomForest,1247,0,0,0.0002126754572522331,Correct_or_Clear
RandomForest,1248,0,0,0.0002126754572522331,Correct_or_Clear
RandomForest,1249,1,0,0.0002126754572522331,False_Negative
RandomForest,1250,1,1,1.0,Correct_or_Clear
RandomForest,1251,1,1,1.0,Correct_or_Clear
RandomForest,1252,1,1,1.0,Correct_or_Clear
RandomForest,1253,0,0,0.0002126754572522331,Correct_or_Clear
RandomForest,1254,1,1,1.0,Correct_or_Clear
RandomForest,1255,1,1,1.0,Correct_or_Clear
RandomForest,1256,0,0,0.0002126754572522331,Correct_or_Clear
RandomForest,1257,0,0,0.0002126754572522331,Correct_or_Clear
RandomForest,1258,1,1,1.0,Correct_or_Clear
RandomForest,1259,1,1,1.0,Correct_or_Clear
RandomForest,1260,0,0,0.0002126754572522331,Correct_or_Clear
RandomForest,1261,1,1,1.0,Correct_or_Clear
RandomForest,1262,1,1,1.0,Correct_or_Clear
RandomForest,1263,0,0,0.0002126754572522331,Correct_or_Clear
RandomForest,1264,1,1,1.0,Correct_or_Clear
RandomForest,1265,0,0,0.0002126754572522331,Correct_or_Clear
RandomForest,1266,1,1,1.0,Correct_or_Clear
RandomForest,1267,0,0,0.0002126754572522331,Correct_or_Clear
RandomForest,1268,0,0,0.0002126754572522331,Correct_or_Clear
RandomForest,1269,0,0,0.0002126754572522331,Correct_or_Clear
RandomForest,1270,0,0,0.0002126754572522331,Correct_or_Clear
RandomForest,1271,0,0,0.0002126754572522331,Correct_or_Clear
RandomForest,1272,0,0,0.0002126754572522331,Correct_or_Clear
RandomForest,1273,0,0,0.0002126754572522331,Correct_or_Clear
RandomForest,1274,0,0,0.0002126754572522331,Correct_or_Clear
RandomForest,1275,0,0,0.0002126754572522331,Correct_or_Clear
RandomForest,1276,0,0,0.0002126754572522331,Correct_or_Clear
RandomForest,1277,0,0,0.0002126754572522331,Correct_or_Clear
RandomForest,1278,0,0,0.0002126754572522331,Correct_or_Clear
RandomForest,1279,1,1,1.0,Correct_or_Clear
RandomForest,1280,1,1,1.0,Correct_or_Clear
RandomForest,1281,1,1,1.0,Correct_or_Clear
RandomForest,1282,1,1,1.0,Correct_or_Clear
RandomForest,1283,1,1,1.0,Correct_or_Clear
RandomForest,1284,1,1,1.0,Correct_or_Clear
RandomForest,1285,1,1,1.0,Correct_or_Clear
RandomForest,1286,1,1,1.0,Correct_or_Clear
RandomForest,1287,1,1,1.0,Correct_or_Clear
RandomForest,1288,0,0,0.0002126754572522331,Correct_or_Clear
RandomForest,1289,1,1,1.0,Correct_or_Clear
RandomForest,1290,1,1,1.0,Correct_or_Clear
RandomForest,1291,1,1,1.0,Correct_or_Clear
RandomForest,1292,1,1,1.0,Correct_or_Clear
RandomForest,1293,1,1,1.0,Correct_or_Clear
RandomForest,1294,1,1,1.0,Correct_or_Clear
RandomForest,1295,0,0,0.0002126754572522331,Correct_or_Clear
RandomForest,1296,1,1,1.0,Correct_or_Clear
RandomForest,1297,1,1,1.0,Correct_or_Clear
RandomForest,1298,1,1,1.0,Correct_or_Clear
RandomForest,1299,1,1,1.0,Correct_or_Clear
RandomForest,1300,0,0,0.0002126754572522331,Correct_or_Clear
RandomForest,1301,1,1,1.0,Correct_or_Clear
RandomForest,1302,0,0,0.0002126754572522331,Correct_or_Clear
RandomForest,1303,0,0,0.0002126754572522331,Correct_or_Clear
RandomForest,1304,0,0,0.0002126754572522331,Correct_or_Clear
RandomForest,1305,1,1,1.0,Correct_or_Clear
RandomForest,1306,0,0,0.0002126754572522331,Correct_or_Clear
RandomForest,1307,0,0,0.0002126754572522331,Correct_or_Clear
RandomForest,1308,0,0,0.0002126754572522331,Correct_or_Clear
RandomForest,1309,0,0,0.0002126754572522331,Correct_or_Clear
RandomForest,1310,0,0,0.0002126754572522331,Correct_or_Clear
RandomForest,1311,0,0,0.0002126754572522331,Correct_or_Clear
RandomForest,1312,0,0,0.0002126754572522331,Correct_or_Clear
RandomForest,1313,0,0,0.0002126754572522331,Correct_or_Clear
RandomForest,1314,0,0,0.0002126754572522331,Correct_or_Clear
RandomForest,1315,0,0,0.0002126754572522331,Correct_or_Clear
RandomForest,1316,0,0,0.0002126754572522331,Correct_or_Clear
RandomForest,1317,0,0,0.0002126754572522331,Correct_or_Clear
RandomForest,1318,1,1,1.0,Correct_or_Clear
RandomForest,1319,0,0,0.0002126754572522331,Correct_or_Clear
RandomForest,1320,0,0,0.0002126754572522331,Correct_or_Clear
RandomForest,1321,0,0,0.0002126754572522331,Correct_or_Clear
RandomForest,1322,0,0,0.0002126754572522331,Correct_or_Clear
RandomForest,1323,0,0,0.0002126754572522331,Correct_or_Clear
RandomForest,1324,1,1,1.0,Correct_or_Clear
RandomForest,1325,1,1,1.0,Correct_or_Clear
RandomForest,1326,0,0,0.0002126754572522331,Correct_or_Clear
RandomForest,1327,0,0,0.0002126754572522331,Correct_or_Clear
RandomForest,1328,0,0,0.0002126754572522331,Correct_or_Clear
RandomForest,1329,0,0,0.0002126754572522331,Correct_or_Clear
RandomForest,1330,0,0,0.0002126754572522331,Correct_or_Clear
RandomForest,1331,1,1,1.0,Correct_or_Clear
RandomForest,1332,1,1,1.0,Correct_or_Clear
RandomForest,1333,0,0,0.0002126754572522331,Correct_or_Clear
RandomForest,1334,0,0,0.0002126754572522331,Correct_or_Clear
RandomForest,1335,0,0,0.0002126754572522331,Correct_or_Clear
RandomForest,1336,0,0,0.0002126754572522331,Correct_or_Clear
RandomForest,1337,0,0,0.0002126754572522331,Correct_or_Clear
RandomForest,1338,0,0,0.0002126754572522331,Correct_or_Clear
RandomForest,1339,0,0,0.0002126754572522331,Correct_or_Clear
RandomForest,1340,0,0,0.0002126754572522331,Correct_or_Clear
RandomForest,1341,0,0,0.0002126754572522331,Correct_or_Clear
RandomForest,1342,0,0,0.0002126754572522331,Correct_or_Clear
RandomForest,1343,0,0,0.0002126754572522331,Correct_or_Clear
RandomForest,1344,0,0,0.0002126754572522331,Correct_or_Clear
RandomForest,1345,0,0,0.0002126754572522331,Correct_or_Clear
RandomForest,1346,0,0,0.0002126754572522331,Correct_or_Clear
RandomForest,1347,0,0,0.0002126754572522331,Correct_or_Clear
RandomForest,1348,0,0,0.0002126754572522331,Correct_or_Clear
RandomForest,1349,1,1,1.0,Correct_or_Clear
RandomForest,1350,0,0,0.0002126754572522331,Correct_or_Clear
RandomForest,1351,0,0,0.0002126754572522331,Correct_or_Clear
RandomForest,1352,0,0,0.0002126754572522331,Correct_or_Clear
RandomForest,1353,0,0,0.0002126754572522331,Correct_or_Clear
RandomForest,1354,0,0,0.0002126754572522331,Correct_or_Clear
RandomForest,1355,0,0,0.0002126754572522331,Correct_or_Clear
RandomForest,1356,0,0,0.0002126754572522331,Correct_or_Clear
RandomForest,1357,0,0,0.0002126754572522331,Correct_or_Clear
RandomForest,1358,1,1,1.0,Correct_or_Clear
RandomForest,1359,0,0,0.0002126754572522331,Correct_or_Clear
RandomForest,1360,0,0,0.0002126754572522331,Correct_or_Clear
RandomForest,1361,0,0,0.0002126754572522331,Correct_or_Clear
RandomForest,1362,0,0,0.0002126754572522331,Correct_or_Clear
RandomForest,1363,0,0,0.0002126754572522331,Correct_or_Clear
RandomForest,1364,0,0,0.0002126754572522331,Correct_or_Clear
RandomForest,1365,0,0,0.0002126754572522331,Correct_or_Clear
RandomForest,1366,0,0,0.0002126754572522331,Correct_or_Clear
RandomForest,1367,0,0,0.0002126754572522331,Correct_or_Clear
RandomForest,1368,0,0,0.0002126754572522331,Correct_or_Clear
RandomForest,1369,0,0,0.0002126754572522331,Correct_or_Clear
RandomForest,1370,1,1,1.0,Correct_or_Clear
RandomForest,1371,0,0,0.0002126754572522331,Correct_or_Clear
RandomForest,1372,0,0,0.0002126754572522331,Correct_or_Clear
RandomForest,1373,1,1,1.0,Correct_or_Clear
RandomForest,1374,0,0,0.0002126754572522331,Correct_or_Clear
RandomForest,1375,0,0,0.0002126754572522331,Correct_or_Clear
RandomForest,1376,0,0,0.0002126754572522331,Correct_or_Clear
RandomForest,1377,0,0,0.0002126754572522331,Correct_or_Clear
RandomForest,1378,1,1,1.0,Correct_or_Clear
RandomForest,1379,0,0,0.0002126754572522331,Correct_or_Clear
RandomForest,1380,0,0,0.0002126754572522331,Correct_or_Clear
RandomForest,1381,0,0,0.0002126754572522331,Correct_or_Clear
RandomForest,1382,0,0,0.0002126754572522331,Correct_or_Clear
RandomForest,1383,0,0,0.0002126754572522331,Correct_or_Clear
RandomForest,1384,0,0,0.0002126754572522331,Correct_or_Clear
RandomForest,1385,0,0,0.0002126754572522331,Correct_or_Clear
RandomForest,1386,0,0,0.0002126754572522331,Correct_or_Clear
RandomForest,1387,0,0,0.0002126754572522331,Correct_or_Clear
RandomForest,1388,0,0,0.0002126754572522331,Correct_or_Clear
RandomForest,1389,0,0,0.0002126754572522331,Correct_or_Clear
RandomForest,1390,0,0,0.0002126754572522331,Correct_or_Clear
RandomForest,1391,0,0,0.0002126754572522331,Correct_or_Clear
RandomForest,1392,0,0,0.0002126754572522331,Correct_or_Clear
RandomForest,1393,0,0,0.0002126754572522331,Correct_or_Clear
RandomForest,1394,0,0,0.0002126754572522331,Correct_or_Clear
RandomForest,1395,0,0,0.0002126754572522331,Correct_or_Clear
RandomForest,1396,0,0,0.0002126754572522331,Correct_or_Clear
RandomForest,1397,0,0,0.0002126754572522331,Correct_or_Clear
RandomForest,1398,0,0,0.0002126754572522331,Correct_or_Clear
RandomForest,1399,0,0,0.0002126754572522331,Correct_or_Clear
RandomForest,1400,0,0,0.0002126754572522331,Correct_or_Clear
RandomForest,1401,0,0,0.0002126754572522331,Correct_or_Clear
RandomForest,1402,0,0,0.0002126754572522331,Correct_or_Clear
RandomForest,1403,0,0,0.0002126754572522331,Correct_or_Clear
RandomForest,1404,0,0,0.0002126754572522331,Correct_or_Clear
RandomForest,1405,0,0,0.0002126754572522331,Correct_or_Clear
RandomForest,1406,0,0,0.0002126754572522331,Correct_or_Clear
RandomForest,1407,0,0,0.0002126754572522331,Correct_or_Clear
RandomForest,1408,0,0,0.0002126754572522331,Correct_or_Clear
RandomForest,1409,0,0,0.0002126754572522331,Correct_or_Clear
RandomForest,1410,0,0,0.0002126754572522331,Correct_or_Clear
RandomForest,1411,0,0,0.0002126754572522331,Correct_or_Clear
RandomForest,1412,0,0,0.0002126754572522331,Correct_or_Clear
RandomForest,1413,0,0,0.0002126754572522331,Correct_or_Clear
RandomForest,1414,1,1,1.0,Correct_or_Clear
RandomForest,1415,0,0,0.0002126754572522331,Correct_or_Clear
RandomForest,1416,0,0,0.0002126754572522331,Correct_or_Clear
RandomForest,1417,0,0,0.0002126754572522331,Correct_or_Clear
RandomForest,1418,0,0,0.0002126754572522331,Correct_or_Clear
RandomForest,1419,0,0,0.0002126754572522331,Correct_or_Clear
RandomForest,1420,0,0,0.0002126754572522331,Correct_or_Clear
RandomForest,1421,0,0,0.0002126754572522331,Correct_or_Clear
RandomForest,1422,0,0,0.0002126754572522331,Correct_or_Clear
RandomForest,1423,0,0,0.0002126754572522331,Correct_or_Clear
RandomForest,1424,0,0,0.0002126754572522331,Correct_or_Clear
RandomForest,1425,0,0,0.0002126754572522331,Correct_or_Clear
RandomForest,1426,0,0,0.0002126754572522331,Correct_or_Clear
RandomForest,1427,0,0,0.0002126754572522331,Correct_or_Clear
RandomForest,1428,0,0,0.0002126754572522331,Correct_or_Clear
RandomForest,1429,0,0,0.0002126754572522331,Correct_or_Clear
RandomForest,1430,0,0,0.0002126754572522331,Correct_or_Clear
RandomForest,1431,0,0,0.0002126754572522331,Correct_or_Clear
RandomForest,1432,0,0,0.0002126754572522331,Correct_or_Clear
RandomForest,1433,0,0,0.0002126754572522331,Correct_or_Clear
RandomForest,1434,1,1,1.0,Correct_or_Clear
RandomForest,1435,1,1,1.0,Correct_or_Clear
RandomForest,1436,0,0,0.0002126754572522331,Correct_or_Clear
RandomForest,1437,0,0,0.0002126754572522331,Correct_or_Clear
RandomForest,1438,0,0,0.0002126754572522331,Correct_or_Clear
RandomForest,1439,0,0,0.0002126754572522331,Correct_or_Clear
RandomForest,1440,0,0,0.0002126754572522331,Correct_or_Clear
RandomForest,1441,1,1,1.0,Correct_or_Clear
RandomForest,1442,0,0,0.0002126754572522331,Correct_or_Clear
RandomForest,1443,0,0,0.0002126754572522331,Correct_or_Clear
RandomForest,1444,1,1,1.0,Correct_or_Clear
RandomForest,1445,1,1,1.0,Correct_or_Clear
RandomForest,1446,0,0,0.0002126754572522331,Correct_or_Clear
RandomForest,1447,0,0,0.0002126754572522331,Correct_or_Clear
RandomForest,1448,0,0,0.0002126754572522331,Correct_or_Clear
RandomForest,1449,0,0,0.0002126754572522331,Correct_or_Clear
RandomForest,1450,0,0,0.0002126754572522331,Correct_or_Clear
RandomForest,1451,0,0,0.0002126754572522331,Correct_or_Clear
RandomForest,1452,0,0,0.0002126754572522331,Correct_or_Clear
RandomForest,1453,0,0,0.0002126754572522331,Correct_or_Clear
RandomForest,1454,0,0,0.0002126754572522331,Correct_or_Clear
RandomForest,1455,0,0,0.0002126754572522331,Correct_or_Clear
RandomForest,1456,0,0,0.0002126754572522331,Correct_or_Clear
RandomForest,1457,0,0,0.0002126754572522331,Correct_or_Clear
RandomForest,1458,0,0,0.0002126754572522331,Correct_or_Clear
RandomForest,1459,0,0,0.0002126754572522331,Correct_or_Clear
RandomForest,1460,0,0,0.0002126754572522331,Correct_or_Clear
RandomForest,1461,0,0,0.0002126754572522331,Correct_or_Clear
RandomForest,1462,0,0,0.0002126754572522331,Correct_or_Clear
RandomForest,1463,0,0,0.0002126754572522331,Correct_or_Clear
RandomForest,1464,0,0,0.0002126754572522331,Correct_or_Clear
RandomForest,1465,0,0,0.0002126754572522331,Correct_or_Clear
RandomForest,1466,0,0,0.0002126754572522331,Correct_or_Clear
RandomForest,1467,0,0,0.0002126754572522331,Correct_or_Clear
RandomForest,1468,0,0,0.0002126754572522331,Correct_or_Clear
RandomForest,1469,0,0,0.0002126754572522331,Correct_or_Clear
RandomForest,1470,0,0,0.0002126754572522331,Correct_or_Clear
RandomForest,1471,0,0,0.0002126754572522331,Correct_or_Clear
RandomForest,1472,0,0,0.0002126754572522331,Correct_or_Clear
RandomForest,1473,0,0,0.0002126754572522331,Correct_or_Clear
RandomForest,1474,0,0,0.0002126754572522331,Correct_or_Clear
RandomForest,1475,0,0,0.0002126754572522331,Correct_or_Clear
RandomForest,1476,0,0,0.0002126754572522331,Correct_or_Clear
RandomForest,1477,0,0,0.0002126754572522331,Correct_or_Clear
RandomForest,1478,0,0,0.0002126754572522331,Correct_or_Clear
RandomForest,1479,1,1,1.0,Correct_or_Clear
RandomForest,1480,0,0,0.0002126754572522331,Correct_or_Clear
RandomForest,1481,0,0,0.0002126754572522331,Correct_or_Clear
RandomForest,1482,0,0,0.0002126754572522331,Correct_or_Clear
RandomForest,1483,0,0,0.0002126754572522331,Correct_or_Clear
RandomForest,1484,0,0,0.0002126754572522331,Correct_or_Clear
RandomForest,1485,0,0,0.0002126754572522331,Correct_or_Clear
RandomForest,1486,0,0,0.0002126754572522331,Correct_or_Clear
RandomForest,1487,0,0,0.0002126754572522331,Correct_or_Clear
RandomForest,1488,0,0,0.0002126754572522331,Correct_or_Clear
RandomForest,1489,0,0,0.0002126754572522331,Correct_or_Clear
RandomForest,1490,0,0,0.0002126754572522331,Correct_or_Clear
RandomForest,1491,0,0,0.0002126754572522331,Correct_or_Clear
RandomForest,1492,0,0,0.0002126754572522331,Correct_or_Clear
RandomForest,1493,0,0,0.0002126754572522331,Correct_or_Clear
RandomForest,1494,0,0,0.0002126754572522331,Correct_or_Clear
RandomForest,1495,0,0,0.0002126754572522331,Correct_or_Clear
RandomForest,1496,0,0,0.0002126754572522331,Correct_or_Clear
RandomForest,1497,0,0,0.0002126754572522331,Correct_or_Clear
RandomForest,1498,0,0,0.0002126754572522331,Correct_or_Clear
RandomForest,1499,0,0,0.0002126754572522331,Correct_or_Clear
RandomForest,1500,1,1,1.0,Correct_or_Clear
RandomForest,1501,0,0,0.0002126754572522331,Correct_or_Clear
RandomForest,1502,0,0,0.0002126754572522331,Correct_or_Clear
RandomForest,1503,0,0,0.0002126754572522331,Correct_or_Clear
RandomForest,1504,0,0,0.0002126754572522331,Correct_or_Clear
RandomForest,1505,0,0,0.0002126754572522331,Correct_or_Clear
RandomForest,1506,0,0,0.0002126754572522331,Correct_or_Clear
RandomForest,1507,0,0,0.0002126754572522331,Correct_or_Clear
RandomForest,1508,0,0,0.0002126754572522331,Correct_or_Clear
RandomForest,1509,0,0,0.0002126754572522331,Correct_or_Clear
RandomForest,1510,0,0,0.0002126754572522331,Correct_or_Clear
RandomForest,1511,0,0,0.0002126754572522331,Correct_or_Clear
RandomForest,1512,0,0,0.0002126754572522331,Correct_or_Clear
RandomForest,1513,0,0,0.0002126754572522331,Correct_or_Clear
RandomForest,1514,0,0,0.0002126754572522331,Correct_or_Clear
RandomForest,1515,1,1,1.0,Correct_or_Clear
RandomForest,1516,0,0,0.0002126754572522331,Correct_or_Clear
RandomForest,1517,0,0,0.0002126754572522331,Correct_or_Clear
RandomForest,1518,0,0,0.0002126754572522331,Correct_or_Clear
RandomForest,1519,0,0,0.0002126754572522331,Correct_or_Clear
RandomForest,1520,0,0,0.0002126754572522331,Correct_or_Clear
RandomForest,1521,0,0,0.0002126754572522331,Correct_or_Clear
RandomForest,1522,0,0,0.0002126754572522331,Correct_or_Clear
RandomForest,1523,0,0,0.0002126754572522331,Correct_or_Clear
RandomForest,1524,1,1,1.0,Correct_or_Clear
RandomForest,1525,0,0,0.0002126754572522331,Correct_or_Clear
RandomForest,1526,0,0,0.0002126754572522331,Correct_or_Clear
RandomForest,1527,1,1,1.0,Correct_or_Clear
RandomForest,1528,0,0,0.0002126754572522331,Correct_or_Clear
RandomForest,1529,1,1,1.0,Correct_or_Clear
RandomForest,1530,1,1,1.0,Correct_or_Clear
RandomForest,1531,0,0,0.0002126754572522331,Correct_or_Clear
RandomForest,1532,0,0,0.0002126754572522331,Correct_or_Clear
RandomForest,1533,0,0,0.0002126754572522331,Correct_or_Clear
RandomForest,1534,0,0,0.0002126754572522331,Correct_or_Clear
RandomForest,1535,1,1,1.0,Correct_or_Clear
RandomForest,1536,1,1,1.0,Correct_or_Clear
RandomForest,1537,0,0,0.0002126754572522331,Correct_or_Clear
RandomForest,1538,0,0,0.0002126754572522331,Correct_or_Clear
RandomForest,1539,0,0,0.0002126754572522331,Correct_or_Clear
RandomForest,1540,0,0,0.0002126754572522331,Correct_or_Clear
RandomForest,1541,0,0,0.0002126754572522331,Correct_or_Clear
RandomForest,1542,0,0,0.0002126754572522331,Correct_or_Clear
RandomForest,1543,0,0,0.0002126754572522331,Correct_or_Clear
RandomForest,1544,0,0,0.0002126754572522331,Correct_or_Clear
RandomForest,1545,0,0,0.0002126754572522331,Correct_or_Clear
RandomForest,1546,0,0,0.0002126754572522331,Correct_or_Clear
RandomForest,1547,0,0,0.0002126754572522331,Correct_or_Clear
RandomForest,1548,0,0,0.0002126754572522331,Correct_or_Clear
RandomForest,1549,0,0,0.0002126754572522331,Correct_or_Clear
RandomForest,1550,0,0,0.0002126754572522331,Correct_or_Clear
RandomForest,1551,0,0,0.0002126754572522331,Correct_or_Clear
RandomForest,1552,0,0,0.0002126754572522331,Correct_or_Clear
RandomForest,1553,0,0,0.0002126754572522331,Correct_or_Clear
RandomForest,1554,0,0,0.0002126754572522331,Correct_or_Clear
RandomForest,1555,0,0,0.0002126754572522331,Correct_or_Clear
RandomForest,1556,0,0,0.0002126754572522331,Correct_or_Clear
RandomForest,1557,0,0,0.0002126754572522331,Correct_or_Clear
RandomForest,1558,0,0,0.0002126754572522331,Correct_or_Clear
RandomForest,1559,0,0,0.0002126754572522331,Correct_or_Clear
RandomForest,1560,0,0,0.0002126754572522331,Correct_or_Clear
RandomForest,1561,0,0,0.0002126754572522331,Correct_or_Clear
RandomForest,1562,0,0,0.0002126754572522331,Correct_or_Clear
RandomForest,1563,0,0,0.0002126754572522331,Correct_or_Clear
RandomForest,1564,0,0,0.0002126754572522331,Correct_or_Clear
RandomForest,1565,0,0,0.0002126754572522331,Correct_or_Clear
RandomForest,1566,0,0,0.0002126754572522331,Correct_or_Clear
RandomForest,1567,0,0,0.0002126754572522331,Correct_or_Clear
RandomForest,1568,0,0,0.0002126754572522331,Correct_or_Clear
RandomForest,1569,0,0,0.0002126754572522331,Correct_or_Clear
RandomForest,1570,0,0,0.0002126754572522331,Correct_or_Clear
RandomForest,1571,0,0,0.0002126754572522331,Correct_or_Clear
RandomForest,1572,0,0,0.0002126754572522331,Correct_or_Clear
RandomForest,1573,0,0,0.0002126754572522331,Correct_or_Clear
RandomForest,1574,1,1,1.0,Correct_or_Clear
RandomForest,1575,0,0,0.0002126754572522331,Correct_or_Clear
RandomForest,1576,0,0,0.0002126754572522331,Correct_or_Clear
RandomForest,1577,0,0,0.0002126754572522331,Correct_or_Clear
RandomForest,1578,0,0,0.0002126754572522331,Correct_or_Clear
RandomForest,1579,0,0,0.0002126754572522331,Correct_or_Clear
RandomForest,1580,0,0,0.0002126754572522331,Correct_or_Clear
RandomForest,1581,0,0,0.0002126754572522331,Correct_or_Clear
RandomForest,1582,0,0,0.0002126754572522331,Correct_or_Clear
RandomForest,1583,0,0,0.0002126754572522331,Correct_or_Clear
RandomForest,1584,0,0,0.0002126754572522331,Correct_or_Clear
RandomForest,1585,1,1,1.0,Correct_or_Clear
RandomForest,1586,0,0,0.0002126754572522331,Correct_or_Clear
RandomForest,1587,1,1,1.0,Correct_or_Clear
RandomForest,1588,0,0,0.0002126754572522331,Correct_or_Clear
RandomForest,1589,0,0,0.0002126754572522331,Correct_or_Clear
RandomForest,1590,0,0,0.0002126754572522331,Correct_or_Clear
RandomForest,1591,0,0,0.0002126754572522331,Correct_or_Clear
RandomForest,1592,0,0,0.0002126754572522331,Correct_or_Clear
RandomForest,1593,0,0,0.0002126754572522331,Correct_or_Clear
RandomForest,1594,0,0,0.0002126754572522331,Correct_or_Clear
RandomForest,1595,0,0,0.0002126754572522331,Correct_or_Clear
RandomForest,1596,0,0,0.0002126754572522331,Correct_or_Clear
RandomForest,1597,1,1,1.0,Correct_or_Clear
RandomForest,1598,1,1,1.0,Correct_or_Clear
RandomForest,1599,0,0,0.0002126754572522331,Correct_or_Clear
RandomForest,1600,0,0,0.0002126754572522331,Correct_or_Clear
RandomForest,1601,0,0,0.0002126754572522331,Correct_or_Clear
RandomForest,1602,0,0,0.0002126754572522331,Correct_or_Clear
RandomForest,1603,0,0,0.0002126754572522331,Correct_or_Clear
RandomForest,1604,0,0,0.0002126754572522331,Correct_or_Clear
RandomForest,1605,0,0,0.0002126754572522331,Correct_or_Clear
RandomForest,1606,0,0,0.0002126754572522331,Correct_or_Clear
RandomForest,1607,0,0,0.0002126754572522331,Correct_or_Clear
RandomForest,1608,0,0,0.0002126754572522331,Correct_or_Clear
RandomForest,1609,0,0,0.0002126754572522331,Correct_or_Clear
RandomForest,1610,0,0,0.0002126754572522331,Correct_or_Clear
RandomForest,1611,0,0,0.0002126754572522331,Correct_or_Clear
RandomForest,1612,0,0,0.0002126754572522331,Correct_or_Clear
RandomForest,1613,0,0,0.0002126754572522331,Correct_or_Clear
RandomForest,1614,0,0,0.0002126754572522331,Correct_or_Clear
RandomForest,1615,0,0,0.0002126754572522331,Correct_or_Clear
RandomForest,1616,0,0,0.0002126754572522331,Correct_or_Clear
RandomForest,1617,1,1,1.0,Correct_or_Clear
RandomForest,1618,1,1,1.0,Correct_or_Clear
RandomForest,1619,1,1,1.0,Correct_or_Clear
RandomForest,1620,1,1,1.0,Correct_or_Clear
RandomForest,1621,1,1,1.0,Correct_or_Clear
RandomForest,1622,0,0,0.0002126754572522331,Correct_or_Clear
RandomForest,1623,0,0,0.0002126754572522331,Correct_or_Clear
RandomForest,1624,0,0,0.0002126754572522331,Correct_or_Clear
RandomForest,1625,0,0,0.0002126754572522331,Correct_or_Clear
RandomForest,1626,0,0,0.0002126754572522331,Correct_or_Clear
RandomForest,1627,0,0,0.0002126754572522331,Correct_or_Clear
RandomForest,1628,0,0,0.0002126754572522331,Correct_or_Clear
RandomForest,1629,0,0,0.0002126754572522331,Correct_or_Clear
RandomForest,1630,0,0,0.0002126754572522331,Correct_or_Clear
RandomForest,1631,0,0,0.0002126754572522331,Correct_or_Clear
RandomForest,1632,0,0,0.0002126754572522331,Correct_or_Clear
RandomForest,1633,0,0,0.0002126754572522331,Correct_or_Clear
RandomForest,1634,0,0,0.0002126754572522331,Correct_or_Clear
RandomForest,1635,0,0,0.0002126754572522331,Correct_or_Clear
RandomForest,1636,0,0,0.0002126754572522331,Correct_or_Clear
RandomForest,1637,0,0,0.0002126754572522331,Correct_or_Clear
RandomForest,1638,1,1,1.0,Correct_or_Clear
RandomForest,1639,0,0,0.0002126754572522331,Correct_or_Clear
RandomForest,1640,0,0,0.0002126754572522331,Correct_or_Clear
RandomForest,1641,0,0,0.0002126754572522331,Correct_or_Clear
RandomForest,1642,0,0,0.0002126754572522331,Correct_or_Clear
RandomForest,1643,0,0,0.0002126754572522331,Correct_or_Clear
RandomForest,1644,0,0,0.0002126754572522331,Correct_or_Clear
RandomForest,1645,0,0,0.0002126754572522331,Correct_or_Clear
RandomForest,1646,0,0,0.0002126754572522331,Correct_or_Clear
RandomForest,1647,0,0,0.0002126754572522331,Correct_or_Clear
RandomForest,1648,0,0,0.0002126754572522331,Correct_or_Clear
RandomForest,1649,0,0,0.0002126754572522331,Correct_or_Clear
RandomForest,1650,0,0,0.0002126754572522331,Correct_or_Clear
RandomForest,1651,0,0,0.0002126754572522331,Correct_or_Clear
RandomForest,1652,0,0,0.0002126754572522331,Correct_or_Clear
RandomForest,1653,0,0,0.0002126754572522331,Correct_or_Clear
RandomForest,1654,0,0,0.0002126754572522331,Correct_or_Clear
RandomForest,1655,0,0,0.0002126754572522331,Correct_or_Clear
RandomForest,1656,0,0,0.0002126754572522331,Correct_or_Clear
RandomForest,1657,0,0,0.0002126754572522331,Correct_or_Clear
RandomForest,1658,0,0,0.0002126754572522331,Correct_or_Clear
RandomForest,1659,0,0,0.0002126754572522331,Correct_or_Clear
RandomForest,1660,0,0,0.0002126754572522331,Correct_or_Clear
RandomForest,1661,0,0,0.0002126754572522331,Correct_or_Clear
RandomForest,1662,0,0,0.0002126754572522331,Correct_or_Clear
RandomForest,1663,0,0,0.0002126754572522331,Correct_or_Clear
RandomForest,1664,0,0,0.0002126754572522331,Correct_or_Clear
RandomForest,1665,0,0,0.0002126754572522331,Correct_or_Clear
RandomForest,1666,0,0,0.0002126754572522331,Correct_or_Clear
RandomForest,1667,0,0,0.0002126754572522331,Correct_or_Clear
RandomForest,1668,0,0,0.0002126754572522331,Correct_or_Clear
RandomForest,1669,0,0,0.0002126754572522331,Correct_or_Clear
RandomForest,1670,0,0,0.0002126754572522331,Correct_or_Clear
RandomForest,1671,0,0,0.0002126754572522331,Correct_or_Clear
RandomForest,1672,0,0,0.0002126754572522331,Correct_or_Clear
RandomForest,1673,0,0,0.0002126754572522331,Correct_or_Clear
RandomForest,1674,0,0,0.0002126754572522331,Correct_or_Clear
RandomForest,1675,0,0,0.0002126754572522331,Correct_or_Clear
RandomForest,1676,0,0,0.0002126754572522331,Correct_or_Clear
RandomForest,1677,0,0,0.0002126754572522331,Correct_or_Clear
RandomForest,1678,1,1,1.0,Correct_or_Clear
RandomForest,1679,0,0,0.0002126754572522331,Correct_or_Clear
RandomForest,1680,1,1,1.0,Correct_or_Clear
RandomForest,1681,0,0,0.0002126754572522331,Correct_or_Clear
RandomForest,1682,0,0,0.0002126754572522331,Correct_or_Clear
RandomForest,1683,0,0,0.0002126754572522331,Correct_or_Clear
RandomForest,1684,0,0,0.0002126754572522331,Correct_or_Clear
RandomForest,1685,0,0,0.0002126754572522331,Correct_or_Clear
RandomForest,1686,0,0,0.0002126754572522331,Correct_or_Clear
RandomForest,1687,1,1,1.0,Correct_or_Clear
RandomForest,1688,0,0,0.0002126754572522331,Correct_or_Clear
RandomForest,1689,0,0,0.0002126754572522331,Correct_or_Clear
RandomForest,1690,0,0,0.0002126754572522331,Correct_or_Clear
RandomForest,1691,0,0,0.0002126754572522331,Correct_or_Clear
RandomForest,1692,0,0,0.0002126754572522331,Correct_or_Clear
RandomForest,1693,0,0,0.0002126754572522331,Correct_or_Clear
RandomForest,1694,0,0,0.0002126754572522331,Correct_or_Clear
RandomForest,1695,0,0,0.0002126754572522331,Correct_or_Clear
RandomForest,1696,0,0,0.0002126754572522331,Correct_or_Clear
RandomForest,1697,0,0,0.0002126754572522331,Correct_or_Clear
RandomForest,1698,0,0,0.0002126754572522331,Correct_or_Clear
RandomForest,1699,0,0,0.0002126754572522331,Correct_or_Clear
RandomForest,1700,0,0,0.0002126754572522331,Correct_or_Clear
RandomForest,1701,0,0,0.0002126754572522331,Correct_or_Clear
RandomForest,1702,0,0,0.0002126754572522331,Correct_or_Clear
RandomForest,1703,0,0,0.0002126754572522331,Correct_or_Clear
RandomForest,1704,0,0,0.0002126754572522331,Correct_or_Clear
RandomForest,1705,0,0,0.0002126754572522331,Correct_or_Clear
RandomForest,1706,0,0,0.0002126754572522331,Correct_or_Clear
RandomForest,1707,0,0,0.0002126754572522331,Correct_or_Clear
RandomForest,1708,0,0,0.0002126754572522331,Correct_or_Clear
RandomForest,1709,0,0,0.0002126754572522331,Correct_or_Clear
RandomForest,1710,0,0,0.0002126754572522331,Correct_or_Clear
RandomForest,1711,0,0,0.0002126754572522331,Correct_or_Clear
RandomForest,1712,0,0,0.0002126754572522331,Correct_or_Clear
RandomForest,1713,0,0,0.0002126754572522331,Correct_or_Clear
RandomForest,1714,0,0,0.0002126754572522331,Correct_or_Clear
RandomForest,1715,0,0,0.0002126754572522331,Correct_or_Clear
RandomForest,1716,0,0,0.0002126754572522331,Correct_or_Clear
RandomForest,1717,0,0,0.0002126754572522331,Correct_or_Clear
RandomForest,1718,0,0,0.0002126754572522331,Correct_or_Clear
RandomForest,1719,0,0,0.0002126754572522331,Correct_or_Clear
RandomForest,1720,0,0,0.0002126754572522331,Correct_or_Clear
RandomForest,1721,0,0,0.0002126754572522331,Correct_or_Clear
RandomForest,1722,0,0,0.0002126754572522331,Correct_or_Clear
RandomForest,1723,0,0,0.0002126754572522331,Correct_or_Clear
RandomForest,1724,0,0,0.0002126754572522331,Correct_or_Clear
RandomForest,1725,0,0,0.0002126754572522331,Correct_or_Clear
RandomForest,1726,0,0,0.0002126754572522331,Correct_or_Clear
RandomForest,1727,0,0,0.0002126754572522331,Correct_or_Clear
RandomForest,1728,0,0,0.0002126754572522331,Correct_or_Clear
RandomForest,1729,0,0,0.0002126754572522331,Correct_or_Clear
RandomForest,1730,0,0,0.0002126754572522331,Correct_or_Clear
RandomForest,1731,0,0,0.0002126754572522331,Correct_or_Clear
RandomForest,1732,0,0,0.0002126754572522331,Correct_or_Clear
RandomForest,1733,0,0,0.0002126754572522331,Correct_or_Clear
RandomForest,1734,0,0,0.0002126754572522331,Correct_or_Clear
RandomForest,1735,0,0,0.0002126754572522331,Correct_or_Clear
RandomForest,1736,0,0,0.0002126754572522331,Correct_or_Clear
RandomForest,1737,0,0,0.0002126754572522331,Correct_or_Clear
RandomForest,1738,0,0,0.0002126754572522331,Correct_or_Clear
RandomForest,1739,0,0,0.0002126754572522331,Correct_or_Clear
RandomForest,1740,0,0,0.0002126754572522331,Correct_or_Clear
RandomForest,1741,1,1,1.0,Correct_or_Clear
RandomForest,1742,0,0,0.0002126754572522331,Correct_or_Clear
RandomForest,1743,0,0,0.0002126754572522331,Correct_or_Clear
RandomForest,1744,0,0,0.0002126754572522331,Correct_or_Clear
RandomForest,1745,0,0,0.0002126754572522331,Correct_or_Clear
RandomForest,1746,0,0,0.0002126754572522331,Correct_or_Clear
RandomForest,1747,0,0,0.0002126754572522331,Correct_or_Clear
RandomForest,1748,1,1,1.0,Correct_or_Clear
RandomForest,1749,1,0,0.0002126754572522331,False_Negative
RandomForest,1750,1,1,1.0,Correct_or_Clear
RandomForest,1751,1,1,1.0,Correct_or_Clear
RandomForest,1752,1,0,0.0002126754572522331,False_Negative
RandomForest,1753,1,0,0.0002126754572522331,False_Negative
RandomForest,1754,1,1,1.0,Correct_or_Clear
RandomForest,1755,0,0,0.0002126754572522331,Correct_or_Clear
RandomForest,1756,1,1,1.0,Correct_or_Clear
RandomForest,1757,1,1,1.0,Correct_or_Clear
RandomForest,1758,1,1,1.0,Correct_or_Clear
RandomForest,1759,1,1,1.0,Correct_or_Clear
RandomForest,1760,0,0,0.0002126754572522331,Correct_or_Clear
RandomForest,1761,1,1,1.0,Correct_or_Clear
RandomForest,1762,1,1,1.0,Correct_or_Clear
RandomForest,1763,1,1,1.0,Correct_or_Clear
RandomForest,1764,1,0,0.0002126754572522331,False_Negative
RandomForest,1765,1,0,0.0002126754572522331,False_Negative
RandomForest,1766,1,1,1.0,Correct_or_Clear
RandomForest,1767,1,0,0.0002126754572522331,False_Negative
RandomForest,1768,1,1,1.0,Correct_or_Clear
RandomForest,1769,1,1,1.0,Correct_or_Clear
RandomForest,1770,1,1,1.0,Correct_or_Clear
RandomForest,1771,1,1,1.0,Correct_or_Clear
RandomForest,1772,0,0,0.0002126754572522331,Correct_or_Clear
RandomForest,1773,1,1,1.0,Correct_or_Clear
RandomForest,1774,1,1,1.0,Correct_or_Clear
RandomForest,1775,1,1,1.0,Correct_or_Clear
RandomForest,1776,1,0,0.0002126754572522331,False_Negative
RandomForest,1777,1,1,1.0,Correct_or_Clear
RandomForest,1778,1,1,1.0,Correct_or_Clear
RandomForest,1779,1,0,0.0002126754572522331,False_Negative
RandomForest,1780,1,1,1.0,Correct_or_Clear
RandomForest,1781,1,0,0.0002126754572522331,False_Negative
RandomForest,1782,1,1,1.0,Correct_or_Clear
RandomForest,1783,1,1,1.0,Correct_or_Clear
RandomForest,1784,1,0,0.0002126754572522331,False_Negative
RandomForest,1785,1,0,0.0002126754572522331,False_Negative
RandomForest,1786,1,0,0.0002126754572522331,False_Negative
RandomForest,1787,0,0,0.0002126754572522331,Correct_or_Clear
RandomForest,1788,1,0,0.0002126754572522331,False_Negative
RandomForest,1789,1,1,1.0,Correct_or_Clear
RandomForest,1790,1,1,1.0,Correct_or_Clear
RandomForest,1791,1,1,1.0,Correct_or_Clear
RandomForest,1792,0,0,0.0002126754572522331,Correct_or_Clear
RandomForest,1793,1,1,1.0,Correct_or_Clear
RandomForest,1794,1,1,1.0,Correct_or_Clear
RandomForest,1795,1,1,1.0,Correct_or_Clear
RandomForest,1796,1,0,0.0002126754572522331,False_Negative
RandomForest,1797,1,1,1.0,Correct_or_Clear
RandomForest,1798,1,1,1.0,Correct_or_Clear
RandomForest,1799,1,0,0.0002126754572522331,False_Negative
RandomForest,1800,1,1,1.0,Correct_or_Clear
RandomForest,1801,1,0,0.0002126754572522331,False_Negative
RandomForest,1802,1,1,1.0,Correct_or_Clear
RandomForest,1803,1,1,1.0,Correct_or_Clear
RandomForest,1804,0,0,0.0002126754572522331,Correct_or_Clear
RandomForest,1805,1,1,1.0,Correct_or_Clear
RandomForest,1806,1,0,0.0002126754572522331,False_Negative
RandomForest,1807,1,1,1.0,Correct_or_Clear
RandomForest,1808,0,0,0.0002126754572522331,Correct_or_Clear
RandomForest,1809,1,1,1.0,Correct_or_Clear
RandomForest,1810,1,0,0.0002126754572522331,False_Negative
RandomForest,1811,1,1,1.0,Correct_or_Clear
RandomForest,1812,1,0,0.0002126754572522331,False_Negative
RandomForest,1813,1,1,1.0,Correct_or_Clear
RandomForest,1814,1,1,1.0,Correct_or_Clear
RandomForest,1815,1,1,1.0,Correct_or_Clear
RandomForest,1816,1,1,1.0,Correct_or_Clear
RandomForest,1817,1,0,0.0002126754572522331,False_Negative
RandomForest,1818,1,1,1.0,Correct_or_Clear
RandomForest,1819,1,0,0.0002126754572522331,False_Negative
RandomForest,1820,1,1,1.0,Correct_or_Clear
RandomForest,1821,1,1,1.0,Correct_or_Clear
RandomForest,1822,1,1,1.0,Correct_or_Clear
RandomForest,1823,1,1,1.0,Correct_or_Clear
RandomForest,1824,1,1,1.0,Correct_or_Clear
RandomForest,1825,1,1,1.0,Correct_or_Clear
RandomForest,1826,1,0,0.0002126754572522331,False_Negative
RandomForest,1827,1,1,1.0,Correct_or_Clear
RandomForest,1828,1,1,1.0,Correct_or_Clear
RandomForest,1829,1,0,0.0002126754572522331,False_Negative
RandomForest,1830,0,0,0.0002126754572522331,Correct_or_Clear
RandomForest,1831,0,0,0.0002126754572522331,Correct_or_Clear
RandomForest,1832,1,1,1.0,Correct_or_Clear
RandomForest,1833,0,0,0.0002126754572522331,Correct_or_Clear
RandomForest,1834,0,0,0.0002126754572522331,Correct_or_Clear
RandomForest,1835,0,0,0.0002126754572522331,Correct_or_Clear
RandomForest,1836,1,1,1.0,Correct_or_Clear
RandomForest,1837,0,0,0.0002126754572522331,Correct_or_Clear
RandomForest,1838,1,1,1.0,Correct_or_Clear
RandomForest,1839,0,0,0.0002126754572522331,Correct_or_Clear
RandomForest,1840,0,0,0.0002126754572522331,Correct_or_Clear
RandomForest,1841,0,0,0.0002126754572522331,Correct_or_Clear
RandomForest,1842,1,1,1.0,Correct_or_Clear
RandomForest,1843,1,1,1.0,Correct_or_Clear
RandomForest,1844,1,1,1.0,Correct_or_Clear
RandomForest,1845,1,1,1.0,Correct_or_Clear
RandomForest,1846,1,1,1.0,Correct_or_Clear
RandomForest,1847,1,1,1.0,Correct_or_Clear
RandomForest,1848,0,0,0.0002126754572522331,Correct_or_Clear
RandomForest,1849,1,1,1.0,Correct_or_Clear
RandomForest,1850,1,1,1.0,Correct_or_Clear
RandomForest,1851,0,0,0.0002126754572522331,Correct_or_Clear
RandomForest,1852,0,0,0.0002126754572522331,Correct_or_Clear
RandomForest,1853,0,0,0.0002126754572522331,Correct_or_Clear
RandomForest,1854,0,0,0.0002126754572522331,Correct_or_Clear
RandomForest,1855,0,0,0.0002126754572522331,Correct_or_Clear
RandomForest,1856,0,0,0.0002126754572522331,Correct_or_Clear
RandomForest,1857,0,0,0.0002126754572522331,Correct_or_Clear
RandomForest,1858,0,0,0.0002126754572522331,Correct_or_Clear
RandomForest,1859,0,0,0.0002126754572522331,Correct_or_Clear
RandomForest,1860,0,0,0.0002126754572522331,Correct_or_Clear
RandomForest,1861,0,0,0.0002126754572522331,Correct_or_Clear
RandomForest,1862,0,0,0.0002126754572522331,Correct_or_Clear
RandomForest,1863,0,0,0.0002126754572522331,Correct_or_Clear
RandomForest,1864,0,0,0.0002126754572522331,Correct_or_Clear
RandomForest,1865,0,0,0.0002126754572522331,Correct_or_Clear
RandomForest,1866,0,0,0.0002126754572522331,Correct_or_Clear
RandomForest,1867,0,0,0.0002126754572522331,Correct_or_Clear
RandomForest,1868,0,0,0.0002126754572522331,Correct_or_Clear
RandomForest,1869,0,0,0.0002126754572522331,Correct_or_Clear
RandomForest,1870,0,0,0.0002126754572522331,Correct_or_Clear
RandomForest,1871,0,0,0.0002126754572522331,Correct_or_Clear
RandomForest,1872,0,0,0.0002126754572522331,Correct_or_Clear
RandomForest,1873,0,0,0.0002126754572522331,Correct_or_Clear
RandomForest,1874,0,0,0.0002126754572522331,Correct_or_Clear
RandomForest,1875,0,0,0.0002126754572522331,Correct_or_Clear
RandomForest,1876,0,0,0.0002126754572522331,Correct_or_Clear
RandomForest,1877,0,0,0.0002126754572522331,Correct_or_Clear
RandomForest,1878,0,0,0.0002126754572522331,Correct_or_Clear
RandomForest,1879,0,0,0.0002126754572522331,Correct_or_Clear
RandomForest,1880,0,0,0.0002126754572522331,Correct_or_Clear
RandomForest,1881,0,0,0.0002126754572522331,Correct_or_Clear
RandomForest,1882,0,0,0.0002126754572522331,Correct_or_Clear
RandomForest,1883,0,0,0.0002126754572522331,Correct_or_Clear
RandomForest,1884,0,0,0.0002126754572522331,Correct_or_Clear
RandomForest,1885,1,1,1.0,Correct_or_Clear
RandomForest,1886,0,0,0.0002126754572522331,Correct_or_Clear
RandomForest,1887,0,0,0.0002126754572522331,Correct_or_Clear
RandomForest,1888,0,0,0.0002126754572522331,Correct_or_Clear
RandomForest,1889,0,0,0.0002126754572522331,Correct_or_Clear
RandomForest,1890,1,1,1.0,Correct_or_Clear
RandomForest,1891,0,0,0.0002126754572522331,Correct_or_Clear
RandomForest,1892,0,0,0.0002126754572522331,Correct_or_Clear
RandomForest,1893,0,0,0.0002126754572522331,Correct_or_Clear
RandomForest,1894,0,0,0.0002126754572522331,Correct_or_Clear
RandomForest,1895,0,0,0.0002126754572522331,Correct_or_Clear
RandomForest,1896,0,0,0.0002126754572522331,Correct_or_Clear
RandomForest,1897,0,0,0.0002126754572522331,Correct_or_Clear
RandomForest,1898,0,0,0.0002126754572522331,Correct_or_Clear
RandomForest,1899,0,0,0.0002126754572522331,Correct_or_Clear
RandomForest,1900,0,0,0.0002126754572522331,Correct_or_Clear
RandomForest,1901,0,0,0.0002126754572522331,Correct_or_Clear
RandomForest,1902,0,0,0.0002126754572522331,Correct_or_Clear
RandomForest,1903,1,1,1.0,Correct_or_Clear
RandomForest,1904,0,0,0.0002126754572522331,Correct_or_Clear
RandomForest,1905,0,0,0.0002126754572522331,Correct_or_Clear
RandomForest,1906,0,0,0.0002126754572522331,Correct_or_Clear
RandomForest,1907,0,0,0.0002126754572522331,Correct_or_Clear
RandomForest,1908,0,0,0.0002126754572522331,Correct_or_Clear
RandomForest,1909,0,0,0.0002126754572522331,Correct_or_Clear
RandomForest,1910,0,0,0.0002126754572522331,Correct_or_Clear
RandomForest,1911,0,0,0.0002126754572522331,Correct_or_Clear
RandomForest,1912,0,0,0.0002126754572522331,Correct_or_Clear
RandomForest,1913,0,0,0.0002126754572522331,Correct_or_Clear
RandomForest,1914,0,0,0.0002126754572522331,Correct_or_Clear
RandomForest,1915,0,0,0.0002126754572522331,Correct_or_Clear
RandomForest,1916,0,0,0.0002126754572522331,Correct_or_Clear
RandomForest,1917,0,0,0.0002126754572522331,Correct_or_Clear
RandomForest,1918,0,0,0.0002126754572522331,Correct_or_Clear
RandomForest,1919,0,0,0.0002126754572522331,Correct_or_Clear
RandomForest,1920,0,0,0.0002126754572522331,Correct_or_Clear
RandomForest,1921,0,0,0.0002126754572522331,Correct_or_Clear
RandomForest,1922,0,0,0.0002126754572522331,Correct_or_Clear
RandomForest,1923,0,0,0.0002126754572522331,Correct_or_Clear
RandomForest,1924,0,0,0.0002126754572522331,Correct_or_Clear
RandomForest,1925,0,0,0.0002126754572522331,Correct_or_Clear
RandomForest,1926,0,0,0.0002126754572522331,Correct_or_Clear
RandomForest,1927,0,0,0.0002126754572522331,Correct_or_Clear
RandomForest,1928,0,0,0.0002126754572522331,Correct_or_Clear
RandomForest,1929,0,0,0.0002126754572522331,Correct_or_Clear
RandomForest,1930,0,0,0.0002126754572522331,Correct_or_Clear
RandomForest,1931,0,0,0.0002126754572522331,Correct_or_Clear
RandomForest,1932,0,0,0.0002126754572522331,Correct_or_Clear
RandomForest,1933,0,0,0.0002126754572522331,Correct_or_Clear
RandomForest,1934,0,0,0.0002126754572522331,Correct_or_Clear
RandomForest,1935,1,1,1.0,Correct_or_Clear
RandomForest,1936,0,0,0.0002126754572522331,Correct_or_Clear
RandomForest,1937,0,0,0.0002126754572522331,Correct_or_Clear
RandomForest,1938,0,0,0.0002126754572522331,Correct_or_Clear
RandomForest,1939,0,0,0.0002126754572522331,Correct_or_Clear
RandomForest,1940,0,0,0.0002126754572522331,Correct_or_Clear
RandomForest,1941,0,0,0.0002126754572522331,Correct_or_Clear
RandomForest,1942,0,0,0.0002126754572522331,Correct_or_Clear
RandomForest,1943,0,0,0.0002126754572522331,Correct_or_Clear
RandomForest,1944,0,0,0.0002126754572522331,Correct_or_Clear
RandomForest,1945,1,1,1.0,Correct_or_Clear
RandomForest,1946,0,0,0.0002126754572522331,Correct_or_Clear
RandomForest,1947,0,0,0.0002126754572522331,Correct_or_Clear
RandomForest,1948,0,0,0.0002126754572522331,Correct_or_Clear
RandomForest,1949,0,0,0.0002126754572522331,Correct_or_Clear
RandomForest,1950,0,0,0.0002126754572522331,Correct_or_Clear
RandomForest,1951,0,0,0.0002126754572522331,Correct_or_Clear
RandomForest,1952,0,0,0.0002126754572522331,Correct_or_Clear
RandomForest,1953,0,0,0.0002126754572522331,Correct_or_Clear
RandomForest,1954,1,1,1.0,Correct_or_Clear
RandomForest,1955,0,0,0.0002126754572522331,Correct_or_Clear
RandomForest,1956,0,0,0.0002126754572522331,Correct_or_Clear
RandomForest,1957,0,0,0.0002126754572522331,Correct_or_Clear
RandomForest,1958,0,0,0.0002126754572522331,Correct_or_Clear
RandomForest,1959,0,0,0.0002126754572522331,Correct_or_Clear
RandomForest,1960,0,0,0.0002126754572522331,Correct_or_Clear
RandomForest,1961,0,0,0.0002126754572522331,Correct_or_Clear
RandomForest,1962,0,0,0.0002126754572522331,Correct_or_Clear
RandomForest,1963,0,0,0.0002126754572522331,Correct_or_Clear
RandomForest,1964,0,0,0.0002126754572522331,Correct_or_Clear
RandomForest,1965,0,0,0.0002126754572522331,Correct_or_Clear
RandomForest,1966,1,1,1.0,Correct_or_Clear
RandomForest,1967,0,0,0.0002126754572522331,Correct_or_Clear
RandomForest,1968,0,0,0.0002126754572522331,Correct_or_Clear
RandomForest,1969,1,1,1.0,Correct_or_Clear
RandomForest,1970,0,0,0.0002126754572522331,Correct_or_Clear
RandomForest,1971,0,0,0.0002126754572522331,Correct_or_Clear
RandomForest,1972,1,1,1.0,Correct_or_Clear
RandomForest,1973,0,0,0.0002126754572522331,Correct_or_Clear
RandomForest,1974,1,1,1.0,Correct_or_Clear
RandomForest,1975,0,0,0.0002126754572522331,Correct_or_Clear
RandomForest,1976,0,0,0.0002126754572522331,Correct_or_Clear
RandomForest,1977,1,1,1.0,Correct_or_Clear
RandomForest,1978,0,0,0.0002126754572522331,Correct_or_Clear
RandomForest,1979,1,1,1.0,Correct_or_Clear
RandomForest,1980,0,0,0.0002126754572522331,Correct_or_Clear
RandomForest,1981,0,0,0.0002126754572522331,Correct_or_Clear
RandomForest,1982,0,0,0.0002126754572522331,Correct_or_Clear
RandomForest,1983,0,0,0.0002126754572522331,Correct_or_Clear
RandomForest,1984,0,0,0.0002126754572522331,Correct_or_Clear
RandomForest,1985,0,0,0.0002126754572522331,Correct_or_Clear
RandomForest,1986,0,0,0.0002126754572522331,Correct_or_Clear
RandomForest,1987,0,0,0.0002126754572522331,Correct_or_Clear
RandomForest,1988,0,0,0.0002126754572522331,Correct_or_Clear
RandomForest,1989,0,0,0.0002126754572522331,Correct_or_Clear
RandomForest,1990,0,0,0.0002126754572522331,Correct_or_Clear
RandomForest,1991,0,0,0.0002126754572522331,Correct_or_Clear
RandomForest,1992,0,0,0.0002126754572522331,Correct_or_Clear
RandomForest,1993,0,0,0.0002126754572522331,Correct_or_Clear
RandomForest,1994,0,0,0.0002126754572522331,Correct_or_Clear
RandomForest,1995,1,1,1.0,Correct_or_Clear
RandomForest,1996,0,0,0.0002126754572522331,Correct_or_Clear
RandomForest,1997,0,0,0.0002126754572522331,Correct_or_Clear
RandomForest,1998,0,0,0.0002126754572522331,Correct_or_Clear
RandomForest,1999,1,1,1.0,Correct_or_Clear
RandomForest,2000,0,0,0.0002126754572522331,Correct_or_Clear
RandomForest,2001,0,0,0.0002126754572522331,Correct_or_Clear
RandomForest,2002,0,0,0.0002126754572522331,Correct_or_Clear
RandomForest,2003,0,0,0.0002126754572522331,Correct_or_Clear
RandomForest,2004,1,1,1.0,Correct_or_Clear
RandomForest,2005,0,0,0.0002126754572522331,Correct_or_Clear
RandomForest,2006,0,0,0.0002126754572522331,Correct_or_Clear
RandomForest,2007,0,0,0.0002126754572522331,Correct_or_Clear
RandomForest,2008,0,0,0.0002126754572522331,Correct_or_Clear
RandomForest,2009,0,0,0.0002126754572522331,Correct_or_Clear
RandomForest,2010,0,0,0.0002126754572522331,Correct_or_Clear
RandomForest,2011,0,0,0.0002126754572522331,Correct_or_Clear
RandomForest,2012,0,0,0.0002126754572522331,Correct_or_Clear
RandomForest,2013,0,0,0.0002126754572522331,Correct_or_Clear
RandomForest,2014,0,0,0.0002126754572522331,Correct_or_Clear
RandomForest,2015,0,0,0.0002126754572522331,Correct_or_Clear
RandomForest,2016,0,0,0.0002126754572522331,Correct_or_Clear
RandomForest,2017,0,0,0.0002126754572522331,Correct_or_Clear
RandomForest,2018,0,0,0.0002126754572522331,Correct_or_Clear
RandomForest,2019,0,0,0.0002126754572522331,Correct_or_Clear
RandomForest,2020,0,0,0.0002126754572522331,Correct_or_Clear
RandomForest,2021,0,0,0.0002126754572522331,Correct_or_Clear
RandomForest,2022,0,0,0.0002126754572522331,Correct_or_Clear
RandomForest,2023,0,0,0.0002126754572522331,Correct_or_Clear
RandomForest,2024,0,0,0.0002126754572522331,Correct_or_Clear
RandomForest,2025,0,0,0.0002126754572522331,Correct_or_Clear
RandomForest,2026,0,0,0.0002126754572522331,Correct_or_Clear
RandomForest,2027,0,0,0.0002126754572522331,Correct_or_Clear
RandomForest,2028,0,0,0.0002126754572522331,Correct_or_Clear
RandomForest,2029,0,0,0.0002126754572522331,Correct_or_Clear
RandomForest,2030,0,0,0.0002126754572522331,Correct_or_Clear
RandomForest,2031,0,0,0.0002126754572522331,Correct_or_Clear
RandomForest,2032,0,0,0.0002126754572522331,Correct_or_Clear
RandomForest,2033,0,0,0.0002126754572522331,Correct_or_Clear
RandomForest,2034,1,1,1.0,Correct_or_Clear
RandomForest,2035,0,0,0.0002126754572522331,Correct_or_Clear
RandomForest,2036,0,0,0.0002126754572522331,Correct_or_Clear
RandomForest,2037,0,0,0.0002126754572522331,Correct_or_Clear
RandomForest,2038,0,0,0.0002126754572522331,Correct_or_Clear
RandomForest,2039,0,0,0.0002126754572522331,Correct_or_Clear
RandomForest,2040,0,0,0.0002126754572522331,Correct_or_Clear
RandomForest,2041,0,0,0.0002126754572522331,Correct_or_Clear
RandomForest,2042,1,1,1.0,Correct_or_Clear
RandomForest,2043,0,0,0.0002126754572522331,Correct_or_Clear
RandomForest,2044,0,0,0.0002126754572522331,Correct_or_Clear
RandomForest,2045,0,0,0.0002126754572522331,Correct_or_Clear
RandomForest,2046,0,0,0.0002126754572522331,Correct_or_Clear
RandomForest,2047,0,0,0.0002126754572522331,Correct_or_Clear
RandomForest,2048,0,0,0.0002126754572522331,Correct_or_Clear
RandomForest,2049,0,0,0.0002126754572522331,Correct_or_Clear
RandomForest,2050,0,0,0.0002126754572522331,Correct_or_Clear
RandomForest,2051,0,0,0.0002126754572522331,Correct_or_Clear
RandomForest,2052,1,1,1.0,Correct_or_Clear
RandomForest,2053,0,0,0.0002126754572522331,Correct_or_Clear
RandomForest,2054,0,0,0.0002126754572522331,Correct_or_Clear
RandomForest,2055,0,0,0.0002126754572522331,Correct_or_Clear
RandomForest,2056,0,0,0.0002126754572522331,Correct_or_Clear
RandomForest,2057,0,0,0.0002126754572522331,Correct_or_Clear
RandomForest,2058,1,1,1.0,Correct_or_Clear
RandomForest,2059,0,0,0.0002126754572522331,Correct_or_Clear
RandomForest,2060,0,0,0.0002126754572522331,Correct_or_Clear
RandomForest,2061,0,0,0.0002126754572522331,Correct_or_Clear
RandomForest,2062,0,0,0.0002126754572522331,Correct_or_Clear
RandomForest,2063,1,1,1.0,Correct_or_Clear
RandomForest,2064,0,0,0.0002126754572522331,Correct_or_Clear
RandomForest,2065,0,0,0.0002126754572522331,Correct_or_Clear
RandomForest,2066,0,0,0.0002126754572522331,Correct_or_Clear
RandomForest,2067,0,0,0.0002126754572522331,Correct_or_Clear
RandomForest,2068,0,0,0.0002126754572522331,Correct_or_Clear
RandomForest,2069,1,1,1.0,Correct_or_Clear
RandomForest,2070,0,0,0.0002126754572522331,Correct_or_Clear
RandomForest,2071,0,0,0.0002126754572522331,Correct_or_Clear
RandomForest,2072,0,0,0.0002126754572522331,Correct_or_Clear
RandomForest,2073,0,0,0.0002126754572522331,Correct_or_Clear
RandomForest,2074,0,0,0.0002126754572522331,Correct_or_Clear
RandomForest,2075,0,0,0.0002126754572522331,Correct_or_Clear
RandomForest,2076,0,0,0.0002126754572522331,Correct_or_Clear
RandomForest,2077,0,0,0.0002126754572522331,Correct_or_Clear
RandomForest,2078,0,0,0.0002126754572522331,Correct_or_Clear
RandomForest,2079,0,0,0.0002126754572522331,Correct_or_Clear
RandomForest,2080,0,0,0.0002126754572522331,Correct_or_Clear
RandomForest,2081,1,1,1.0,Correct_or_Clear
RandomForest,2082,1,1,1.0,Correct_or_Clear
RandomForest,2083,1,1,1.0,Correct_or_Clear
RandomForest,2084,0,0,0.0002126754572522331,Correct_or_Clear
RandomForest,2085,1,1,1.0,Correct_or_Clear
RandomForest,2086,1,1,1.0,Correct_or_Clear
RandomForest,2087,1,1,1.0,Correct_or_Clear
RandomForest,2088,1,1,1.0,Correct_or_Clear
RandomForest,2089,0,0,0.0002126754572522331,Correct_or_Clear
RandomForest,2090,0,0,0.0002126754572522331,Correct_or_Clear
RandomForest,2091,0,0,0.0002126754572522331,Correct_or_Clear
RandomForest,2092,0,0,0.0002126754572522331,Correct_or_Clear
RandomForest,2093,0,0,0.0002126754572522331,Correct_or_Clear
RandomForest,2094,0,0,0.0002126754572522331,Correct_or_Clear
RandomForest,2095,0,0,0.0002126754572522331,Correct_or_Clear
RandomForest,2096,0,0,0.0002126754572522331,Correct_or_Clear
RandomForest,2097,0,0,0.0002126754572522331,Correct_or_Clear
RandomForest,2098,0,0,0.0002126754572522331,Correct_or_Clear
RandomForest,2099,0,0,0.0002126754572522331,Correct_or_Clear
RandomForest,2100,0,0,0.0002126754572522331,Correct_or_Clear
RandomForest,2101,0,0,0.0002126754572522331,Correct_or_Clear
RandomForest,2102,0,0,0.0002126754572522331,Correct_or_Clear
RandomForest,2103,0,0,0.0002126754572522331,Correct_or_Clear
RandomForest,2104,0,0,0.0002126754572522331,Correct_or_Clear
RandomForest,2105,0,0,0.0002126754572522331,Correct_or_Clear
RandomForest,2106,0,0,0.0002126754572522331,Correct_or_Clear
RandomForest,2107,0,0,0.0002126754572522331,Correct_or_Clear
RandomForest,2108,0,0,0.0002126754572522331,Correct_or_Clear
RandomForest,2109,0,0,0.0002126754572522331,Correct_or_Clear
RandomForest,2110,0,0,0.0002126754572522331,Correct_or_Clear
RandomForest,2111,0,0,0.0002126754572522331,Correct_or_Clear
RandomForest,2112,0,0,0.0002126754572522331,Correct_or_Clear
RandomForest,2113,0,0,0.0002126754572522331,Correct_or_Clear
RandomForest,2114,0,0,0.0002126754572522331,Correct_or_Clear
RandomForest,2115,0,0,0.0002126754572522331,Correct_or_Clear
RandomForest,2116,0,0,0.0002126754572522331,Correct_or_Clear
RandomForest,2117,0,0,0.0002126754572522331,Correct_or_Clear
RandomForest,2118,0,0,0.0002126754572522331,Correct_or_Clear
RandomForest,2119,0,0,0.0002126754572522331,Correct_or_Clear
RandomForest,2120,0,0,0.0002126754572522331,Correct_or_Clear
RandomForest,2121,0,0,0.0002126754572522331,Correct_or_Clear
RandomForest,2122,0,0,0.0002126754572522331,Correct_or_Clear
RandomForest,2123,0,0,0.0002126754572522331,Correct_or_Clear
RandomForest,2124,0,0,0.0002126754572522331,Correct_or_Clear
RandomForest,2125,0,0,0.0002126754572522331,Correct_or_Clear
RandomForest,2126,0,0,0.0002126754572522331,Correct_or_Clear
RandomForest,2127,0,0,0.0002126754572522331,Correct_or_Clear
RandomForest,2128,0,0,0.0002126754572522331,Correct_or_Clear
RandomForest,2129,0,0,0.0002126754572522331,Correct_or_Clear
RandomForest,2130,0,0,0.0002126754572522331,Correct_or_Clear
RandomForest,2131,0,0,0.0002126754572522331,Correct_or_Clear
RandomForest,2132,1,1,1.0,Correct_or_Clear
RandomForest,2133,0,0,0.0002126754572522331,Correct_or_Clear
RandomForest,2134,0,0,0.0002126754572522331,Correct_or_Clear
RandomForest,2135,0,0,0.0002126754572522331,Correct_or_Clear
RandomForest,2136,0,0,0.0002126754572522331,Correct_or_Clear
RandomForest,2137,0,0,0.0002126754572522331,Correct_or_Clear
RandomForest,2138,0,0,0.0002126754572522331,Correct_or_Clear
RandomForest,2139,0,0,0.0002126754572522331,Correct_or_Clear
RandomForest,2140,0,0,0.0002126754572522331,Correct_or_Clear
RandomForest,2141,0,0,0.0002126754572522331,Correct_or_Clear
RandomForest,2142,0,0,0.0002126754572522331,Correct_or_Clear
RandomForest,2143,0,0,0.0002126754572522331,Correct_or_Clear
RandomForest,2144,0,0,0.0002126754572522331,Correct_or_Clear
RandomForest,2145,0,0,0.0002126754572522331,Correct_or_Clear
RandomForest,2146,0,0,0.0002126754572522331,Correct_or_Clear
RandomForest,2147,0,0,0.0002126754572522331,Correct_or_Clear
RandomForest,2148,0,0,0.0002126754572522331,Correct_or_Clear
RandomForest,2149,0,0,0.0002126754572522331,Correct_or_Clear
RandomForest,2150,0,0,0.0002126754572522331,Correct_or_Clear
RandomForest,2151,0,0,0.0002126754572522331,Correct_or_Clear
RandomForest,2152,0,0,0.0002126754572522331,Correct_or_Clear
RandomForest,2153,0,0,0.0002126754572522331,Correct_or_Clear
RandomForest,2154,0,0,0.0002126754572522331,Correct_or_Clear
RandomForest,2155,0,0,0.0002126754572522331,Correct_or_Clear
RandomForest,2156,0,0,0.0002126754572522331,Correct_or_Clear
RandomForest,2157,0,0,0.0002126754572522331,Correct_or_Clear
RandomForest,2158,0,0,0.0002126754572522331,Correct_or_Clear
RandomForest,2159,0,0,0.0002126754572522331,Correct_or_Clear
RandomForest,2160,0,0,0.0002126754572522331,Correct_or_Clear
RandomForest,2161,0,0,0.0002126754572522331,Correct_or_Clear
RandomForest,2162,0,0,0.0002126754572522331,Correct_or_Clear
RandomForest,2163,0,0,0.0002126754572522331,Correct_or_Clear
RandomForest,2164,0,0,0.0002126754572522331,Correct_or_Clear
RandomForest,2165,0,0,0.0002126754572522331,Correct_or_Clear
RandomForest,2166,0,0,0.0002126754572522331,Correct_or_Clear
RandomForest,2167,0,0,0.0002126754572522331,Correct_or_Clear
RandomForest,2168,0,0,0.0002126754572522331,Correct_or_Clear
RandomForest,2169,0,0,0.0002126754572522331,Correct_or_Clear
RandomForest,2170,0,0,0.0002126754572522331,Correct_or_Clear
RandomForest,2171,0,0,0.0002126754572522331,Correct_or_Clear
RandomForest,2172,0,0,0.0002126754572522331,Correct_or_Clear
RandomForest,2173,0,0,0.0002126754572522331,Correct_or_Clear
RandomForest,2174,0,0,0.0002126754572522331,Correct_or_Clear
RandomForest,2175,0,0,0.0002126754572522331,Correct_or_Clear
RandomForest,2176,0,0,0.0002126754572522331,Correct_or_Clear
RandomForest,2177,0,0,0.0002126754572522331,Correct_or_Clear
RandomForest,2178,0,0,0.0002126754572522331,Correct_or_Clear
RandomForest,2179,0,0,0.0002126754572522331,Correct_or_Clear
RandomForest,2180,0,0,0.0002126754572522331,Correct_or_Clear
RandomForest,2181,0,0,0.0002126754572522331,Correct_or_Clear
RandomForest,2182,0,0,0.0002126754572522331,Correct_or_Clear
RandomForest,2183,0,0,0.0002126754572522331,Correct_or_Clear
RandomForest,2184,0,0,0.0002126754572522331,Correct_or_Clear
RandomForest,2185,0,0,0.0002126754572522331,Correct_or_Clear
RandomForest,2186,0,0,0.0002126754572522331,Correct_or_Clear
RandomForest,2187,0,0,0.0002126754572522331,Correct_or_Clear
RandomForest,2188,0,0,0.0002126754572522331,Correct_or_Clear
RandomForest,2189,0,0,0.0002126754572522331,Correct_or_Clear
RandomForest,2190,0,0,0.0002126754572522331,Correct_or_Clear
RandomForest,2191,0,0,0.0002126754572522331,Correct_or_Clear
RandomForest,2192,0,0,0.0002126754572522331,Correct_or_Clear
RandomForest,2193,0,0,0.0002126754572522331,Correct_or_Clear
RandomForest,2194,0,0,0.0002126754572522331,Correct_or_Clear
RandomForest,2195,0,0,0.0002126754572522331,Correct_or_Clear
RandomForest,2196,0,0,0.0002126754572522331,Correct_or_Clear
RandomForest,2197,0,0,0.0002126754572522331,Correct_or_Clear
RandomForest,2198,0,0,0.0002126754572522331,Correct_or_Clear
RandomForest,2199,0,0,0.0002126754572522331,Correct_or_Clear
RandomForest,2200,0,0,0.0002126754572522331,Correct_or_Clear
RandomForest,2201,0,0,0.0002126754572522331,Correct_or_Clear
RandomForest,2202,0,0,0.0002126754572522331,Correct_or_Clear
RandomForest,2203,0,0,0.0002126754572522331,Correct_or_Clear
RandomForest,2204,0,0,0.0002126754572522331,Correct_or_Clear
RandomForest,2205,0,0,0.0002126754572522331,Correct_or_Clear
RandomForest,2206,0,0,0.0002126754572522331,Correct_or_Clear
RandomForest,2207,0,0,0.0002126754572522331,Correct_or_Clear
RandomForest,2208,0,0,0.0002126754572522331,Correct_or_Clear
RandomForest,2209,0,0,0.0002126754572522331,Correct_or_Clear
RandomForest,2210,0,0,0.0002126754572522331,Correct_or_Clear
RandomForest,2211,0,0,0.0002126754572522331,Correct_or_Clear
RandomForest,2212,0,0,0.0002126754572522331,Correct_or_Clear
RandomForest,2213,0,0,0.0002126754572522331,Correct_or_Clear
RandomForest,2214,0,0,0.0002126754572522331,Correct_or_Clear
RandomForest,2215,0,0,0.0002126754572522331,Correct_or_Clear
RandomForest,2216,0,0,0.0002126754572522331,Correct_or_Clear
RandomForest,2217,0,0,0.0002126754572522331,Correct_or_Clear
RandomForest,2218,0,0,0.0002126754572522331,Correct_or_Clear
RandomForest,2219,0,0,0.0002126754572522331,Correct_or_Clear
RandomForest,2220,0,0,0.0002126754572522331,Correct_or_Clear
RandomForest,2221,0,0,0.0002126754572522331,Correct_or_Clear
RandomForest,2222,0,0,0.0002126754572522331,Correct_or_Clear
RandomForest,2223,0,0,0.0002126754572522331,Correct_or_Clear
RandomForest,2224,0,0,0.0002126754572522331,Correct_or_Clear
RandomForest,2225,0,0,0.0002126754572522331,Correct_or_Clear
RandomForest,2226,0,0,0.0002126754572522331,Correct_or_Clear
RandomForest,2227,0,0,0.0002126754572522331,Correct_or_Clear
RandomForest,2228,0,0,0.0002126754572522331,Correct_or_Clear
RandomForest,2229,0,0,0.0002126754572522331,Correct_or_Clear
RandomForest,2230,0,0,0.0002126754572522331,Correct_or_Clear
RandomForest,2231,0,0,0.0002126754572522331,Correct_or_Clear
RandomForest,2232,0,0,0.0002126754572522331,Correct_or_Clear
RandomForest,2233,0,0,0.0002126754572522331,Correct_or_Clear
RandomForest,2234,0,0,0.0002126754572522331,Correct_or_Clear
RandomForest,2235,0,0,0.0002126754572522331,Correct_or_Clear
RandomForest,2236,0,0,0.0002126754572522331,Correct_or_Clear
RandomForest,2237,0,0,0.0002126754572522331,Correct_or_Clear
RandomForest,2238,0,0,0.0002126754572522331,Correct_or_Clear
RandomForest,2239,0,0,0.0002126754572522331,Correct_or_Clear
RandomForest,2240,0,0,0.0002126754572522331,Correct_or_Clear
RandomForest,2241,0,0,0.0002126754572522331,Correct_or_Clear
RandomForest,2242,0,0,0.0002126754572522331,Correct_or_Clear
RandomForest,2243,0,0,0.0002126754572522331,Correct_or_Clear
RandomForest,2244,0,0,0.0002126754572522331,Correct_or_Clear
RandomForest,2245,0,0,0.0002126754572522331,Correct_or_Clear
RandomForest,2246,0,0,0.0002126754572522331,Correct_or_Clear
RandomForest,2247,0,0,0.0002126754572522331,Correct_or_Clear
RandomForest,2248,0,0,0.0002126754572522331,Correct_or_Clear
RandomForest,2249,0,0,0.0002126754572522331,Correct_or_Clear
RandomForest,2250,0,0,0.0002126754572522331,Correct_or_Clear
RandomForest,2251,0,0,0.0002126754572522331,Correct_or_Clear
RandomForest,2252,1,1,1.0,Correct_or_Clear
RandomForest,2253,0,0,0.0002126754572522331,Correct_or_Clear
RandomForest,2254,0,0,0.0002126754572522331,Correct_or_Clear
RandomForest,2255,0,0,0.0002126754572522331,Correct_or_Clear
RandomForest,2256,0,0,0.0002126754572522331,Correct_or_Clear
RandomForest,2257,0,0,0.0002126754572522331,Correct_or_Clear
RandomForest,2258,0,0,0.0002126754572522331,Correct_or_Clear
RandomForest,2259,0,0,0.0002126754572522331,Correct_or_Clear
RandomForest,2260,0,0,0.0002126754572522331,Correct_or_Clear
RandomForest,2261,0,0,0.0002126754572522331,Correct_or_Clear
RandomForest,2262,0,0,0.0002126754572522331,Correct_or_Clear
RandomForest,2263,0,0,0.0002126754572522331,Correct_or_Clear
RandomForest,2264,0,0,0.0002126754572522331,Correct_or_Clear
RandomForest,2265,0,0,0.0002126754572522331,Correct_or_Clear
RandomForest,2266,0,0,0.0002126754572522331,Correct_or_Clear
RandomForest,2267,0,0,0.0002126754572522331,Correct_or_Clear
RandomForest,2268,0,0,0.0002126754572522331,Correct_or_Clear
RandomForest,2269,0,0,0.0002126754572522331,Correct_or_Clear
RandomForest,2270,0,0,0.0002126754572522331,Correct_or_Clear
RandomForest,2271,0,0,0.0002126754572522331,Correct_or_Clear
RandomForest,2272,0,0,0.0002126754572522331,Correct_or_Clear
RandomForest,2273,0,0,0.0002126754572522331,Correct_or_Clear
RandomForest,2274,0,0,0.0002126754572522331,Correct_or_Clear
RandomForest,2275,0,0,0.0002126754572522331,Correct_or_Clear
RandomForest,2276,0,0,0.0002126754572522331,Correct_or_Clear
RandomForest,2277,0,0,0.0002126754572522331,Correct_or_Clear
RandomForest,2278,0,0,0.0002126754572522331,Correct_or_Clear
RandomForest,2279,0,0,0.0002126754572522331,Correct_or_Clear
RandomForest,2280,0,0,0.0002126754572522331,Correct_or_Clear
RandomForest,2281,0,0,0.0002126754572522331,Correct_or_Clear
RandomForest,2282,0,0,0.0002126754572522331,Correct_or_Clear
RandomForest,2283,0,0,0.0002126754572522331,Correct_or_Clear
RandomForest,2284,0,0,0.0002126754572522331,Correct_or_Clear
RandomForest,2285,0,0,0.0002126754572522331,Correct_or_Clear
RandomForest,2286,0,0,0.0002126754572522331,Correct_or_Clear
RandomForest,2287,0,0,0.0002126754572522331,Correct_or_Clear
RandomForest,2288,0,0,0.0002126754572522331,Correct_or_Clear
RandomForest,2289,0,0,0.0002126754572522331,Correct_or_Clear
RandomForest,2290,0,0,0.0002126754572522331,Correct_or_Clear
RandomForest,2291,0,0,0.0002126754572522331,Correct_or_Clear
RandomForest,2292,0,0,0.0002126754572522331,Correct_or_Clear
RandomForest,2293,0,0,0.0002126754572522331,Correct_or_Clear
RandomForest,2294,0,0,0.0002126754572522331,Correct_or_Clear
RandomForest,2295,0,0,0.0002126754572522331,Correct_or_Clear
RandomForest,2296,0,0,0.0002126754572522331,Correct_or_Clear
RandomForest,2297,0,0,0.0002126754572522331,Correct_or_Clear
RandomForest,2298,0,0,0.0002126754572522331,Correct_or_Clear
RandomForest,2299,0,0,0.0002126754572522331,Correct_or_Clear
RandomForest,2300,0,0,0.0002126754572522331,Correct_or_Clear
RandomForest,2301,0,0,0.0002126754572522331,Correct_or_Clear
RandomForest,2302,0,0,0.0002126754572522331,Correct_or_Clear
RandomForest,2303,0,0,0.0002126754572522331,Correct_or_Clear
RandomForest,2304,0,0,0.0002126754572522331,Correct_or_Clear
RandomForest,2305,0,0,0.0002126754572522331,Correct_or_Clear
RandomForest,2306,0,0,0.0002126754572522331,Correct_or_Clear
RandomForest,2307,0,0,0.0002126754572522331,Correct_or_Clear
RandomForest,2308,0,0,0.0002126754572522331,Correct_or_Clear
RandomForest,2309,0,0,0.0002126754572522331,Correct_or_Clear
RandomForest,2310,0,0,0.0002126754572522331,Correct_or_Clear
RandomForest,2311,0,0,0.0002126754572522331,Correct_or_Clear
RandomForest,2312,0,0,0.0002126754572522331,Correct_or_Clear
RandomForest,2313,0,0,0.0002126754572522331,Correct_or_Clear
RandomForest,2314,0,0,0.0002126754572522331,Correct_or_Clear
RandomForest,2315,1,1,1.0,Correct_or_Clear
RandomForest,2316,0,0,0.0002126754572522331,Correct_or_Clear
RandomForest,2317,0,0,0.0002126754572522331,Correct_or_Clear
RandomForest,2318,0,0,0.0002126754572522331,Correct_or_Clear
RandomForest,2319,0,0,0.0002126754572522331,Correct_or_Clear
RandomForest,2320,0,0,0.0002126754572522331,Correct_or_Clear
RandomForest,2321,0,0,0.0002126754572522331,Correct_or_Clear
RandomForest,2322,0,0,0.0002126754572522331,Correct_or_Clear
RandomForest,2323,0,0,0.0002126754572522331,Correct_or_Clear
RandomForest,2324,0,0,0.0002126754572522331,Correct_or_Clear
RandomForest,2325,0,0,0.0002126754572522331,Correct_or_Clear
RandomForest,2326,1,1,1.0,Correct_or_Clear
RandomForest,2327,0,0,0.0002126754572522331,Correct_or_Clear
RandomForest,2328,0,0,0.0002126754572522331,Correct_or_Clear
RandomForest,2329,0,0,0.0002126754572522331,Correct_or_Clear
RandomForest,2330,0,0,0.0002126754572522331,Correct_or_Clear
RandomForest,2331,0,0,0.0002126754572522331,Correct_or_Clear
RandomForest,2332,0,0,0.0002126754572522331,Correct_or_Clear
RandomForest,2333,0,0,0.0002126754572522331,Correct_or_Clear
RandomForest,2334,0,0,0.0002126754572522331,Correct_or_Clear
RandomForest,2335,0,0,0.0002126754572522331,Correct_or_Clear
RandomForest,2336,0,0,0.0002126754572522331,Correct_or_Clear
RandomForest,2337,0,0,0.0002126754572522331,Correct_or_Clear
RandomForest,2338,0,0,0.0002126754572522331,Correct_or_Clear
RandomForest,2339,0,0,0.0002126754572522331,Correct_or_Clear
RandomForest,2340,0,0,0.0002126754572522331,Correct_or_Clear
RandomForest,2341,0,0,0.0002126754572522331,Correct_or_Clear
RandomForest,2342,0,0,0.0002126754572522331,Correct_or_Clear
RandomForest,2343,0,0,0.0002126754572522331,Correct_or_Clear
RandomForest,2344,0,0,0.0002126754572522331,Correct_or_Clear
RandomForest,2345,0,0,0.0002126754572522331,Correct_or_Clear
RandomForest,2346,0,0,0.0002126754572522331,Correct_or_Clear
RandomForest,2347,0,0,0.0002126754572522331,Correct_or_Clear
RandomForest,2348,0,0,0.0002126754572522331,Correct_or_Clear
RandomForest,2349,0,0,0.0002126754572522331,Correct_or_Clear
RandomForest,2350,0,0,0.0002126754572522331,Correct_or_Clear
RandomForest,2351,0,0,0.0002126754572522331,Correct_or_Clear
RandomForest,2352,0,0,0.0002126754572522331,Correct_or_Clear
RandomForest,2353,0,0,0.0002126754572522331,Correct_or_Clear
RandomForest,2354,0,0,0.0002126754572522331,Correct_or_Clear
RandomForest,2355,0,0,0.0002126754572522331,Correct_or_Clear
RandomForest,2356,0,0,0.0002126754572522331,Correct_or_Clear
RandomForest,2357,0,0,0.0002126754572522331,Correct_or_Clear
RandomForest,2358,0,0,0.0002126754572522331,Correct_or_Clear
RandomForest,2359,0,0,0.0002126754572522331,Correct_or_Clear
RandomForest,2360,0,0,0.0002126754572522331,Correct_or_Clear
RandomForest,2361,0,0,0.0002126754572522331,Correct_or_Clear
RandomForest,2362,0,0,0.0002126754572522331,Correct_or_Clear
RandomForest,2363,0,0,0.0002126754572522331,Correct_or_Clear
RandomForest,2364,0,0,0.0002126754572522331,Correct_or_Clear
RandomForest,2365,0,0,0.0002126754572522331,Correct_or_Clear
RandomForest,2366,0,0,0.0002126754572522331,Correct_or_Clear
RandomForest,2367,0,0,0.0002126754572522331,Correct_or_Clear
RandomForest,2368,0,0,0.0002126754572522331,Correct_or_Clear
RandomForest,2369,0,0,0.0002126754572522331,Correct_or_Clear
RandomForest,2370,0,0,0.0002126754572522331,Correct_or_Clear
RandomForest,2371,0,0,0.0002126754572522331,Correct_or_Clear
RandomForest,2372,0,0,0.0002126754572522331,Correct_or_Clear
RandomForest,2373,0,0,0.0002126754572522331,Correct_or_Clear
RandomForest,2374,0,0,0.0002126754572522331,Correct_or_Clear
RandomForest,2375,0,0,0.0002126754572522331,Correct_or_Clear
RandomForest,2376,0,0,0.0002126754572522331,Correct_or_Clear
RandomForest,2377,0,0,0.0002126754572522331,Correct_or_Clear
RandomForest,2378,0,0,0.0002126754572522331,Correct_or_Clear
RandomForest,2379,0,0,0.0002126754572522331,Correct_or_Clear
RandomForest,2380,0,0,0.0002126754572522331,Correct_or_Clear
RandomForest,2381,0,0,0.0002126754572522331,Correct_or_Clear
RandomForest,2382,0,0,0.0002126754572522331,Correct_or_Clear
RandomForest,2383,0,0,0.0002126754572522331,Correct_or_Clear
RandomForest,2384,0,0,0.0002126754572522331,Correct_or_Clear
RandomForest,2385,0,0,0.0002126754572522331,Correct_or_Clear
RandomForest,2386,0,0,0.0002126754572522331,Correct_or_Clear
RandomForest,2387,0,0,0.0002126754572522331,Correct_or_Clear
RandomForest,2388,1,1,1.0,Correct_or_Clear
RandomForest,2389,0,0,0.0002126754572522331,Correct_or_Clear
RandomForest,2390,0,0,0.0002126754572522331,Correct_or_Clear
RandomForest,2391,0,0,0.0002126754572522331,Correct_or_Clear
RandomForest,2392,0,0,0.0002126754572522331,Correct_or_Clear
RandomForest,2393,0,0,0.0002126754572522331,Correct_or_Clear
RandomForest,2394,0,0,0.0002126754572522331,Correct_or_Clear
RandomForest,2395,0,0,0.0002126754572522331,Correct_or_Clear
RandomForest,2396,0,0,0.0002126754572522331,Correct_or_Clear
RandomForest,2397,0,0,0.0002126754572522331,Correct_or_Clear
RandomForest,2398,0,0,0.0002126754572522331,Correct_or_Clear
RandomForest,2399,0,0,0.0002126754572522331,Correct_or_Clear
RandomForest,2400,0,0,0.0002126754572522331,Correct_or_Clear
RandomForest,2401,0,0,0.0002126754572522331,Correct_or_Clear
RandomForest,2402,0,0,0.0002126754572522331,Correct_or_Clear
RandomForest,2403,0,0,0.0002126754572522331,Correct_or_Clear
RandomForest,2404,0,0,0.0002126754572522331,Correct_or_Clear
RandomForest,2405,0,0,0.0002126754572522331,Correct_or_Clear
RandomForest,2406,0,0,0.0002126754572522331,Correct_or_Clear
RandomForest,2407,0,0,0.0002126754572522331,Correct_or_Clear
RandomForest,2408,0,0,0.0002126754572522331,Correct_or_Clear
RandomForest,2409,0,0,0.0002126754572522331,Correct_or_Clear
RandomForest,2410,0,0,0.0002126754572522331,Correct_or_Clear
RandomForest,2411,0,0,0.0002126754572522331,Correct_or_Clear
RandomForest,2412,0,0,0.0002126754572522331,Correct_or_Clear
RandomForest,2413,0,0,0.0002126754572522331,Correct_or_Clear
RandomForest,2414,0,0,0.0002126754572522331,Correct_or_Clear
RandomForest,2415,0,0,0.0002126754572522331,Correct_or_Clear
RandomForest,2416,0,0,0.0002126754572522331,Correct_or_Clear
RandomForest,2417,0,0,0.0002126754572522331,Correct_or_Clear
RandomForest,2418,0,0,0.0002126754572522331,Correct_or_Clear
RandomForest,2419,0,0,0.0002126754572522331,Correct_or_Clear
RandomForest,2420,0,0,0.0002126754572522331,Correct_or_Clear
RandomForest,2421,0,0,0.0002126754572522331,Correct_or_Clear
RandomForest,2422,0,0,0.0002126754572522331,Correct_or_Clear
RandomForest,2423,0,0,0.0002126754572522331,Correct_or_Clear
RandomForest,2424,0,0,0.0002126754572522331,Correct_or_Clear
RandomForest,2425,0,0,0.0002126754572522331,Correct_or_Clear
RandomForest,2426,0,0,0.0002126754572522331,Correct_or_Clear
RandomForest,2427,0,0,0.0002126754572522331,Correct_or_Clear
RandomForest,2428,0,0,0.0002126754572522331,Correct_or_Clear
RandomForest,2429,0,0,0.0002126754572522331,Correct_or_Clear
RandomForest,2430,0,0,0.0002126754572522331,Correct_or_Clear
RandomForest,2431,0,0,0.0002126754572522331,Correct_or_Clear
RandomForest,2432,0,0,0.0002126754572522331,Correct_or_Clear
RandomForest,2433,0,0,0.0002126754572522331,Correct_or_Clear
RandomForest,2434,0,0,0.0002126754572522331,Correct_or_Clear
RandomForest,2435,0,0,0.0002126754572522331,Correct_or_Clear
RandomForest,2436,0,0,0.0002126754572522331,Correct_or_Clear
RandomForest,2437,0,0,0.0002126754572522331,Correct_or_Clear
RandomForest,2438,0,0,0.0002126754572522331,Correct_or_Clear
RandomForest,2439,0,0,0.0002126754572522331,Correct_or_Clear
RandomForest,2440,0,0,0.0002126754572522331,Correct_or_Clear
RandomForest,2441,0,0,0.0002126754572522331,Correct_or_Clear
RandomForest,2442,0,0,0.0002126754572522331,Correct_or_Clear
RandomForest,2443,0,0,0.0002126754572522331,Correct_or_Clear
RandomForest,2444,0,0,0.0002126754572522331,Correct_or_Clear
RandomForest,2445,0,0,0.0002126754572522331,Correct_or_Clear
RandomForest,2446,0,0,0.0002126754572522331,Correct_or_Clear
RandomForest,2447,0,0,0.0002126754572522331,Correct_or_Clear
RandomForest,2448,0,0,0.0002126754572522331,Correct_or_Clear
RandomForest,2449,0,0,0.0002126754572522331,Correct_or_Clear
RandomForest,2450,0,0,0.0002126754572522331,Correct_or_Clear
RandomForest,2451,0,0,0.0002126754572522331,Correct_or_Clear
RandomForest,2452,1,1,1.0,Correct_or_Clear
RandomForest,2453,0,0,0.0002126754572522331,Correct_or_Clear
RandomForest,2454,0,0,0.0002126754572522331,Correct_or_Clear
RandomForest,2455,0,0,0.0002126754572522331,Correct_or_Clear
RandomForest,2456,0,0,0.0002126754572522331,Correct_or_Clear
RandomForest,2457,0,0,0.0002126754572522331,Correct_or_Clear
RandomForest,2458,0,0,0.0002126754572522331,Correct_or_Clear
RandomForest,2459,0,0,0.0002126754572522331,Correct_or_Clear
RandomForest,2460,0,0,0.0002126754572522331,Correct_or_Clear
RandomForest,2461,0,0,0.0002126754572522331,Correct_or_Clear
RandomForest,2462,0,0,0.0002126754572522331,Correct_or_Clear
RandomForest,2463,0,0,0.0002126754572522331,Correct_or_Clear
RandomForest,2464,0,0,0.0002126754572522331,Correct_or_Clear
RandomForest,2465,0,0,0.0002126754572522331,Correct_or_Clear
RandomForest,2466,0,0,0.0002126754572522331,Correct_or_Clear
RandomForest,2467,0,0,0.0002126754572522331,Correct_or_Clear
RandomForest,2468,0,0,0.0002126754572522331,Correct_or_Clear
RandomForest,2469,0,0,0.0002126754572522331,Correct_or_Clear
RandomForest,2470,0,0,0.0002126754572522331,Correct_or_Clear
RandomForest,2471,0,0,0.0002126754572522331,Correct_or_Clear
RandomForest,2472,0,0,0.0002126754572522331,Correct_or_Clear
RandomForest,2473,0,0,0.0002126754572522331,Correct_or_Clear
RandomForest,2474,0,0,0.0002126754572522331,Correct_or_Clear
RandomForest,2475,0,0,0.0002126754572522331,Correct_or_Clear
RandomForest,2476,0,0,0.0002126754572522331,Correct_or_Clear
RandomForest,2477,0,0,0.0002126754572522331,Correct_or_Clear
RandomForest,2478,0,0,0.0002126754572522331,Correct_or_Clear
RandomForest,2479,0,0,0.0002126754572522331,Correct_or_Clear
RandomForest,2480,0,0,0.0002126754572522331,Correct_or_Clear
RandomForest,2481,0,0,0.0002126754572522331,Correct_or_Clear
RandomForest,2482,0,0,0.0002126754572522331,Correct_or_Clear
RandomForest,2483,0,0,0.0002126754572522331,Correct_or_Clear
RandomForest,2484,0,0,0.0002126754572522331,Correct_or_Clear
RandomForest,2485,0,0,0.0002126754572522331,Correct_or_Clear
RandomForest,2486,0,0,0.0002126754572522331,Correct_or_Clear
RandomForest,2487,0,0,0.0002126754572522331,Correct_or_Clear
RandomForest,2488,0,0,0.0002126754572522331,Correct_or_Clear
RandomForest,2489,0,0,0.0002126754572522331,Correct_or_Clear
RandomForest,2490,0,0,0.0002126754572522331,Correct_or_Clear
RandomForest,2491,0,0,0.0002126754572522331,Correct_or_Clear
RandomForest,2492,0,0,0.0002126754572522331,Correct_or_Clear
RandomForest,2493,0,0,0.0002126754572522331,Correct_or_Clear
RandomForest,2494,0,0,0.0002126754572522331,Correct_or_Clear
RandomForest,2495,0,0,0.0002126754572522331,Correct_or_Clear
RandomForest,2496,0,0,0.0002126754572522331,Correct_or_Clear
RandomForest,2497,0,0,0.0002126754572522331,Correct_or_Clear
RandomForest,2498,0,0,0.0002126754572522331,Correct_or_Clear
RandomForest,2499,0,0,0.0002126754572522331,Correct_or_Clear
RandomForest,2500,0,0,0.0002126754572522331,Correct_or_Clear
RandomForest,2501,0,0,0.0002126754572522331,Correct_or_Clear
RandomForest,2502,0,0,0.0002126754572522331,Correct_or_Clear
RandomForest,2503,0,0,0.0002126754572522331,Correct_or_Clear
RandomForest,2504,0,0,0.0002126754572522331,Correct_or_Clear
RandomForest,2505,0,0,0.0002126754572522331,Correct_or_Clear
RandomForest,2506,0,0,0.0002126754572522331,Correct_or_Clear
RandomForest,2507,0,0,0.0002126754572522331,Correct_or_Clear
RandomForest,2508,0,0,0.0002126754572522331,Correct_or_Clear
RandomForest,2509,0,0,0.0002126754572522331,Correct_or_Clear
RandomForest,2510,0,0,0.0002126754572522331,Correct_or_Clear
RandomForest,2511,0,0,0.0002126754572522331,Correct_or_Clear
RandomForest,2512,0,0,0.0002126754572522331,Correct_or_Clear
RandomForest,2513,0,0,0.0002126754572522331,Correct_or_Clear
RandomForest,2514,0,0,0.0002126754572522331,Correct_or_Clear
RandomForest,2515,0,0,0.0002126754572522331,Correct_or_Clear
RandomForest,2516,0,0,0.0002126754572522331,Correct_or_Clear
RandomForest,2517,0,0,0.0002126754572522331,Correct_or_Clear
RandomForest,2518,0,0,0.0002126754572522331,Correct_or_Clear
RandomForest,2519,0,0,0.0002126754572522331,Correct_or_Clear
RandomForest,2520,0,0,0.0002126754572522331,Correct_or_Clear
RandomForest,2521,0,0,0.0002126754572522331,Correct_or_Clear
RandomForest,2522,0,0,0.0002126754572522331,Correct_or_Clear
RandomForest,2523,0,0,0.0002126754572522331,Correct_or_Clear
RandomForest,2524,0,0,0.0002126754572522331,Correct_or_Clear
RandomForest,2525,0,0,0.0002126754572522331,Correct_or_Clear
RandomForest,2526,0,0,0.0002126754572522331,Correct_or_Clear
RandomForest,2527,0,0,0.0002126754572522331,Correct_or_Clear
RandomForest,2528,0,0,0.0002126754572522331,Correct_or_Clear
RandomForest,2529,0,0,0.0002126754572522331,Correct_or_Clear
RandomForest,2530,0,0,0.0002126754572522331,Correct_or_Clear
RandomForest,2531,0,0,0.0002126754572522331,Correct_or_Clear
RandomForest,2532,0,0,0.0002126754572522331,Correct_or_Clear
RandomForest,2533,0,0,0.0002126754572522331,Correct_or_Clear
RandomForest,2534,0,0,0.0002126754572522331,Correct_or_Clear
RandomForest,2535,0,0,0.0002126754572522331,Correct_or_Clear
RandomForest,2536,0,0,0.0002126754572522331,Correct_or_Clear
RandomForest,2537,0,0,0.0002126754572522331,Correct_or_Clear
RandomForest,2538,0,0,0.0002126754572522331,Correct_or_Clear
RandomForest,2539,0,0,0.0002126754572522331,Correct_or_Clear
RandomForest,2540,0,0,0.0002126754572522331,Correct_or_Clear
RandomForest,2541,0,0,0.0002126754572522331,Correct_or_Clear
RandomForest,2542,0,0,0.0002126754572522331,Correct_or_Clear
RandomForest,2543,0,0,0.0002126754572522331,Correct_or_Clear
RandomForest,2544,0,0,0.0002126754572522331,Correct_or_Clear
RandomForest,2545,0,0,0.0002126754572522331,Correct_or_Clear
RandomForest,2546,0,0,0.0002126754572522331,Correct_or_Clear
RandomForest,2547,0,0,0.0002126754572522331,Correct_or_Clear
RandomForest,2548,0,0,0.0002126754572522331,Correct_or_Clear
RandomForest,2549,0,0,0.0002126754572522331,Correct_or_Clear
RandomForest,2550,0,0,0.0002126754572522331,Correct_or_Clear
RandomForest,2551,0,0,0.0002126754572522331,Correct_or_Clear
RandomForest,2552,0,0,0.0002126754572522331,Correct_or_Clear
RandomForest,2553,0,0,0.0002126754572522331,Correct_or_Clear
RandomForest,2554,0,0,0.0002126754572522331,Correct_or_Clear
RandomForest,2555,0,0,0.0002126754572522331,Correct_or_Clear
RandomForest,2556,0,0,0.0002126754572522331,Correct_or_Clear
RandomForest,2557,0,0,0.0002126754572522331,Correct_or_Clear
RandomForest,2558,0,0,0.0002126754572522331,Correct_or_Clear
RandomForest,2559,0,0,0.0002126754572522331,Correct_or_Clear
RandomForest,2560,0,0,0.0002126754572522331,Correct_or_Clear
RandomForest,2561,0,0,0.0002126754572522331,Correct_or_Clear
RandomForest,2562,0,0,0.0002126754572522331,Correct_or_Clear
RandomForest,2563,0,0,0.0002126754572522331,Correct_or_Clear
RandomForest,2564,0,0,0.0002126754572522331,Correct_or_Clear
RandomForest,2565,0,0,0.0002126754572522331,Correct_or_Clear
RandomForest,2566,0,0,0.0002126754572522331,Correct_or_Clear
RandomForest,2567,0,0,0.0002126754572522331,Correct_or_Clear
RandomForest,2568,0,0,0.0002126754572522331,Correct_or_Clear
RandomForest,2569,0,0,0.0002126754572522331,Correct_or_Clear
RandomForest,2570,0,0,0.0002126754572522331,Correct_or_Clear
RandomForest,2571,0,0,0.0002126754572522331,Correct_or_Clear
RandomForest,2572,0,0,0.0002126754572522331,Correct_or_Clear
RandomForest,2573,0,0,0.0002126754572522331,Correct_or_Clear
RandomForest,2574,0,0,0.0002126754572522331,Correct_or_Clear
RandomForest,2575,0,0,0.0002126754572522331,Correct_or_Clear
RandomForest,2576,0,0,0.0002126754572522331,Correct_or_Clear
RandomForest,2577,0,0,0.0002126754572522331,Correct_or_Clear
RandomForest,2578,1,1,1.0,Correct_or_Clear
RandomForest,2579,1,1,1.0,Correct_or_Clear
RandomForest,2580,0,0,0.0002126754572522331,Correct_or_Clear
RandomForest,2581,0,0,0.0002126754572522331,Correct_or_Clear
RandomForest,2582,0,0,0.0002126754572522331,Correct_or_Clear
RandomForest,2583,0,0,0.0002126754572522331,Correct_or_Clear
RandomForest,2584,0,0,0.0002126754572522331,Correct_or_Clear
RandomForest,2585,0,0,0.0002126754572522331,Correct_or_Clear
RandomForest,2586,0,0,0.0002126754572522331,Correct_or_Clear
RandomForest,2587,0,0,0.0002126754572522331,Correct_or_Clear
RandomForest,2588,0,0,0.0002126754572522331,Correct_or_Clear
RandomForest,2589,0,0,0.0002126754572522331,Correct_or_Clear
RandomForest,2590,0,0,0.0002126754572522331,Correct_or_Clear
RandomForest,2591,0,0,0.0002126754572522331,Correct_or_Clear
RandomForest,2592,0,0,0.0002126754572522331,Correct_or_Clear
RandomForest,2593,0,0,0.0002126754572522331,Correct_or_Clear
RandomForest,2594,0,0,0.0002126754572522331,Correct_or_Clear
RandomForest,2595,0,0,0.0002126754572522331,Correct_or_Clear
RandomForest,2596,0,0,0.0002126754572522331,Correct_or_Clear
RandomForest,2597,0,0,0.0002126754572522331,Correct_or_Clear
RandomForest,2598,0,0,0.0002126754572522331,Correct_or_Clear
RandomForest,2599,0,0,0.0002126754572522331,Correct_or_Clear
RandomForest,2600,0,0,0.0002126754572522331,Correct_or_Clear
RandomForest,2601,0,0,0.0002126754572522331,Correct_or_Clear
RandomForest,2602,0,0,0.0002126754572522331,Correct_or_Clear
RandomForest,2603,0,0,0.0002126754572522331,Correct_or_Clear
RandomForest,2604,0,0,0.0002126754572522331,Correct_or_Clear
RandomForest,2605,0,0,0.0002126754572522331,Correct_or_Clear
RandomForest,2606,0,0,0.0002126754572522331,Correct_or_Clear
RandomForest,2607,1,1,1.0,Correct_or_Clear
RandomForest,2608,0,0,0.0002126754572522331,Correct_or_Clear
RandomForest,2609,0,0,0.0002126754572522331,Correct_or_Clear
RandomForest,2610,0,0,0.0002126754572522331,Correct_or_Clear
RandomForest,2611,0,0,0.0002126754572522331,Correct_or_Clear
RandomForest,2612,0,0,0.0002126754572522331,Correct_or_Clear
RandomForest,2613,0,0,0.0002126754572522331,Correct_or_Clear
RandomForest,2614,0,0,0.0002126754572522331,Correct_or_Clear
RandomForest,2615,0,0,0.0002126754572522331,Correct_or_Clear
RandomForest,2616,0,0,0.0002126754572522331,Correct_or_Clear
RandomForest,2617,0,0,0.0002126754572522331,Correct_or_Clear
RandomForest,2618,0,0,0.0002126754572522331,Correct_or_Clear
RandomForest,2619,0,0,0.0002126754572522331,Correct_or_Clear
RandomForest,2620,0,0,0.0002126754572522331,Correct_or_Clear
RandomForest,2621,0,0,0.0002126754572522331,Correct_or_Clear
RandomForest,2622,0,0,0.0002126754572522331,Correct_or_Clear
RandomForest,2623,0,0,0.0002126754572522331,Correct_or_Clear
RandomForest,2624,0,0,0.0002126754572522331,Correct_or_Clear
RandomForest,2625,0,0,0.0002126754572522331,Correct_or_Clear
RandomForest,2626,0,0,0.0002126754572522331,Correct_or_Clear
RandomForest,2627,0,0,0.0002126754572522331,Correct_or_Clear
RandomForest,2628,0,0,0.0002126754572522331,Correct_or_Clear
RandomForest,2629,0,0,0.0002126754572522331,Correct_or_Clear
RandomForest,2630,0,0,0.0002126754572522331,Correct_or_Clear
RandomForest,2631,0,0,0.0002126754572522331,Correct_or_Clear
RandomForest,2632,0,0,0.0002126754572522331,Correct_or_Clear
RandomForest,2633,0,0,0.0002126754572522331,Correct_or_Clear
RandomForest,2634,0,0,0.0002126754572522331,Correct_or_Clear
RandomForest,2635,0,0,0.0002126754572522331,Correct_or_Clear
RandomForest,2636,0,0,0.0002126754572522331,Correct_or_Clear
RandomForest,2637,0,0,0.0002126754572522331,Correct_or_Clear
RandomForest,2638,0,0,0.0002126754572522331,Correct_or_Clear
RandomForest,2639,0,0,0.0002126754572522331,Correct_or_Clear
RandomForest,2640,0,0,0.0002126754572522331,Correct_or_Clear
RandomForest,2641,0,0,0.0002126754572522331,Correct_or_Clear
RandomForest,2642,0,0,0.0002126754572522331,Correct_or_Clear
RandomForest,2643,0,0,0.0002126754572522331,Correct_or_Clear
RandomForest,2644,0,0,0.0002126754572522331,Correct_or_Clear
RandomForest,2645,0,0,0.0002126754572522331,Correct_or_Clear
RandomForest,2646,0,0,0.0002126754572522331,Correct_or_Clear
RandomForest,2647,0,0,0.0002126754572522331,Correct_or_Clear
RandomForest,2648,0,0,0.0002126754572522331,Correct_or_Clear
RandomForest,2649,0,0,0.0002126754572522331,Correct_or_Clear
RandomForest,2650,0,0,0.0002126754572522331,Correct_or_Clear
RandomForest,2651,0,0,0.0002126754572522331,Correct_or_Clear
RandomForest,2652,0,0,0.0002126754572522331,Correct_or_Clear
RandomForest,2653,0,0,0.0002126754572522331,Correct_or_Clear
RandomForest,2654,0,0,0.0002126754572522331,Correct_or_Clear
RandomForest,2655,0,0,0.0002126754572522331,Correct_or_Clear
RandomForest,2656,0,0,0.0002126754572522331,Correct_or_Clear
RandomForest,2657,0,0,0.0002126754572522331,Correct_or_Clear
RandomForest,2658,0,0,0.0002126754572522331,Correct_or_Clear
RandomForest,2659,0,0,0.0002126754572522331,Correct_or_Clear
RandomForest,2660,0,0,0.0002126754572522331,Correct_or_Clear
RandomForest,2661,0,0,0.0002126754572522331,Correct_or_Clear
RandomForest,2662,0,0,0.0002126754572522331,Correct_or_Clear
RandomForest,2663,0,0,0.0002126754572522331,Correct_or_Clear
RandomForest,2664,0,0,0.0002126754572522331,Correct_or_Clear
RandomForest,2665,0,0,0.0002126754572522331,Correct_or_Clear
RandomForest,2666,0,0,0.0002126754572522331,Correct_or_Clear
RandomForest,2667,0,0,0.0002126754572522331,Correct_or_Clear
RandomForest,2668,0,0,0.0002126754572522331,Correct_or_Clear
RandomForest,2669,0,0,0.0002126754572522331,Correct_or_Clear
RandomForest,2670,0,0,0.0002126754572522331,Correct_or_Clear
RandomForest,2671,0,0,0.0002126754572522331,Correct_or_Clear
RandomForest,2672,0,0,0.0002126754572522331,Correct_or_Clear
RandomForest,2673,0,0,0.0002126754572522331,Correct_or_Clear
RandomForest,2674,0,0,0.0002126754572522331,Correct_or_Clear
RandomForest,2675,0,0,0.0002126754572522331,Correct_or_Clear
RandomForest,2676,0,0,0.0002126754572522331,Correct_or_Clear
RandomForest,2677,0,0,0.0002126754572522331,Correct_or_Clear
RandomForest,2678,0,0,0.0002126754572522331,Correct_or_Clear
RandomForest,2679,1,1,1.0,Correct_or_Clear
RandomForest,2680,0,0,0.0002126754572522331,Correct_or_Clear
RandomForest,2681,0,0,0.0002126754572522331,Correct_or_Clear
RandomForest,2682,0,0,0.0002126754572522331,Correct_or_Clear
RandomForest,2683,0,0,0.0002126754572522331,Correct_or_Clear
RandomForest,2684,0,0,0.0002126754572522331,Correct_or_Clear
RandomForest,2685,0,0,0.0002126754572522331,Correct_or_Clear
RandomForest,2686,0,0,0.0002126754572522331,Correct_or_Clear
RandomForest,2687,0,0,0.0002126754572522331,Correct_or_Clear
RandomForest,2688,0,0,0.0002126754572522331,Correct_or_Clear
RandomForest,2689,0,0,0.0002126754572522331,Correct_or_Clear
RandomForest,2690,0,0,0.0002126754572522331,Correct_or_Clear
RandomForest,2691,0,0,0.0002126754572522331,Correct_or_Clear
RandomForest,2692,0,0,0.0002126754572522331,Correct_or_Clear
RandomForest,2693,0,0,0.0002126754572522331,Correct_or_Clear
RandomForest,2694,1,1,1.0,Correct_or_Clear
RandomForest,2695,0,0,0.0002126754572522331,Correct_or_Clear
RandomForest,2696,0,0,0.0002126754572522331,Correct_or_Clear
RandomForest,2697,0,0,0.0002126754572522331,Correct_or_Clear
RandomForest,2698,0,0,0.0002126754572522331,Correct_or_Clear
RandomForest,2699,0,0,0.0002126754572522331,Correct_or_Clear
RandomForest,2700,0,0,0.0002126754572522331,Correct_or_Clear
RandomForest,2701,0,0,0.0002126754572522331,Correct_or_Clear
RandomForest,2702,0,0,0.0002126754572522331,Correct_or_Clear
RandomForest,2703,0,0,0.0002126754572522331,Correct_or_Clear
RandomForest,2704,0,0,0.0002126754572522331,Correct_or_Clear
RandomForest,2705,0,0,0.0002126754572522331,Correct_or_Clear
RandomForest,2706,0,0,0.0002126754572522331,Correct_or_Clear
RandomForest,2707,0,0,0.0002126754572522331,Correct_or_Clear
RandomForest,2708,0,0,0.0002126754572522331,Correct_or_Clear
RandomForest,2709,0,0,0.0002126754572522331,Correct_or_Clear
RandomForest,2710,0,0,0.0002126754572522331,Correct_or_Clear
RandomForest,2711,0,0,0.0002126754572522331,Correct_or_Clear
RandomForest,2712,0,0,0.0002126754572522331,Correct_or_Clear
RandomForest,2713,0,0,0.0002126754572522331,Correct_or_Clear
RandomForest,2714,0,0,0.0002126754572522331,Correct_or_Clear
RandomForest,2715,0,0,0.0002126754572522331,Correct_or_Clear
RandomForest,2716,0,0,0.0002126754572522331,Correct_or_Clear
RandomForest,2717,0,0,0.0002126754572522331,Correct_or_Clear
RandomForest,2718,0,0,0.0002126754572522331,Correct_or_Clear
RandomForest,2719,0,0,0.0002126754572522331,Correct_or_Clear
RandomForest,2720,0,0,0.0002126754572522331,Correct_or_Clear
RandomForest,2721,0,0,0.0002126754572522331,Correct_or_Clear
RandomForest,2722,0,0,0.0002126754572522331,Correct_or_Clear
RandomForest,2723,0,0,0.0002126754572522331,Correct_or_Clear
RandomForest,2724,0,0,0.0002126754572522331,Correct_or_Clear
RandomForest,2725,0,0,0.0002126754572522331,Correct_or_Clear
RandomForest,2726,0,0,0.0002126754572522331,Correct_or_Clear
RandomForest,2727,0,0,0.0002126754572522331,Correct_or_Clear
RandomForest,2728,0,0,0.0002126754572522331,Correct_or_Clear
RandomForest,2729,0,0,0.0002126754572522331,Correct_or_Clear
RandomForest,2730,0,0,0.0002126754572522331,Correct_or_Clear
RandomForest,2731,0,0,0.0002126754572522331,Correct_or_Clear
RandomForest,2732,0,0,0.0002126754572522331,Correct_or_Clear
RandomForest,2733,0,0,0.0002126754572522331,Correct_or_Clear
RandomForest,2734,0,0,0.0002126754572522331,Correct_or_Clear
RandomForest,2735,1,1,1.0,Correct_or_Clear
RandomForest,2736,0,0,0.0002126754572522331,Correct_or_Clear
RandomForest,2737,0,0,0.0002126754572522331,Correct_or_Clear
RandomForest,2738,0,0,0.0002126754572522331,Correct_or_Clear
RandomForest,2739,0,0,0.0002126754572522331,Correct_or_Clear
RandomForest,2740,0,0,0.0002126754572522331,Correct_or_Clear
RandomForest,2741,0,0,0.0002126754572522331,Correct_or_Clear
RandomForest,2742,0,0,0.0002126754572522331,Correct_or_Clear
RandomForest,2743,0,0,0.0002126754572522331,Correct_or_Clear
RandomForest,2744,0,0,0.0002126754572522331,Correct_or_Clear
RandomForest,2745,0,0,0.0002126754572522331,Correct_or_Clear
RandomForest,2746,0,0,0.0002126754572522331,Correct_or_Clear
RandomForest,2747,0,0,0.0002126754572522331,Correct_or_Clear
RandomForest,2748,0,0,0.0002126754572522331,Correct_or_Clear
RandomForest,2749,0,0,0.0002126754572522331,Correct_or_Clear
RandomForest,2750,0,0,0.0002126754572522331,Correct_or_Clear
RandomForest,2751,0,0,0.0002126754572522331,Correct_or_Clear
RandomForest,2752,0,0,0.0002126754572522331,Correct_or_Clear
RandomForest,2753,0,0,0.0002126754572522331,Correct_or_Clear
RandomForest,2754,0,0,0.0002126754572522331,Correct_or_Clear
RandomForest,2755,0,0,0.0002126754572522331,Correct_or_Clear
RandomForest,2756,0,0,0.0002126754572522331,Correct_or_Clear
RandomForest,2757,0,0,0.0002126754572522331,Correct_or_Clear
RandomForest,2758,0,0,0.0002126754572522331,Correct_or_Clear
RandomForest,2759,0,0,0.0002126754572522331,Correct_or_Clear
RandomForest,2760,0,0,0.0002126754572522331,Correct_or_Clear
RandomForest,2761,0,0,0.0002126754572522331,Correct_or_Clear
RandomForest,2762,0,0,0.0002126754572522331,Correct_or_Clear
RandomForest,2763,0,0,0.0002126754572522331,Correct_or_Clear
RandomForest,2764,0,0,0.0002126754572522331,Correct_or_Clear
RandomForest,2765,0,0,0.0002126754572522331,Correct_or_Clear
RandomForest,2766,0,0,0.0002126754572522331,Correct_or_Clear
RandomForest,2767,0,0,0.0002126754572522331,Correct_or_Clear
RandomForest,2768,0,0,0.0002126754572522331,Correct_or_Clear
RandomForest,2769,0,0,0.0002126754572522331,Correct_or_Clear
RandomForest,2770,0,0,0.0002126754572522331,Correct_or_Clear
RandomForest,2771,0,0,0.0002126754572522331,Correct_or_Clear
RandomForest,2772,0,0,0.0002126754572522331,Correct_or_Clear
RandomForest,2773,0,0,0.0002126754572522331,Correct_or_Clear
RandomForest,2774,0,0,0.0002126754572522331,Correct_or_Clear
RandomForest,2775,0,0,0.0002126754572522331,Correct_or_Clear
RandomForest,2776,0,0,0.0002126754572522331,Correct_or_Clear
RandomForest,2777,0,0,0.0002126754572522331,Correct_or_Clear
RandomForest,2778,0,0,0.0002126754572522331,Correct_or_Clear
RandomForest,2779,0,0,0.0002126754572522331,Correct_or_Clear
RandomForest,2780,0,0,0.0002126754572522331,Correct_or_Clear
RandomForest,2781,0,0,0.0002126754572522331,Correct_or_Clear
RandomForest,2782,0,0,0.0002126754572522331,Correct_or_Clear
RandomForest,2783,0,0,0.0002126754572522331,Correct_or_Clear
RandomForest,2784,0,0,0.0002126754572522331,Correct_or_Clear
RandomForest,2785,0,0,0.0002126754572522331,Correct_or_Clear
RandomForest,2786,0,0,0.0002126754572522331,Correct_or_Clear
RandomForest,2787,0,0,0.0002126754572522331,Correct_or_Clear
RandomForest,2788,0,0,0.0002126754572522331,Correct_or_Clear
RandomForest,2789,0,0,0.0002126754572522331,Correct_or_Clear
RandomForest,2790,0,0,0.0002126754572522331,Correct_or_Clear
RandomForest,2791,0,0,0.0002126754572522331,Correct_or_Clear
RandomForest,2792,0,0,0.0002126754572522331,Correct_or_Clear
RandomForest,2793,0,0,0.0002126754572522331,Correct_or_Clear
RandomForest,2794,0,0,0.0002126754572522331,Correct_or_Clear
RandomForest,2795,0,0,0.0002126754572522331,Correct_or_Clear
RandomForest,2796,0,0,0.0002126754572522331,Correct_or_Clear
RandomForest,2797,0,0,0.0002126754572522331,Correct_or_Clear
RandomForest,2798,0,0,0.0002126754572522331,Correct_or_Clear
RandomForest,2799,0,0,0.0002126754572522331,Correct_or_Clear
RandomForest,2800,1,1,1.0,Correct_or_Clear
RandomForest,2801,0,0,0.0002126754572522331,Correct_or_Clear
RandomForest,2802,0,0,0.0002126754572522331,Correct_or_Clear
RandomForest,2803,0,0,0.0002126754572522331,Correct_or_Clear
RandomForest,2804,0,0,0.0002126754572522331,Correct_or_Clear
RandomForest,2805,0,0,0.0002126754572522331,Correct_or_Clear
RandomForest,2806,0,0,0.0002126754572522331,Correct_or_Clear
RandomForest,2807,0,0,0.0002126754572522331,Correct_or_Clear
RandomForest,2808,0,0,0.0002126754572522331,Correct_or_Clear
RandomForest,2809,0,0,0.0002126754572522331,Correct_or_Clear
RandomForest,2810,0,0,0.0002126754572522331,Correct_or_Clear
RandomForest,2811,0,0,0.0002126754572522331,Correct_or_Clear
RandomForest,2812,0,0,0.0002126754572522331,Correct_or_Clear
RandomForest,2813,0,0,0.0002126754572522331,Correct_or_Clear
RandomForest,2814,0,0,0.0002126754572522331,Correct_or_Clear
RandomForest,2815,0,0,0.0002126754572522331,Correct_or_Clear
RandomForest,2816,0,0,0.0002126754572522331,Correct_or_Clear
RandomForest,2817,0,0,0.0002126754572522331,Correct_or_Clear
RandomForest,2818,0,0,0.0002126754572522331,Correct_or_Clear
RandomForest,2819,0,0,0.0002126754572522331,Correct_or_Clear
RandomForest,2820,0,0,0.0002126754572522331,Correct_or_Clear
RandomForest,2821,0,0,0.0002126754572522331,Correct_or_Clear
RandomForest,2822,0,0,0.0002126754572522331,Correct_or_Clear
RandomForest,2823,0,0,0.0002126754572522331,Correct_or_Clear
RandomForest,2824,0,0,0.0002126754572522331,Correct_or_Clear
RandomForest,2825,0,0,0.0002126754572522331,Correct_or_Clear
RandomForest,2826,0,0,0.0002126754572522331,Correct_or_Clear
RandomForest,2827,0,0,0.0002126754572522331,Correct_or_Clear
RandomForest,2828,0,0,0.0002126754572522331,Correct_or_Clear
RandomForest,2829,0,0,0.0002126754572522331,Correct_or_Clear
RandomForest,2830,0,0,0.0002126754572522331,Correct_or_Clear
RandomForest,2831,0,0,0.0002126754572522331,Correct_or_Clear
RandomForest,2832,0,0,0.0002126754572522331,Correct_or_Clear
RandomForest,2833,0,0,0.0002126754572522331,Correct_or_Clear
RandomForest,2834,0,0,0.0002126754572522331,Correct_or_Clear
RandomForest,2835,0,0,0.0002126754572522331,Correct_or_Clear
RandomForest,2836,0,0,0.0002126754572522331,Correct_or_Clear
RandomForest,2837,0,0,0.0002126754572522331,Correct_or_Clear
RandomForest,2838,0,0,0.0002126754572522331,Correct_or_Clear
RandomForest,2839,0,0,0.0002126754572522331,Correct_or_Clear
RandomForest,2840,0,0,0.0002126754572522331,Correct_or_Clear
RandomForest,2841,0,0,0.0002126754572522331,Correct_or_Clear
RandomForest,2842,0,0,0.0002126754572522331,Correct_or_Clear
RandomForest,2843,1,1,1.0,Correct_or_Clear
RandomForest,2844,0,0,0.0002126754572522331,Correct_or_Clear
RandomForest,2845,0,0,0.0002126754572522331,Correct_or_Clear
RandomForest,2846,0,0,0.0002126754572522331,Correct_or_Clear
RandomForest,2847,0,0,0.0002126754572522331,Correct_or_Clear
RandomForest,2848,1,1,1.0,Correct_or_Clear
RandomForest,2849,0,0,0.0002126754572522331,Correct_or_Clear
RandomForest,2850,0,0,0.0002126754572522331,Correct_or_Clear
RandomForest,2851,0,0,0.0002126754572522331,Correct_or_Clear
RandomForest,2852,0,0,0.0002126754572522331,Correct_or_Clear
RandomForest,2853,1,1,1.0,Correct_or_Clear
RandomForest,2854,1,1,1.0,Correct_or_Clear
RandomForest,2855,0,0,0.0002126754572522331,Correct_or_Clear
RandomForest,2856,0,0,0.0002126754572522331,Correct_or_Clear
RandomForest,2857,0,0,0.0002126754572522331,Correct_or_Clear
RandomForest,2858,0,0,0.0002126754572522331,Correct_or_Clear
RandomForest,2859,0,0,0.0002126754572522331,Correct_or_Clear
RandomForest,2860,0,0,0.0002126754572522331,Correct_or_Clear
RandomForest,2861,0,0,0.0002126754572522331,Correct_or_Clear
RandomForest,2862,0,0,0.0002126754572522331,Correct_or_Clear
RandomForest,2863,0,0,0.0002126754572522331,Correct_or_Clear
RandomForest,2864,0,0,0.0002126754572522331,Correct_or_Clear
RandomForest,2865,0,0,0.0002126754572522331,Correct_or_Clear
RandomForest,2866,0,0,0.0002126754572522331,Correct_or_Clear
RandomForest,2867,0,0,0.0002126754572522331,Correct_or_Clear
RandomForest,2868,0,0,0.0002126754572522331,Correct_or_Clear
RandomForest,2869,0,0,0.0002126754572522331,Correct_or_Clear
RandomForest,2870,0,0,0.0002126754572522331,Correct_or_Clear
RandomForest,2871,0,0,0.0002126754572522331,Correct_or_Clear
RandomForest,2872,0,0,0.0002126754572522331,Correct_or_Clear
RandomForest,2873,0,0,0.0002126754572522331,Correct_or_Clear
RandomForest,2874,0,0,0.0002126754572522331,Correct_or_Clear
RandomForest,2875,0,0,0.0002126754572522331,Correct_or_Clear
RandomForest,2876,0,0,0.0002126754572522331,Correct_or_Clear
RandomForest,2877,0,0,0.0002126754572522331,Correct_or_Clear
RandomForest,2878,0,0,0.0002126754572522331,Correct_or_Clear
RandomForest,2879,0,0,0.0002126754572522331,Correct_or_Clear
RandomForest,2880,0,0,0.0002126754572522331,Correct_or_Clear
RandomForest,2881,0,0,0.0002126754572522331,Correct_or_Clear
RandomForest,2882,0,0,0.0002126754572522331,Correct_or_Clear
RandomForest,2883,0,0,0.0002126754572522331,Correct_or_Clear
RandomForest,2884,0,0,0.0002126754572522331,Correct_or_Clear
RandomForest,2885,0,0,0.0002126754572522331,Correct_or_Clear
RandomForest,2886,0,0,0.0002126754572522331,Correct_or_Clear
RandomForest,2887,0,0,0.0002126754572522331,Correct_or_Clear
RandomForest,2888,0,0,0.0002126754572522331,Correct_or_Clear
RandomForest,2889,0,0,0.0002126754572522331,Correct_or_Clear
RandomForest,2890,0,0,0.0002126754572522331,Correct_or_Clear
RandomForest,2891,0,0,0.0002126754572522331,Correct_or_Clear
RandomForest,2892,0,0,0.0002126754572522331,Correct_or_Clear
RandomForest,2893,0,0,0.0002126754572522331,Correct_or_Clear
RandomForest,2894,0,0,0.0002126754572522331,Correct_or_Clear
RandomForest,2895,0,0,0.0002126754572522331,Correct_or_Clear
RandomForest,2896,0,0,0.0002126754572522331,Correct_or_Clear
RandomForest,2897,0,0,0.0002126754572522331,Correct_or_Clear
RandomForest,2898,0,0,0.0002126754572522331,Correct_or_Clear
RandomForest,2899,0,0,0.0002126754572522331,Correct_or_Clear
RandomForest,2900,0,0,0.0002126754572522331,Correct_or_Clear
RandomForest,2901,0,0,0.0002126754572522331,Correct_or_Clear
RandomForest,2902,0,0,0.0002126754572522331,Correct_or_Clear
RandomForest,2903,0,0,0.0002126754572522331,Correct_or_Clear
RandomForest,2904,0,0,0.0002126754572522331,Correct_or_Clear
RandomForest,2905,0,0,0.0002126754572522331,Correct_or_Clear
RandomForest,2906,0,0,0.0002126754572522331,Correct_or_Clear
RandomForest,2907,0,0,0.0002126754572522331,Correct_or_Clear
RandomForest,2908,0,0,0.0002126754572522331,Correct_or_Clear
RandomForest,2909,0,0,0.0002126754572522331,Correct_or_Clear
RandomForest,2910,0,0,0.0002126754572522331,Correct_or_Clear
RandomForest,2911,0,0,0.0002126754572522331,Correct_or_Clear
RandomForest,2912,0,0,0.0002126754572522331,Correct_or_Clear
RandomForest,2913,0,0,0.0002126754572522331,Correct_or_Clear
RandomForest,2914,0,0,0.0002126754572522331,Correct_or_Clear
RandomForest,2915,0,0,0.0002126754572522331,Correct_or_Clear
RandomForest,2916,0,0,0.0002126754572522331,Correct_or_Clear
RandomForest,2917,0,0,0.0002126754572522331,Correct_or_Clear
RandomForest,2918,0,0,0.0002126754572522331,Correct_or_Clear
RandomForest,2919,0,0,0.0002126754572522331,Correct_or_Clear
RandomForest,2920,0,0,0.0002126754572522331,Correct_or_Clear
RandomForest,2921,0,0,0.0002126754572522331,Correct_or_Clear
RandomForest,2922,0,0,0.0002126754572522331,Correct_or_Clear
RandomForest,2923,0,0,0.0002126754572522331,Correct_or_Clear
RandomForest,2924,0,0,0.0002126754572522331,Correct_or_Clear
RandomForest,2925,0,0,0.0002126754572522331,Correct_or_Clear
RandomForest,2926,0,0,0.0002126754572522331,Correct_or_Clear
RandomForest,2927,0,0,0.0002126754572522331,Correct_or_Clear
RandomForest,2928,0,0,0.0002126754572522331,Correct_or_Clear
RandomForest,2929,0,0,0.0002126754572522331,Correct_or_Clear
RandomForest,2930,0,0,0.0002126754572522331,Correct_or_Clear
RandomForest,2931,0,0,0.0002126754572522331,Correct_or_Clear
RandomForest,2932,0,0,0.0002126754572522331,Correct_or_Clear
RandomForest,2933,0,0,0.0002126754572522331,Correct_or_Clear
RandomForest,2934,0,0,0.0002126754572522331,Correct_or_Clear
RandomForest,2935,0,0,0.0002126754572522331,Correct_or_Clear
RandomForest,2936,0,0,0.0002126754572522331,Correct_or_Clear
RandomForest,2937,0,0,0.0002126754572522331,Correct_or_Clear
RandomForest,2938,0,0,0.0002126754572522331,Correct_or_Clear
RandomForest,2939,0,0,0.0002126754572522331,Correct_or_Clear
RandomForest,2940,0,0,0.0002126754572522331,Correct_or_Clear
RandomForest,2941,0,0,0.0002126754572522331,Correct_or_Clear
RandomForest,2942,0,0,0.0002126754572522331,Correct_or_Clear
RandomForest,2943,0,0,0.0002126754572522331,Correct_or_Clear
RandomForest,2944,0,0,0.0002126754572522331,Correct_or_Clear
RandomForest,2945,0,0,0.0002126754572522331,Correct_or_Clear
RandomForest,2946,0,0,0.0002126754572522331,Correct_or_Clear
RandomForest,2947,0,0,0.0002126754572522331,Correct_or_Clear
RandomForest,2948,0,0,0.0002126754572522331,Correct_or_Clear
RandomForest,2949,0,0,0.0002126754572522331,Correct_or_Clear
RandomForest,2950,0,0,0.0002126754572522331,Correct_or_Clear
RandomForest,2951,0,0,0.0002126754572522331,Correct_or_Clear
RandomForest,2952,0,0,0.0002126754572522331,Correct_or_Clear
RandomForest,2953,0,0,0.0002126754572522331,Correct_or_Clear
RandomForest,2954,0,0,0.0002126754572522331,Correct_or_Clear
RandomForest,2955,0,0,0.0002126754572522331,Correct_or_Clear
RandomForest,2956,0,0,0.0002126754572522331,Correct_or_Clear
RandomForest,2957,0,0,0.0002126754572522331,Correct_or_Clear
RandomForest,2958,0,0,0.0002126754572522331,Correct_or_Clear
RandomForest,2959,0,0,0.0002126754572522331,Correct_or_Clear
RandomForest,2960,0,0,0.0002126754572522331,Correct_or_Clear
RandomForest,2961,0,0,0.0002126754572522331,Correct_or_Clear
RandomForest,2962,0,0,0.0002126754572522331,Correct_or_Clear
RandomForest,2963,0,0,0.0002126754572522331,Correct_or_Clear
RandomForest,2964,0,0,0.0002126754572522331,Correct_or_Clear
RandomForest,2965,0,0,0.0002126754572522331,Correct_or_Clear
RandomForest,2966,0,0,0.0002126754572522331,Correct_or_Clear
RandomForest,2967,0,0,0.0002126754572522331,Correct_or_Clear
RandomForest,2968,0,0,0.0002126754572522331,Correct_or_Clear
RandomForest,2969,0,0,0.0002126754572522331,Correct_or_Clear
RandomForest,2970,0,0,0.0002126754572522331,Correct_or_Clear
RandomForest,2971,0,0,0.0002126754572522331,Correct_or_Clear
RandomForest,2972,0,0,0.0002126754572522331,Correct_or_Clear
RandomForest,2973,0,0,0.0002126754572522331,Correct_or_Clear
RandomForest,2974,0,0,0.0002126754572522331,Correct_or_Clear
RandomForest,2975,0,0,0.0002126754572522331,Correct_or_Clear
RandomForest,2976,0,0,0.0002126754572522331,Correct_or_Clear
RandomForest,2977,0,0,0.0002126754572522331,Correct_or_Clear
RandomForest,2978,0,0,0.0002126754572522331,Correct_or_Clear
RandomForest,2979,0,0,0.0002126754572522331,Correct_or_Clear
RandomForest,2980,0,0,0.0002126754572522331,Correct_or_Clear
RandomForest,2981,0,0,0.0002126754572522331,Correct_or_Clear
RandomForest,2982,0,0,0.0002126754572522331,Correct_or_Clear
RandomForest,2983,0,0,0.0002126754572522331,Correct_or_Clear
RandomForest,2984,0,0,0.0002126754572522331,Correct_or_Clear
RandomForest,2985,0,0,0.0002126754572522331,Correct_or_Clear
RandomForest,2986,0,0,0.0002126754572522331,Correct_or_Clear
RandomForest,2987,0,0,0.0002126754572522331,Correct_or_Clear
RandomForest,2988,0,0,0.0002126754572522331,Correct_or_Clear
RandomForest,2989,0,0,0.0002126754572522331,Correct_or_Clear
RandomForest,2990,0,0,0.0002126754572522331,Correct_or_Clear
RandomForest,2991,0,0,0.0002126754572522331,Correct_or_Clear
RandomForest,2992,0,0,0.0002126754572522331,Correct_or_Clear
RandomForest,2993,0,0,0.0002126754572522331,Correct_or_Clear
RandomForest,2994,0,0,0.0002126754572522331,Correct_or_Clear
RandomForest,2995,0,0,0.0002126754572522331,Correct_or_Clear
RandomForest,2996,0,0,0.0002126754572522331,Correct_or_Clear
RandomForest,2997,0,0,0.0002126754572522331,Correct_or_Clear
RandomForest,2998,0,0,0.0002126754572522331,Correct_or_Clear
RandomForest,2999,0,0,0.0002126754572522331,Correct_or_Clear
RandomForest,3000,0,0,0.0002126754572522331,Correct_or_Clear
RandomForest,3001,0,0,0.0002126754572522331,Correct_or_Clear
RandomForest,3002,0,0,0.0002126754572522331,Correct_or_Clear
RandomForest,3003,0,0,0.0002126754572522331,Correct_or_Clear
RandomForest,3004,0,0,0.0002126754572522331,Correct_or_Clear
RandomForest,3005,0,0,0.0002126754572522331,Correct_or_Clear
RandomForest,3006,0,0,0.0002126754572522331,Correct_or_Clear
RandomForest,3007,0,0,0.0002126754572522331,Correct_or_Clear
RandomForest,3008,0,0,0.0002126754572522331,Correct_or_Clear
RandomForest,3009,0,0,0.0002126754572522331,Correct_or_Clear
RandomForest,3010,0,0,0.0002126754572522331,Correct_or_Clear
RandomForest,3011,0,0,0.0002126754572522331,Correct_or_Clear
RandomForest,3012,0,0,0.0002126754572522331,Correct_or_Clear
RandomForest,3013,0,0,0.0002126754572522331,Correct_or_Clear
RandomForest,3014,0,0,0.0002126754572522331,Correct_or_Clear
RandomForest,3015,0,0,0.0002126754572522331,Correct_or_Clear
RandomForest,3016,0,0,0.0002126754572522331,Correct_or_Clear
RandomForest,3017,0,0,0.0002126754572522331,Correct_or_Clear
RandomForest,3018,0,0,0.0002126754572522331,Correct_or_Clear
RandomForest,3019,1,1,1.0,Correct_or_Clear
RandomForest,3020,0,0,0.0002126754572522331,Correct_or_Clear
RandomForest,3021,0,0,0.0002126754572522331,Correct_or_Clear
RandomForest,3022,0,0,0.0002126754572522331,Correct_or_Clear
RandomForest,3023,0,0,0.0002126754572522331,Correct_or_Clear
RandomForest,3024,0,0,0.0002126754572522331,Correct_or_Clear
RandomForest,3025,0,0,0.0002126754572522331,Correct_or_Clear
RandomForest,3026,0,0,0.0002126754572522331,Correct_or_Clear
RandomForest,3027,0,0,0.0002126754572522331,Correct_or_Clear
RandomForest,3028,0,0,0.0002126754572522331,Correct_or_Clear
RandomForest,3029,0,0,0.0002126754572522331,Correct_or_Clear
RandomForest,3030,0,0,0.0002126754572522331,Correct_or_Clear
RandomForest,3031,0,0,0.0002126754572522331,Correct_or_Clear
RandomForest,3032,0,0,0.0002126754572522331,Correct_or_Clear
RandomForest,3033,0,0,0.0002126754572522331,Correct_or_Clear
RandomForest,3034,0,0,0.0002126754572522331,Correct_or_Clear
RandomForest,3035,0,0,0.0002126754572522331,Correct_or_Clear
RandomForest,3036,0,0,0.0002126754572522331,Correct_or_Clear
RandomForest,3037,0,0,0.0002126754572522331,Correct_or_Clear
RandomForest,3038,0,0,0.0002126754572522331,Correct_or_Clear
RandomForest,3039,0,0,0.0002126754572522331,Correct_or_Clear
RandomForest,3040,0,0,0.0002126754572522331,Correct_or_Clear
RandomForest,3041,0,0,0.0002126754572522331,Correct_or_Clear
RandomForest,3042,0,0,0.0002126754572522331,Correct_or_Clear
RandomForest,3043,0,0,0.0002126754572522331,Correct_or_Clear
RandomForest,3044,0,0,0.0002126754572522331,Correct_or_Clear
RandomForest,3045,0,0,0.0002126754572522331,Correct_or_Clear
RandomForest,3046,0,0,0.0002126754572522331,Correct_or_Clear
RandomForest,3047,0,0,0.0002126754572522331,Correct_or_Clear
RandomForest,3048,0,0,0.0002126754572522331,Correct_or_Clear
RandomForest,3049,0,0,0.0002126754572522331,Correct_or_Clear
RandomForest,3050,0,0,0.0002126754572522331,Correct_or_Clear
RandomForest,3051,0,0,0.0002126754572522331,Correct_or_Clear
RandomForest,3052,0,0,0.0002126754572522331,Correct_or_Clear
RandomForest,3053,0,0,0.0002126754572522331,Correct_or_Clear
RandomForest,3054,0,0,0.0002126754572522331,Correct_or_Clear
RandomForest,3055,0,0,0.0002126754572522331,Correct_or_Clear
RandomForest,3056,0,0,0.0002126754572522331,Correct_or_Clear
RandomForest,3057,0,0,0.0002126754572522331,Correct_or_Clear
RandomForest,3058,0,0,0.0002126754572522331,Correct_or_Clear
RandomForest,3059,0,0,0.0002126754572522331,Correct_or_Clear
RandomForest,3060,0,0,0.0002126754572522331,Correct_or_Clear
RandomForest,3061,0,0,0.0002126754572522331,Correct_or_Clear
RandomForest,3062,0,0,0.0002126754572522331,Correct_or_Clear
RandomForest,3063,0,0,0.0002126754572522331,Correct_or_Clear
RandomForest,3064,0,0,0.0002126754572522331,Correct_or_Clear
RandomForest,3065,0,0,0.0002126754572522331,Correct_or_Clear
RandomForest,3066,0,0,0.0002126754572522331,Correct_or_Clear
RandomForest,3067,0,0,0.0002126754572522331,Correct_or_Clear
RandomForest,3068,0,0,0.0002126754572522331,Correct_or_Clear
RandomForest,3069,0,0,0.0002126754572522331,Correct_or_Clear
RandomForest,3070,0,0,0.0002126754572522331,Correct_or_Clear
RandomForest,3071,0,0,0.0002126754572522331,Correct_or_Clear
RandomForest,3072,0,0,0.0002126754572522331,Correct_or_Clear
RandomForest,3073,0,0,0.0002126754572522331,Correct_or_Clear
RandomForest,3074,0,0,0.0002126754572522331,Correct_or_Clear
RandomForest,3075,0,0,0.0002126754572522331,Correct_or_Clear
RandomForest,3076,0,0,0.0002126754572522331,Correct_or_Clear
RandomForest,3077,0,0,0.0002126754572522331,Correct_or_Clear
RandomForest,3078,0,0,0.0002126754572522331,Correct_or_Clear
RandomForest,3079,0,0,0.0002126754572522331,Correct_or_Clear
RandomForest,3080,0,0,0.0002126754572522331,Correct_or_Clear
RandomForest,3081,0,0,0.0002126754572522331,Correct_or_Clear
RandomForest,3082,0,0,0.0002126754572522331,Correct_or_Clear
RandomForest,3083,0,0,0.0002126754572522331,Correct_or_Clear
RandomForest,3084,0,0,0.0002126754572522331,Correct_or_Clear
RandomForest,3085,0,0,0.0002126754572522331,Correct_or_Clear
RandomForest,3086,0,0,0.0002126754572522331,Correct_or_Clear
RandomForest,3087,0,0,0.0002126754572522331,Correct_or_Clear
RandomForest,3088,0,0,0.0002126754572522331,Correct_or_Clear
RandomForest,3089,0,0,0.0002126754572522331,Correct_or_Clear
RandomForest,3090,0,0,0.0002126754572522331,Correct_or_Clear
RandomForest,3091,0,0,0.0002126754572522331,Correct_or_Clear
RandomForest,3092,0,0,0.0002126754572522331,Correct_or_Clear
RandomForest,3093,0,0,0.0002126754572522331,Correct_or_Clear
RandomForest,3094,0,0,0.0002126754572522331,Correct_or_Clear
RandomForest,3095,0,0,0.0002126754572522331,Correct_or_Clear
RandomForest,3096,0,0,0.0002126754572522331,Correct_or_Clear
RandomForest,3097,0,0,0.0002126754572522331,Correct_or_Clear
RandomForest,3098,0,0,0.0002126754572522331,Correct_or_Clear
RandomForest,3099,0,0,0.0002126754572522331,Correct_or_Clear
RandomForest,3100,0,0,0.0002126754572522331,Correct_or_Clear
RandomForest,3101,0,0,0.0002126754572522331,Correct_or_Clear
RandomForest,3102,0,0,0.0002126754572522331,Correct_or_Clear
RandomForest,3103,0,0,0.0002126754572522331,Correct_or_Clear
RandomForest,3104,0,0,0.0002126754572522331,Correct_or_Clear
RandomForest,3105,0,0,0.0002126754572522331,Correct_or_Clear
RandomForest,3106,0,0,0.0002126754572522331,Correct_or_Clear
RandomForest,3107,0,0,0.0002126754572522331,Correct_or_Clear
RandomForest,3108,0,0,0.0002126754572522331,Correct_or_Clear
RandomForest,3109,0,0,0.0002126754572522331,Correct_or_Clear
RandomForest,3110,0,0,0.0002126754572522331,Correct_or_Clear
RandomForest,3111,0,0,0.0002126754572522331,Correct_or_Clear
RandomForest,3112,0,0,0.0002126754572522331,Correct_or_Clear
RandomForest,3113,0,0,0.0002126754572522331,Correct_or_Clear
RandomForest,3114,0,0,0.0002126754572522331,Correct_or_Clear
RandomForest,3115,0,0,0.0002126754572522331,Correct_or_Clear
RandomForest,3116,0,0,0.0002126754572522331,Correct_or_Clear
RandomForest,3117,0,0,0.0002126754572522331,Correct_or_Clear
RandomForest,3118,0,0,0.0002126754572522331,Correct_or_Clear
RandomForest,3119,0,0,0.0002126754572522331,Correct_or_Clear
RandomForest,3120,0,0,0.0002126754572522331,Correct_or_Clear
RandomForest,3121,0,0,0.0002126754572522331,Correct_or_Clear
RandomForest,3122,0,0,0.0002126754572522331,Correct_or_Clear
RandomForest,3123,0,0,0.0002126754572522331,Correct_or_Clear
RandomForest,3124,0,0,0.0002126754572522331,Correct_or_Clear
RandomForest,3125,0,0,0.0002126754572522331,Correct_or_Clear
RandomForest,3126,0,0,0.0002126754572522331,Correct_or_Clear
RandomForest,3127,0,0,0.0002126754572522331,Correct_or_Clear
RandomForest,3128,0,0,0.0002126754572522331,Correct_or_Clear
RandomForest,3129,0,0,0.0002126754572522331,Correct_or_Clear
RandomForest,3130,0,0,0.0002126754572522331,Correct_or_Clear
RandomForest,3131,0,0,0.0002126754572522331,Correct_or_Clear
RandomForest,3132,0,0,0.0002126754572522331,Correct_or_Clear
RandomForest,3133,0,0,0.0002126754572522331,Correct_or_Clear
RandomForest,3134,0,0,0.0002126754572522331,Correct_or_Clear
RandomForest,3135,0,0,0.0002126754572522331,Correct_or_Clear
RandomForest,3136,0,0,0.0002126754572522331,Correct_or_Clear
RandomForest,3137,0,0,0.0002126754572522331,Correct_or_Clear
RandomForest,3138,0,0,0.0002126754572522331,Correct_or_Clear
RandomForest,3139,0,0,0.0002126754572522331,Correct_or_Clear
RandomForest,3140,0,0,0.0002126754572522331,Correct_or_Clear
RandomForest,3141,0,0,0.0002126754572522331,Correct_or_Clear
RandomForest,3142,0,0,0.0002126754572522331,Correct_or_Clear
RandomForest,3143,0,0,0.0002126754572522331,Correct_or_Clear
RandomForest,3144,0,0,0.0002126754572522331,Correct_or_Clear
RandomForest,3145,0,0,0.0002126754572522331,Correct_or_Clear
RandomForest,3146,0,0,0.0002126754572522331,Correct_or_Clear
RandomForest,3147,0,0,0.0002126754572522331,Correct_or_Clear
RandomForest,3148,0,0,0.0002126754572522331,Correct_or_Clear
RandomForest,3149,0,0,0.0002126754572522331,Correct_or_Clear
RandomForest,3150,0,0,0.0002126754572522331,Correct_or_Clear
RandomForest,3151,0,0,0.0002126754572522331,Correct_or_Clear
RandomForest,3152,0,0,0.0002126754572522331,Correct_or_Clear
RandomForest,3153,0,0,0.0002126754572522331,Correct_or_Clear
RandomForest,3154,0,0,0.0002126754572522331,Correct_or_Clear
RandomForest,3155,0,0,0.0002126754572522331,Correct_or_Clear
RandomForest,3156,0,0,0.0002126754572522331,Correct_or_Clear
RandomForest,3157,0,0,0.0002126754572522331,Correct_or_Clear
RandomForest,3158,0,0,0.0002126754572522331,Correct_or_Clear
RandomForest,3159,0,0,0.0002126754572522331,Correct_or_Clear
RandomForest,3160,0,0,0.0002126754572522331,Correct_or_Clear
RandomForest,3161,0,0,0.0002126754572522331,Correct_or_Clear
RandomForest,3162,0,0,0.0002126754572522331,Correct_or_Clear
RandomForest,3163,0,0,0.0002126754572522331,Correct_or_Clear
RandomForest,3164,0,0,0.0002126754572522331,Correct_or_Clear
RandomForest,3165,0,0,0.0002126754572522331,Correct_or_Clear
RandomForest,3166,0,0,0.0002126754572522331,Correct_or_Clear
RandomForest,3167,0,0,0.0002126754572522331,Correct_or_Clear
RandomForest,3168,0,0,0.0002126754572522331,Correct_or_Clear
RandomForest,3169,0,0,0.0002126754572522331,Correct_or_Clear
RandomForest,3170,1,1,1.0,Correct_or_Clear
RandomForest,3171,0,0,0.0002126754572522331,Correct_or_Clear
RandomForest,3172,0,0,0.0002126754572522331,Correct_or_Clear
RandomForest,3173,0,0,0.0002126754572522331,Correct_or_Clear
RandomForest,3174,0,0,0.0002126754572522331,Correct_or_Clear
RandomForest,3175,0,0,0.0002126754572522331,Correct_or_Clear
RandomForest,3176,0,0,0.0002126754572522331,Correct_or_Clear
RandomForest,3177,0,0,0.0002126754572522331,Correct_or_Clear
RandomForest,3178,0,0,0.0002126754572522331,Correct_or_Clear
RandomForest,3179,0,0,0.0002126754572522331,Correct_or_Clear
RandomForest,3180,0,0,0.0002126754572522331,Correct_or_Clear
RandomForest,3181,0,0,0.0002126754572522331,Correct_or_Clear
RandomForest,3182,0,0,0.0002126754572522331,Correct_or_Clear
RandomForest,3183,0,0,0.0002126754572522331,Correct_or_Clear
RandomForest,3184,0,0,0.0002126754572522331,Correct_or_Clear
RandomForest,3185,0,0,0.0002126754572522331,Correct_or_Clear
RandomForest,3186,0,0,0.0002126754572522331,Correct_or_Clear
RandomForest,3187,0,0,0.0002126754572522331,Correct_or_Clear
RandomForest,3188,0,0,0.0002126754572522331,Correct_or_Clear
RandomForest,3189,0,0,0.0002126754572522331,Correct_or_Clear
RandomForest,3190,0,0,0.0002126754572522331,Correct_or_Clear
RandomForest,3191,0,0,0.0002126754572522331,Correct_or_Clear
RandomForest,3192,0,0,0.0002126754572522331,Correct_or_Clear
RandomForest,3193,0,0,0.0002126754572522331,Correct_or_Clear
RandomForest,3194,0,0,0.0002126754572522331,Correct_or_Clear
RandomForest,3195,0,0,0.0002126754572522331,Correct_or_Clear
RandomForest,3196,0,0,0.0002126754572522331,Correct_or_Clear
RandomForest,3197,0,0,0.0002126754572522331,Correct_or_Clear
RandomForest,3198,0,0,0.0002126754572522331,Correct_or_Clear
RandomForest,3199,0,0,0.0002126754572522331,Correct_or_Clear
RandomForest,3200,0,0,0.0002126754572522331,Correct_or_Clear
RandomForest,3201,0,0,0.0002126754572522331,Correct_or_Clear
RandomForest,3202,0,0,0.0002126754572522331,Correct_or_Clear
RandomForest,3203,0,0,0.0002126754572522331,Correct_or_Clear
RandomForest,3204,0,0,0.0002126754572522331,Correct_or_Clear
RandomForest,3205,0,0,0.0002126754572522331,Correct_or_Clear
RandomForest,3206,0,0,0.0002126754572522331,Correct_or_Clear
RandomForest,3207,0,0,0.0002126754572522331,Correct_or_Clear
RandomForest,3208,0,0,0.0002126754572522331,Correct_or_Clear
RandomForest,3209,0,0,0.0002126754572522331,Correct_or_Clear
RandomForest,3210,0,0,0.0002126754572522331,Correct_or_Clear
RandomForest,3211,0,0,0.0002126754572522331,Correct_or_Clear
RandomForest,3212,0,0,0.0002126754572522331,Correct_or_Clear
RandomForest,3213,0,0,0.0002126754572522331,Correct_or_Clear
RandomForest,3214,0,0,0.0002126754572522331,Correct_or_Clear
RandomForest,3215,0,0,0.0002126754572522331,Correct_or_Clear
RandomForest,3216,0,0,0.0002126754572522331,Correct_or_Clear
RandomForest,3217,0,0,0.0002126754572522331,Correct_or_Clear
RandomForest,3218,0,0,0.0002126754572522331,Correct_or_Clear
RandomForest,3219,0,0,0.0002126754572522331,Correct_or_Clear
RandomForest,3220,0,0,0.0002126754572522331,Correct_or_Clear
RandomForest,3221,0,0,0.0002126754572522331,Correct_or_Clear
RandomForest,3222,0,0,0.0002126754572522331,Correct_or_Clear
RandomForest,3223,0,0,0.0002126754572522331,Correct_or_Clear
RandomForest,3224,0,0,0.0002126754572522331,Correct_or_Clear
RandomForest,3225,0,0,0.0002126754572522331,Correct_or_Clear
RandomForest,3226,0,0,0.0002126754572522331,Correct_or_Clear
RandomForest,3227,0,0,0.0002126754572522331,Correct_or_Clear
RandomForest,3228,0,0,0.0002126754572522331,Correct_or_Clear
RandomForest,3229,0,0,0.0002126754572522331,Correct_or_Clear
RandomForest,3230,0,0,0.0002126754572522331,Correct_or_Clear
RandomForest,3231,0,0,0.0002126754572522331,Correct_or_Clear
RandomForest,3232,0,0,0.0002126754572522331,Correct_or_Clear
RandomForest,3233,0,0,0.0002126754572522331,Correct_or_Clear
RandomForest,3234,0,0,0.0002126754572522331,Correct_or_Clear
RandomForest,3235,0,0,0.0002126754572522331,Correct_or_Clear
RandomForest,3236,0,0,0.0002126754572522331,Correct_or_Clear
RandomForest,3237,0,0,0.0002126754572522331,Correct_or_Clear
RandomForest,3238,0,0,0.0002126754572522331,Correct_or_Clear
RandomForest,3239,0,0,0.0002126754572522331,Correct_or_Clear
RandomForest,3240,0,0,0.0002126754572522331,Correct_or_Clear
RandomForest,3241,0,0,0.0002126754572522331,Correct_or_Clear
RandomForest,3242,0,0,0.0002126754572522331,Correct_or_Clear
RandomForest,3243,0,0,0.0002126754572522331,Correct_or_Clear
RandomForest,3244,0,0,0.0002126754572522331,Correct_or_Clear
RandomForest,3245,0,0,0.0002126754572522331,Correct_or_Clear
RandomForest,3246,0,0,0.0002126754572522331,Correct_or_Clear
RandomForest,3247,0,0,0.0002126754572522331,Correct_or_Clear
RandomForest,3248,1,1,1.0,Correct_or_Clear
RandomForest,3249,0,0,0.0002126754572522331,Correct_or_Clear
RandomForest,3250,0,0,0.0002126754572522331,Correct_or_Clear
RandomForest,3251,0,0,0.0002126754572522331,Correct_or_Clear
RandomForest,3252,0,0,0.0002126754572522331,Correct_or_Clear
RandomForest,3253,1,1,1.0,Correct_or_Clear
RandomForest,3254,0,0,0.0002126754572522331,Correct_or_Clear
RandomForest,3255,0,0,0.0002126754572522331,Correct_or_Clear
RandomForest,3256,0,0,0.0002126754572522331,Correct_or_Clear
RandomForest,3257,0,0,0.0002126754572522331,Correct_or_Clear
RandomForest,3258,0,0,0.0002126754572522331,Correct_or_Clear
RandomForest,3259,0,0,0.0002126754572522331,Correct_or_Clear
RandomForest,3260,0,0,0.0002126754572522331,Correct_or_Clear
RandomForest,3261,0,0,0.0002126754572522331,Correct_or_Clear
RandomForest,3262,0,0,0.0002126754572522331,Correct_or_Clear
RandomForest,3263,0,0,0.0002126754572522331,Correct_or_Clear
RandomForest,3264,0,0,0.0002126754572522331,Correct_or_Clear
RandomForest,3265,0,0,0.0002126754572522331,Correct_or_Clear
RandomForest,3266,0,0,0.0002126754572522331,Correct_or_Clear
RandomForest,3267,0,0,0.0002126754572522331,Correct_or_Clear
RandomForest,3268,0,0,0.0002126754572522331,Correct_or_Clear
RandomForest,3269,0,0,0.0002126754572522331,Correct_or_Clear
RandomForest,3270,0,0,0.0002126754572522331,Correct_or_Clear
RandomForest,3271,0,0,0.0002126754572522331,Correct_or_Clear
RandomForest,3272,0,0,0.0002126754572522331,Correct_or_Clear
RandomForest,3273,0,0,0.0002126754572522331,Correct_or_Clear
RandomForest,3274,0,0,0.0002126754572522331,Correct_or_Clear
RandomForest,3275,0,0,0.0002126754572522331,Correct_or_Clear
RandomForest,3276,0,0,0.0002126754572522331,Correct_or_Clear
RandomForest,3277,0,0,0.0002126754572522331,Correct_or_Clear
RandomForest,3278,0,0,0.0002126754572522331,Correct_or_Clear
RandomForest,3279,0,0,0.0002126754572522331,Correct_or_Clear
RandomForest,3280,0,0,0.0002126754572522331,Correct_or_Clear
RandomForest,3281,0,0,0.0002126754572522331,Correct_or_Clear
RandomForest,3282,0,0,0.0002126754572522331,Correct_or_Clear
RandomForest,3283,0,0,0.0002126754572522331,Correct_or_Clear
RandomForest,3284,0,0,0.0002126754572522331,Correct_or_Clear
RandomForest,3285,0,0,0.0002126754572522331,Correct_or_Clear
RandomForest,3286,0,0,0.0002126754572522331,Correct_or_Clear
RandomForest,3287,0,0,0.0002126754572522331,Correct_or_Clear
RandomForest,3288,0,0,0.0002126754572522331,Correct_or_Clear
RandomForest,3289,0,0,0.0002126754572522331,Correct_or_Clear
RandomForest,3290,0,0,0.0002126754572522331,Correct_or_Clear
RandomForest,3291,0,0,0.0002126754572522331,Correct_or_Clear
RandomForest,3292,0,0,0.0002126754572522331,Correct_or_Clear
RandomForest,3293,0,0,0.0002126754572522331,Correct_or_Clear
RandomForest,3294,0,0,0.0002126754572522331,Correct_or_Clear
RandomForest,3295,0,0,0.0002126754572522331,Correct_or_Clear
RandomForest,3296,0,0,0.0002126754572522331,Correct_or_Clear
RandomForest,3297,1,1,1.0,Correct_or_Clear
RandomForest,3298,0,0,0.0002126754572522331,Correct_or_Clear
RandomForest,3299,1,1,1.0,Correct_or_Clear
RandomForest,3300,0,0,0.0002126754572522331,Correct_or_Clear
RandomForest,3301,0,0,0.0002126754572522331,Correct_or_Clear
RandomForest,3302,0,0,0.0002126754572522331,Correct_or_Clear
RandomForest,3303,0,0,0.0002126754572522331,Correct_or_Clear
RandomForest,3304,0,0,0.0002126754572522331,Correct_or_Clear
RandomForest,3305,0,0,0.0002126754572522331,Correct_or_Clear
RandomForest,3306,0,0,0.0002126754572522331,Correct_or_Clear
RandomForest,3307,0,0,0.0002126754572522331,Correct_or_Clear
RandomForest,3308,0,0,0.0002126754572522331,Correct_or_Clear
RandomForest,3309,0,0,0.0002126754572522331,Correct_or_Clear
RandomForest,3310,0,0,0.0002126754572522331,Correct_or_Clear
RandomForest,3311,0,0,0.0002126754572522331,Correct_or_Clear
RandomForest,3312,0,0,0.0002126754572522331,Correct_or_Clear
RandomForest,3313,0,0,0.0002126754572522331,Correct_or_Clear
RandomForest,3314,0,0,0.0002126754572522331,Correct_or_Clear
RandomForest,3315,0,0,0.0002126754572522331,Correct_or_Clear
RandomForest,3316,0,0,0.0002126754572522331,Correct_or_Clear
RandomForest,3317,0,0,0.0002126754572522331,Correct_or_Clear
RandomForest,3318,0,0,0.0002126754572522331,Correct_or_Clear
RandomForest,3319,0,0,0.0002126754572522331,Correct_or_Clear
RandomForest,3320,0,0,0.0002126754572522331,Correct_or_Clear
RandomForest,3321,0,0,0.0002126754572522331,Correct_or_Clear
RandomForest,3322,0,0,0.0002126754572522331,Correct_or_Clear
RandomForest,3323,0,0,0.0002126754572522331,Correct_or_Clear
RandomForest,3324,0,0,0.0002126754572522331,Correct_or_Clear
RandomForest,3325,0,0,0.0002126754572522331,Correct_or_Clear
RandomForest,3326,0,0,0.0002126754572522331,Correct_or_Clear
RandomForest,3327,0,0,0.0002126754572522331,Correct_or_Clear
RandomForest,3328,0,0,0.0002126754572522331,Correct_or_Clear
RandomForest,3329,0,0,0.0002126754572522331,Correct_or_Clear
RandomForest,3330,0,0,0.0002126754572522331,Correct_or_Clear
RandomForest,3331,0,0,0.0002126754572522331,Correct_or_Clear
RandomForest,3332,0,0,0.0002126754572522331,Correct_or_Clear
RandomForest,3333,0,0,0.0002126754572522331,Correct_or_Clear
RandomForest,3334,0,0,0.0002126754572522331,Correct_or_Clear
RandomForest,3335,0,0,0.0002126754572522331,Correct_or_Clear
RandomForest,3336,0,0,0.0002126754572522331,Correct_or_Clear
RandomForest,3337,0,0,0.0002126754572522331,Correct_or_Clear
RandomForest,3338,0,0,0.0002126754572522331,Correct_or_Clear
RandomForest,3339,1,1,1.0,Correct_or_Clear
RandomForest,3340,0,0,0.0002126754572522331,Correct_or_Clear
RandomForest,3341,0,0,0.0002126754572522331,Correct_or_Clear
RandomForest,3342,0,0,0.0002126754572522331,Correct_or_Clear
RandomForest,3343,0,0,0.0002126754572522331,Correct_or_Clear
RandomForest,3344,0,0,0.0002126754572522331,Correct_or_Clear
RandomForest,3345,0,0,0.0002126754572522331,Correct_or_Clear
RandomForest,3346,0,0,0.0002126754572522331,Correct_or_Clear
RandomForest,3347,0,0,0.0002126754572522331,Correct_or_Clear
RandomForest,3348,0,0,0.0002126754572522331,Correct_or_Clear
RandomForest,3349,0,0,0.0002126754572522331,Correct_or_Clear
RandomForest,3350,0,0,0.0002126754572522331,Correct_or_Clear
RandomForest,3351,0,0,0.0002126754572522331,Correct_or_Clear
RandomForest,3352,0,0,0.0002126754572522331,Correct_or_Clear
RandomForest,3353,0,0,0.0002126754572522331,Correct_or_Clear
RandomForest,3354,0,0,0.0002126754572522331,Correct_or_Clear
RandomForest,3355,0,0,0.0002126754572522331,Correct_or_Clear
RandomForest,3356,0,0,0.0002126754572522331,Correct_or_Clear
RandomForest,3357,0,0,0.0002126754572522331,Correct_or_Clear
RandomForest,3358,0,0,0.0002126754572522331,Correct_or_Clear
RandomForest,3359,0,0,0.0002126754572522331,Correct_or_Clear
RandomForest,3360,0,0,0.0002126754572522331,Correct_or_Clear
RandomForest,3361,1,1,1.0,Correct_or_Clear
RandomForest,3362,0,0,0.0002126754572522331,Correct_or_Clear
RandomForest,3363,0,0,0.0002126754572522331,Correct_or_Clear
RandomForest,3364,0,0,0.0002126754572522331,Correct_or_Clear
RandomForest,3365,0,0,0.0002126754572522331,Correct_or_Clear
RandomForest,3366,0,0,0.0002126754572522331,Correct_or_Clear
RandomForest,3367,0,0,0.0002126754572522331,Correct_or_Clear
RandomForest,3368,0,0,0.0002126754572522331,Correct_or_Clear
RandomForest,3369,0,0,0.0002126754572522331,Correct_or_Clear
RandomForest,3370,0,0,0.0002126754572522331,Correct_or_Clear
RandomForest,3371,0,0,0.0002126754572522331,Correct_or_Clear
RandomForest,3372,0,0,0.0002126754572522331,Correct_or_Clear
RandomForest,3373,0,0,0.0002126754572522331,Correct_or_Clear
RandomForest,3374,0,0,0.0002126754572522331,Correct_or_Clear
RandomForest,3375,0,0,0.0002126754572522331,Correct_or_Clear
RandomForest,3376,0,0,0.0002126754572522331,Correct_or_Clear
RandomForest,3377,0,0,0.0002126754572522331,Correct_or_Clear
RandomForest,3378,0,0,0.0002126754572522331,Correct_or_Clear
RandomForest,3379,0,0,0.0002126754572522331,Correct_or_Clear
RandomForest,3380,0,0,0.0002126754572522331,Correct_or_Clear
RandomForest,3381,0,0,0.0002126754572522331,Correct_or_Clear
RandomForest,3382,0,0,0.0002126754572522331,Correct_or_Clear
RandomForest,3383,0,0,0.0002126754572522331,Correct_or_Clear
RandomForest,3384,0,0,0.0002126754572522331,Correct_or_Clear
RandomForest,3385,0,0,0.0002126754572522331,Correct_or_Clear
RandomForest,3386,0,0,0.0002126754572522331,Correct_or_Clear
RandomForest,3387,0,0,0.0002126754572522331,Correct_or_Clear
RandomForest,3388,0,0,0.0002126754572522331,Correct_or_Clear
RandomForest,3389,0,0,0.0002126754572522331,Correct_or_Clear
RandomForest,3390,0,0,0.0002126754572522331,Correct_or_Clear
RandomForest,3391,1,1,1.0,Correct_or_Clear
RandomForest,3392,0,0,0.0002126754572522331,Correct_or_Clear
RandomForest,3393,0,0,0.0002126754572522331,Correct_or_Clear
RandomForest,3394,0,0,0.0002126754572522331,Correct_or_Clear
RandomForest,3395,0,0,0.0002126754572522331,Correct_or_Clear
RandomForest,3396,0,0,0.0002126754572522331,Correct_or_Clear
RandomForest,3397,0,0,0.0002126754572522331,Correct_or_Clear
RandomForest,3398,0,0,0.0002126754572522331,Correct_or_Clear
RandomForest,3399,0,0,0.0002126754572522331,Correct_or_Clear
RandomForest,3400,0,0,0.0002126754572522331,Correct_or_Clear
RandomForest,3401,0,0,0.0002126754572522331,Correct_or_Clear
RandomForest,3402,0,0,0.0002126754572522331,Correct_or_Clear
RandomForest,3403,0,0,0.0002126754572522331,Correct_or_Clear
RandomForest,3404,0,0,0.0002126754572522331,Correct_or_Clear
RandomForest,3405,0,0,0.0002126754572522331,Correct_or_Clear
RandomForest,3406,0,0,0.0002126754572522331,Correct_or_Clear
RandomForest,3407,0,0,0.0002126754572522331,Correct_or_Clear
RandomForest,3408,0,0,0.0002126754572522331,Correct_or_Clear
RandomForest,3409,0,0,0.0002126754572522331,Correct_or_Clear
RandomForest,3410,0,0,0.0002126754572522331,Correct_or_Clear
RandomForest,3411,0,0,0.0002126754572522331,Correct_or_Clear
RandomForest,3412,0,0,0.0002126754572522331,Correct_or_Clear
RandomForest,3413,0,0,0.0002126754572522331,Correct_or_Clear
RandomForest,3414,0,0,0.0002126754572522331,Correct_or_Clear
RandomForest,3415,0,0,0.0002126754572522331,Correct_or_Clear
RandomForest,3416,0,0,0.0002126754572522331,Correct_or_Clear
RandomForest,3417,0,0,0.0002126754572522331,Correct_or_Clear
RandomForest,3418,0,0,0.0002126754572522331,Correct_or_Clear
RandomForest,3419,0,0,0.0002126754572522331,Correct_or_Clear
RandomForest,3420,0,0,0.0002126754572522331,Correct_or_Clear
RandomForest,3421,0,0,0.0002126754572522331,Correct_or_Clear
RandomForest,3422,0,0,0.0002126754572522331,Correct_or_Clear
RandomForest,3423,0,0,0.0002126754572522331,Correct_or_Clear
RandomForest,3424,0,0,0.0002126754572522331,Correct_or_Clear
RandomForest,3425,0,0,0.0002126754572522331,Correct_or_Clear
RandomForest,3426,0,0,0.0002126754572522331,Correct_or_Clear
RandomForest,3427,0,0,0.0002126754572522331,Correct_or_Clear
RandomForest,3428,0,0,0.0002126754572522331,Correct_or_Clear
RandomForest,3429,0,0,0.0002126754572522331,Correct_or_Clear
RandomForest,3430,0,0,0.0002126754572522331,Correct_or_Clear
RandomForest,3431,0,0,0.0002126754572522331,Correct_or_Clear
RandomForest,3432,0,0,0.0002126754572522331,Correct_or_Clear
RandomForest,3433,0,0,0.0002126754572522331,Correct_or_Clear
RandomForest,3434,0,0,0.0002126754572522331,Correct_or_Clear
RandomForest,3435,0,0,0.0002126754572522331,Correct_or_Clear
RandomForest,3436,1,1,1.0,Correct_or_Clear
RandomForest,3437,1,1,1.0,Correct_or_Clear
RandomForest,3438,0,0,0.0002126754572522331,Correct_or_Clear
RandomForest,3439,0,0,0.0002126754572522331,Correct_or_Clear
RandomForest,3440,0,0,0.0002126754572522331,Correct_or_Clear
RandomForest,3441,0,0,0.0002126754572522331,Correct_or_Clear
RandomForest,3442,0,0,0.0002126754572522331,Correct_or_Clear
RandomForest,3443,0,0,0.0002126754572522331,Correct_or_Clear
RandomForest,3444,0,0,0.0002126754572522331,Correct_or_Clear
RandomForest,3445,0,0,0.0002126754572522331,Correct_or_Clear
RandomForest,3446,0,0,0.0002126754572522331,Correct_or_Clear
RandomForest,3447,0,0,0.0002126754572522331,Correct_or_Clear
RandomForest,3448,0,0,0.0002126754572522331,Correct_or_Clear
RandomForest,3449,0,0,0.0002126754572522331,Correct_or_Clear
RandomForest,3450,0,0,0.0002126754572522331,Correct_or_Clear
RandomForest,3451,0,0,0.0002126754572522331,Correct_or_Clear
RandomForest,3452,0,0,0.0002126754572522331,Correct_or_Clear
RandomForest,3453,0,0,0.0002126754572522331,Correct_or_Clear
RandomForest,3454,0,0,0.0002126754572522331,Correct_or_Clear
RandomForest,3455,0,0,0.0002126754572522331,Correct_or_Clear
RandomForest,3456,0,0,0.0002126754572522331,Correct_or_Clear
RandomForest,3457,0,0,0.0002126754572522331,Correct_or_Clear
RandomForest,3458,0,0,0.0002126754572522331,Correct_or_Clear
RandomForest,3459,0,0,0.0002126754572522331,Correct_or_Clear
RandomForest,3460,0,0,0.0002126754572522331,Correct_or_Clear
RandomForest,3461,0,0,0.0002126754572522331,Correct_or_Clear
RandomForest,3462,0,0,0.0002126754572522331,Correct_or_Clear
RandomForest,3463,0,0,0.0002126754572522331,Correct_or_Clear
RandomForest,3464,0,0,0.0002126754572522331,Correct_or_Clear
RandomForest,3465,0,0,0.0002126754572522331,Correct_or_Clear
RandomForest,3466,0,0,0.0002126754572522331,Correct_or_Clear
RandomForest,3467,0,0,0.0002126754572522331,Correct_or_Clear
RandomForest,3468,0,0,0.0002126754572522331,Correct_or_Clear
RandomForest,3469,1,1,1.0,Correct_or_Clear
RandomForest,3470,0,0,0.0002126754572522331,Correct_or_Clear
RandomForest,3471,0,0,0.0002126754572522331,Correct_or_Clear
RandomForest,3472,0,0,0.0002126754572522331,Correct_or_Clear
RandomForest,3473,0,0,0.0002126754572522331,Correct_or_Clear
RandomForest,3474,0,0,0.0002126754572522331,Correct_or_Clear
RandomForest,3475,0,0,0.0002126754572522331,Correct_or_Clear
RandomForest,3476,0,0,0.0002126754572522331,Correct_or_Clear
RandomForest,3477,0,0,0.0002126754572522331,Correct_or_Clear
RandomForest,3478,0,0,0.0002126754572522331,Correct_or_Clear
RandomForest,3479,0,0,0.0002126754572522331,Correct_or_Clear
RandomForest,3480,0,0,0.0002126754572522331,Correct_or_Clear
RandomForest,3481,0,0,0.0002126754572522331,Correct_or_Clear
RandomForest,3482,0,0,0.0002126754572522331,Correct_or_Clear
RandomForest,3483,0,0,0.0002126754572522331,Correct_or_Clear
RandomForest,3484,0,0,0.0002126754572522331,Correct_or_Clear
RandomForest,3485,0,0,0.0002126754572522331,Correct_or_Clear
RandomForest,3486,0,0,0.0002126754572522331,Correct_or_Clear
RandomForest,3487,0,0,0.0002126754572522331,Correct_or_Clear
RandomForest,3488,0,0,0.0002126754572522331,Correct_or_Clear
RandomForest,3489,1,1,1.0,Correct_or_Clear
RandomForest,3490,1,1,1.0,Correct_or_Clear
RandomForest,3491,1,1,1.0,Correct_or_Clear
RandomForest,3492,0,0,0.0002126754572522331,Correct_or_Clear
RandomForest,3493,0,0,0.0002126754572522331,Correct_or_Clear
RandomForest,3494,0,0,0.0002126754572522331,Correct_or_Clear
RandomForest,3495,0,0,0.0002126754572522331,Correct_or_Clear
RandomForest,3496,0,0,0.0002126754572522331,Correct_or_Clear
RandomForest,3497,0,0,0.0002126754572522331,Correct_or_Clear
RandomForest,3498,0,0,0.0002126754572522331,Correct_or_Clear
RandomForest,3499,0,0,0.0002126754572522331,Correct_or_Clear
RandomForest,3500,0,0,0.0002126754572522331,Correct_or_Clear
RandomForest,3501,0,0,0.0002126754572522331,Correct_or_Clear
RandomForest,3502,0,0,0.0002126754572522331,Correct_or_Clear
RandomForest,3503,0,0,0.0002126754572522331,Correct_or_Clear
RandomForest,3504,0,0,0.0002126754572522331,Correct_or_Clear
RandomForest,3505,0,0,0.0002126754572522331,Correct_or_Clear
RandomForest,3506,0,0,0.0002126754572522331,Correct_or_Clear
RandomForest,3507,0,0,0.0002126754572522331,Correct_or_Clear
RandomForest,3508,0,0,0.0002126754572522331,Correct_or_Clear
RandomForest,3509,0,0,0.0002126754572522331,Correct_or_Clear
RandomForest,3510,0,0,0.0002126754572522331,Correct_or_Clear
RandomForest,3511,0,0,0.0002126754572522331,Correct_or_Clear
RandomForest,3512,0,0,0.0002126754572522331,Correct_or_Clear
RandomForest,3513,0,0,0.0002126754572522331,Correct_or_Clear
RandomForest,3514,0,0,0.0002126754572522331,Correct_or_Clear
RandomForest,3515,0,0,0.0002126754572522331,Correct_or_Clear
RandomForest,3516,0,0,0.0002126754572522331,Correct_or_Clear
RandomForest,3517,0,0,0.0002126754572522331,Correct_or_Clear
RandomForest,3518,0,0,0.0002126754572522331,Correct_or_Clear
RandomForest,3519,0,0,0.0002126754572522331,Correct_or_Clear
RandomForest,3520,0,0,0.0002126754572522331,Correct_or_Clear
RandomForest,3521,0,0,0.0002126754572522331,Correct_or_Clear
RandomForest,3522,0,0,0.0002126754572522331,Correct_or_Clear
RandomForest,3523,0,0,0.0002126754572522331,Correct_or_Clear
RandomForest,3524,0,0,0.0002126754572522331,Correct_or_Clear
RandomForest,3525,0,0,0.0002126754572522331,Correct_or_Clear
RandomForest,3526,0,0,0.0002126754572522331,Correct_or_Clear
RandomForest,3527,0,0,0.0002126754572522331,Correct_or_Clear
RandomForest,3528,0,0,0.0002126754572522331,Correct_or_Clear
RandomForest,3529,0,0,0.0002126754572522331,Correct_or_Clear
RandomForest,3530,0,0,0.0002126754572522331,Correct_or_Clear
RandomForest,3531,0,0,0.0002126754572522331,Correct_or_Clear
RandomForest,3532,0,0,0.0002126754572522331,Correct_or_Clear
RandomForest,3533,1,1,1.0,Correct_or_Clear
RandomForest,3534,0,0,0.0002126754572522331,Correct_or_Clear
RandomForest,3535,0,0,0.0002126754572522331,Correct_or_Clear
RandomForest,3536,0,0,0.0002126754572522331,Correct_or_Clear
RandomForest,3537,0,0,0.0002126754572522331,Correct_or_Clear
RandomForest,3538,0,0,0.0002126754572522331,Correct_or_Clear
RandomForest,3539,0,0,0.0002126754572522331,Correct_or_Clear
RandomForest,3540,0,0,0.0002126754572522331,Correct_or_Clear
RandomForest,3541,0,0,0.0002126754572522331,Correct_or_Clear
RandomForest,3542,0,0,0.0002126754572522331,Correct_or_Clear
RandomForest,3543,0,0,0.0002126754572522331,Correct_or_Clear
RandomForest,3544,0,0,0.0002126754572522331,Correct_or_Clear
RandomForest,3545,0,0,0.0002126754572522331,Correct_or_Clear
RandomForest,3546,0,0,0.0002126754572522331,Correct_or_Clear
RandomForest,3547,0,0,0.0002126754572522331,Correct_or_Clear
RandomForest,3548,0,0,0.0002126754572522331,Correct_or_Clear
RandomForest,3549,0,0,0.0002126754572522331,Correct_or_Clear
RandomForest,3550,0,0,0.0002126754572522331,Correct_or_Clear
RandomForest,3551,0,0,0.0002126754572522331,Correct_or_Clear
RandomForest,3552,0,0,0.0002126754572522331,Correct_or_Clear
RandomForest,3553,0,0,0.0002126754572522331,Correct_or_Clear
RandomForest,3554,0,0,0.0002126754572522331,Correct_or_Clear
RandomForest,3555,0,0,0.0002126754572522331,Correct_or_Clear
RandomForest,3556,0,0,0.0002126754572522331,Correct_or_Clear
RandomForest,3557,0,0,0.0002126754572522331,Correct_or_Clear
RandomForest,3558,1,1,1.0,Correct_or_Clear
RandomForest,3559,0,0,0.0002126754572522331,Correct_or_Clear
RandomForest,3560,0,0,0.0002126754572522331,Correct_or_Clear
RandomForest,3561,0,0,0.0002126754572522331,Correct_or_Clear
RandomForest,3562,0,0,0.0002126754572522331,Correct_or_Clear
RandomForest,3563,0,0,0.0002126754572522331,Correct_or_Clear
RandomForest,3564,0,0,0.0002126754572522331,Correct_or_Clear
RandomForest,3565,0,0,0.0002126754572522331,Correct_or_Clear
RandomForest,3566,0,0,0.0002126754572522331,Correct_or_Clear
RandomForest,3567,0,0,0.0002126754572522331,Correct_or_Clear
RandomForest,3568,0,0,0.0002126754572522331,Correct_or_Clear
RandomForest,3569,0,0,0.0002126754572522331,Correct_or_Clear
RandomForest,3570,0,0,0.0002126754572522331,Correct_or_Clear
RandomForest,3571,0,0,0.0002126754572522331,Correct_or_Clear
RandomForest,3572,0,0,0.0002126754572522331,Correct_or_Clear
RandomForest,3573,0,0,0.0002126754572522331,Correct_or_Clear
RandomForest,3574,0,0,0.0002126754572522331,Correct_or_Clear
RandomForest,3575,0,0,0.0002126754572522331,Correct_or_Clear
RandomForest,3576,0,0,0.0002126754572522331,Correct_or_Clear
RandomForest,3577,0,0,0.0002126754572522331,Correct_or_Clear
RandomForest,3578,0,0,0.0002126754572522331,Correct_or_Clear
RandomForest,3579,0,0,0.0002126754572522331,Correct_or_Clear
RandomForest,3580,0,0,0.0002126754572522331,Correct_or_Clear
RandomForest,3581,1,1,1.0,Correct_or_Clear
RandomForest,3582,0,0,0.0002126754572522331,Correct_or_Clear
RandomForest,3583,0,0,0.0002126754572522331,Correct_or_Clear
RandomForest,3584,0,0,0.0002126754572522331,Correct_or_Clear
RandomForest,3585,0,0,0.0002126754572522331,Correct_or_Clear
RandomForest,3586,0,0,0.0002126754572522331,Correct_or_Clear
RandomForest,3587,0,0,0.0002126754572522331,Correct_or_Clear
RandomForest,3588,0,0,0.0002126754572522331,Correct_or_Clear
RandomForest,3589,0,0,0.0002126754572522331,Correct_or_Clear
RandomForest,3590,0,0,0.0002126754572522331,Correct_or_Clear
RandomForest,3591,0,0,0.0002126754572522331,Correct_or_Clear
RandomForest,3592,0,0,0.0002126754572522331,Correct_or_Clear
RandomForest,3593,0,0,0.0002126754572522331,Correct_or_Clear
RandomForest,3594,0,0,0.0002126754572522331,Correct_or_Clear
RandomForest,3595,0,0,0.0002126754572522331,Correct_or_Clear
RandomForest,3596,0,0,0.0002126754572522331,Correct_or_Clear
RandomForest,3597,0,0,0.0002126754572522331,Correct_or_Clear
RandomForest,3598,0,0,0.0002126754572522331,Correct_or_Clear
RandomForest,3599,0,0,0.0002126754572522331,Correct_or_Clear
RandomForest,3600,0,0,0.0002126754572522331,Correct_or_Clear
RandomForest,3601,0,0,0.0002126754572522331,Correct_or_Clear
RandomForest,3602,0,0,0.0002126754572522331,Correct_or_Clear
RandomForest,3603,0,0,0.0002126754572522331,Correct_or_Clear
RandomForest,3604,0,0,0.0002126754572522331,Correct_or_Clear
RandomForest,3605,0,0,0.0002126754572522331,Correct_or_Clear
RandomForest,3606,0,0,0.0002126754572522331,Correct_or_Clear
RandomForest,3607,0,0,0.0002126754572522331,Correct_or_Clear
RandomForest,3608,0,0,0.0002126754572522331,Correct_or_Clear
RandomForest,3609,0,0,0.0002126754572522331,Correct_or_Clear
RandomForest,3610,0,0,0.0002126754572522331,Correct_or_Clear
RandomForest,3611,0,0,0.0002126754572522331,Correct_or_Clear
RandomForest,3612,0,0,0.0002126754572522331,Correct_or_Clear
RandomForest,3613,0,0,0.0002126754572522331,Correct_or_Clear
RandomForest,3614,0,0,0.0002126754572522331,Correct_or_Clear
RandomForest,3615,0,0,0.0002126754572522331,Correct_or_Clear
RandomForest,3616,0,0,0.0002126754572522331,Correct_or_Clear
RandomForest,3617,0,0,0.0002126754572522331,Correct_or_Clear
RandomForest,3618,0,0,0.0002126754572522331,Correct_or_Clear
RandomForest,3619,0,0,0.0002126754572522331,Correct_or_Clear
RandomForest,3620,0,0,0.0002126754572522331,Correct_or_Clear
RandomForest,3621,0,0,0.0002126754572522331,Correct_or_Clear
RandomForest,3622,0,0,0.0002126754572522331,Correct_or_Clear
RandomForest,3623,0,0,0.0002126754572522331,Correct_or_Clear
RandomForest,3624,0,0,0.0002126754572522331,Correct_or_Clear
RandomForest,3625,0,0,0.0002126754572522331,Correct_or_Clear
RandomForest,3626,0,0,0.0002126754572522331,Correct_or_Clear
RandomForest,3627,0,0,0.0002126754572522331,Correct_or_Clear
RandomForest,3628,0,0,0.0002126754572522331,Correct_or_Clear
RandomForest,3629,0,0,0.0002126754572522331,Correct_or_Clear
RandomForest,3630,0,0,0.0002126754572522331,Correct_or_Clear
RandomForest,3631,0,0,0.0002126754572522331,Correct_or_Clear
RandomForest,3632,0,0,0.0002126754572522331,Correct_or_Clear
RandomForest,3633,0,0,0.0002126754572522331,Correct_or_Clear
RandomForest,3634,0,0,0.0002126754572522331,Correct_or_Clear
RandomForest,3635,0,0,0.0002126754572522331,Correct_or_Clear
RandomForest,3636,0,0,0.0002126754572522331,Correct_or_Clear
RandomForest,3637,0,0,0.0002126754572522331,Correct_or_Clear
RandomForest,3638,0,0,0.0002126754572522331,Correct_or_Clear
RandomForest,3639,0,0,0.0002126754572522331,Correct_or_Clear
RandomForest,3640,0,0,0.0002126754572522331,Correct_or_Clear
RandomForest,3641,0,0,0.0002126754572522331,Correct_or_Clear
RandomForest,3642,0,0,0.0002126754572522331,Correct_or_Clear
RandomForest,3643,0,0,0.0002126754572522331,Correct_or_Clear
RandomForest,3644,0,0,0.0002126754572522331,Correct_or_Clear
RandomForest,3645,0,0,0.0002126754572522331,Correct_or_Clear
RandomForest,3646,0,0,0.0002126754572522331,Correct_or_Clear
RandomForest,3647,0,0,0.0002126754572522331,Correct_or_Clear
RandomForest,3648,0,0,0.0002126754572522331,Correct_or_Clear
RandomForest,3649,0,0,0.0002126754572522331,Correct_or_Clear
RandomForest,3650,0,0,0.0002126754572522331,Correct_or_Clear
RandomForest,3651,0,0,0.0002126754572522331,Correct_or_Clear
RandomForest,3652,0,0,0.0002126754572522331,Correct_or_Clear
RandomForest,3653,0,0,0.0002126754572522331,Correct_or_Clear
RandomForest,3654,0,0,0.0002126754572522331,Correct_or_Clear
RandomForest,3655,0,0,0.0002126754572522331,Correct_or_Clear
RandomForest,3656,0,0,0.0002126754572522331,Correct_or_Clear
RandomForest,3657,0,0,0.0002126754572522331,Correct_or_Clear
RandomForest,3658,0,0,0.0002126754572522331,Correct_or_Clear
RandomForest,3659,1,1,1.0,Correct_or_Clear
RandomForest,3660,0,0,0.0002126754572522331,Correct_or_Clear
RandomForest,3661,0,0,0.0002126754572522331,Correct_or_Clear
RandomForest,3662,0,0,0.0002126754572522331,Correct_or_Clear
RandomForest,3663,0,0,0.0002126754572522331,Correct_or_Clear
RandomForest,3664,0,0,0.0002126754572522331,Correct_or_Clear
RandomForest,3665,0,0,0.0002126754572522331,Correct_or_Clear
RandomForest,3666,0,0,0.0002126754572522331,Correct_or_Clear
RandomForest,3667,0,0,0.0002126754572522331,Correct_or_Clear
RandomForest,3668,0,0,0.0002126754572522331,Correct_or_Clear
RandomForest,3669,0,0,0.0002126754572522331,Correct_or_Clear
RandomForest,3670,0,0,0.0002126754572522331,Correct_or_Clear
RandomForest,3671,0,0,0.0002126754572522331,Correct_or_Clear
RandomForest,3672,0,0,0.0002126754572522331,Correct_or_Clear
RandomForest,3673,0,0,0.0002126754572522331,Correct_or_Clear
RandomForest,3674,0,0,0.0002126754572522331,Correct_or_Clear
RandomForest,3675,0,0,0.0002126754572522331,Correct_or_Clear
RandomForest,3676,0,0,0.0002126754572522331,Correct_or_Clear
RandomForest,3677,0,0,0.0002126754572522331,Correct_or_Clear
RandomForest,3678,0,0,0.0002126754572522331,Correct_or_Clear
RandomForest,3679,0,0,0.0002126754572522331,Correct_or_Clear
RandomForest,3680,0,0,0.0002126754572522331,Correct_or_Clear
RandomForest,3681,0,0,0.0002126754572522331,Correct_or_Clear
RandomForest,3682,0,0,0.0002126754572522331,Correct_or_Clear
RandomForest,3683,0,0,0.0002126754572522331,Correct_or_Clear
RandomForest,3684,0,0,0.0002126754572522331,Correct_or_Clear
RandomForest,3685,0,0,0.0002126754572522331,Correct_or_Clear
RandomForest,3686,0,0,0.0002126754572522331,Correct_or_Clear
RandomForest,3687,0,0,0.0002126754572522331,Correct_or_Clear
RandomForest,3688,0,0,0.0002126754572522331,Correct_or_Clear
RandomForest,3689,0,0,0.0002126754572522331,Correct_or_Clear
RandomForest,3690,0,0,0.0002126754572522331,Correct_or_Clear
RandomForest,3691,0,0,0.0002126754572522331,Correct_or_Clear
RandomForest,3692,0,0,0.0002126754572522331,Correct_or_Clear
RandomForest,3693,0,0,0.0002126754572522331,Correct_or_Clear
RandomForest,3694,0,0,0.0002126754572522331,Correct_or_Clear
RandomForest,3695,0,0,0.0002126754572522331,Correct_or_Clear
RandomForest,3696,0,0,0.0002126754572522331,Correct_or_Clear
RandomForest,3697,0,0,0.0002126754572522331,Correct_or_Clear
RandomForest,3698,0,0,0.0002126754572522331,Correct_or_Clear
RandomForest,3699,0,0,0.0002126754572522331,Correct_or_Clear
RandomForest,3700,0,0,0.0002126754572522331,Correct_or_Clear
RandomForest,3701,0,0,0.0002126754572522331,Correct_or_Clear
RandomForest,3702,0,0,0.0002126754572522331,Correct_or_Clear
RandomForest,3703,0,0,0.0002126754572522331,Correct_or_Clear
RandomForest,3704,0,0,0.0002126754572522331,Correct_or_Clear
RandomForest,3705,0,0,0.0002126754572522331,Correct_or_Clear
RandomForest,3706,0,0,0.0002126754572522331,Correct_or_Clear
RandomForest,3707,0,0,0.0002126754572522331,Correct_or_Clear
RandomForest,3708,0,0,0.0002126754572522331,Correct_or_Clear
RandomForest,3709,0,0,0.0002126754572522331,Correct_or_Clear
RandomForest,3710,0,0,0.0002126754572522331,Correct_or_Clear
RandomForest,3711,0,0,0.0002126754572522331,Correct_or_Clear
RandomForest,3712,0,0,0.0002126754572522331,Correct_or_Clear
RandomForest,3713,0,0,0.0002126754572522331,Correct_or_Clear
RandomForest,3714,0,0,0.0002126754572522331,Correct_or_Clear
RandomForest,3715,0,0,0.0002126754572522331,Correct_or_Clear
RandomForest,3716,0,0,0.0002126754572522331,Correct_or_Clear
RandomForest,3717,1,1,1.0,Correct_or_Clear
RandomForest,3718,0,0,0.0002126754572522331,Correct_or_Clear
RandomForest,3719,0,0,0.0002126754572522331,Correct_or_Clear
RandomForest,3720,0,0,0.0002126754572522331,Correct_or_Clear
RandomForest,3721,0,0,0.0002126754572522331,Correct_or_Clear
RandomForest,3722,0,0,0.0002126754572522331,Correct_or_Clear
RandomForest,3723,0,0,0.0002126754572522331,Correct_or_Clear
RandomForest,3724,0,0,0.0002126754572522331,Correct_or_Clear
RandomForest,3725,0,0,0.0002126754572522331,Correct_or_Clear
RandomForest,3726,0,0,0.0002126754572522331,Correct_or_Clear
RandomForest,3727,0,0,0.0002126754572522331,Correct_or_Clear
RandomForest,3728,0,0,0.0002126754572522331,Correct_or_Clear
RandomForest,3729,0,0,0.0002126754572522331,Correct_or_Clear
RandomForest,3730,0,0,0.0002126754572522331,Correct_or_Clear
RandomForest,3731,0,0,0.0002126754572522331,Correct_or_Clear
RandomForest,3732,0,0,0.0002126754572522331,Correct_or_Clear
RandomForest,3733,0,0,0.0002126754572522331,Correct_or_Clear
RandomForest,3734,0,0,0.0002126754572522331,Correct_or_Clear
RandomForest,3735,0,0,0.0002126754572522331,Correct_or_Clear
RandomForest,3736,0,0,0.0002126754572522331,Correct_or_Clear
RandomForest,3737,0,0,0.0002126754572522331,Correct_or_Clear
RandomForest,3738,0,0,0.0002126754572522331,Correct_or_Clear
RandomForest,3739,0,0,0.0002126754572522331,Correct_or_Clear
RandomForest,3740,0,0,0.0002126754572522331,Correct_or_Clear
RandomForest,3741,0,0,0.0002126754572522331,Correct_or_Clear
RandomForest,3742,0,0,0.0002126754572522331,Correct_or_Clear
RandomForest,3743,0,0,0.0002126754572522331,Correct_or_Clear
RandomForest,3744,0,0,0.0002126754572522331,Correct_or_Clear
RandomForest,3745,0,0,0.0002126754572522331,Correct_or_Clear
RandomForest,3746,0,0,0.0002126754572522331,Correct_or_Clear
RandomForest,3747,0,0,0.0002126754572522331,Correct_or_Clear
RandomForest,3748,0,0,0.0002126754572522331,Correct_or_Clear
RandomForest,3749,1,1,1.0,Correct_or_Clear
RandomForest,3750,0,0,0.0002126754572522331,Correct_or_Clear
RandomForest,3751,0,0,0.0002126754572522331,Correct_or_Clear
RandomForest,3752,0,0,0.0002126754572522331,Correct_or_Clear
RandomForest,3753,0,0,0.0002126754572522331,Correct_or_Clear
RandomForest,3754,0,0,0.0002126754572522331,Correct_or_Clear
RandomForest,3755,0,0,0.0002126754572522331,Correct_or_Clear
RandomForest,3756,0,0,0.0002126754572522331,Correct_or_Clear
RandomForest,3757,0,0,0.0002126754572522331,Correct_or_Clear
RandomForest,3758,0,0,0.0002126754572522331,Correct_or_Clear
RandomForest,3759,0,0,0.0002126754572522331,Correct_or_Clear
RandomForest,3760,0,0,0.0002126754572522331,Correct_or_Clear
RandomForest,3761,0,0,0.0002126754572522331,Correct_or_Clear
RandomForest,3762,0,0,0.0002126754572522331,Correct_or_Clear
RandomForest,3763,0,0,0.0002126754572522331,Correct_or_Clear
RandomForest,3764,0,0,0.0002126754572522331,Correct_or_Clear
RandomForest,3765,0,0,0.0002126754572522331,Correct_or_Clear
RandomForest,3766,0,0,0.0002126754572522331,Correct_or_Clear
RandomForest,3767,0,0,0.0002126754572522331,Correct_or_Clear
RandomForest,3768,0,0,0.0002126754572522331,Correct_or_Clear
RandomForest,3769,0,0,0.0002126754572522331,Correct_or_Clear
RandomForest,3770,0,0,0.0002126754572522331,Correct_or_Clear
RandomForest,3771,0,0,0.0002126754572522331,Correct_or_Clear
RandomForest,3772,0,0,0.0002126754572522331,Correct_or_Clear
RandomForest,3773,0,0,0.0002126754572522331,Correct_or_Clear
RandomForest,3774,0,0,0.0002126754572522331,Correct_or_Clear
RandomForest,3775,0,0,0.0002126754572522331,Correct_or_Clear
RandomForest,3776,0,0,0.0002126754572522331,Correct_or_Clear
RandomForest,3777,0,0,0.0002126754572522331,Correct_or_Clear
RandomForest,3778,0,0,0.0002126754572522331,Correct_or_Clear
RandomForest,3779,0,0,0.0002126754572522331,Correct_or_Clear
RandomForest,3780,0,0,0.0002126754572522331,Correct_or_Clear
RandomForest,3781,0,0,0.0002126754572522331,Correct_or_Clear
RandomForest,3782,0,0,0.0002126754572522331,Correct_or_Clear
RandomForest,3783,0,0,0.0002126754572522331,Correct_or_Clear
RandomForest,3784,0,0,0.0002126754572522331,Correct_or_Clear
RandomForest,3785,0,0,0.0002126754572522331,Correct_or_Clear
RandomForest,3786,0,0,0.0002126754572522331,Correct_or_Clear
RandomForest,3787,0,0,0.0002126754572522331,Correct_or_Clear
RandomForest,3788,0,0,0.0002126754572522331,Correct_or_Clear
RandomForest,3789,0,0,0.0002126754572522331,Correct_or_Clear
RandomForest,3790,0,0,0.0002126754572522331,Correct_or_Clear
RandomForest,3791,0,0,0.0002126754572522331,Correct_or_Clear
RandomForest,3792,0,0,0.0002126754572522331,Correct_or_Clear
RandomForest,3793,0,0,0.0002126754572522331,Correct_or_Clear
RandomForest,3794,1,1,1.0,Correct_or_Clear
RandomForest,3795,0,0,0.0002126754572522331,Correct_or_Clear
RandomForest,3796,1,1,1.0,Correct_or_Clear
RandomForest,3797,0,0,0.0002126754572522331,Correct_or_Clear
RandomForest,3798,0,0,0.0002126754572522331,Correct_or_Clear
RandomForest,3799,0,0,0.0002126754572522331,Correct_or_Clear
RandomForest,3800,0,0,0.0002126754572522331,Correct_or_Clear
RandomForest,3801,0,0,0.0002126754572522331,Correct_or_Clear
RandomForest,3802,0,0,0.0002126754572522331,Correct_or_Clear
RandomForest,3803,0,0,0.0002126754572522331,Correct_or_Clear
RandomForest,3804,0,0,0.0002126754572522331,Correct_or_Clear
RandomForest,3805,0,0,0.0002126754572522331,Correct_or_Clear
RandomForest,3806,0,0,0.0002126754572522331,Correct_or_Clear
RandomForest,3807,1,1,1.0,Correct_or_Clear
RandomForest,3808,0,0,0.0002126754572522331,Correct_or_Clear
RandomForest,3809,0,0,0.0002126754572522331,Correct_or_Clear
RandomForest,3810,0,0,0.0002126754572522331,Correct_or_Clear
RandomForest,3811,0,0,0.0002126754572522331,Correct_or_Clear
RandomForest,3812,0,0,0.0002126754572522331,Correct_or_Clear
RandomForest,3813,0,0,0.0002126754572522331,Correct_or_Clear
RandomForest,3814,1,1,1.0,Correct_or_Clear
RandomForest,3815,0,0,0.0002126754572522331,Correct_or_Clear
RandomForest,3816,0,0,0.0002126754572522331,Correct_or_Clear
RandomForest,3817,0,0,0.0002126754572522331,Correct_or_Clear
RandomForest,3818,0,0,0.0002126754572522331,Correct_or_Clear
RandomForest,3819,0,0,0.0002126754572522331,Correct_or_Clear
RandomForest,3820,0,0,0.0002126754572522331,Correct_or_Clear
RandomForest,3821,0,0,0.0002126754572522331,Correct_or_Clear
RandomForest,3822,0,0,0.0002126754572522331,Correct_or_Clear
RandomForest,3823,0,0,0.0002126754572522331,Correct_or_Clear
RandomForest,3824,0,0,0.0002126754572522331,Correct_or_Clear
RandomForest,3825,0,0,0.0002126754572522331,Correct_or_Clear
RandomForest,3826,0,0,0.0002126754572522331,Correct_or_Clear
RandomForest,3827,0,0,0.0002126754572522331,Correct_or_Clear
RandomForest,3828,0,0,0.0002126754572522331,Correct_or_Clear
RandomForest,3829,0,0,0.0002126754572522331,Correct_or_Clear
RandomForest,3830,0,0,0.0002126754572522331,Correct_or_Clear
RandomForest,3831,0,0,0.0002126754572522331,Correct_or_Clear
RandomForest,3832,0,0,0.0002126754572522331,Correct_or_Clear
RandomForest,3833,0,0,0.0002126754572522331,Correct_or_Clear
RandomForest,3834,0,0,0.0002126754572522331,Correct_or_Clear
RandomForest,3835,0,0,0.0002126754572522331,Correct_or_Clear
RandomForest,3836,0,0,0.0002126754572522331,Correct_or_Clear
RandomForest,3837,0,0,0.0002126754572522331,Correct_or_Clear
RandomForest,3838,0,0,0.0002126754572522331,Correct_or_Clear
RandomForest,3839,0,0,0.0002126754572522331,Correct_or_Clear
RandomForest,3840,0,0,0.0002126754572522331,Correct_or_Clear
RandomForest,3841,0,0,0.0002126754572522331,Correct_or_Clear
RandomForest,3842,0,0,0.0002126754572522331,Correct_or_Clear
RandomForest,3843,0,0,0.0002126754572522331,Correct_or_Clear
RandomForest,3844,0,0,0.0002126754572522331,Correct_or_Clear
RandomForest,3845,0,0,0.0002126754572522331,Correct_or_Clear
RandomForest,3846,0,0,0.0002126754572522331,Correct_or_Clear
RandomForest,3847,0,0,0.0002126754572522331,Correct_or_Clear
RandomForest,3848,0,0,0.0002126754572522331,Correct_or_Clear
RandomForest,3849,0,0,0.0002126754572522331,Correct_or_Clear
RandomForest,3850,0,0,0.0002126754572522331,Correct_or_Clear
RandomForest,3851,0,0,0.0002126754572522331,Correct_or_Clear
RandomForest,3852,0,0,0.0002126754572522331,Correct_or_Clear
RandomForest,3853,0,0,0.0002126754572522331,Correct_or_Clear
RandomForest,3854,0,0,0.0002126754572522331,Correct_or_Clear
RandomForest,3855,0,0,0.0002126754572522331,Correct_or_Clear
RandomForest,3856,0,0,0.0002126754572522331,Correct_or_Clear
RandomForest,3857,0,0,0.0002126754572522331,Correct_or_Clear
RandomForest,3858,0,0,0.0002126754572522331,Correct_or_Clear
RandomForest,3859,0,0,0.0002126754572522331,Correct_or_Clear
RandomForest,3860,0,0,0.0002126754572522331,Correct_or_Clear
RandomForest,3861,0,0,0.0002126754572522331,Correct_or_Clear
RandomForest,3862,0,0,0.0002126754572522331,Correct_or_Clear
RandomForest,3863,0,0,0.0002126754572522331,Correct_or_Clear
RandomForest,3864,0,0,0.0002126754572522331,Correct_or_Clear
RandomForest,3865,0,0,0.0002126754572522331,Correct_or_Clear
RandomForest,3866,0,0,0.0002126754572522331,Correct_or_Clear
RandomForest,3867,0,0,0.0002126754572522331,Correct_or_Clear
RandomForest,3868,0,0,0.0002126754572522331,Correct_or_Clear
RandomForest,3869,0,0,0.0002126754572522331,Correct_or_Clear
RandomForest,3870,0,0,0.0002126754572522331,Correct_or_Clear
RandomForest,3871,0,0,0.0002126754572522331,Correct_or_Clear
RandomForest,3872,0,0,0.0002126754572522331,Correct_or_Clear
RandomForest,3873,0,0,0.0002126754572522331,Correct_or_Clear
RandomForest,3874,0,0,0.0002126754572522331,Correct_or_Clear
RandomForest,3875,0,0,0.0002126754572522331,Correct_or_Clear
RandomForest,3876,0,0,0.0002126754572522331,Correct_or_Clear
RandomForest,3877,0,0,0.0002126754572522331,Correct_or_Clear
RandomForest,3878,0,0,0.0002126754572522331,Correct_or_Clear
RandomForest,3879,0,0,0.0002126754572522331,Correct_or_Clear
RandomForest,3880,0,0,0.0002126754572522331,Correct_or_Clear
RandomForest,3881,0,0,0.0002126754572522331,Correct_or_Clear
RandomForest,3882,0,0,0.0002126754572522331,Correct_or_Clear
RandomForest,3883,0,0,0.0002126754572522331,Correct_or_Clear
RandomForest,3884,0,0,0.0002126754572522331,Correct_or_Clear
RandomForest,3885,0,0,0.0002126754572522331,Correct_or_Clear
RandomForest,3886,0,0,0.0002126754572522331,Correct_or_Clear
RandomForest,3887,1,1,1.0,Correct_or_Clear
RandomForest,3888,0,0,0.0002126754572522331,Correct_or_Clear
RandomForest,3889,0,0,0.0002126754572522331,Correct_or_Clear
RandomForest,3890,1,1,1.0,Correct_or_Clear
RandomForest,3891,0,0,0.0002126754572522331,Correct_or_Clear
RandomForest,3892,0,0,0.0002126754572522331,Correct_or_Clear
RandomForest,3893,0,0,0.0002126754572522331,Correct_or_Clear
RandomForest,3894,0,0,0.0002126754572522331,Correct_or_Clear
RandomForest,3895,0,0,0.0002126754572522331,Correct_or_Clear
RandomForest,3896,0,0,0.0002126754572522331,Correct_or_Clear
RandomForest,3897,0,0,0.0002126754572522331,Correct_or_Clear
RandomForest,3898,0,0,0.0002126754572522331,Correct_or_Clear
RandomForest,3899,0,0,0.0002126754572522331,Correct_or_Clear
RandomForest,3900,0,0,0.0002126754572522331,Correct_or_Clear
RandomForest,3901,0,0,0.0002126754572522331,Correct_or_Clear
RandomForest,3902,0,0,0.0002126754572522331,Correct_or_Clear
RandomForest,3903,0,0,0.0002126754572522331,Correct_or_Clear
RandomForest,3904,0,0,0.0002126754572522331,Correct_or_Clear
RandomForest,3905,0,0,0.0002126754572522331,Correct_or_Clear
RandomForest,3906,0,0,0.0002126754572522331,Correct_or_Clear
RandomForest,3907,0,0,0.0002126754572522331,Correct_or_Clear
RandomForest,3908,0,0,0.0002126754572522331,Correct_or_Clear
RandomForest,3909,0,0,0.0002126754572522331,Correct_or_Clear
RandomForest,3910,0,0,0.0002126754572522331,Correct_or_Clear
RandomForest,3911,0,0,0.0002126754572522331,Correct_or_Clear
RandomForest,3912,0,0,0.0002126754572522331,Correct_or_Clear
RandomForest,3913,0,0,0.0002126754572522331,Correct_or_Clear
RandomForest,3914,0,0,0.0002126754572522331,Correct_or_Clear
RandomForest,3915,0,0,0.0002126754572522331,Correct_or_Clear
RandomForest,3916,0,0,0.0002126754572522331,Correct_or_Clear
RandomForest,3917,0,0,0.0002126754572522331,Correct_or_Clear
RandomForest,3918,0,0,0.0002126754572522331,Correct_or_Clear
RandomForest,3919,0,0,0.0002126754572522331,Correct_or_Clear
RandomForest,3920,0,0,0.0002126754572522331,Correct_or_Clear
RandomForest,3921,0,0,0.0002126754572522331,Correct_or_Clear
RandomForest,3922,0,0,0.0002126754572522331,Correct_or_Clear
RandomForest,3923,0,0,0.0002126754572522331,Correct_or_Clear
RandomForest,3924,0,0,0.0002126754572522331,Correct_or_Clear
RandomForest,3925,0,0,0.0002126754572522331,Correct_or_Clear
RandomForest,3926,0,0,0.0002126754572522331,Correct_or_Clear
RandomForest,3927,0,0,0.0002126754572522331,Correct_or_Clear
RandomForest,3928,0,0,0.0002126754572522331,Correct_or_Clear
RandomForest,3929,0,0,0.0002126754572522331,Correct_or_Clear
RandomForest,3930,0,0,0.0002126754572522331,Correct_or_Clear
RandomForest,3931,0,0,0.0002126754572522331,Correct_or_Clear
RandomForest,3932,0,0,0.0002126754572522331,Correct_or_Clear
RandomForest,3933,0,0,0.0002126754572522331,Correct_or_Clear
RandomForest,3934,0,0,0.0002126754572522331,Correct_or_Clear
RandomForest,3935,0,0,0.0002126754572522331,Correct_or_Clear
RandomForest,3936,0,0,0.0002126754572522331,Correct_or_Clear
RandomForest,3937,0,0,0.0002126754572522331,Correct_or_Clear
RandomForest,3938,0,0,0.0002126754572522331,Correct_or_Clear
RandomForest,3939,0,0,0.0002126754572522331,Correct_or_Clear
RandomForest,3940,0,0,0.0002126754572522331,Correct_or_Clear
RandomForest,3941,1,1,1.0,Correct_or_Clear
RandomForest,3942,0,0,0.0002126754572522331,Correct_or_Clear
RandomForest,3943,0,0,0.0002126754572522331,Correct_or_Clear
RandomForest,3944,0,0,0.0002126754572522331,Correct_or_Clear
RandomForest,3945,0,0,0.0002126754572522331,Correct_or_Clear
RandomForest,3946,0,0,0.0002126754572522331,Correct_or_Clear
RandomForest,3947,0,0,0.0002126754572522331,Correct_or_Clear
RandomForest,3948,0,0,0.0002126754572522331,Correct_or_Clear
RandomForest,3949,0,0,0.0002126754572522331,Correct_or_Clear
RandomForest,3950,0,0,0.0002126754572522331,Correct_or_Clear
RandomForest,3951,0,0,0.0002126754572522331,Correct_or_Clear
RandomForest,3952,0,0,0.0002126754572522331,Correct_or_Clear
RandomForest,3953,0,0,0.0002126754572522331,Correct_or_Clear
RandomForest,3954,0,0,0.0002126754572522331,Correct_or_Clear
RandomForest,3955,0,0,0.0002126754572522331,Correct_or_Clear
RandomForest,3956,0,0,0.0002126754572522331,Correct_or_Clear
RandomForest,3957,0,0,0.0002126754572522331,Correct_or_Clear
RandomForest,3958,0,0,0.0002126754572522331,Correct_or_Clear
RandomForest,3959,0,0,0.0002126754572522331,Correct_or_Clear
RandomForest,3960,0,0,0.0002126754572522331,Correct_or_Clear
RandomForest,3961,0,0,0.0002126754572522331,Correct_or_Clear
RandomForest,3962,0,0,0.0002126754572522331,Correct_or_Clear
RandomForest,3963,0,0,0.0002126754572522331,Correct_or_Clear
RandomForest,3964,0,0,0.0002126754572522331,Correct_or_Clear
RandomForest,3965,0,0,0.0002126754572522331,Correct_or_Clear
RandomForest,3966,0,0,0.0002126754572522331,Correct_or_Clear
RandomForest,3967,0,0,0.0002126754572522331,Correct_or_Clear
RandomForest,3968,0,0,0.0002126754572522331,Correct_or_Clear
RandomForest,3969,0,0,0.0002126754572522331,Correct_or_Clear
RandomForest,3970,0,0,0.0002126754572522331,Correct_or_Clear
RandomForest,3971,0,0,0.0002126754572522331,Correct_or_Clear
RandomForest,3972,0,0,0.0002126754572522331,Correct_or_Clear
RandomForest,3973,0,0,0.0002126754572522331,Correct_or_Clear
RandomForest,3974,0,0,0.0002126754572522331,Correct_or_Clear
RandomForest,3975,0,0,0.0002126754572522331,Correct_or_Clear
RandomForest,3976,0,0,0.0002126754572522331,Correct_or_Clear
RandomForest,3977,0,0,0.0002126754572522331,Correct_or_Clear
RandomForest,3978,0,0,0.0002126754572522331,Correct_or_Clear
RandomForest,3979,0,0,0.0002126754572522331,Correct_or_Clear
RandomForest,3980,0,0,0.0002126754572522331,Correct_or_Clear
RandomForest,3981,0,0,0.0002126754572522331,Correct_or_Clear
RandomForest,3982,0,0,0.0002126754572522331,Correct_or_Clear
RandomForest,3983,0,0,0.0002126754572522331,Correct_or_Clear
RandomForest,3984,0,0,0.0002126754572522331,Correct_or_Clear
RandomForest,3985,0,0,0.0002126754572522331,Correct_or_Clear
RandomForest,3986,1,1,1.0,Correct_or_Clear
RandomForest,3987,0,0,0.0002126754572522331,Correct_or_Clear
RandomForest,3988,1,1,1.0,Correct_or_Clear
RandomForest,3989,0,0,0.0002126754572522331,Correct_or_Clear
RandomForest,3990,0,0,0.0002126754572522331,Correct_or_Clear
RandomForest,3991,0,0,0.0002126754572522331,Correct_or_Clear
RandomForest,3992,0,0,0.0002126754572522331,Correct_or_Clear
RandomForest,3993,0,0,0.0002126754572522331,Correct_or_Clear
RandomForest,3994,0,0,0.0002126754572522331,Correct_or_Clear
RandomForest,3995,0,0,0.0002126754572522331,Correct_or_Clear
RandomForest,3996,0,0,0.0002126754572522331,Correct_or_Clear
RandomForest,3997,0,0,0.0002126754572522331,Correct_or_Clear
RandomForest,3998,0,0,0.0002126754572522331,Correct_or_Clear
RandomForest,3999,0,0,0.0002126754572522331,Correct_or_Clear
RandomForest,4000,0,0,0.0002126754572522331,Correct_or_Clear
RandomForest,4001,0,0,0.0002126754572522331,Correct_or_Clear
RandomForest,4002,0,0,0.0002126754572522331,Correct_or_Clear
RandomForest,4003,0,0,0.0002126754572522331,Correct_or_Clear
RandomForest,4004,0,0,0.0002126754572522331,Correct_or_Clear
RandomForest,4005,0,0,0.0002126754572522331,Correct_or_Clear
RandomForest,4006,0,0,0.0002126754572522331,Correct_or_Clear
RandomForest,4007,0,0,0.0002126754572522331,Correct_or_Clear
RandomForest,4008,0,0,0.0002126754572522331,Correct_or_Clear
RandomForest,4009,0,0,0.0002126754572522331,Correct_or_Clear
RandomForest,4010,0,0,0.0002126754572522331,Correct_or_Clear
RandomForest,4011,0,0,0.0002126754572522331,Correct_or_Clear
RandomForest,4012,0,0,0.0002126754572522331,Correct_or_Clear
RandomForest,4013,0,0,0.0002126754572522331,Correct_or_Clear
RandomForest,4014,0,0,0.0002126754572522331,Correct_or_Clear
RandomForest,4015,0,0,0.0002126754572522331,Correct_or_Clear
RandomForest,4016,0,0,0.0002126754572522331,Correct_or_Clear
RandomForest,4017,1,1,1.0,Correct_or_Clear
RandomForest,4018,0,0,0.0002126754572522331,Correct_or_Clear
RandomForest,4019,0,0,0.0002126754572522331,Correct_or_Clear
RandomForest,4020,0,0,0.0002126754572522331,Correct_or_Clear
RandomForest,4021,0,0,0.0002126754572522331,Correct_or_Clear
RandomForest,4022,0,0,0.0002126754572522331,Correct_or_Clear
RandomForest,4023,0,0,0.0002126754572522331,Correct_or_Clear
RandomForest,4024,0,0,0.0002126754572522331,Correct_or_Clear
RandomForest,4025,0,0,0.0002126754572522331,Correct_or_Clear
RandomForest,4026,0,0,0.0002126754572522331,Correct_or_Clear
RandomForest,4027,0,0,0.0002126754572522331,Correct_or_Clear
RandomForest,4028,0,0,0.0002126754572522331,Correct_or_Clear
RandomForest,4029,0,0,0.0002126754572522331,Correct_or_Clear
RandomForest,4030,0,0,0.0002126754572522331,Correct_or_Clear
RandomForest,4031,0,0,0.0002126754572522331,Correct_or_Clear
RandomForest,4032,0,0,0.0002126754572522331,Correct_or_Clear
RandomForest,4033,0,0,0.0002126754572522331,Correct_or_Clear
RandomForest,4034,0,0,0.0002126754572522331,Correct_or_Clear
RandomForest,4035,0,0,0.0002126754572522331,Correct_or_Clear
RandomForest,4036,0,0,0.0002126754572522331,Correct_or_Clear
RandomForest,4037,0,0,0.0002126754572522331,Correct_or_Clear
RandomForest,4038,0,0,0.0002126754572522331,Correct_or_Clear
RandomForest,4039,0,0,0.0002126754572522331,Correct_or_Clear
RandomForest,4040,0,0,0.0002126754572522331,Correct_or_Clear
RandomForest,4041,0,0,0.0002126754572522331,Correct_or_Clear
RandomForest,4042,0,0,0.0002126754572522331,Correct_or_Clear
RandomForest,4043,1,1,1.0,Correct_or_Clear
RandomForest,4044,0,0,0.0002126754572522331,Correct_or_Clear
RandomForest,4045,0,0,0.0002126754572522331,Correct_or_Clear
RandomForest,4046,0,0,0.0002126754572522331,Correct_or_Clear
RandomForest,4047,0,0,0.0002126754572522331,Correct_or_Clear
RandomForest,4048,1,1,1.0,Correct_or_Clear
RandomForest,4049,0,0,0.0002126754572522331,Correct_or_Clear
RandomForest,4050,1,1,1.0,Correct_or_Clear
RandomForest,4051,0,0,0.0002126754572522331,Correct_or_Clear
RandomForest,4052,0,0,0.0002126754572522331,Correct_or_Clear
RandomForest,4053,0,0,0.0002126754572522331,Correct_or_Clear
RandomForest,4054,0,0,0.0002126754572522331,Correct_or_Clear
RandomForest,4055,0,0,0.0002126754572522331,Correct_or_Clear
RandomForest,4056,0,0,0.0002126754572522331,Correct_or_Clear
RandomForest,4057,0,0,0.0002126754572522331,Correct_or_Clear
RandomForest,4058,0,0,0.0002126754572522331,Correct_or_Clear
RandomForest,4059,0,0,0.0002126754572522331,Correct_or_Clear
RandomForest,4060,0,0,0.0002126754572522331,Correct_or_Clear
RandomForest,4061,0,0,0.0002126754572522331,Correct_or_Clear
RandomForest,4062,0,0,0.0002126754572522331,Correct_or_Clear
RandomForest,4063,0,0,0.0002126754572522331,Correct_or_Clear
RandomForest,4064,0,0,0.0002126754572522331,Correct_or_Clear
RandomForest,4065,0,0,0.0002126754572522331,Correct_or_Clear
RandomForest,4066,0,0,0.0002126754572522331,Correct_or_Clear
RandomForest,4067,0,0,0.0002126754572522331,Correct_or_Clear
RandomForest,4068,0,0,0.0002126754572522331,Correct_or_Clear
RandomForest,4069,0,0,0.0002126754572522331,Correct_or_Clear
RandomForest,4070,0,0,0.0002126754572522331,Correct_or_Clear
RandomForest,4071,0,0,0.0002126754572522331,Correct_or_Clear
RandomForest,4072,0,0,0.0002126754572522331,Correct_or_Clear
RandomForest,4073,1,1,1.0,Correct_or_Clear
RandomForest,4074,1,1,1.0,Correct_or_Clear
RandomForest,4075,0,0,0.0002126754572522331,Correct_or_Clear
RandomForest,4076,0,0,0.0002126754572522331,Correct_or_Clear
RandomForest,4077,0,0,0.0002126754572522331,Correct_or_Clear
RandomForest,4078,0,0,0.0002126754572522331,Correct_or_Clear
RandomForest,4079,0,0,0.0002126754572522331,Correct_or_Clear
RandomForest,4080,0,0,0.0002126754572522331,Correct_or_Clear
RandomForest,4081,0,0,0.0002126754572522331,Correct_or_Clear
RandomForest,4082,0,0,0.0002126754572522331,Correct_or_Clear
RandomForest,4083,0,0,0.0002126754572522331,Correct_or_Clear
RandomForest,4084,0,0,0.0002126754572522331,Correct_or_Clear
RandomForest,4085,0,0,0.0002126754572522331,Correct_or_Clear
RandomForest,4086,0,0,0.0002126754572522331,Correct_or_Clear
RandomForest,4087,0,0,0.0002126754572522331,Correct_or_Clear
RandomForest,4088,0,0,0.0002126754572522331,Correct_or_Clear
RandomForest,4089,0,0,0.0002126754572522331,Correct_or_Clear
RandomForest,4090,0,0,0.0002126754572522331,Correct_or_Clear
RandomForest,4091,0,0,0.0002126754572522331,Correct_or_Clear
RandomForest,4092,0,0,0.0002126754572522331,Correct_or_Clear
RandomForest,4093,0,0,0.0002126754572522331,Correct_or_Clear
RandomForest,4094,0,0,0.0002126754572522331,Correct_or_Clear
RandomForest,4095,0,0,0.0002126754572522331,Correct_or_Clear
RandomForest,4096,0,0,0.0002126754572522331,Correct_or_Clear
RandomForest,4097,0,0,0.0002126754572522331,Correct_or_Clear
RandomForest,4098,0,0,0.0002126754572522331,Correct_or_Clear
RandomForest,4099,0,0,0.0002126754572522331,Correct_or_Clear
RandomForest,4100,0,0,0.0002126754572522331,Correct_or_Clear
RandomForest,4101,0,0,0.0002126754572522331,Correct_or_Clear
RandomForest,4102,0,0,0.0002126754572522331,Correct_or_Clear
RandomForest,4103,0,0,0.0002126754572522331,Correct_or_Clear
RandomForest,4104,0,0,0.0002126754572522331,Correct_or_Clear
RandomForest,4105,0,0,0.0002126754572522331,Correct_or_Clear
RandomForest,4106,0,0,0.0002126754572522331,Correct_or_Clear
RandomForest,4107,0,0,0.0002126754572522331,Correct_or_Clear
RandomForest,4108,0,0,0.0002126754572522331,Correct_or_Clear
RandomForest,4109,0,0,0.0002126754572522331,Correct_or_Clear
RandomForest,4110,0,0,0.0002126754572522331,Correct_or_Clear
RandomForest,4111,0,0,0.0002126754572522331,Correct_or_Clear
RandomForest,4112,0,0,0.0002126754572522331,Correct_or_Clear
RandomForest,4113,0,0,0.0002126754572522331,Correct_or_Clear
RandomForest,4114,0,0,0.0002126754572522331,Correct_or_Clear
RandomForest,4115,0,0,0.0002126754572522331,Correct_or_Clear
RandomForest,4116,0,0,0.0002126754572522331,Correct_or_Clear
RandomForest,4117,0,0,0.0002126754572522331,Correct_or_Clear
RandomForest,4118,0,0,0.0002126754572522331,Correct_or_Clear
RandomForest,4119,0,0,0.0002126754572522331,Correct_or_Clear
RandomForest,4120,0,0,0.0002126754572522331,Correct_or_Clear
RandomForest,4121,0,0,0.0002126754572522331,Correct_or_Clear
RandomForest,4122,1,1,1.0,Correct_or_Clear
RandomForest,4123,1,0,0.0002126754572522331,False_Negative
RandomForest,4124,1,1,1.0,Correct_or_Clear
RandomForest,4125,1,0,0.0002126754572522331,False_Negative
RandomForest,4126,1,1,1.0,Correct_or_Clear
RandomForest,4127,1,0,0.0002126754572522331,False_Negative
RandomForest,4128,1,1,1.0,Correct_or_Clear
RandomForest,4129,1,0,0.0002126754572522331,False_Negative
RandomForest,4130,1,1,1.0,Correct_or_Clear
RandomForest,4131,0,0,0.0002126754572522331,Correct_or_Clear
RandomForest,4132,1,0,0.0002126754572522331,False_Negative
RandomForest,4133,1,1,1.0,Correct_or_Clear
RandomForest,4134,1,0,0.0002126754572522331,False_Negative
RandomForest,4135,1,1,1.0,Correct_or_Clear
RandomForest,4136,0,0,0.0002126754572522331,Correct_or_Clear
RandomForest,4137,0,0,0.0002126754572522331,Correct_or_Clear
RandomForest,4138,0,0,0.0002126754572522331,Correct_or_Clear
RandomForest,4139,0,0,0.0002126754572522331,Correct_or_Clear
RandomForest,4140,0,0,0.0002126754572522331,Correct_or_Clear
RandomForest,4141,0,0,0.0002126754572522331,Correct_or_Clear
RandomForest,4142,0,0,0.0002126754572522331,Correct_or_Clear
RandomForest,4143,0,0,0.0002126754572522331,Correct_or_Clear
RandomForest,4144,0,0,0.0002126754572522331,Correct_or_Clear
RandomForest,4145,0,0,0.0002126754572522331,Correct_or_Clear
RandomForest,4146,0,0,0.0002126754572522331,Correct_or_Clear
RandomForest,4147,0,0,0.0002126754572522331,Correct_or_Clear
RandomForest,4148,0,0,0.0002126754572522331,Correct_or_Clear
RandomForest,4149,0,0,0.0002126754572522331,Correct_or_Clear
RandomForest,4150,0,0,0.0002126754572522331,Correct_or_Clear
RandomForest,4151,0,0,0.0002126754572522331,Correct_or_Clear
RandomForest,4152,0,0,0.0002126754572522331,Correct_or_Clear
RandomForest,4153,0,0,0.0002126754572522331,Correct_or_Clear
RandomForest,4154,1,1,1.0,Correct_or_Clear
RandomForest,4155,0,0,0.0002126754572522331,Correct_or_Clear
RandomForest,4156,0,0,0.0002126754572522331,Correct_or_Clear
RandomForest,4157,0,0,0.0002126754572522331,Correct_or_Clear
RandomForest,4158,0,0,0.0002126754572522331,Correct_or_Clear
RandomForest,4159,0,0,0.0002126754572522331,Correct_or_Clear
RandomForest,4160,0,0,0.0002126754572522331,Correct_or_Clear
RandomForest,4161,0,0,0.0002126754572522331,Correct_or_Clear
RandomForest,4162,0,0,0.0002126754572522331,Correct_or_Clear
RandomForest,4163,0,0,0.0002126754572522331,Correct_or_Clear
RandomForest,4164,0,0,0.0002126754572522331,Correct_or_Clear
RandomForest,4165,0,0,0.0002126754572522331,Correct_or_Clear
RandomForest,4166,0,0,0.0002126754572522331,Correct_or_Clear
RandomForest,4167,0,0,0.0002126754572522331,Correct_or_Clear
RandomForest,4168,0,0,0.0002126754572522331,Correct_or_Clear
RandomForest,4169,0,0,0.0002126754572522331,Correct_or_Clear
RandomForest,4170,0,0,0.0002126754572522331,Correct_or_Clear
RandomForest,4171,0,0,0.0002126754572522331,Correct_or_Clear
RandomForest,4172,0,0,0.0002126754572522331,Correct_or_Clear
RandomForest,4173,0,0,0.0002126754572522331,Correct_or_Clear
RandomForest,4174,0,0,0.0002126754572522331,Correct_or_Clear
RandomForest,4175,0,0,0.0002126754572522331,Correct_or_Clear
RandomForest,4176,0,0,0.0002126754572522331,Correct_or_Clear
RandomForest,4177,0,0,0.0002126754572522331,Correct_or_Clear
RandomForest,4178,0,0,0.0002126754572522331,Correct_or_Clear
RandomForest,4179,0,0,0.0002126754572522331,Correct_or_Clear
RandomForest,4180,0,0,0.0002126754572522331,Correct_or_Clear
RandomForest,4181,0,0,0.0002126754572522331,Correct_or_Clear
RandomForest,4182,0,0,0.0002126754572522331,Correct_or_Clear
RandomForest,4183,0,0,0.0002126754572522331,Correct_or_Clear
RandomForest,4184,0,0,0.0002126754572522331,Correct_or_Clear
RandomForest,4185,0,0,0.0002126754572522331,Correct_or_Clear
RandomForest,4186,0,0,0.0002126754572522331,Correct_or_Clear
RandomForest,4187,0,0,0.0002126754572522331,Correct_or_Clear
RandomForest,4188,0,0,0.0002126754572522331,Correct_or_Clear
RandomForest,4189,0,0,0.0002126754572522331,Correct_or_Clear
RandomForest,4190,0,0,0.0002126754572522331,Correct_or_Clear
RandomForest,4191,0,0,0.0002126754572522331,Correct_or_Clear
RandomForest,4192,0,0,0.0002126754572522331,Correct_or_Clear
RandomForest,4193,0,0,0.0002126754572522331,Correct_or_Clear
RandomForest,4194,0,0,0.0002126754572522331,Correct_or_Clear
RandomForest,4195,0,0,0.0002126754572522331,Correct_or_Clear
RandomForest,4196,0,0,0.0002126754572522331,Correct_or_Clear
RandomForest,4197,0,0,0.0002126754572522331,Correct_or_Clear
RandomForest,4198,0,0,0.0002126754572522331,Correct_or_Clear
RandomForest,4199,0,0,0.0002126754572522331,Correct_or_Clear
RandomForest,4200,0,0,0.0002126754572522331,Correct_or_Clear
RandomForest,4201,0,0,0.0002126754572522331,Correct_or_Clear
RandomForest,4202,0,0,0.0002126754572522331,Correct_or_Clear
RandomForest,4203,0,0,0.0002126754572522331,Correct_or_Clear
RandomForest,4204,0,0,0.0002126754572522331,Correct_or_Clear
RandomForest,4205,0,0,0.0002126754572522331,Correct_or_Clear
RandomForest,4206,0,0,0.0002126754572522331,Correct_or_Clear
RandomForest,4207,0,0,0.0002126754572522331,Correct_or_Clear
RandomForest,4208,0,0,0.0002126754572522331,Correct_or_Clear
RandomForest,4209,0,0,0.0002126754572522331,Correct_or_Clear
RandomForest,4210,0,0,0.0002126754572522331,Correct_or_Clear
RandomForest,4211,0,0,0.0002126754572522331,Correct_or_Clear
RandomForest,4212,0,0,0.0002126754572522331,Correct_or_Clear
RandomForest,4213,0,0,0.0002126754572522331,Correct_or_Clear
RandomForest,4214,0,0,0.0002126754572522331,Correct_or_Clear
RandomForest,4215,0,0,0.0002126754572522331,Correct_or_Clear
RandomForest,4216,0,0,0.0002126754572522331,Correct_or_Clear
RandomForest,4217,0,0,0.0002126754572522331,Correct_or_Clear
RandomForest,4218,0,0,0.0002126754572522331,Correct_or_Clear
RandomForest,4219,0,0,0.0002126754572522331,Correct_or_Clear
RandomForest,4220,0,0,0.0002126754572522331,Correct_or_Clear
RandomForest,4221,0,0,0.0002126754572522331,Correct_or_Clear
RandomForest,4222,0,0,0.0002126754572522331,Correct_or_Clear
RandomForest,4223,1,1,1.0,Correct_or_Clear
RandomForest,4224,0,0,0.0002126754572522331,Correct_or_Clear
RandomForest,4225,0,0,0.0002126754572522331,Correct_or_Clear
RandomForest,4226,0,0,0.0002126754572522331,Correct_or_Clear
RandomForest,4227,0,0,0.0002126754572522331,Correct_or_Clear
RandomForest,4228,0,0,0.0002126754572522331,Correct_or_Clear
RandomForest,4229,0,0,0.0002126754572522331,Correct_or_Clear
RandomForest,4230,0,0,0.0002126754572522331,Correct_or_Clear
RandomForest,4231,0,0,0.0002126754572522331,Correct_or_Clear
RandomForest,4232,0,0,0.0002126754572522331,Correct_or_Clear
RandomForest,4233,0,0,0.0002126754572522331,Correct_or_Clear
RandomForest,4234,0,0,0.0002126754572522331,Correct_or_Clear
RandomForest,4235,0,0,0.0002126754572522331,Correct_or_Clear
RandomForest,4236,0,0,0.0002126754572522331,Correct_or_Clear
RandomForest,4237,0,0,0.0002126754572522331,Correct_or_Clear
RandomForest,4238,0,0,0.0002126754572522331,Correct_or_Clear
RandomForest,4239,0,0,0.0002126754572522331,Correct_or_Clear
RandomForest,4240,0,0,0.0002126754572522331,Correct_or_Clear
RandomForest,4241,0,0,0.0002126754572522331,Correct_or_Clear
RandomForest,4242,0,0,0.0002126754572522331,Correct_or_Clear
RandomForest,4243,0,0,0.0002126754572522331,Correct_or_Clear
RandomForest,4244,0,0,0.0002126754572522331,Correct_or_Clear
RandomForest,4245,0,0,0.0002126754572522331,Correct_or_Clear
RandomForest,4246,0,0,0.0002126754572522331,Correct_or_Clear
RandomForest,4247,0,0,0.0002126754572522331,Correct_or_Clear
RandomForest,4248,0,0,0.0002126754572522331,Correct_or_Clear
RandomForest,4249,0,0,0.0002126754572522331,Correct_or_Clear
RandomForest,4250,0,0,0.0002126754572522331,Correct_or_Clear
RandomForest,4251,0,0,0.0002126754572522331,Correct_or_Clear
RandomForest,4252,0,0,0.0002126754572522331,Correct_or_Clear
RandomForest,4253,0,0,0.0002126754572522331,Correct_or_Clear
RandomForest,4254,0,0,0.0002126754572522331,Correct_or_Clear
RandomForest,4255,0,0,0.0002126754572522331,Correct_or_Clear
RandomForest,4256,0,0,0.0002126754572522331,Correct_or_Clear
RandomForest,4257,0,0,0.0002126754572522331,Correct_or_Clear
RandomForest,4258,0,0,0.0002126754572522331,Correct_or_Clear
RandomForest,4259,0,0,0.0002126754572522331,Correct_or_Clear
RandomForest,4260,0,0,0.0002126754572522331,Correct_or_Clear
RandomForest,4261,0,0,0.0002126754572522331,Correct_or_Clear
RandomForest,4262,0,0,0.0002126754572522331,Correct_or_Clear
RandomForest,4263,0,0,0.0002126754572522331,Correct_or_Clear
RandomForest,4264,0,0,0.0002126754572522331,Correct_or_Clear
RandomForest,4265,0,0,0.0002126754572522331,Correct_or_Clear
RandomForest,4266,0,0,0.0002126754572522331,Correct_or_Clear
RandomForest,4267,0,0,0.0002126754572522331,Correct_or_Clear
RandomForest,4268,0,0,0.0002126754572522331,Correct_or_Clear
RandomForest,4269,0,0,0.0002126754572522331,Correct_or_Clear
RandomForest,4270,0,0,0.0002126754572522331,Correct_or_Clear
RandomForest,4271,0,0,0.0002126754572522331,Correct_or_Clear
RandomForest,4272,0,0,0.0002126754572522331,Correct_or_Clear
RandomForest,4273,0,0,0.0002126754572522331,Correct_or_Clear
RandomForest,4274,0,0,0.0002126754572522331,Correct_or_Clear
RandomForest,4275,0,0,0.0002126754572522331,Correct_or_Clear
RandomForest,4276,0,0,0.0002126754572522331,Correct_or_Clear
RandomForest,4277,0,0,0.0002126754572522331,Correct_or_Clear
RandomForest,4278,0,0,0.0002126754572522331,Correct_or_Clear
RandomForest,4279,0,0,0.0002126754572522331,Correct_or_Clear
RandomForest,4280,0,0,0.0002126754572522331,Correct_or_Clear
RandomForest,4281,0,0,0.0002126754572522331,Correct_or_Clear
RandomForest,4282,0,0,0.0002126754572522331,Correct_or_Clear
RandomForest,4283,0,0,0.0002126754572522331,Correct_or_Clear
RandomForest,4284,0,0,0.0002126754572522331,Correct_or_Clear
RandomForest,4285,0,0,0.0002126754572522331,Correct_or_Clear
RandomForest,4286,0,0,0.0002126754572522331,Correct_or_Clear
RandomForest,4287,0,0,0.0002126754572522331,Correct_or_Clear
RandomForest,4288,0,0,0.0002126754572522331,Correct_or_Clear
RandomForest,4289,0,0,0.0002126754572522331,Correct_or_Clear
RandomForest,4290,0,0,0.0002126754572522331,Correct_or_Clear
RandomForest,4291,0,0,0.0002126754572522331,Correct_or_Clear
RandomForest,4292,0,0,0.0002126754572522331,Correct_or_Clear
RandomForest,4293,0,0,0.0002126754572522331,Correct_or_Clear
RandomForest,4294,0,0,0.0002126754572522331,Correct_or_Clear
RandomForest,4295,0,0,0.0002126754572522331,Correct_or_Clear
RandomForest,4296,0,0,0.0002126754572522331,Correct_or_Clear
RandomForest,4297,0,0,0.0002126754572522331,Correct_or_Clear
RandomForest,4298,0,0,0.0002126754572522331,Correct_or_Clear
RandomForest,4299,0,0,0.0002126754572522331,Correct_or_Clear
RandomForest,4300,0,0,0.0002126754572522331,Correct_or_Clear
RandomForest,4301,0,0,0.0002126754572522331,Correct_or_Clear
RandomForest,4302,0,0,0.0002126754572522331,Correct_or_Clear
RandomForest,4303,0,0,0.0002126754572522331,Correct_or_Clear
RandomForest,4304,0,0,0.0002126754572522331,Correct_or_Clear
RandomForest,4305,0,0,0.0002126754572522331,Correct_or_Clear
RandomForest,4306,0,0,0.0002126754572522331,Correct_or_Clear
RandomForest,4307,0,0,0.0002126754572522331,Correct_or_Clear
RandomForest,4308,0,0,0.0002126754572522331,Correct_or_Clear
RandomForest,4309,0,0,0.0002126754572522331,Correct_or_Clear
RandomForest,4310,0,0,0.0002126754572522331,Correct_or_Clear
RandomForest,4311,0,0,0.0002126754572522331,Correct_or_Clear
RandomForest,4312,0,0,0.0002126754572522331,Correct_or_Clear
RandomForest,4313,0,0,0.0002126754572522331,Correct_or_Clear
RandomForest,4314,0,0,0.0002126754572522331,Correct_or_Clear
RandomForest,4315,0,0,0.0002126754572522331,Correct_or_Clear
RandomForest,4316,0,0,0.0002126754572522331,Correct_or_Clear
RandomForest,4317,0,0,0.0002126754572522331,Correct_or_Clear
RandomForest,4318,0,0,0.0002126754572522331,Correct_or_Clear
RandomForest,4319,0,0,0.0002126754572522331,Correct_or_Clear
RandomForest,4320,0,0,0.0002126754572522331,Correct_or_Clear
RandomForest,4321,0,0,0.0002126754572522331,Correct_or_Clear
RandomForest,4322,0,0,0.0002126754572522331,Correct_or_Clear
RandomForest,4323,0,0,0.0002126754572522331,Correct_or_Clear
RandomForest,4324,0,0,0.0002126754572522331,Correct_or_Clear
RandomForest,4325,0,0,0.0002126754572522331,Correct_or_Clear
RandomForest,4326,0,0,0.0002126754572522331,Correct_or_Clear
RandomForest,4327,0,0,0.0002126754572522331,Correct_or_Clear
RandomForest,4328,0,0,0.0002126754572522331,Correct_or_Clear
RandomForest,4329,0,0,0.0002126754572522331,Correct_or_Clear
RandomForest,4330,0,0,0.0002126754572522331,Correct_or_Clear
RandomForest,4331,0,0,0.0002126754572522331,Correct_or_Clear
RandomForest,4332,0,0,0.0002126754572522331,Correct_or_Clear
RandomForest,4333,0,0,0.0002126754572522331,Correct_or_Clear
RandomForest,4334,0,0,0.0002126754572522331,Correct_or_Clear
RandomForest,4335,0,0,0.0002126754572522331,Correct_or_Clear
RandomForest,4336,0,0,0.0002126754572522331,Correct_or_Clear
RandomForest,4337,0,0,0.0002126754572522331,Correct_or_Clear
RandomForest,4338,0,0,0.0002126754572522331,Correct_or_Clear
RandomForest,4339,0,0,0.0002126754572522331,Correct_or_Clear
RandomForest,4340,0,0,0.0002126754572522331,Correct_or_Clear
RandomForest,4341,0,0,0.0002126754572522331,Correct_or_Clear
RandomForest,4342,0,0,0.0002126754572522331,Correct_or_Clear
RandomForest,4343,0,0,0.0002126754572522331,Correct_or_Clear
RandomForest,4344,0,0,0.0002126754572522331,Correct_or_Clear
RandomForest,4345,0,0,0.0002126754572522331,Correct_or_Clear
RandomForest,4346,0,0,0.0002126754572522331,Correct_or_Clear
RandomForest,4347,0,0,0.0002126754572522331,Correct_or_Clear
RandomForest,4348,0,0,0.0002126754572522331,Correct_or_Clear
RandomForest,4349,0,0,0.0002126754572522331,Correct_or_Clear
RandomForest,4350,0,0,0.0002126754572522331,Correct_or_Clear
RandomForest,4351,0,0,0.0002126754572522331,Correct_or_Clear
RandomForest,4352,0,0,0.0002126754572522331,Correct_or_Clear
RandomForest,4353,0,0,0.0002126754572522331,Correct_or_Clear
RandomForest,4354,0,0,0.0002126754572522331,Correct_or_Clear
RandomForest,4355,0,0,0.0002126754572522331,Correct_or_Clear
RandomForest,4356,0,0,0.0002126754572522331,Correct_or_Clear
RandomForest,4357,0,0,0.0002126754572522331,Correct_or_Clear
RandomForest,4358,0,0,0.0002126754572522331,Correct_or_Clear
RandomForest,4359,0,0,0.0002126754572522331,Correct_or_Clear
RandomForest,4360,0,0,0.0002126754572522331,Correct_or_Clear
RandomForest,4361,0,0,0.0002126754572522331,Correct_or_Clear
RandomForest,4362,1,1,1.0,Correct_or_Clear
RandomForest,4363,0,0,0.0002126754572522331,Correct_or_Clear
RandomForest,4364,0,0,0.0002126754572522331,Correct_or_Clear
RandomForest,4365,0,0,0.0002126754572522331,Correct_or_Clear
RandomForest,4366,0,0,0.0002126754572522331,Correct_or_Clear
RandomForest,4367,0,0,0.0002126754572522331,Correct_or_Clear
RandomForest,4368,0,0,0.0002126754572522331,Correct_or_Clear
RandomForest,4369,0,0,0.0002126754572522331,Correct_or_Clear
RandomForest,4370,0,0,0.0002126754572522331,Correct_or_Clear
RandomForest,4371,0,0,0.0002126754572522331,Correct_or_Clear
RandomForest,4372,0,0,0.0002126754572522331,Correct_or_Clear
RandomForest,4373,0,0,0.0002126754572522331,Correct_or_Clear
RandomForest,4374,0,0,0.0002126754572522331,Correct_or_Clear
RandomForest,4375,0,0,0.0002126754572522331,Correct_or_Clear
RandomForest,4376,0,0,0.0002126754572522331,Correct_or_Clear
RandomForest,4377,0,0,0.0002126754572522331,Correct_or_Clear
RandomForest,4378,0,0,0.0002126754572522331,Correct_or_Clear
RandomForest,4379,0,0,0.0002126754572522331,Correct_or_Clear
RandomForest,4380,0,0,0.0002126754572522331,Correct_or_Clear
RandomForest,4381,0,0,0.0002126754572522331,Correct_or_Clear
RandomForest,4382,0,0,0.0002126754572522331,Correct_or_Clear
RandomForest,4383,0,0,0.0002126754572522331,Correct_or_Clear
RandomForest,4384,0,0,0.0002126754572522331,Correct_or_Clear
RandomForest,4385,0,0,0.0002126754572522331,Correct_or_Clear
RandomForest,4386,0,0,0.0002126754572522331,Correct_or_Clear
RandomForest,4387,0,0,0.0002126754572522331,Correct_or_Clear
RandomForest,4388,0,0,0.0002126754572522331,Correct_or_Clear
RandomForest,4389,0,0,0.0002126754572522331,Correct_or_Clear
RandomForest,4390,0,0,0.0002126754572522331,Correct_or_Clear
RandomForest,4391,0,0,0.0002126754572522331,Correct_or_Clear
RandomForest,4392,0,0,0.0002126754572522331,Correct_or_Clear
RandomForest,4393,0,0,0.0002126754572522331,Correct_or_Clear
RandomForest,4394,0,0,0.0002126754572522331,Correct_or_Clear
RandomForest,4395,0,0,0.0002126754572522331,Correct_or_Clear
RandomForest,4396,0,0,0.0002126754572522331,Correct_or_Clear
RandomForest,4397,0,0,0.0002126754572522331,Correct_or_Clear
RandomForest,4398,0,0,0.0002126754572522331,Correct_or_Clear
RandomForest,4399,0,0,0.0002126754572522331,Correct_or_Clear
RandomForest,4400,0,0,0.0002126754572522331,Correct_or_Clear
RandomForest,4401,0,0,0.0002126754572522331,Correct_or_Clear
RandomForest,4402,0,0,0.0002126754572522331,Correct_or_Clear
RandomForest,4403,0,0,0.0002126754572522331,Correct_or_Clear
RandomForest,4404,0,0,0.0002126754572522331,Correct_or_Clear
RandomForest,4405,0,0,0.0002126754572522331,Correct_or_Clear
RandomForest,4406,0,0,0.0002126754572522331,Correct_or_Clear
RandomForest,4407,0,0,0.0002126754572522331,Correct_or_Clear
RandomForest,4408,0,0,0.0002126754572522331,Correct_or_Clear
RandomForest,4409,0,0,0.0002126754572522331,Correct_or_Clear
RandomForest,4410,0,0,0.0002126754572522331,Correct_or_Clear
RandomForest,4411,0,0,0.0002126754572522331,Correct_or_Clear
RandomForest,4412,0,0,0.0002126754572522331,Correct_or_Clear
RandomForest,4413,0,0,0.0002126754572522331,Correct_or_Clear
RandomForest,4414,0,0,0.0002126754572522331,Correct_or_Clear
RandomForest,4415,0,0,0.0002126754572522331,Correct_or_Clear
RandomForest,4416,0,0,0.0002126754572522331,Correct_or_Clear
RandomForest,4417,0,0,0.0002126754572522331,Correct_or_Clear
RandomForest,4418,0,0,0.0002126754572522331,Correct_or_Clear
RandomForest,4419,0,0,0.0002126754572522331,Correct_or_Clear
RandomForest,4420,0,0,0.0002126754572522331,Correct_or_Clear
RandomForest,4421,0,0,0.0002126754572522331,Correct_or_Clear
RandomForest,4422,0,0,0.0002126754572522331,Correct_or_Clear
RandomForest,4423,0,0,0.0002126754572522331,Correct_or_Clear
RandomForest,4424,0,0,0.0002126754572522331,Correct_or_Clear
RandomForest,4425,0,0,0.0002126754572522331,Correct_or_Clear
RandomForest,4426,0,0,0.0002126754572522331,Correct_or_Clear
RandomForest,4427,0,0,0.0002126754572522331,Correct_or_Clear
RandomForest,4428,0,0,0.0002126754572522331,Correct_or_Clear
RandomForest,4429,0,0,0.0002126754572522331,Correct_or_Clear
RandomForest,4430,0,0,0.0002126754572522331,Correct_or_Clear
RandomForest,4431,0,0,0.0002126754572522331,Correct_or_Clear
RandomForest,4432,0,0,0.0002126754572522331,Correct_or_Clear
RandomForest,4433,0,0,0.0002126754572522331,Correct_or_Clear
RandomForest,4434,0,0,0.0002126754572522331,Correct_or_Clear
RandomForest,4435,0,0,0.0002126754572522331,Correct_or_Clear
RandomForest,4436,0,0,0.0002126754572522331,Correct_or_Clear
RandomForest,4437,0,0,0.0002126754572522331,Correct_or_Clear
RandomForest,4438,0,0,0.0002126754572522331,Correct_or_Clear
RandomForest,4439,0,0,0.0002126754572522331,Correct_or_Clear
RandomForest,4440,0,0,0.0002126754572522331,Correct_or_Clear
RandomForest,4441,0,0,0.0002126754572522331,Correct_or_Clear
RandomForest,4442,0,0,0.0002126754572522331,Correct_or_Clear
RandomForest,4443,0,0,0.0002126754572522331,Correct_or_Clear
RandomForest,4444,0,0,0.0002126754572522331,Correct_or_Clear
RandomForest,4445,0,0,0.0002126754572522331,Correct_or_Clear
RandomForest,4446,0,0,0.0002126754572522331,Correct_or_Clear
RandomForest,4447,0,0,0.0002126754572522331,Correct_or_Clear
RandomForest,4448,0,0,0.0002126754572522331,Correct_or_Clear
RandomForest,4449,0,0,0.0002126754572522331,Correct_or_Clear
RandomForest,4450,0,0,0.0002126754572522331,Correct_or_Clear
RandomForest,4451,0,0,0.0002126754572522331,Correct_or_Clear
RandomForest,4452,0,0,0.0002126754572522331,Correct_or_Clear
RandomForest,4453,0,0,0.0002126754572522331,Correct_or_Clear
RandomForest,4454,0,0,0.0002126754572522331,Correct_or_Clear
RandomForest,4455,0,0,0.0002126754572522331,Correct_or_Clear
RandomForest,4456,0,0,0.0002126754572522331,Correct_or_Clear
RandomForest,4457,0,0,0.0002126754572522331,Correct_or_Clear
RandomForest,4458,0,0,0.0002126754572522331,Correct_or_Clear
RandomForest,4459,0,0,0.0002126754572522331,Correct_or_Clear
RandomForest,4460,0,0,0.0002126754572522331,Correct_or_Clear
RandomForest,4461,0,0,0.0002126754572522331,Correct_or_Clear
RandomForest,4462,0,0,0.0002126754572522331,Correct_or_Clear
RandomForest,4463,0,0,0.0002126754572522331,Correct_or_Clear
RandomForest,4464,0,0,0.0002126754572522331,Correct_or_Clear
RandomForest,4465,0,0,0.0002126754572522331,Correct_or_Clear
RandomForest,4466,0,0,0.0002126754572522331,Correct_or_Clear
RandomForest,4467,0,0,0.0002126754572522331,Correct_or_Clear
RandomForest,4468,0,0,0.0002126754572522331,Correct_or_Clear
RandomForest,4469,0,0,0.0002126754572522331,Correct_or_Clear
RandomForest,4470,0,0,0.0002126754572522331,Correct_or_Clear
RandomForest,4471,0,0,0.0002126754572522331,Correct_or_Clear
RandomForest,4472,0,0,0.0002126754572522331,Correct_or_Clear
RandomForest,4473,0,0,0.0002126754572522331,Correct_or_Clear
RandomForest,4474,0,0,0.0002126754572522331,Correct_or_Clear
RandomForest,4475,0,0,0.0002126754572522331,Correct_or_Clear
RandomForest,4476,0,0,0.0002126754572522331,Correct_or_Clear
RandomForest,4477,0,0,0.0002126754572522331,Correct_or_Clear
RandomForest,4478,0,0,0.0002126754572522331,Correct_or_Clear
RandomForest,4479,0,0,0.0002126754572522331,Correct_or_Clear
RandomForest,4480,0,0,0.0002126754572522331,Correct_or_Clear
RandomForest,4481,0,0,0.0002126754572522331,Correct_or_Clear
RandomForest,4482,0,0,0.0002126754572522331,Correct_or_Clear
RandomForest,4483,0,0,0.0002126754572522331,Correct_or_Clear
RandomForest,4484,0,0,0.0002126754572522331,Correct_or_Clear
RandomForest,4485,0,0,0.0002126754572522331,Correct_or_Clear
RandomForest,4486,0,0,0.0002126754572522331,Correct_or_Clear
RandomForest,4487,0,0,0.0002126754572522331,Correct_or_Clear
RandomForest,4488,0,0,0.0002126754572522331,Correct_or_Clear
RandomForest,4489,0,0,0.0002126754572522331,Correct_or_Clear
RandomForest,4490,0,0,0.0002126754572522331,Correct_or_Clear
RandomForest,4491,0,0,0.0002126754572522331,Correct_or_Clear
RandomForest,4492,0,0,0.0002126754572522331,Correct_or_Clear
RandomForest,4493,0,0,0.0002126754572522331,Correct_or_Clear
RandomForest,4494,0,0,0.0002126754572522331,Correct_or_Clear
RandomForest,4495,0,0,0.0002126754572522331,Correct_or_Clear
RandomForest,4496,0,0,0.0002126754572522331,Correct_or_Clear
RandomForest,4497,0,0,0.0002126754572522331,Correct_or_Clear
RandomForest,4498,0,0,0.0002126754572522331,Correct_or_Clear
RandomForest,4499,0,0,0.0002126754572522331,Correct_or_Clear
RandomForest,4500,0,0,0.0002126754572522331,Correct_or_Clear
RandomForest,4501,0,0,0.0002126754572522331,Correct_or_Clear
RandomForest,4502,0,0,0.0002126754572522331,Correct_or_Clear
RandomForest,4503,0,0,0.0002126754572522331,Correct_or_Clear
RandomForest,4504,0,0,0.0002126754572522331,Correct_or_Clear
RandomForest,4505,0,0,0.0002126754572522331,Correct_or_Clear
RandomForest,4506,0,0,0.0002126754572522331,Correct_or_Clear
RandomForest,4507,0,0,0.0002126754572522331,Correct_or_Clear
RandomForest,4508,0,0,0.0002126754572522331,Correct_or_Clear
RandomForest,4509,0,0,0.0002126754572522331,Correct_or_Clear
RandomForest,4510,0,0,0.0002126754572522331,Correct_or_Clear
RandomForest,4511,0,0,0.0002126754572522331,Correct_or_Clear
RandomForest,4512,0,0,0.0002126754572522331,Correct_or_Clear
RandomForest,4513,0,0,0.0002126754572522331,Correct_or_Clear
RandomForest,4514,0,0,0.0002126754572522331,Correct_or_Clear
RandomForest,4515,0,0,0.0002126754572522331,Correct_or_Clear
RandomForest,4516,0,0,0.0002126754572522331,Correct_or_Clear
RandomForest,4517,0,0,0.0002126754572522331,Correct_or_Clear
RandomForest,4518,0,0,0.0002126754572522331,Correct_or_Clear
RandomForest,4519,0,0,0.0002126754572522331,Correct_or_Clear
RandomForest,4520,0,0,0.0002126754572522331,Correct_or_Clear
RandomForest,4521,0,0,0.0002126754572522331,Correct_or_Clear
RandomForest,4522,0,0,0.0002126754572522331,Correct_or_Clear
RandomForest,4523,0,0,0.0002126754572522331,Correct_or_Clear
RandomForest,4524,1,1,1.0,Correct_or_Clear
RandomForest,4525,1,1,1.0,Correct_or_Clear
RandomForest,4526,0,0,0.0002126754572522331,Correct_or_Clear
RandomForest,4527,0,0,0.0002126754572522331,Correct_or_Clear
RandomForest,4528,0,0,0.0002126754572522331,Correct_or_Clear
RandomForest,4529,0,0,0.0002126754572522331,Correct_or_Clear
RandomForest,4530,0,0,0.0002126754572522331,Correct_or_Clear
RandomForest,4531,0,0,0.0002126754572522331,Correct_or_Clear
RandomForest,4532,0,0,0.0002126754572522331,Correct_or_Clear
RandomForest,4533,0,0,0.0002126754572522331,Correct_or_Clear
RandomForest,4534,0,0,0.0002126754572522331,Correct_or_Clear
RandomForest,4535,0,0,0.0002126754572522331,Correct_or_Clear
RandomForest,4536,0,0,0.0002126754572522331,Correct_or_Clear
RandomForest,4537,0,0,0.0002126754572522331,Correct_or_Clear
RandomForest,4538,0,0,0.0002126754572522331,Correct_or_Clear
RandomForest,4539,0,0,0.0002126754572522331,Correct_or_Clear
RandomForest,4540,0,0,0.0002126754572522331,Correct_or_Clear
RandomForest,4541,0,0,0.0002126754572522331,Correct_or_Clear
RandomForest,4542,0,0,0.0002126754572522331,Correct_or_Clear
RandomForest,4543,0,0,0.0002126754572522331,Correct_or_Clear
RandomForest,4544,0,0,0.0002126754572522331,Correct_or_Clear
RandomForest,4545,0,0,0.0002126754572522331,Correct_or_Clear
RandomForest,4546,0,0,0.0002126754572522331,Correct_or_Clear
RandomForest,4547,0,0,0.0002126754572522331,Correct_or_Clear
RandomForest,4548,0,0,0.0002126754572522331,Correct_or_Clear
RandomForest,4549,0,0,0.0002126754572522331,Correct_or_Clear
RandomForest,4550,0,0,0.0002126754572522331,Correct_or_Clear
RandomForest,4551,0,0,0.0002126754572522331,Correct_or_Clear
RandomForest,4552,0,0,0.0002126754572522331,Correct_or_Clear
RandomForest,4553,0,0,0.0002126754572522331,Correct_or_Clear
RandomForest,4554,0,0,0.0002126754572522331,Correct_or_Clear
RandomForest,4555,0,0,0.0002126754572522331,Correct_or_Clear
RandomForest,4556,0,0,0.0002126754572522331,Correct_or_Clear
RandomForest,4557,0,0,0.0002126754572522331,Correct_or_Clear
RandomForest,4558,0,0,0.0002126754572522331,Correct_or_Clear
RandomForest,4559,0,0,0.0002126754572522331,Correct_or_Clear
RandomForest,4560,0,0,0.0002126754572522331,Correct_or_Clear
RandomForest,4561,0,0,0.0002126754572522331,Correct_or_Clear
RandomForest,4562,0,0,0.0002126754572522331,Correct_or_Clear
RandomForest,4563,0,0,0.0002126754572522331,Correct_or_Clear
RandomForest,4564,0,0,0.0002126754572522331,Correct_or_Clear
RandomForest,4565,0,0,0.0002126754572522331,Correct_or_Clear
RandomForest,4566,0,0,0.0002126754572522331,Correct_or_Clear
RandomForest,4567,0,0,0.0002126754572522331,Correct_or_Clear
RandomForest,4568,0,0,0.0002126754572522331,Correct_or_Clear
RandomForest,4569,0,0,0.0002126754572522331,Correct_or_Clear
RandomForest,4570,0,0,0.0002126754572522331,Correct_or_Clear
RandomForest,4571,0,0,0.0002126754572522331,Correct_or_Clear
RandomForest,4572,0,0,0.0002126754572522331,Correct_or_Clear
RandomForest,4573,0,0,0.0002126754572522331,Correct_or_Clear
RandomForest,4574,0,0,0.0002126754572522331,Correct_or_Clear
RandomForest,4575,0,0,0.0002126754572522331,Correct_or_Clear
RandomForest,4576,0,0,0.0002126754572522331,Correct_or_Clear
RandomForest,4577,0,0,0.0002126754572522331,Correct_or_Clear
RandomForest,4578,0,0,0.0002126754572522331,Correct_or_Clear
RandomForest,4579,0,0,0.0002126754572522331,Correct_or_Clear
RandomForest,4580,0,0,0.0002126754572522331,Correct_or_Clear
RandomForest,4581,0,0,0.0002126754572522331,Correct_or_Clear
RandomForest,4582,0,0,0.0002126754572522331,Correct_or_Clear
RandomForest,4583,0,0,0.0002126754572522331,Correct_or_Clear
RandomForest,4584,0,0,0.0002126754572522331,Correct_or_Clear
RandomForest,4585,0,0,0.0002126754572522331,Correct_or_Clear
RandomForest,4586,0,0,0.0002126754572522331,Correct_or_Clear
RandomForest,4587,0,0,0.0002126754572522331,Correct_or_Clear
RandomForest,4588,0,0,0.0002126754572522331,Correct_or_Clear
RandomForest,4589,0,0,0.0002126754572522331,Correct_or_Clear
RandomForest,4590,0,0,0.0002126754572522331,Correct_or_Clear
RandomForest,4591,0,0,0.0002126754572522331,Correct_or_Clear
RandomForest,4592,0,0,0.0002126754572522331,Correct_or_Clear
RandomForest,4593,0,0,0.0002126754572522331,Correct_or_Clear
RandomForest,4594,0,0,0.0002126754572522331,Correct_or_Clear
RandomForest,4595,0,0,0.0002126754572522331,Correct_or_Clear
RandomForest,4596,0,0,0.0002126754572522331,Correct_or_Clear
RandomForest,4597,0,0,0.0002126754572522331,Correct_or_Clear
RandomForest,4598,0,0,0.0002126754572522331,Correct_or_Clear
RandomForest,4599,0,0,0.0002126754572522331,Correct_or_Clear
RandomForest,4600,0,0,0.0002126754572522331,Correct_or_Clear
RandomForest,4601,0,0,0.0002126754572522331,Correct_or_Clear
RandomForest,4602,0,0,0.0002126754572522331,Correct_or_Clear
RandomForest,4603,0,0,0.0002126754572522331,Correct_or_Clear
RandomForest,4604,0,0,0.0002126754572522331,Correct_or_Clear
RandomForest,4605,0,0,0.0002126754572522331,Correct_or_Clear
RandomForest,4606,0,0,0.0002126754572522331,Correct_or_Clear
RandomForest,4607,0,0,0.0002126754572522331,Correct_or_Clear
RandomForest,4608,0,0,0.0002126754572522331,Correct_or_Clear
RandomForest,4609,0,0,0.0002126754572522331,Correct_or_Clear
RandomForest,4610,0,0,0.0002126754572522331,Correct_or_Clear
RandomForest,4611,0,0,0.0002126754572522331,Correct_or_Clear
RandomForest,4612,0,0,0.0002126754572522331,Correct_or_Clear
RandomForest,4613,0,0,0.0002126754572522331,Correct_or_Clear
RandomForest,4614,0,0,0.0002126754572522331,Correct_or_Clear
RandomForest,4615,0,0,0.0002126754572522331,Correct_or_Clear
RandomForest,4616,0,0,0.0002126754572522331,Correct_or_Clear
RandomForest,4617,0,0,0.0002126754572522331,Correct_or_Clear
RandomForest,4618,0,0,0.0002126754572522331,Correct_or_Clear
RandomForest,4619,0,0,0.0002126754572522331,Correct_or_Clear
RandomForest,4620,0,0,0.0002126754572522331,Correct_or_Clear
RandomForest,4621,0,0,0.0002126754572522331,Correct_or_Clear
RandomForest,4622,0,0,0.0002126754572522331,Correct_or_Clear
RandomForest,4623,0,0,0.0002126754572522331,Correct_or_Clear
RandomForest,4624,0,0,0.0002126754572522331,Correct_or_Clear
RandomForest,4625,0,0,0.0002126754572522331,Correct_or_Clear
RandomForest,4626,0,0,0.0002126754572522331,Correct_or_Clear
RandomForest,4627,0,0,0.0002126754572522331,Correct_or_Clear
RandomForest,4628,0,0,0.0002126754572522331,Correct_or_Clear
RandomForest,4629,0,0,0.0002126754572522331,Correct_or_Clear
RandomForest,4630,0,0,0.0002126754572522331,Correct_or_Clear
RandomForest,4631,0,0,0.0002126754572522331,Correct_or_Clear
RandomForest,4632,0,0,0.0002126754572522331,Correct_or_Clear
RandomForest,4633,0,0,0.0002126754572522331,Correct_or_Clear
RandomForest,4634,0,0,0.0002126754572522331,Correct_or_Clear
RandomForest,4635,0,0,0.0002126754572522331,Correct_or_Clear
RandomForest,4636,0,0,0.0002126754572522331,Correct_or_Clear
RandomForest,4637,0,0,0.0002126754572522331,Correct_or_Clear
RandomForest,4638,0,0,0.0002126754572522331,Correct_or_Clear
RandomForest,4639,0,0,0.0002126754572522331,Correct_or_Clear
RandomForest,4640,0,0,0.0002126754572522331,Correct_or_Clear
RandomForest,4641,0,0,0.0002126754572522331,Correct_or_Clear
RandomForest,4642,0,0,0.0002126754572522331,Correct_or_Clear
RandomForest,4643,0,0,0.0002126754572522331,Correct_or_Clear
RandomForest,4644,0,0,0.0002126754572522331,Correct_or_Clear
RandomForest,4645,0,0,0.0002126754572522331,Correct_or_Clear
RandomForest,4646,0,0,0.0002126754572522331,Correct_or_Clear
RandomForest,4647,0,0,0.0002126754572522331,Correct_or_Clear
RandomForest,4648,0,0,0.0002126754572522331,Correct_or_Clear
RandomForest,4649,0,0,0.0002126754572522331,Correct_or_Clear
RandomForest,4650,0,0,0.0002126754572522331,Correct_or_Clear
RandomForest,4651,0,0,0.0002126754572522331,Correct_or_Clear
RandomForest,4652,0,0,0.0002126754572522331,Correct_or_Clear
RandomForest,4653,0,0,0.0002126754572522331,Correct_or_Clear
RandomForest,4654,0,0,0.0002126754572522331,Correct_or_Clear
RandomForest,4655,0,0,0.0002126754572522331,Correct_or_Clear
RandomForest,4656,0,0,0.0002126754572522331,Correct_or_Clear
RandomForest,4657,0,0,0.0002126754572522331,Correct_or_Clear
RandomForest,4658,0,0,0.0002126754572522331,Correct_or_Clear
RandomForest,4659,0,0,0.0002126754572522331,Correct_or_Clear
RandomForest,4660,0,0,0.0002126754572522331,Correct_or_Clear
RandomForest,4661,0,0,0.0002126754572522331,Correct_or_Clear
RandomForest,4662,0,0,0.0002126754572522331,Correct_or_Clear
RandomForest,4663,0,0,0.0002126754572522331,Correct_or_Clear
RandomForest,4664,0,0,0.0002126754572522331,Correct_or_Clear
RandomForest,4665,0,0,0.0002126754572522331,Correct_or_Clear
RandomForest,4666,0,0,0.0002126754572522331,Correct_or_Clear
RandomForest,4667,0,0,0.0002126754572522331,Correct_or_Clear
RandomForest,4668,0,0,0.0002126754572522331,Correct_or_Clear
RandomForest,4669,0,0,0.0002126754572522331,Correct_or_Clear
RandomForest,4670,0,0,0.0002126754572522331,Correct_or_Clear
RandomForest,4671,0,0,0.0002126754572522331,Correct_or_Clear
RandomForest,4672,0,0,0.0002126754572522331,Correct_or_Clear
RandomForest,4673,0,0,0.0002126754572522331,Correct_or_Clear
RandomForest,4674,0,0,0.0002126754572522331,Correct_or_Clear
RandomForest,4675,0,0,0.0002126754572522331,Correct_or_Clear
RandomForest,4676,0,0,0.0002126754572522331,Correct_or_Clear
RandomForest,4677,0,0,0.0002126754572522331,Correct_or_Clear
RandomForest,4678,0,0,0.0002126754572522331,Correct_or_Clear
RandomForest,4679,0,0,0.0002126754572522331,Correct_or_Clear
RandomForest,4680,0,0,0.0002126754572522331,Correct_or_Clear
RandomForest,4681,0,0,0.0002126754572522331,Correct_or_Clear
RandomForest,4682,0,0,0.0002126754572522331,Correct_or_Clear
RandomForest,4683,0,0,0.0002126754572522331,Correct_or_Clear
RandomForest,4684,0,0,0.0002126754572522331,Correct_or_Clear
RandomForest,4685,0,0,0.0002126754572522331,Correct_or_Clear
RandomForest,4686,0,0,0.0002126754572522331,Correct_or_Clear
RandomForest,4687,0,0,0.0002126754572522331,Correct_or_Clear
RandomForest,4688,0,0,0.0002126754572522331,Correct_or_Clear
RandomForest,4689,0,0,0.0002126754572522331,Correct_or_Clear
RandomForest,4690,0,0,0.0002126754572522331,Correct_or_Clear
RandomForest,4691,0,0,0.0002126754572522331,Correct_or_Clear
RandomForest,4692,0,0,0.0002126754572522331,Correct_or_Clear
RandomForest,4693,0,0,0.0002126754572522331,Correct_or_Clear
RandomForest,4694,0,0,0.0002126754572522331,Correct_or_Clear
RandomForest,4695,0,0,0.0002126754572522331,Correct_or_Clear
RandomForest,4696,0,0,0.0002126754572522331,Correct_or_Clear
RandomForest,4697,0,0,0.0002126754572522331,Correct_or_Clear
RandomForest,4698,0,0,0.0002126754572522331,Correct_or_Clear
RandomForest,4699,0,0,0.0002126754572522331,Correct_or_Clear
RandomForest,4700,0,0,0.0002126754572522331,Correct_or_Clear
RandomForest,4701,0,0,0.0002126754572522331,Correct_or_Clear
RandomForest,4702,1,1,1.0,Correct_or_Clear
RandomForest,4703,0,0,0.0002126754572522331,Correct_or_Clear
RandomForest,4704,0,0,0.0002126754572522331,Correct_or_Clear
RandomForest,4705,0,0,0.0002126754572522331,Correct_or_Clear
RandomForest,4706,0,0,0.0002126754572522331,Correct_or_Clear
RandomForest,4707,0,0,0.0002126754572522331,Correct_or_Clear
RandomForest,4708,0,0,0.0002126754572522331,Correct_or_Clear
RandomForest,4709,0,0,0.0002126754572522331,Correct_or_Clear
RandomForest,4710,0,0,0.0002126754572522331,Correct_or_Clear
RandomForest,4711,0,0,0.0002126754572522331,Correct_or_Clear
RandomForest,4712,0,0,0.0002126754572522331,Correct_or_Clear
RandomForest,4713,0,0,0.0002126754572522331,Correct_or_Clear
RandomForest,4714,0,0,0.0002126754572522331,Correct_or_Clear
RandomForest,4715,0,0,0.0002126754572522331,Correct_or_Clear
RandomForest,4716,1,1,1.0,Correct_or_Clear
RandomForest,4717,1,1,1.0,Correct_or_Clear
RandomForest,4718,0,0,0.0002126754572522331,Correct_or_Clear
RandomForest,4719,0,0,0.0002126754572522331,Correct_or_Clear
RandomForest,4720,0,0,0.0002126754572522331,Correct_or_Clear
RandomForest,4721,0,0,0.0002126754572522331,Correct_or_Clear
RandomForest,4722,0,0,0.0002126754572522331,Correct_or_Clear
RandomForest,4723,0,0,0.0002126754572522331,Correct_or_Clear
RandomForest,4724,1,1,1.0,Correct_or_Clear
RandomForest,4725,1,1,1.0,Correct_or_Clear
RandomForest,4726,0,0,0.0002126754572522331,Correct_or_Clear
RandomForest,4727,1,1,1.0,Correct_or_Clear
RandomForest,4728,0,0,0.0002126754572522331,Correct_or_Clear
RandomForest,4729,1,1,1.0,Correct_or_Clear
RandomForest,4730,0,0,0.0002126754572522331,Correct_or_Clear
RandomForest,4731,0,0,0.0002126754572522331,Correct_or_Clear
RandomForest,4732,0,0,0.0002126754572522331,Correct_or_Clear
RandomForest,4733,0,0,0.0002126754572522331,Correct_or_Clear
RandomForest,4734,0,0,0.0002126754572522331,Correct_or_Clear
RandomForest,4735,0,0,0.0002126754572522331,Correct_or_Clear
RandomForest,4736,0,0,0.0002126754572522331,Correct_or_Clear
RandomForest,4737,0,0,0.0002126754572522331,Correct_or_Clear
RandomForest,4738,0,0,0.0002126754572522331,Correct_or_Clear
RandomForest,4739,0,0,0.0002126754572522331,Correct_or_Clear
RandomForest,4740,0,0,0.0002126754572522331,Correct_or_Clear
RandomForest,4741,0,0,0.0002126754572522331,Correct_or_Clear
RandomForest,4742,0,0,0.0002126754572522331,Correct_or_Clear
RandomForest,4743,0,0,0.0002126754572522331,Correct_or_Clear
RandomForest,4744,0,0,0.0002126754572522331,Correct_or_Clear
RandomForest,4745,0,0,0.0002126754572522331,Correct_or_Clear
RandomForest,4746,0,0,0.0002126754572522331,Correct_or_Clear
RandomForest,4747,0,0,0.0002126754572522331,Correct_or_Clear
RandomForest,4748,0,0,0.0002126754572522331,Correct_or_Clear
RandomForest,4749,0,0,0.0002126754572522331,Correct_or_Clear
RandomForest,4750,0,0,0.0002126754572522331,Correct_or_Clear
RandomForest,4751,0,0,0.0002126754572522331,Correct_or_Clear
RandomForest,4752,0,0,0.0002126754572522331,Correct_or_Clear
RandomForest,4753,0,0,0.0002126754572522331,Correct_or_Clear
RandomForest,4754,0,0,0.0002126754572522331,Correct_or_Clear
RandomForest,4755,0,0,0.0002126754572522331,Correct_or_Clear
RandomForest,4756,0,0,0.0002126754572522331,Correct_or_Clear
RandomForest,4757,0,0,0.0002126754572522331,Correct_or_Clear
RandomForest,4758,0,0,0.0002126754572522331,Correct_or_Clear
RandomForest,4759,0,0,0.0002126754572522331,Correct_or_Clear
RandomForest,4760,0,0,0.0002126754572522331,Correct_or_Clear
RandomForest,4761,0,0,0.0002126754572522331,Correct_or_Clear
RandomForest,4762,0,0,0.0002126754572522331,Correct_or_Clear
RandomForest,4763,0,0,0.0002126754572522331,Correct_or_Clear
RandomForest,4764,0,0,0.0002126754572522331,Correct_or_Clear
RandomForest,4765,1,1,1.0,Correct_or_Clear
RandomForest,4766,0,0,0.0002126754572522331,Correct_or_Clear
RandomForest,4767,0,0,0.0002126754572522331,Correct_or_Clear
RandomForest,4768,0,0,0.0002126754572522331,Correct_or_Clear
RandomForest,4769,0,0,0.0002126754572522331,Correct_or_Clear
RandomForest,4770,0,0,0.0002126754572522331,Correct_or_Clear
RandomForest,4771,0,0,0.0002126754572522331,Correct_or_Clear
RandomForest,4772,0,0,0.0002126754572522331,Correct_or_Clear
RandomForest,4773,0,0,0.0002126754572522331,Correct_or_Clear
RandomForest,4774,0,0,0.0002126754572522331,Correct_or_Clear
RandomForest,4775,0,0,0.0002126754572522331,Correct_or_Clear
RandomForest,4776,0,0,0.0002126754572522331,Correct_or_Clear
RandomForest,4777,0,0,0.0002126754572522331,Correct_or_Clear
RandomForest,4778,0,0,0.0002126754572522331,Correct_or_Clear
RandomForest,4779,0,0,0.0002126754572522331,Correct_or_Clear
RandomForest,4780,0,0,0.0002126754572522331,Correct_or_Clear
RandomForest,4781,0,0,0.0002126754572522331,Correct_or_Clear
RandomForest,4782,0,0,0.0002126754572522331,Correct_or_Clear
RandomForest,4783,0,0,0.0002126754572522331,Correct_or_Clear
RandomForest,4784,0,0,0.0002126754572522331,Correct_or_Clear
RandomForest,4785,0,0,0.0002126754572522331,Correct_or_Clear
RandomForest,4786,0,0,0.0002126754572522331,Correct_or_Clear
RandomForest,4787,0,0,0.0002126754572522331,Correct_or_Clear
RandomForest,4788,0,0,0.0002126754572522331,Correct_or_Clear
RandomForest,4789,0,0,0.0002126754572522331,Correct_or_Clear
RandomForest,4790,0,0,0.0002126754572522331,Correct_or_Clear
RandomForest,4791,0,0,0.0002126754572522331,Correct_or_Clear
RandomForest,4792,0,0,0.0002126754572522331,Correct_or_Clear
RandomForest,4793,0,0,0.0002126754572522331,Correct_or_Clear
RandomForest,4794,0,0,0.0002126754572522331,Correct_or_Clear
RandomForest,4795,0,0,0.0002126754572522331,Correct_or_Clear
RandomForest,4796,0,0,0.0002126754572522331,Correct_or_Clear
RandomForest,4797,0,0,0.0002126754572522331,Correct_or_Clear
RandomForest,4798,0,0,0.0002126754572522331,Correct_or_Clear
RandomForest,4799,0,0,0.0002126754572522331,Correct_or_Clear
RandomForest,4800,0,0,0.0002126754572522331,Correct_or_Clear
RandomForest,4801,0,0,0.0002126754572522331,Correct_or_Clear
RandomForest,4802,1,1,1.0,Correct_or_Clear
RandomForest,4803,0,0,0.0002126754572522331,Correct_or_Clear
RandomForest,4804,0,0,0.0002126754572522331,Correct_or_Clear
RandomForest,4805,0,0,0.0002126754572522331,Correct_or_Clear
RandomForest,4806,0,0,0.0002126754572522331,Correct_or_Clear
RandomForest,4807,0,0,0.0002126754572522331,Correct_or_Clear
RandomForest,4808,0,0,0.0002126754572522331,Correct_or_Clear
RandomForest,4809,0,0,0.0002126754572522331,Correct_or_Clear
RandomForest,4810,0,0,0.0002126754572522331,Correct_or_Clear
RandomForest,4811,0,0,0.0002126754572522331,Correct_or_Clear
RandomForest,4812,0,0,0.0002126754572522331,Correct_or_Clear
RandomForest,4813,0,0,0.0002126754572522331,Correct_or_Clear
RandomForest,4814,0,0,0.0002126754572522331,Correct_or_Clear
RandomForest,4815,0,0,0.0002126754572522331,Correct_or_Clear
RandomForest,4816,0,0,0.0002126754572522331,Correct_or_Clear
RandomForest,4817,0,0,0.0002126754572522331,Correct_or_Clear
RandomForest,4818,0,0,0.0002126754572522331,Correct_or_Clear
RandomForest,4819,0,0,0.0002126754572522331,Correct_or_Clear
RandomForest,4820,0,0,0.0002126754572522331,Correct_or_Clear
RandomForest,4821,0,0,0.0002126754572522331,Correct_or_Clear
RandomForest,4822,0,0,0.0002126754572522331,Correct_or_Clear
RandomForest,4823,0,0,0.0002126754572522331,Correct_or_Clear
RandomForest,4824,0,0,0.0002126754572522331,Correct_or_Clear
RandomForest,4825,0,0,0.0002126754572522331,Correct_or_Clear
RandomForest,4826,0,0,0.0002126754572522331,Correct_or_Clear
RandomForest,4827,0,0,0.0002126754572522331,Correct_or_Clear
RandomForest,4828,0,0,0.0002126754572522331,Correct_or_Clear
RandomForest,4829,0,0,0.0002126754572522331,Correct_or_Clear
RandomForest,4830,0,0,0.0002126754572522331,Correct_or_Clear
RandomForest,4831,0,0,0.0002126754572522331,Correct_or_Clear
RandomForest,4832,0,0,0.0002126754572522331,Correct_or_Clear
RandomForest,4833,0,0,0.0002126754572522331,Correct_or_Clear
RandomForest,4834,1,1,1.0,Correct_or_Clear
RandomForest,4835,0,0,0.0002126754572522331,Correct_or_Clear
RandomForest,4836,0,0,0.0002126754572522331,Correct_or_Clear
RandomForest,4837,0,0,0.0002126754572522331,Correct_or_Clear
RandomForest,4838,0,0,0.0002126754572522331,Correct_or_Clear
RandomForest,4839,0,0,0.0002126754572522331,Correct_or_Clear
RandomForest,4840,0,0,0.0002126754572522331,Correct_or_Clear
RandomForest,4841,0,0,0.0002126754572522331,Correct_or_Clear
RandomForest,4842,0,0,0.0002126754572522331,Correct_or_Clear
RandomForest,4843,0,0,0.0002126754572522331,Correct_or_Clear
RandomForest,4844,0,0,0.0002126754572522331,Correct_or_Clear
RandomForest,4845,0,0,0.0002126754572522331,Correct_or_Clear
RandomForest,4846,0,0,0.0002126754572522331,Correct_or_Clear
RandomForest,4847,0,0,0.0002126754572522331,Correct_or_Clear
RandomForest,4848,1,1,1.0,Correct_or_Clear
RandomForest,4849,0,0,0.0002126754572522331,Correct_or_Clear
RandomForest,4850,0,0,0.0002126754572522331,Correct_or_Clear
RandomForest,4851,0,0,0.0002126754572522331,Correct_or_Clear
RandomForest,4852,0,0,0.0002126754572522331,Correct_or_Clear
RandomForest,4853,0,0,0.0002126754572522331,Correct_or_Clear
RandomForest,4854,0,0,0.0002126754572522331,Correct_or_Clear
RandomForest,4855,0,0,0.0002126754572522331,Correct_or_Clear
RandomForest,4856,0,0,0.0002126754572522331,Correct_or_Clear
RandomForest,4857,0,0,0.0002126754572522331,Correct_or_Clear
RandomForest,4858,0,0,0.0002126754572522331,Correct_or_Clear
RandomForest,4859,0,0,0.0002126754572522331,Correct_or_Clear
RandomForest,4860,0,0,0.0002126754572522331,Correct_or_Clear
RandomForest,4861,0,0,0.0002126754572522331,Correct_or_Clear
RandomForest,4862,0,0,0.0002126754572522331,Correct_or_Clear
RandomForest,4863,0,0,0.0002126754572522331,Correct_or_Clear
RandomForest,4864,0,0,0.0002126754572522331,Correct_or_Clear
RandomForest,4865,0,0,0.0002126754572522331,Correct_or_Clear
RandomForest,4866,0,0,0.0002126754572522331,Correct_or_Clear
RandomForest,4867,0,0,0.0002126754572522331,Correct_or_Clear
RandomForest,4868,0,0,0.0002126754572522331,Correct_or_Clear
RandomForest,4869,0,0,0.0002126754572522331,Correct_or_Clear
RandomForest,4870,0,0,0.0002126754572522331,Correct_or_Clear
RandomForest,4871,0,0,0.0002126754572522331,Correct_or_Clear
RandomForest,4872,0,0,0.0002126754572522331,Correct_or_Clear
RandomForest,4873,0,0,0.0002126754572522331,Correct_or_Clear
RandomForest,4874,0,0,0.0002126754572522331,Correct_or_Clear
RandomForest,4875,0,0,0.0002126754572522331,Correct_or_Clear
RandomForest,4876,0,0,0.0002126754572522331,Correct_or_Clear
RandomForest,4877,0,0,0.0002126754572522331,Correct_or_Clear
RandomForest,4878,0,0,0.0002126754572522331,Correct_or_Clear
RandomForest,4879,0,0,0.0002126754572522331,Correct_or_Clear
RandomForest,4880,0,0,0.0002126754572522331,Correct_or_Clear
RandomForest,4881,0,0,0.0002126754572522331,Correct_or_Clear
RandomForest,4882,0,0,0.0002126754572522331,Correct_or_Clear
RandomForest,4883,0,0,0.0002126754572522331,Correct_or_Clear
RandomForest,4884,0,0,0.0002126754572522331,Correct_or_Clear
RandomForest,4885,0,0,0.0002126754572522331,Correct_or_Clear
RandomForest,4886,0,0,0.0002126754572522331,Correct_or_Clear
RandomForest,4887,0,0,0.0002126754572522331,Correct_or_Clear
RandomForest,4888,0,0,0.0002126754572522331,Correct_or_Clear
RandomForest,4889,0,0,0.0002126754572522331,Correct_or_Clear
RandomForest,4890,0,0,0.0002126754572522331,Correct_or_Clear
RandomForest,4891,0,0,0.0002126754572522331,Correct_or_Clear
RandomForest,4892,0,0,0.0002126754572522331,Correct_or_Clear
RandomForest,4893,0,0,0.0002126754572522331,Correct_or_Clear
RandomForest,4894,0,0,0.0002126754572522331,Correct_or_Clear
RandomForest,4895,0,0,0.0002126754572522331,Correct_or_Clear
RandomForest,4896,0,0,0.0002126754572522331,Correct_or_Clear
RandomForest,4897,0,0,0.0002126754572522331,Correct_or_Clear
RandomForest,4898,0,0,0.0002126754572522331,Correct_or_Clear
RandomForest,4899,0,0,0.0002126754572522331,Correct_or_Clear
RandomForest,4900,0,0,0.0002126754572522331,Correct_or_Clear
RandomForest,4901,0,0,0.0002126754572522331,Correct_or_Clear
RandomForest,4902,0,0,0.0002126754572522331,Correct_or_Clear
RandomForest,4903,0,0,0.0002126754572522331,Correct_or_Clear
RandomForest,4904,0,0,0.0002126754572522331,Correct_or_Clear
RandomForest,4905,1,1,1.0,Correct_or_Clear
RandomForest,4906,0,0,0.0002126754572522331,Correct_or_Clear
RandomForest,4907,0,0,0.0002126754572522331,Correct_or_Clear
RandomForest,4908,0,0,0.0002126754572522331,Correct_or_Clear
RandomForest,4909,0,0,0.0002126754572522331,Correct_or_Clear
RandomForest,4910,0,0,0.0002126754572522331,Correct_or_Clear
RandomForest,4911,0,0,0.0002126754572522331,Correct_or_Clear
RandomForest,4912,0,0,0.0002126754572522331,Correct_or_Clear
RandomForest,4913,0,0,0.0002126754572522331,Correct_or_Clear
RandomForest,4914,0,0,0.0002126754572522331,Correct_or_Clear
RandomForest,4915,0,0,0.0002126754572522331,Correct_or_Clear
RandomForest,4916,0,0,0.0002126754572522331,Correct_or_Clear
RandomForest,4917,0,0,0.0002126754572522331,Correct_or_Clear
RandomForest,4918,0,0,0.0002126754572522331,Correct_or_Clear
RandomForest,4919,0,0,0.0002126754572522331,Correct_or_Clear
RandomForest,4920,0,0,0.0002126754572522331,Correct_or_Clear
RandomForest,4921,0,0,0.0002126754572522331,Correct_or_Clear
RandomForest,4922,0,0,0.0002126754572522331,Correct_or_Clear
RandomForest,4923,0,0,0.0002126754572522331,Correct_or_Clear
RandomForest,4924,0,0,0.0002126754572522331,Correct_or_Clear
RandomForest,4925,0,0,0.0002126754572522331,Correct_or_Clear
RandomForest,4926,1,1,1.0,Correct_or_Clear
RandomForest,4927,0,0,0.0002126754572522331,Correct_or_Clear
RandomForest,4928,0,0,0.0002126754572522331,Correct_or_Clear
RandomForest,4929,0,0,0.0002126754572522331,Correct_or_Clear
RandomForest,4930,0,0,0.0002126754572522331,Correct_or_Clear
RandomForest,4931,0,0,0.0002126754572522331,Correct_or_Clear
RandomForest,4932,0,0,0.0002126754572522331,Correct_or_Clear
RandomForest,4933,0,0,0.0002126754572522331,Correct_or_Clear
RandomForest,4934,0,0,0.0002126754572522331,Correct_or_Clear
RandomForest,4935,0,0,0.0002126754572522331,Correct_or_Clear
RandomForest,4936,0,0,0.0002126754572522331,Correct_or_Clear
RandomForest,4937,0,0,0.0002126754572522331,Correct_or_Clear
RandomForest,4938,0,0,0.0002126754572522331,Correct_or_Clear
RandomForest,4939,0,0,0.0002126754572522331,Correct_or_Clear
RandomForest,4940,0,0,0.0002126754572522331,Correct_or_Clear
RandomForest,4941,0,0,0.0002126754572522331,Correct_or_Clear
RandomForest,4942,0,0,0.0002126754572522331,Correct_or_Clear
RandomForest,4943,0,0,0.0002126754572522331,Correct_or_Clear
RandomForest,4944,0,0,0.0002126754572522331,Correct_or_Clear
RandomForest,4945,0,0,0.0002126754572522331,Correct_or_Clear
RandomForest,4946,0,0,0.0002126754572522331,Correct_or_Clear
RandomForest,4947,0,0,0.0002126754572522331,Correct_or_Clear
RandomForest,4948,0,0,0.0002126754572522331,Correct_or_Clear
RandomForest,4949,0,0,0.0002126754572522331,Correct_or_Clear
RandomForest,4950,0,0,0.0002126754572522331,Correct_or_Clear
RandomForest,4951,0,0,0.0002126754572522331,Correct_or_Clear
RandomForest,4952,0,0,0.0002126754572522331,Correct_or_Clear
RandomForest,4953,0,0,0.0002126754572522331,Correct_or_Clear
RandomForest,4954,0,0,0.0002126754572522331,Correct_or_Clear
RandomForest,4955,0,0,0.0002126754572522331,Correct_or_Clear
RandomForest,4956,0,0,0.0002126754572522331,Correct_or_Clear
RandomForest,4957,0,0,0.0002126754572522331,Correct_or_Clear
RandomForest,4958,0,0,0.0002126754572522331,Correct_or_Clear
RandomForest,4959,0,0,0.0002126754572522331,Correct_or_Clear
RandomForest,4960,0,0,0.0002126754572522331,Correct_or_Clear
RandomForest,4961,0,0,0.0002126754572522331,Correct_or_Clear
RandomForest,4962,0,0,0.0002126754572522331,Correct_or_Clear
RandomForest,4963,0,0,0.0002126754572522331,Correct_or_Clear
RandomForest,4964,0,0,0.0002126754572522331,Correct_or_Clear
RandomForest,4965,0,0,0.0002126754572522331,Correct_or_Clear
RandomForest,4966,0,0,0.0002126754572522331,Correct_or_Clear
RandomForest,4967,0,0,0.0002126754572522331,Correct_or_Clear
RandomForest,4968,0,0,0.0002126754572522331,Correct_or_Clear
RandomForest,4969,0,0,0.0002126754572522331,Correct_or_Clear
RandomForest,4970,0,0,0.0002126754572522331,Correct_or_Clear
RandomForest,4971,0,0,0.0002126754572522331,Correct_or_Clear
RandomForest,4972,0,0,0.0002126754572522331,Correct_or_Clear
RandomForest,4973,0,0,0.0002126754572522331,Correct_or_Clear
RandomForest,4974,0,0,0.0002126754572522331,Correct_or_Clear
RandomForest,4975,0,0,0.0002126754572522331,Correct_or_Clear
RandomForest,4976,0,0,0.0002126754572522331,Correct_or_Clear
RandomForest,4977,0,0,0.0002126754572522331,Correct_or_Clear
RandomForest,4978,0,0,0.0002126754572522331,Correct_or_Clear
RandomForest,4979,0,0,0.0002126754572522331,Correct_or_Clear
RandomForest,4980,0,0,0.0002126754572522331,Correct_or_Clear
RandomForest,4981,0,0,0.0002126754572522331,Correct_or_Clear
RandomForest,4982,0,0,0.0002126754572522331,Correct_or_Clear
RandomForest,4983,0,0,0.0002126754572522331,Correct_or_Clear
RandomForest,4984,0,0,0.0002126754572522331,Correct_or_Clear
RandomForest,4985,0,0,0.0002126754572522331,Correct_or_Clear
RandomForest,4986,0,0,0.0002126754572522331,Correct_or_Clear
RandomForest,4987,0,0,0.0002126754572522331,Correct_or_Clear
RandomForest,4988,0,0,0.0002126754572522331,Correct_or_Clear
RandomForest,4989,0,0,0.0002126754572522331,Correct_or_Clear
RandomForest,4990,0,0,0.0002126754572522331,Correct_or_Clear
RandomForest,4991,0,0,0.0002126754572522331,Correct_or_Clear
RandomForest,4992,0,0,0.0002126754572522331,Correct_or_Clear
RandomForest,4993,0,0,0.0002126754572522331,Correct_or_Clear
RandomForest,4994,0,0,0.0002126754572522331,Correct_or_Clear
RandomForest,4995,0,0,0.0002126754572522331,Correct_or_Clear
RandomForest,4996,1,1,1.0,Correct_or_Clear
RandomForest,4997,0,0,0.0002126754572522331,Correct_or_Clear
RandomForest,4998,0,0,0.0002126754572522331,Correct_or_Clear
RandomForest,4999,1,1,1.0,Correct_or_Clear
RandomForest,5000,1,1,1.0,Correct_or_Clear
RandomForest,5001,0,0,0.0002126754572522331,Correct_or_Clear
RandomForest,5002,0,0,0.0002126754572522331,Correct_or_Clear
RandomForest,5003,1,1,1.0,Correct_or_Clear
