test_index,threat_key,threat_event,calibrated_probability,likelihood,impact_confidentiality,impact_integrity,impact_availability,impact_overall,risk_score,risk_level,impact_method,timestamp,event_type,event_category,log_level,status,anomaly_reason,user_email_hash,user_domain_type,role,ip_address,url_module,hour,is_off_hours,sess_events_per_hour,ip_events_per_hour,anomaly_reason_reference,top3_features,top3_shap_values,operational_triage
8,application_error,System/application error anomaly,1.0,5,1,2,3,2,10,High,weighted,2026-02-28 12:51:05,Login Auth Error: Trailing data,error,ERROR,,auth_error_event,,unknown,,,,12,0,0,0,auth_error_event,is_error|ip_events_per_hour|isolation_forest_score,7.596943|-2.288436|1.447763,P2_analyst_review
44,application_error,System/application error anomaly,1.0,5,1,2,3,2,10,High,weighted,2026-02-28 13:16:52,Error syncing mahasiswa from PDDIKTI: cURL error 28: Operation timed out after 30002 milliseconds wi,error,ERROR,,error_level,,unknown,,,,13,0,0,0,error_level,is_error|ip_events_per_hour|isolation_forest_score,7.661398|-2.512377|1.950159,P2_analyst_review
66,application_error,System/application error anomaly,1.0,5,1,2,3,2,10,High,weighted,2026-02-28 13:32:50,Error syncing mahasiswa from PDDIKTI: cURL error 28: Operation timed out after 30001 milliseconds wi,error,ERROR,,error_level,,unknown,,,,13,0,0,0,error_level,is_error|ip_events_per_hour|isolation_forest_score,7.660543|-2.506799|1.938160,P2_analyst_review
106,database_probing,Database probing / SQL injection attempt,1.0,5,3,4,3,3,15,Very High,weighted,2026-02-28 14:15:43,Login Auth Error: SQLSTATE[23000]: Integrity constraint violation: 1062 Duplicate entry 'a22100096@m,error,ERROR,,auth_error_event,,unknown,,,,14,0,0,0,auth_error_event,is_error|ip_events_per_hour|isolation_forest_score,7.700051|-2.219857|1.328034,P1_immediate_investigation
108,database_probing,Database probing / SQL injection attempt,1.0,5,3,4,3,3,15,Very High,weighted,2026-02-28 14:16:37,Login Auth Error: SQLSTATE[23000]: Integrity constraint violation: 1062 Duplicate entry 'a22100096@m,error,ERROR,,auth_error_event,,unknown,,,,14,0,0,0,auth_error_event,is_error|ip_events_per_hour|isolation_forest_score,7.693984|-2.235381|1.350580,P1_immediate_investigation
110,database_probing,Database probing / SQL injection attempt,1.0,5,3,4,3,3,15,Very High,weighted,2026-02-28 14:17:30,Login Auth Error: SQLSTATE[23000]: Integrity constraint violation: 1062 Duplicate entry 'a22100096@m,error,ERROR,,auth_error_event,,unknown,,,,14,0,0,0,auth_error_event,is_error|ip_events_per_hour|isolation_forest_score,7.700051|-2.235523|1.358740,P1_immediate_investigation
113,database_probing,Database probing / SQL injection attempt,1.0,5,3,4,3,3,15,Very High,weighted,2026-02-28 14:21:55,Login Auth Error: SQLSTATE[23000]: Integrity constraint violation: 1062 Duplicate entry 'a22100096@m,error,ERROR,,auth_error_event,,unknown,,,,14,0,0,0,auth_error_event,is_error|ip_events_per_hour|isolation_forest_score,7.691853|-2.235506|1.361580,P1_immediate_investigation
115,application_error,System/application error anomaly,1.0,5,1,2,3,2,10,High,weighted,2026-02-28 14:22:54,Login Auth Error: Unexpected data found.,error,ERROR,,auth_error_event,,unknown,,,,14,0,0,0,auth_error_event,is_error|ip_events_per_hour|isolation_forest_score,7.691853|-2.235747|1.359168,P2_analyst_review
119,application_error,System/application error anomaly,1.0,5,1,2,3,2,10,High,weighted,2026-02-28 14:24:28,Login Auth Error: A two digit month could not be found,error,ERROR,,auth_error_event,,unknown,,,,14,0,0,0,auth_error_event,is_error|ip_events_per_hour|isolation_forest_score,7.691853|-2.235747|1.361061,P2_analyst_review
120,application_error,System/application error anomaly,1.0,5,1,2,3,2,10,High,weighted,2026-02-28 14:25:46,Login Auth Error: Unexpected data found.,error,ERROR,,auth_error_event,,unknown,,,,14,0,0,0,auth_error_event,is_error|ip_events_per_hour|isolation_forest_score,7.691853|-2.235747|1.361061,P2_analyst_review
121,application_error,System/application error anomaly,1.0,5,1,2,3,2,10,High,weighted,2026-02-28 14:26:08,Login Auth Error: Unexpected data found.,error,ERROR,,auth_error_event,,unknown,,,,14,0,0,0,auth_error_event,is_error|ip_events_per_hour|isolation_forest_score,7.691853|-2.235747|1.361061,P2_analyst_review
122,application_error,System/application error anomaly,1.0,5,1,2,3,2,10,High,weighted,2026-02-28 14:28:16,Login Auth Error: Unexpected data found.,error,ERROR,,auth_error_event,,unknown,,,,14,0,0,0,auth_error_event,is_error|ip_events_per_hour|isolation_forest_score,7.691848|-2.235914|1.368359,P2_analyst_review
127,application_error,System/application error anomaly,1.0,5,1,2,3,2,10,High,weighted,2026-02-28 14:30:11,Login Auth Error: Unexpected data found.,error,ERROR,,auth_error_event,,unknown,,,,14,0,0,0,auth_error_event,is_error|ip_events_per_hour|isolation_forest_score,7.693230|-2.235991|1.372049,P2_analyst_review
129,application_error,System/application error anomaly,1.0,5,1,2,3,2,10,High,weighted,2026-02-28 14:31:48,Login Auth Error: Unexpected data found.,error,ERROR,,auth_error_event,,unknown,,,,14,0,0,0,auth_error_event,is_error|ip_events_per_hour|isolation_forest_score,7.693230|-2.235991|1.364788,P2_analyst_review
134,application_error,System/application error anomaly,1.0,5,1,2,3,2,10,High,weighted,2026-02-28 14:35:18,Sync Error Class ID aed566f1-f2d6-494e-b675-751c844c5791: Koneksi ke PDDIKTI Timeout (RTO) atau Gate,error,ERROR,,error_level,,unknown,,,,14,0,0,0,error_level,is_error|ip_events_per_hour|isolation_forest_score,7.659977|-2.505833|1.943250,P2_analyst_review
140,application_error,System/application error anomaly,1.0,5,1,2,3,2,10,High,weighted,2026-02-28 14:39:12,Error syncing mahasiswa from PDDIKTI: cURL error 28: Operation timed out after 30001 milliseconds wi,error,ERROR,,error_level,,unknown,,,,14,0,0,0,error_level,is_error|ip_events_per_hour|isolation_forest_score,7.659977|-2.506638|1.939641,P2_analyst_review
147,application_error,System/application error anomaly,1.0,5,1,2,3,2,10,High,weighted,2026-02-28 14:42:53,Sync Error Class ID de4506c7-6489-41ba-8727-d887024c32be: Koneksi ke PDDIKTI Timeout (RTO) atau Gate,error,ERROR,,error_level,,unknown,,,,14,0,0,0,error_level,is_error|ip_events_per_hour|isolation_forest_score,7.660334|-2.505592|1.943605,P2_analyst_review
149,application_error,System/application error anomaly,1.0,5,1,2,3,2,10,High,weighted,2026-02-28 14:43:48,Sync Error Class ID b92e199c-c4e3-4015-af4d-504363e9bd76: Koneksi ke PDDIKTI Timeout (RTO) atau Gate,error,ERROR,,error_level,,unknown,,,,14,0,0,0,error_level,is_error|ip_events_per_hour|isolation_forest_score,7.660334|-2.505592|1.947061,P2_analyst_review
157,application_error,System/application error anomaly,1.0,5,1,2,3,2,10,High,weighted,2026-02-28 14:53:14,Login Auth Error: Trailing data,error,ERROR,,auth_error_event,,unknown,,,,14,0,0,0,auth_error_event,is_error|ip_events_per_hour|isolation_forest_score,7.622325|-2.299291|1.642498,P2_analyst_review
162,application_error,System/application error anomaly,1.0,5,1,2,3,2,10,High,weighted,2026-02-28 14:56:02,Login Auth Error: Trailing data,error,ERROR,,auth_error_event,,unknown,,,,14,0,0,0,auth_error_event,is_error|ip_events_per_hour|isolation_forest_score,7.705188|-2.269596|1.719322,P2_analyst_review
187,database_probing,Database probing / SQL injection attempt,1.0,5,3,4,3,3,15,Very High,weighted,2026-02-28 15:20:46,Login Auth Error: SQLSTATE[23000]: Integrity constraint violation: 1062 Duplicate entry 'a22100096@m,error,ERROR,,auth_error_event,,unknown,,,,15,0,0,0,auth_error_event,is_error|ip_events_per_hour|isolation_forest_score,7.600924|-2.305263|1.430788,P1_immediate_investigation
203,application_error,System/application error anomaly,1.0,5,1,2,3,2,10,High,weighted,2026-02-28 15:36:05,Login Auth Error: Trailing data,error,ERROR,,auth_error_event,,unknown,,,,15,0,0,0,auth_error_event,is_error|ip_events_per_hour|isolation_forest_score,7.600924|-2.305954|1.436983,P2_analyst_review
231,application_error,System/application error anomaly,1.0,5,1,2,3,2,10,High,weighted,2026-02-28 16:37:02,Login Auth Error: Not enough data available to satisfy format,error,ERROR,,auth_error_event,,unknown,,,,16,0,0,0,auth_error_event,is_error|ip_events_per_hour|isolation_forest_score,7.596052|-2.328360|1.476257,P2_analyst_review
276,application_error,System/application error anomaly,1.0,5,1,2,3,2,10,High,weighted,2026-02-28 18:26:06,Login Auth Error: Not enough data available to satisfy format,error,ERROR,,auth_error_event,,unknown,,,,18,0,0,0,auth_error_event,is_error|hour|isolation_forest_score,7.600924|-1.716050|1.051785,P2_analyst_review
317,application_error,System/application error anomaly,1.0,5,1,2,3,2,10,High,weighted,2026-02-28 19:29:38,Login Auth Error: Not enough data available to satisfy format,error,ERROR,,auth_error_event,,unknown,,,,19,0,0,0,auth_error_event,is_error|hour|isolation_forest_score,7.596048|-1.709321|1.112478,P2_analyst_review
461,offhours_access,Unauthorized after-hours access,1.0,5,4,3,1,3,15,Very High,weighted,2026-03-01 00:20:08,Google OAuth Redirect Initiated,auth_attempt,INFO,,offhours_access,,unknown,,10.11.228.1,,0,1,0,1,offhours_access,isolation_forest_score|hour|ip_events_per_hour,5.026570|2.694175|1.415631,P1_immediate_investigation
464,offhours_access,Unauthorized after-hours access,0.9962467302403063,5,4,3,1,3,15,Very High,weighted,2026-03-01 00:29:16,Sync Error Class ID bf942932-69eb-42e4-b255-a3abfea69f0a: Koneksi ke PDDIKTI Timeout (RTO) atau Gate,error,ERROR,,error_level,,unknown,,,,0,1,0,0,error_level,is_error|ip_events_per_hour|isolation_forest_score,7.430674|-3.597356|1.941771,P1_immediate_investigation
473,offhours_access,Unauthorized after-hours access,0.9956445600560956,5,4,3,1,3,15,Very High,weighted,2026-03-01 00:52:10,Sync Error Class ID 757ca189-a1bd-4d0d-8eb4-fcf815be50f1: API Error UpdateKelasKuliah: Tidak bisa me,error,ERROR,,error_level,,unknown,,,,0,1,0,0,error_level,is_error|ip_events_per_hour|isolation_forest_score,7.432673|-3.526724|1.934410,P1_immediate_investigation
478,offhours_access,Unauthorized after-hours access,1.0,5,4,3,1,3,15,Very High,weighted,2026-03-01 01:04:56,Google OAuth Redirect Initiated,auth_attempt,INFO,,offhours_access,,unknown,,10.11.228.1,,1,1,0,1,offhours_access,isolation_forest_score|hour|ip_events_per_hour,5.123309|2.742865|1.368041,P1_immediate_investigation
491,offhours_access,Unauthorized after-hours access,1.0,5,4,3,1,3,15,Very High,weighted,2026-03-01 01:59:34,Login Auth Error: Trailing data,error,ERROR,,auth_error_event,,unknown,,,,1,1,0,0,auth_error_event,is_error|ip_events_per_hour|isolation_forest_score,7.293054|-3.154327|2.289913,P1_immediate_investigation
492,offhours_access,Unauthorized after-hours access,1.0,5,4,3,1,3,15,Very High,weighted,2026-03-01 02:00:12,Login Auth Error: Trailing data,error,ERROR,,auth_error_event,,unknown,,,,2,1,0,0,auth_error_event,is_error|ip_events_per_hour|isolation_forest_score,7.293054|-3.154085|2.275561,P1_immediate_investigation
493,offhours_access,Unauthorized after-hours access,1.0,5,4,3,1,3,15,Very High,weighted,2026-03-01 02:02:50,Login Auth Error: Trailing data,error,ERROR,,auth_error_event,,unknown,,,,2,1,0,0,auth_error_event,is_error|ip_events_per_hour|isolation_forest_score,7.293054|-3.196978|2.269244,P1_immediate_investigation
517,offhours_access,Unauthorized after-hours access,1.0,5,4,3,1,3,15,Very High,weighted,2026-03-01 03:35:26,Login Auth Error: Trailing data,error,ERROR,,auth_error_event,,unknown,,,,3,1,0,0,auth_error_event,is_error|ip_events_per_hour|isolation_forest_score,7.245578|-3.311647|2.294154,P1_immediate_investigation
544,offhours_access,Unauthorized after-hours access,1.0,5,4,3,1,3,15,Very High,weighted,2026-03-01 04:36:46,Google OAuth Redirect Initiated,auth_attempt,INFO,,offhours_access,,unknown,,10.11.228.1,,4,1,0,1,offhours_access,isolation_forest_score|hour|ip_events_per_hour,5.076618|2.769461|1.474173,P1_immediate_investigation
560,offhours_access,Unauthorized after-hours access,1.0,5,4,3,1,3,15,Very High,weighted,2026-03-01 05:37:35,Google OAuth Redirect Initiated,auth_attempt,INFO,,offhours_access,,unknown,,10.11.228.1,,5,1,0,1,offhours_access,isolation_forest_score|hour|ip_events_per_hour,4.870357|2.733683|1.468693,P1_immediate_investigation
561,offhours_access,Unauthorized after-hours access,0.9962944387569412,5,4,3,1,3,15,Very High,weighted,2026-03-01 05:39:56,Sync Error Class ID c754a134-f66a-40af-a35b-8cf576cb77bd: API Error InsertKelasKuliah: Nama Kelas Su,error,ERROR,,error_level,,unknown,,,,5,1,0,0,error_level,is_error|ip_events_per_hour|isolation_forest_score,7.430678|-3.597195|1.942707,P1_immediate_investigation
563,offhours_access,Unauthorized after-hours access,0.9962944387569412,5,4,3,1,3,15,Very High,weighted,2026-03-01 05:41:32,Sync Error Class ID c754a134-f66a-40af-a35b-8cf576cb77bd: API Error InsertKelasKuliah: Nama Kelas Su,error,ERROR,,error_level,,unknown,,,,5,1,0,0,error_level,is_error|ip_events_per_hour|isolation_forest_score,7.431035|-3.597195|1.943064,P1_immediate_investigation
566,offhours_access,Unauthorized after-hours access,0.9962755591303835,5,4,3,1,3,15,Very High,weighted,2026-03-01 05:43:15,Sync Error Class ID 722bcdb4-5f6c-4901-b73d-7fe66da2b2c4: API Error InsertKelasKuliah: Nama Kelas Su,error,ERROR,,error_level,,unknown,,,,5,1,0,0,error_level,is_error|ip_events_per_hour|isolation_forest_score,7.431035|-3.597195|1.946520,P1_immediate_investigation
575,application_error,System/application error anomaly,1.0,5,1,2,3,2,10,High,weighted,2026-03-01 06:50:51,Login Auth Error: Trailing data,error,ERROR,,auth_error_event,,unknown,,,,6,0,0,0,auth_error_event,is_error|ip_events_per_hour|isolation_forest_score,7.482281|-2.366148|2.132322,P2_analyst_review
606,application_error,System/application error anomaly,1.0,5,1,2,3,2,10,High,weighted,2026-03-01 09:26:46,Login Auth Error: Not enough data available to satisfy format,error,ERROR,,auth_error_event,,unknown,,,,9,0,0,0,auth_error_event,is_error|ip_events_per_hour|isolation_forest_score,7.588869|-2.383488|1.641545,P2_analyst_review
619,application_error,System/application error anomaly,1.0,5,1,2,3,2,10,High,weighted,2026-03-01 10:13:08,Sync Error Class ID 757ca189-a1bd-4d0d-8eb4-fcf815be50f1: API Error UpdateKelasKuliah: Tidak bisa me,error,ERROR,,error_level,,unknown,,,,10,0,0,0,error_level,is_error|ip_events_per_hour|isolation_forest_score,7.659829|-2.469854|1.956453,P2_analyst_review
620,application_error,System/application error anomaly,1.0,5,1,2,3,2,10,High,weighted,2026-03-01 10:14:09,Sync Error Class ID 0000ae2e-5f9a-47bf-87ed-d377b8f6cc66: API Error InsertKelasKuliah: Nama Kelas Su,error,ERROR,,error_level,,unknown,,,,10,0,0,0,error_level,is_error|ip_events_per_hour|isolation_forest_score,7.659829|-2.474772|1.957178,P2_analyst_review
621,application_error,System/application error anomaly,1.0,5,1,2,3,2,10,High,weighted,2026-03-01 10:15:09,Sync Error Class ID 059133d2-4907-4c0b-9c6b-cb54f76f01b3: API Error InsertKelasKuliah: Nama Kelas Su,error,ERROR,,error_level,,unknown,,,,10,0,0,0,error_level,is_error|ip_events_per_hour|isolation_forest_score,7.659829|-2.492965|1.959278,P2_analyst_review
622,application_error,System/application error anomaly,1.0,5,1,2,3,2,10,High,weighted,2026-03-01 10:16:09,Sync Error Class ID 073480c8-6c06-46a9-a5d2-59b7cb669a0b: API Error InsertKelasKuliah: Nama Kelas Su,error,ERROR,,error_level,,unknown,,,,10,0,0,0,error_level,is_error|ip_events_per_hour|isolation_forest_score,7.659829|-2.503136|1.954572,P2_analyst_review
624,application_error,System/application error anomaly,1.0,5,1,2,3,2,10,High,weighted,2026-03-01 10:17:09,Sync Error Class ID 1b76ee28-2e86-45e7-9b69-4ff3a3e0e24d: API Error UpdateKelasKuliah: Tidak bisa me,error,ERROR,,error_level,,unknown,,,,10,0,0,0,error_level,is_error|ip_events_per_hour|isolation_forest_score,7.659829|-2.503278|1.951155,P2_analyst_review
626,application_error,System/application error anomaly,1.0,5,1,2,3,2,10,High,weighted,2026-03-01 10:18:09,Sync Error Class ID 1d5e8fd0-28c6-4537-96bf-3128b3fa772e: API Error InsertKelasKuliah: Nama Kelas Su,error,ERROR,,error_level,,unknown,,,,10,0,0,0,error_level,is_error|ip_events_per_hour|isolation_forest_score,7.659829|-2.503278|1.951155,P2_analyst_review
628,application_error,System/application error anomaly,1.0,5,1,2,3,2,10,High,weighted,2026-03-01 10:19:08,Sync Error Class ID d03efdca-1ea6-4d09-9ba2-dcc6f707a2c1: API Error UpdateKelasKuliah: Tidak bisa me,error,ERROR,,error_level,,unknown,,,,10,0,0,0,error_level,is_error|ip_events_per_hour|isolation_forest_score,7.659472|-2.497073|1.954143,P2_analyst_review
630,application_error,System/application error anomaly,1.0,5,1,2,3,2,10,High,weighted,2026-03-01 10:20:09,Sync Error Class ID 0000ae2e-5f9a-47bf-87ed-d377b8f6cc66: API Error InsertKelasKuliah: Nama Kelas Su,error,ERROR,,error_level,,unknown,,,,10,0,0,0,error_level,is_error|ip_events_per_hour|isolation_forest_score,7.659472|-2.497073|1.954143,P2_analyst_review
633,application_error,System/application error anomaly,1.0,5,1,2,3,2,10,High,weighted,2026-03-01 10:21:09,Sync Error Class ID 059133d2-4907-4c0b-9c6b-cb54f76f01b3: API Error InsertKelasKuliah: Nama Kelas Su,error,ERROR,,error_level,,unknown,,,,10,0,0,0,error_level,is_error|ip_events_per_hour|isolation_forest_score,7.659472|-2.497073|1.954087,P2_analyst_review
636,application_error,System/application error anomaly,1.0,5,1,2,3,2,10,High,weighted,2026-03-01 10:22:09,Sync Error Class ID 073480c8-6c06-46a9-a5d2-59b7cb669a0b: API Error InsertKelasKuliah: Nama Kelas Su,error,ERROR,,error_level,,unknown,,,,10,0,0,0,error_level,is_error|ip_events_per_hour|isolation_forest_score,7.659472|-2.497314|1.954145,P2_analyst_review
638,application_error,System/application error anomaly,1.0,5,1,2,3,2,10,High,weighted,2026-03-01 10:23:09,Sync Error Class ID 0bf43c28-550e-402a-922f-ab18987e50cf: API Error InsertKelasKuliah: Nama Kelas Su,error,ERROR,,error_level,,unknown,,,,10,0,0,0,error_level,is_error|ip_events_per_hour|isolation_forest_score,7.659472|-2.497314|1.954145,P2_analyst_review
639,application_error,System/application error anomaly,1.0,5,1,2,3,2,10,High,weighted,2026-03-01 10:24:09,Sync Error Class ID 1d5e8fd0-28c6-4537-96bf-3128b3fa772e: API Error InsertKelasKuliah: Nama Kelas Su,error,ERROR,,error_level,,unknown,,,,10,0,0,0,error_level,is_error|ip_events_per_hour|isolation_forest_score,7.659472|-2.497314|1.954145,P2_analyst_review
641,application_error,System/application error anomaly,1.0,5,1,2,3,2,10,High,weighted,2026-03-01 10:25:09,Sync Error Class ID 2540cbd1-bf71-4f85-894b-997651a87c39: API Error InsertKelasKuliah: Nama Kelas Su,error,ERROR,,error_level,,unknown,,,,10,0,0,0,error_level,is_error|ip_events_per_hour|isolation_forest_score,7.659472|-2.497314|1.954145,P2_analyst_review
642,application_error,System/application error anomaly,1.0,5,1,2,3,2,10,High,weighted,2026-03-01 10:26:09,Sync Error Class ID 2a35e293-9593-4fd9-88d6-592b6b783edf: API Error InsertKelasKuliah: Nama Kelas Su,error,ERROR,,error_level,,unknown,,,,10,0,0,0,error_level,is_error|ip_events_per_hour|isolation_forest_score,7.659472|-2.497314|1.954145,P2_analyst_review
645,application_error,System/application error anomaly,1.0,5,1,2,3,2,10,High,weighted,2026-03-01 10:27:10,Sync Error Class ID 3b281a69-9370-49b7-9218-468cf9f70a6b: API Error InsertKelasKuliah: Nama Kelas Su,error,ERROR,,error_level,,unknown,,,,10,0,0,0,error_level,is_error|ip_events_per_hour|isolation_forest_score,7.659469|-2.497319|1.954141,P2_analyst_review
646,application_error,System/application error anomaly,1.0,5,1,2,3,2,10,High,weighted,2026-03-01 10:28:10,Sync Error Class ID 7a6914e5-f7d9-4c89-a540-fe385596a305: API Error InsertKelasKuliah: Nama Kelas Su,error,ERROR,,error_level,,unknown,,,,10,0,0,0,error_level,is_error|ip_events_per_hour|isolation_forest_score,7.659469|-2.497481|1.954183,P2_analyst_review
649,application_error,System/application error anomaly,1.0,5,1,2,3,2,10,High,weighted,2026-03-01 10:29:10,Sync Error Class ID 585935e4-98c0-490a-9f6c-27104f72d491: API Error InsertKelasKuliah: Nama Kelas Su,error,ERROR,,error_level,,unknown,,,,10,0,0,0,error_level,is_error|ip_events_per_hour|isolation_forest_score,7.659469|-2.497559|1.954203,P2_analyst_review
651,application_error,System/application error anomaly,1.0,5,1,2,3,2,10,High,weighted,2026-03-01 10:30:10,Sync Error Class ID 5941af09-0dd1-4205-840c-eaaf15475742: API Error InsertKelasKuliah: Nama Kelas Su,error,ERROR,,error_level,,unknown,,,,10,0,0,0,error_level,is_error|ip_events_per_hour|isolation_forest_score,7.659469|-2.497559|1.954203,P2_analyst_review
654,database_probing,Database probing / SQL injection attempt,1.0,5,3,4,3,3,15,Very High,weighted,2026-03-01 10:31:01,Sync Error Class ID 9abcc361-ba9b-4c85-9ebe-a3e2f0d47d32: SQLSTATE[HY000]: General error: 1205 Lock ,error,ERROR,,db_error_suspicious,,unknown,,,,10,0,0,0,db_error_suspicious,is_error|ip_events_per_hour|isolation_forest_score,7.659469|-2.497559|1.954203,P1_immediate_investigation
657,database_probing,Database probing / SQL injection attempt,1.0,5,3,4,3,3,15,Very High,weighted,2026-03-01 10:32:01,Sync Error Class ID 5fb7bf88-9454-436f-8c01-0ea806587c19: SQLSTATE[HY000]: General error: 1205 Lock ,error,ERROR,,db_error_suspicious,,unknown,,,,10,0,0,0,db_error_suspicious,is_error|ip_events_per_hour|isolation_forest_score,7.659469|-2.497559|1.954203,P1_immediate_investigation
660,database_probing,Database probing / SQL injection attempt,1.0,5,3,4,3,3,15,Very High,weighted,2026-03-01 10:33:01,Sync Error Class ID a6f2b670-b80e-4afa-839d-3f1ac067b9ea: SQLSTATE[HY000]: General error: 1205 Lock ,error,ERROR,,db_error_suspicious,,unknown,,,,10,0,0,0,db_error_suspicious,is_error|ip_events_per_hour|isolation_forest_score,7.659469|-2.497643|1.954225,P1_immediate_investigation
662,database_probing,Database probing / SQL injection attempt,1.0,5,3,4,3,3,15,Very High,weighted,2026-03-01 10:34:01,Sync Error Class ID 7a6914e5-f7d9-4c89-a540-fe385596a305: SQLSTATE[HY000]: General error: 1205 Lock ,error,ERROR,,db_error_suspicious,,unknown,,,,10,0,0,0,db_error_suspicious,is_error|ip_events_per_hour|isolation_forest_score,7.659472|-2.497638|1.954229,P1_immediate_investigation
664,database_probing,Database probing / SQL injection attempt,1.0,5,3,4,3,3,15,Very High,weighted,2026-03-01 10:35:01,Sync Error Class ID ad106972-4771-4ba2-9426-be73a0e4d5ae: SQLSTATE[HY000]: General error: 1205 Lock ,error,ERROR,,db_error_suspicious,,unknown,,,,10,0,0,0,db_error_suspicious,is_error|ip_events_per_hour|isolation_forest_score,7.659472|-2.497638|1.954229,P1_immediate_investigation
667,database_probing,Database probing / SQL injection attempt,1.0,5,3,4,3,3,15,Very High,weighted,2026-03-01 10:36:01,Sync Error Class ID b040bdb2-4745-415c-a422-d95eec102572: SQLSTATE[HY000]: General error: 1205 Lock ,error,ERROR,,db_error_suspicious,,unknown,,,,10,0,0,0,db_error_suspicious,is_error|ip_events_per_hour|isolation_forest_score,7.659472|-2.497638|1.954229,P1_immediate_investigation
669,database_probing,Database probing / SQL injection attempt,1.0,5,3,4,3,3,15,Very High,weighted,2026-03-01 10:37:01,Sync Error Class ID 9d818e29-de4c-4a97-ad43-7018205a9341: SQLSTATE[HY000]: General error: 1205 Lock ,error,ERROR,,db_error_suspicious,,unknown,,,,10,0,0,0,db_error_suspicious,is_error|ip_events_per_hour|isolation_forest_score,7.659472|-2.497638|1.954229,P1_immediate_investigation
673,database_probing,Database probing / SQL injection attempt,1.0,5,3,4,3,3,15,Very High,weighted,2026-03-01 10:38:02,Sync Error Class ID b869d317-a09b-4bbb-afb5-6ccf56be2198: SQLSTATE[HY000]: General error: 1205 Lock ,error,ERROR,,db_error_suspicious,,unknown,,,,10,0,0,0,db_error_suspicious,is_error|ip_events_per_hour|isolation_forest_score,7.659472|-2.497397|1.954171,P1_immediate_investigation
676,database_probing,Database probing / SQL injection attempt,1.0,5,3,4,3,3,15,Very High,weighted,2026-03-01 10:39:01,Sync Error Class ID a8382c0c-b29c-48c6-8a47-5abe3f73d581: SQLSTATE[HY000]: General error: 1205 Lock ,error,ERROR,,db_error_suspicious,,unknown,,,,10,0,0,0,db_error_suspicious,is_error|ip_events_per_hour|isolation_forest_score,7.659472|-2.497397|1.954227,P1_immediate_investigation
678,database_probing,Database probing / SQL injection attempt,1.0,5,3,4,3,3,15,Very High,weighted,2026-03-01 10:40:02,Sync Error Class ID bf942932-69eb-42e4-b255-a3abfea69f0a: SQLSTATE[HY000]: General error: 1205 Lock ,error,ERROR,,db_error_suspicious,,unknown,,,,10,0,0,0,db_error_suspicious,is_error|ip_events_per_hour|isolation_forest_score,7.659472|-2.497397|1.954227,P1_immediate_investigation
680,database_probing,Database probing / SQL injection attempt,1.0,5,3,4,3,3,15,Very High,weighted,2026-03-01 10:41:02,Sync Error Class ID b02b0b6e-cae7-4557-b763-1067e9ecfd11: SQLSTATE[HY000]: General error: 1205 Lock ,error,ERROR,,db_error_suspicious,,unknown,,,,10,0,0,0,db_error_suspicious,is_error|ip_events_per_hour|isolation_forest_score,7.659829|-2.497397|1.954584,P1_immediate_investigation
683,database_probing,Database probing / SQL injection attempt,1.0,5,3,4,3,3,15,Very High,weighted,2026-03-01 10:42:02,Sync Error Class ID cf15b6a8-8ac1-4aae-9363-8699b5fc7fb1: SQLSTATE[HY000]: General error: 1205 Lock ,error,ERROR,,db_error_suspicious,,unknown,,,,10,0,0,0,db_error_suspicious,is_error|ip_events_per_hour|isolation_forest_score,7.659829|-2.497397|1.954584,P1_immediate_investigation
685,database_probing,Database probing / SQL injection attempt,1.0,5,3,4,3,3,15,Very High,weighted,2026-03-01 10:43:02,Sync Error Class ID d612ac83-8ae4-46ed-a1af-3ce46a0d7bd5: SQLSTATE[HY000]: General error: 1205 Lock ,error,ERROR,,db_error_suspicious,,unknown,,,,10,0,0,0,db_error_suspicious,is_error|ip_events_per_hour|isolation_forest_score,7.659829|-2.497397|1.958041,P1_immediate_investigation
687,database_probing,Database probing / SQL injection attempt,1.0,5,3,4,3,3,15,Very High,weighted,2026-03-01 10:44:02,Sync Error Class ID db3db3a2-71ec-4f3a-af90-218e794b4076: SQLSTATE[HY000]: General error: 1205 Lock ,error,ERROR,,db_error_suspicious,,unknown,,,,10,0,0,0,db_error_suspicious,is_error|ip_events_per_hour|isolation_forest_score,7.659829|-2.487085|1.962378,P1_immediate_investigation
688,database_probing,Database probing / SQL injection attempt,1.0,5,3,4,3,3,15,Very High,weighted,2026-03-01 10:45:02,Sync Error Class ID b91e5d81-ef37-4fd8-baf0-b2ad337fe11b: SQLSTATE[HY000]: General error: 1205 Lock ,error,ERROR,,db_error_suspicious,,unknown,,,,10,0,0,0,db_error_suspicious,is_error|ip_events_per_hour|isolation_forest_score,7.659829|-2.468523|1.960607,P1_immediate_investigation
690,database_probing,Database probing / SQL injection attempt,1.0,5,3,4,3,3,15,Very High,weighted,2026-03-01 10:46:03,Sync Error Class ID ddea85a3-2481-4cc6-b2b7-b0f39d29ee41: SQLSTATE[HY000]: General error: 1205 Lock ,error,ERROR,,db_error_suspicious,,unknown,,,,10,0,0,0,db_error_suspicious,is_error|ip_events_per_hour|isolation_forest_score,7.659829|-2.463974|1.960045,P1_immediate_investigation
692,database_probing,Database probing / SQL injection attempt,1.0,5,3,4,3,3,15,Very High,weighted,2026-03-01 10:47:03,Sync Error Class ID cd99ebff-6289-4338-820c-e9ba0e8025bc: SQLSTATE[HY000]: General error: 1205 Lock ,error,ERROR,,db_error_suspicious,,unknown,,,,10,0,0,0,db_error_suspicious,is_error|ip_events_per_hour|isolation_forest_score,7.659829|-2.446026|1.957717,P1_immediate_investigation
695,database_probing,Database probing / SQL injection attempt,1.0,5,3,4,3,3,15,Very High,weighted,2026-03-01 10:48:03,Sync Error Class ID d2dfc5c2-4395-4ff1-ae7e-285c7383d8a2: SQLSTATE[HY000]: General error: 1205 Lock ,error,ERROR,,db_error_suspicious,,unknown,,,,10,0,0,0,db_error_suspicious,is_error|ip_events_per_hour|isolation_forest_score,7.659829|-2.431161|1.950960,P1_immediate_investigation
698,database_probing,Database probing / SQL injection attempt,1.0,5,3,4,3,3,15,Very High,weighted,2026-03-01 10:49:03,Sync Error Class ID db3db3a2-71ec-4f3a-af90-218e794b4076: SQLSTATE[HY000]: General error: 1205 Lock ,error,ERROR,,db_error_suspicious,,unknown,,,,10,0,0,0,db_error_suspicious,is_error|ip_events_per_hour|isolation_forest_score,7.660488|-2.431078|1.950752,P1_immediate_investigation
701,database_probing,Database probing / SQL injection attempt,1.0,5,3,4,3,3,15,Very High,weighted,2026-03-01 10:50:03,Sync Error Class ID f032ff20-5de6-4128-8c8e-f21aed1308f4: SQLSTATE[HY000]: General error: 1205 Lock ,error,ERROR,,db_error_suspicious,,unknown,,,,10,0,0,0,db_error_suspicious,is_error|ip_events_per_hour|isolation_forest_score,7.660488|-2.431078|1.950752,P1_immediate_investigation
703,database_probing,Database probing / SQL injection attempt,1.0,5,3,4,3,3,15,Very High,weighted,2026-03-01 10:51:03,Sync Error Class ID ddea85a3-2481-4cc6-b2b7-b0f39d29ee41: SQLSTATE[HY000]: General error: 1205 Lock ,error,ERROR,,db_error_suspicious,,unknown,,,,10,0,0,0,db_error_suspicious,is_error|ip_events_per_hour|isolation_forest_score,7.660488|-2.428310|1.945637,P1_immediate_investigation
706,database_probing,Database probing / SQL injection attempt,1.0,5,3,4,3,3,15,Very High,weighted,2026-03-01 10:52:04,Sync Error Class ID f555b9f4-23dc-4dc6-8853-b4fbf42fb191: SQLSTATE[HY000]: General error: 1205 Lock ,error,ERROR,,db_error_suspicious,,unknown,,,,10,0,0,0,db_error_suspicious,is_error|ip_events_per_hour|isolation_forest_score,7.661467|-2.428310|1.945382,P1_immediate_investigation
709,database_probing,Database probing / SQL injection attempt,1.0,5,3,4,3,3,15,Very High,weighted,2026-03-01 10:53:04,Sync Error Class ID e7de1419-bbf7-4543-b299-22fd70a23bd6: SQLSTATE[HY000]: General error: 1205 Lock ,error,ERROR,,db_error_suspicious,,unknown,,,,10,0,0,0,db_error_suspicious,is_error|ip_events_per_hour|isolation_forest_score,7.663876|-2.428310|1.941739,P1_immediate_investigation
711,database_probing,Database probing / SQL injection attempt,1.0,5,3,4,3,3,15,Very High,weighted,2026-03-01 10:54:04,Sync Error Class ID fab862ea-6ec7-490a-8395-2bb54b185a2e: SQLSTATE[HY000]: General error: 1205 Lock ,error,ERROR,,db_error_suspicious,,unknown,,,,10,0,0,0,db_error_suspicious,is_error|ip_events_per_hour|isolation_forest_score,7.676173|-2.410212|1.938102,P1_immediate_investigation
714,database_probing,Database probing / SQL injection attempt,1.0,5,3,4,3,3,15,Very High,weighted,2026-03-01 10:55:04,Sync Error Class ID fde576e7-1099-4f7c-a28a-2700b99449de: SQLSTATE[HY000]: General error: 1205 Lock ,error,ERROR,,db_error_suspicious,,unknown,,,,10,0,0,0,db_error_suspicious,is_error|ip_events_per_hour|isolation_forest_score,7.676173|-2.399551|1.937088,P1_immediate_investigation
717,database_probing,Database probing / SQL injection attempt,1.0,5,3,4,3,3,15,Very High,weighted,2026-03-01 10:56:04,Sync Error Class ID f2d05dd5-80d1-4b3a-8ecc-d17f889105f2: SQLSTATE[HY000]: General error: 1205 Lock ,error,ERROR,,db_error_suspicious,,unknown,,,,10,0,0,0,db_error_suspicious,is_error|ip_events_per_hour|isolation_forest_score,7.676173|-2.399551|1.937325,P1_immediate_investigation
719,application_error,System/application error anomaly,1.0,5,1,2,3,2,10,High,weighted,2026-03-01 10:57:14,Sync Error Class ID f555b9f4-23dc-4dc6-8853-b4fbf42fb191: API Error InsertKelasKuliah: Nama Kelas Su,error,ERROR,,error_level,,unknown,,,,10,0,0,0,error_level,is_error|ip_events_per_hour|isolation_forest_score,7.677901|-2.381318|1.939450,P2_analyst_review
723,application_error,System/application error anomaly,1.0,5,1,2,3,2,10,High,weighted,2026-03-01 10:58:15,Sync Error Class ID fa9fdc26-58a5-4489-b560-ad10288fb795: API Error InsertKelasKuliah: Nama Kelas Su,error,ERROR,,error_level,,unknown,,,,10,0,0,0,error_level,is_error|ip_events_per_hour|isolation_forest_score,7.677901|-2.382059|1.942226,P2_analyst_review
726,application_error,System/application error anomaly,1.0,5,1,2,3,2,10,High,weighted,2026-03-01 10:59:15,Sync Error Class ID fde576e7-1099-4f7c-a28a-2700b99449de: API Error InsertKelasKuliah: Nama Kelas Su,error,ERROR,,error_level,,unknown,,,,10,0,0,0,error_level,is_error|ip_events_per_hour|isolation_forest_score,7.677901|-2.319798|1.946595,P2_analyst_review
729,application_error,System/application error anomaly,1.0,5,1,2,3,2,10,High,weighted,2026-03-01 11:00:16,Sync Error Class ID fef9b2de-f4d1-406c-bd1b-67ca1fd1779b: API Error InsertKelasKuliah: Nama Kelas Su,error,ERROR,,error_level,,unknown,,,,11,0,0,0,error_level,is_error|ip_events_per_hour|isolation_forest_score,7.677901|-2.325679|1.940277,P2_analyst_review
816,application_error,System/application error anomaly,1.0,5,1,2,3,2,10,High,weighted,2026-03-01 17:04:35,Google OAuth Error,error,ERROR,,auth_error_event,,unknown,,,,17,0,0,0,auth_error_event,is_error|ip_events_per_hour|isolation_forest_score,7.628535|-2.255852|1.926637,P2_analyst_review
849,application_error,System/application error anomaly,1.0,5,1,2,3,2,10,High,weighted,2026-03-01 18:54:59,Login Auth Error: Not enough data available to satisfy format,error,ERROR,,auth_error_event,,unknown,,,,18,0,0,0,auth_error_event,is_error|isolation_forest_score|hour,7.628535|1.676858|-1.638671,P2_analyst_review
880,application_error,System/application error anomaly,1.0,5,1,2,3,2,10,High,weighted,2026-03-01 20:15:24,Login Auth Error: Trailing data,error,ERROR,,auth_error_event,,unknown,,,,20,0,0,0,auth_error_event,is_error|hour|isolation_forest_score,7.566302|-1.724937|1.494342,P2_analyst_review
883,application_error,System/application error anomaly,1.0,5,1,2,3,2,10,High,weighted,2026-03-01 20:16:11,Login Auth Error: Trailing data,error,ERROR,,auth_error_event,,unknown,,,,20,0,0,0,auth_error_event,is_error|hour|isolation_forest_score,7.566302|-1.724937|1.489282,P2_analyst_review
965,offhours_access,Unauthorized after-hours access,1.0,5,4,3,1,3,15,Very High,weighted,2026-03-02 00:28:46,Google OAuth Redirect Initiated,auth_attempt,INFO,,offhours_access,,unknown,,10.11.228.1,,0,1,0,2,offhours_access,isolation_forest_score|hour|ip_events_per_hour,4.857190|2.667619|1.456850,P1_immediate_investigation
969,offhours_access,Unauthorized after-hours access,1.0,5,4,3,1,3,15,Very High,weighted,2026-03-02 00:54:09,Google OAuth Redirect Initiated,auth_attempt,INFO,,offhours_access,,unknown,,10.11.228.1,,0,1,0,2,offhours_access,isolation_forest_score|hour|ip_events_per_hour,4.852907|2.661659|1.287483,P1_immediate_investigation
988,offhours_access,Unauthorized after-hours access,1.0,5,4,3,1,3,15,Very High,weighted,2026-03-02 04:40:35,Google OAuth Redirect Initiated,auth_attempt,INFO,,offhours_access,,unknown,,10.11.228.1,,4,1,0,1,offhours_access,isolation_forest_score|hour|ip_events_per_hour,4.776820|2.746824|1.480757,P1_immediate_investigation
991,offhours_access,Unauthorized after-hours access,1.0,5,4,3,1,3,15,Very High,weighted,2026-03-02 05:13:10,Google OAuth Redirect Initiated,auth_attempt,INFO,,offhours_access,,unknown,,10.11.228.1,,5,1,0,3,offhours_access,isolation_forest_score|hour|ip_events_per_hour,4.869582|2.726333|1.329549,P1_immediate_investigation
993,offhours_access,Unauthorized after-hours access,1.0,5,4,3,1,3,15,Very High,weighted,2026-03-02 05:24:16,Google OAuth Redirect Initiated,auth_attempt,INFO,,offhours_access,,unknown,,10.11.228.1,,5,1,0,3,offhours_access,isolation_forest_score|hour|ip_events_per_hour,4.961270|2.784494|1.439024,P1_immediate_investigation
1022,application_error,System/application error anomaly,1.0,5,1,2,3,2,10,High,weighted,2026-03-02 08:43:11,Sync Error Class ID 86fa011f-2a03-473e-9004-439509e36b74: API Error UpdateKelasKuliah: Tidak bisa me,error,ERROR,,error_level,,unknown,,,,8,0,0,0,error_level,is_error|ip_events_per_hour|isolation_forest_score,7.658153|-2.554896|1.930907,P2_analyst_review
1035,application_error,System/application error anomaly,1.0,5,1,2,3,2,10,High,weighted,2026-03-02 09:40:30,Google OAuth Error,error,ERROR,,auth_error_event,,unknown,,,,9,0,0,0,auth_error_event,is_error|isolation_forest_score|ip_events_per_hour,9.951398|-1.770918|-1.622126,P2_analyst_review
1075,application_error,System/application error anomaly,1.0,5,1,2,3,2,10,High,weighted,2026-03-02 13:32:15,Login Auth Error: Not enough data available to satisfy format,error,ERROR,,auth_error_event,,unknown,,,,13,0,0,0,auth_error_event,is_error|isolation_forest_score|ip_events_per_hour,9.951384|-1.677027|-1.630473,P2_analyst_review
1099,application_error,System/application error anomaly,1.0,5,1,2,3,2,10,High,weighted,2026-03-02 15:02:48,Google OAuth Error,error,ERROR,,auth_error_event,,unknown,,,,15,0,0,0,auth_error_event,is_error|ip_events_per_hour|isolation_forest_score,7.759728|-2.120430|1.489020,P2_analyst_review
1123,application_error,System/application error anomaly,1.0,5,1,2,3,2,10,High,weighted,2026-03-02 17:45:34,Sync Error Class ID 86fa011f-2a03-473e-9004-439509e36b74: API Error UpdateKelasKuliah: Tidak bisa me,error,ERROR,,error_level,,unknown,,,,17,0,0,0,error_level,is_error|ip_events_per_hour|isolation_forest_score,7.658153|-2.498793|1.932707,P2_analyst_review
1124,application_error,System/application error anomaly,1.0,5,1,2,3,2,10,High,weighted,2026-03-02 17:46:07,Sync Error Class ID 86fa011f-2a03-473e-9004-439509e36b74: API Error UpdateKelasKuliah: Tidak bisa me,error,ERROR,,error_level,,unknown,,,,17,0,0,0,error_level,is_error|ip_events_per_hour|isolation_forest_score,7.657392|-2.494244|1.937967,P2_analyst_review
1199,offhours_access,Unauthorized after-hours access,1.0,5,4,3,1,3,15,Very High,weighted,2026-03-03 04:41:01,Google OAuth Redirect Initiated,auth_attempt,INFO,,offhours_access,,unknown,,10.11.228.1,,4,1,0,1,offhours_access,isolation_forest_score|hour|ip_events_per_hour,4.522347|2.761334|1.466326,P1_immediate_investigation
1206,offhours_access,Unauthorized after-hours access,1.0,5,4,3,1,3,15,Very High,weighted,2026-03-03 05:16:12,Google OAuth Redirect Initiated,auth_attempt,INFO,,offhours_access,,unknown,,10.11.228.1,,5,1,0,3,offhours_access,isolation_forest_score|hour|ip_events_per_hour,4.887656|2.743887|1.450044,P1_immediate_investigation
1208,offhours_access,Unauthorized after-hours access,1.0,5,4,3,1,3,15,Very High,weighted,2026-03-03 05:18:00,Google OAuth Redirect Initiated,auth_attempt,INFO,,offhours_access,,unknown,,10.11.228.1,,5,1,0,3,offhours_access,isolation_forest_score|hour|ip_events_per_hour,4.841558|2.743046|1.441033,P1_immediate_investigation
1246,application_error,System/application error anomaly,1.0,5,1,2,3,2,10,High,weighted,2026-03-03 10:14:00,Sync Error Class ID 86fa011f-2a03-473e-9004-439509e36b74: API Error UpdateKelasKuliah: Tidak bisa me,error,ERROR,,error_level,,unknown,,,,10,0,0,0,error_level,is_error|ip_events_per_hour|isolation_forest_score,7.661750|-2.512988|1.870197,P2_analyst_review
1250,application_error,System/application error anomaly,1.0,5,1,2,3,2,10,High,weighted,2026-03-03 10:18:22,Sync Error Class ID 9a32dcf9-2728-4836-830f-762539451662: API Error InsertKelasKuliah: Nama Kelas Su,error,ERROR,,error_level,,unknown,,,,10,0,0,0,error_level,is_error|ip_events_per_hour|isolation_forest_score,7.662427|-2.541494|1.861747,P2_analyst_review
1251,application_error,System/application error anomaly,1.0,5,1,2,3,2,10,High,weighted,2026-03-03 10:19:37,Sync Error Class ID 9a32dcf9-2728-4836-830f-762539451662: API Error InsertKelasKuliah: Nama Kelas Su,error,ERROR,,error_level,,unknown,,,,10,0,0,0,error_level,is_error|ip_events_per_hour|isolation_forest_score,7.662070|-2.535289|1.847046,P2_analyst_review
1252,application_error,System/application error anomaly,1.0,5,1,2,3,2,10,High,weighted,2026-03-03 10:20:50,Sync Error Class ID 9a32dcf9-2728-4836-830f-762539451662: API Error InsertKelasKuliah: Nama Kelas Su,error,ERROR,,error_level,,unknown,,,,10,0,0,0,error_level,is_error|ip_events_per_hour|isolation_forest_score,7.662070|-2.535289|1.847046,P2_analyst_review
1254,application_error,System/application error anomaly,1.0,5,1,2,3,2,10,High,weighted,2026-03-03 10:23:45,Sync Error Class ID 9a32dcf9-2728-4836-830f-762539451662: API Error InsertKelasKuliah: Nama Kelas Su,error,ERROR,,error_level,,unknown,,,,10,0,0,0,error_level,is_error|ip_events_per_hour|isolation_forest_score,7.662070|-2.535530|1.847048,P2_analyst_review
1255,application_error,System/application error anomaly,1.0,5,1,2,3,2,10,High,weighted,2026-03-03 10:26:36,Sync Error Class ID f032ff20-5de6-4128-8c8e-f21aed1308f4: API Error UpdateKelasKuliah: Tidak bisa me,error,ERROR,,error_level,,unknown,,,,10,0,0,0,error_level,is_error|ip_events_per_hour|isolation_forest_score,7.663110|-2.535530|1.843296,P2_analyst_review
1258,application_error,System/application error anomaly,1.0,5,1,2,3,2,10,High,weighted,2026-03-03 10:42:19,Sync Error Class ID 0cdd7e9e-299c-4bab-9730-e17ef3703912: API Error InsertKelasKuliah: Data mata kul,error,ERROR,,error_level,,unknown,,,,10,0,0,0,error_level,is_error|ip_events_per_hour|isolation_forest_score,7.662427|-2.535613|1.865176,P2_analyst_review
1259,application_error,System/application error anomaly,1.0,5,1,2,3,2,10,High,weighted,2026-03-03 10:47:08,Sync Error Class ID 0cdd7e9e-299c-4bab-9730-e17ef3703912: API Error InsertKelasKuliah: Data mata kul,error,ERROR,,error_level,,unknown,,,,10,0,0,0,error_level,is_error|ip_events_per_hour|isolation_forest_score,7.661750|-2.484242|1.870736,P2_analyst_review
1261,application_error,System/application error anomaly,1.0,5,1,2,3,2,10,High,weighted,2026-03-03 10:49:10,Sync Error Class ID d13d8929-5042-42af-88bb-5bfbe3421a52: API Error InsertKelasKuliah: Data mata kul,error,ERROR,,error_level,,unknown,,,,10,0,0,0,error_level,is_error|ip_events_per_hour|isolation_forest_score,7.662335|-2.469462|1.888564,P2_analyst_review
1262,application_error,System/application error anomaly,1.0,5,1,2,3,2,10,High,weighted,2026-03-03 10:53:23,Sync Error Class ID d13d8929-5042-42af-88bb-5bfbe3421a52: API Error InsertKelasKuliah: Data mata kul,error,ERROR,,error_level,,unknown,,,,10,0,0,0,error_level,is_error|ip_events_per_hour|isolation_forest_score,7.674976|-2.467732|1.870561,P2_analyst_review
1264,application_error,System/application error anomaly,1.0,5,1,2,3,2,10,High,weighted,2026-03-03 10:58:42,Sync Error Class ID 0cdd7e9e-299c-4bab-9730-e17ef3703912: API Error InsertKelasKuliah: Data mata kul,error,ERROR,,error_level,,unknown,,,,10,0,0,0,error_level,is_error|ip_events_per_hour|isolation_forest_score,7.697653|-2.419484|1.905785,P2_analyst_review
1266,application_error,System/application error anomaly,1.0,5,1,2,3,2,10,High,weighted,2026-03-03 11:00:03,Sync Error Class ID d13d8929-5042-42af-88bb-5bfbe3421a52: API Error InsertKelasKuliah: Data mata kul,error,ERROR,,error_level,,unknown,,,,11,0,0,0,error_level,is_error|ip_events_per_hour|isolation_forest_score,7.677527|-2.363103|1.913261,P2_analyst_review
1279,application_error,System/application error anomaly,1.0,5,1,2,3,2,10,High,weighted,2026-03-03 11:42:40,Sync Error Class ID 4e97c7d9-5313-4366-bac5-24eb57623dfb: API Error InsertKelasKuliah: Data mata kul,error,ERROR,,error_level,,unknown,,,,11,0,0,0,error_level,is_error|ip_events_per_hour|isolation_forest_score,7.662427|-2.535613|1.847467,P2_analyst_review
1280,application_error,System/application error anomaly,1.0,5,1,2,3,2,10,High,weighted,2026-03-03 11:44:11,Sync Error Class ID d7c8fabb-eb33-45cc-b4a5-cf388e2deed6: API Error InsertKelasKuliah: Data mata kul,error,ERROR,,error_level,,unknown,,,,11,0,0,0,error_level,is_error|ip_events_per_hour|isolation_forest_score,7.661750|-2.525300|1.873363,P2_analyst_review
1281,application_error,System/application error anomaly,1.0,5,1,2,3,2,10,High,weighted,2026-03-03 11:46:22,Sync Error Class ID 0cdd7e9e-299c-4bab-9730-e17ef3703912: API Error InsertKelasKuliah: Data mata kul,error,ERROR,,error_level,,unknown,,,,11,0,0,0,error_level,is_error|ip_events_per_hour|isolation_forest_score,7.661750|-2.502189|1.873044,P2_analyst_review
1282,application_error,System/application error anomaly,1.0,5,1,2,3,2,10,High,weighted,2026-03-03 11:50:51,Google OAuth Error,error,ERROR,,auth_error_event,,unknown,,,,11,0,0,0,auth_error_event,is_error|isolation_forest_score|ip_events_per_hour,9.958322|-1.688756|-1.626288,P2_analyst_review
1283,ip_burst,Scanning / reconnaissance / denial-of-service pattern,1.0,5,2,2,5,3,15,Very High,weighted,2026-03-03 12:02:56,Google OAuth Redirect Initiated,auth_attempt,INFO,,ip_burst_16_per_hour,,unknown,,10.11.228.1,,12,0,0,16,ip_burst_16_per_hour,ip_events_per_hour|isolation_forest_score|is_error,6.058652|4.285486|-0.795413,P1_immediate_investigation
1284,ip_burst,Scanning / reconnaissance / denial-of-service pattern,1.0,5,2,2,5,3,15,Very High,weighted,2026-03-03 12:04:45,Google OAuth Redirect Initiated,auth_attempt,INFO,,ip_burst_16_per_hour,,unknown,,10.11.228.1,,12,0,0,16,ip_burst_16_per_hour,ip_events_per_hour|isolation_forest_score|is_error,6.085961|4.324951|-0.794484,P1_immediate_investigation
1285,ip_burst,Scanning / reconnaissance / denial-of-service pattern,1.0,5,2,2,5,3,15,Very High,weighted,2026-03-03 12:05:35,Google OAuth Redirect Initiated,auth_attempt,INFO,,ip_burst_16_per_hour,,unknown,,10.11.228.1,,12,0,0,16,ip_burst_16_per_hour,ip_events_per_hour|isolation_forest_score|is_error,6.083332|4.323731|-0.794484,P1_immediate_investigation
1286,ip_burst,Scanning / reconnaissance / denial-of-service pattern,1.0,5,2,2,5,3,15,Very High,weighted,2026-03-03 12:06:36,Google OAuth Redirect Initiated,auth_attempt,INFO,,ip_burst_16_per_hour,,unknown,,10.11.228.1,,12,0,0,16,ip_burst_16_per_hour,ip_events_per_hour|isolation_forest_score|is_error,6.075825|4.373986|-0.777013,P1_immediate_investigation
1287,ip_burst,Scanning / reconnaissance / denial-of-service pattern,1.0,5,2,2,5,3,15,Very High,weighted,2026-03-03 12:07:31,Google OAuth Redirect Initiated,auth_attempt,INFO,,ip_burst_16_per_hour,,unknown,,10.11.228.1,,12,0,0,16,ip_burst_16_per_hour,ip_events_per_hour|isolation_forest_score|is_error,6.074547|4.400734|-0.772571,P1_immediate_investigation
1289,ip_burst,Scanning / reconnaissance / denial-of-service pattern,1.0,5,2,2,5,3,15,Very High,weighted,2026-03-03 12:12:40,Google OAuth Redirect Initiated,auth_attempt,INFO,,ip_burst_16_per_hour,,unknown,,10.11.228.1,,12,0,0,16,ip_burst_16_per_hour,ip_events_per_hour|isolation_forest_score|is_error,6.026455|4.170475|-0.777431,P1_immediate_investigation
1290,ip_burst,Scanning / reconnaissance / denial-of-service pattern,1.0,5,2,2,5,3,15,Very High,weighted,2026-03-03 12:14:18,Google OAuth Redirect Initiated,auth_attempt,INFO,,ip_burst_16_per_hour,,unknown,,10.11.228.1,,12,0,0,16,ip_burst_16_per_hour,ip_events_per_hour|isolation_forest_score|is_error,6.037694|4.182828|-0.777275,P1_immediate_investigation
1291,ip_burst,Scanning / reconnaissance / denial-of-service pattern,1.0,5,2,2,5,3,15,Very High,weighted,2026-03-03 12:17:29,Google OAuth Redirect Initiated,auth_attempt,INFO,,ip_burst_16_per_hour,,unknown,,10.11.228.1,,12,0,0,16,ip_burst_16_per_hour,ip_events_per_hour|isolation_forest_score|is_error,6.051734|4.165040|-0.777275,P1_immediate_investigation
1292,ip_burst,Scanning / reconnaissance / denial-of-service pattern,1.0,5,2,2,5,3,15,Very High,weighted,2026-03-03 12:18:33,Google OAuth Redirect Initiated,auth_attempt,INFO,,ip_burst_16_per_hour,,unknown,,10.11.228.1,,12,0,0,16,ip_burst_16_per_hour,ip_events_per_hour|isolation_forest_score|is_error,6.045754|4.127616|-0.777368,P1_immediate_investigation
1293,ip_burst,Scanning / reconnaissance / denial-of-service pattern,1.0,5,2,2,5,3,15,Very High,weighted,2026-03-03 12:19:26,Google OAuth Redirect Initiated,auth_attempt,INFO,,ip_burst_16_per_hour,,unknown,,10.11.228.1,,12,0,0,16,ip_burst_16_per_hour,ip_events_per_hour|isolation_forest_score|is_error,6.054556|4.117482|-0.777604,P1_immediate_investigation
1294,ip_burst,Scanning / reconnaissance / denial-of-service pattern,1.0,5,2,2,5,3,15,Very High,weighted,2026-03-03 12:21:40,Google OAuth Redirect Initiated,auth_attempt,INFO,,ip_burst_16_per_hour,,unknown,,10.11.228.1,,12,0,0,16,ip_burst_16_per_hour,ip_events_per_hour|isolation_forest_score|is_error,6.060081|4.105055|-0.777351,P1_immediate_investigation
1296,ip_burst,Scanning / reconnaissance / denial-of-service pattern,1.0,5,2,2,5,3,15,Very High,weighted,2026-03-03 12:25:07,Google OAuth Redirect Initiated,auth_attempt,INFO,,ip_burst_16_per_hour,,unknown,,10.11.228.1,,12,0,0,16,ip_burst_16_per_hour,ip_events_per_hour|isolation_forest_score|is_error,6.093189|4.229813|-0.777351,P1_immediate_investigation
1297,ip_burst,Scanning / reconnaissance / denial-of-service pattern,1.0,5,2,2,5,3,15,Very High,weighted,2026-03-03 12:33:07,Google OAuth Redirect Initiated,auth_attempt,INFO,,ip_burst_16_per_hour,,unknown,,10.11.228.1,,12,0,0,16,ip_burst_16_per_hour,ip_events_per_hour|isolation_forest_score|is_error,6.055531|3.855160|-0.777721,P1_immediate_investigation
1298,application_error,System/application error anomaly,1.0,5,1,2,3,2,10,High,weighted,2026-03-03 12:33:10,Sync Error Class ID 0476f6b1-e3b4-482a-8f84-e0352b538cf5: API Error UpdateKelasKuliah: Tidak bisa me,error,ERROR,,error_level,,unknown,,,,12,0,0,0,error_level,is_error|ip_events_per_hour|isolation_forest_score,7.663106|-2.535858|1.842517,P2_analyst_review
1299,ip_burst,Scanning / reconnaissance / denial-of-service pattern,1.0,5,2,2,5,3,15,Very High,weighted,2026-03-03 12:34:15,Google OAuth Redirect Initiated,auth_attempt,INFO,,ip_burst_16_per_hour,,unknown,,10.11.228.1,,12,0,0,16,ip_burst_16_per_hour,ip_events_per_hour|isolation_forest_score|is_error,6.089930|4.122197|-0.777824,P1_immediate_investigation
1301,ip_burst,Scanning / reconnaissance / denial-of-service pattern,1.0,5,2,2,5,3,15,Very High,weighted,2026-03-03 12:46:39,Google OAuth Redirect Initiated,auth_attempt,INFO,,ip_burst_16_per_hour,,unknown,,10.11.228.1,,12,0,0,16,ip_burst_16_per_hour,ip_events_per_hour|isolation_forest_score|is_error,6.111753|4.374067|-0.769951,P1_immediate_investigation
1305,application_error,System/application error anomaly,1.0,5,1,2,3,2,10,High,weighted,2026-03-03 13:25:40,Sync Error Class ID 0cdd7e9e-299c-4bab-9730-e17ef3703912: API Error InsertKelasKuliah: Data mata kul,error,ERROR,,error_level,,unknown,,,,13,0,0,0,error_level,is_error|ip_events_per_hour|isolation_forest_score,7.663110|-2.535530|1.843276,P2_analyst_review
1318,application_error,System/application error anomaly,1.0,5,1,2,3,2,10,High,weighted,2026-03-03 14:24:43,Login Auth Error: Trailing data,error,ERROR,,auth_error_event,,unknown,,,,14,0,0,0,auth_error_event,is_error|isolation_forest_score|ip_events_per_hour,9.874912|-1.722447|-1.639299,P2_analyst_review
1324,application_error,System/application error anomaly,1.0,5,1,2,3,2,10,High,weighted,2026-03-03 14:59:29,Sync Error Class ID 0476f6b1-e3b4-482a-8f84-e0352b538cf5: API Error UpdateKelasKuliah: Tidak bisa me,error,ERROR,,error_level,,unknown,,,,14,0,0,0,error_level,is_error|ip_events_per_hour|isolation_forest_score,7.697653|-2.357223|1.910769,P2_analyst_review
1325,application_error,System/application error anomaly,1.0,5,1,2,3,2,10,High,weighted,2026-03-03 15:01:07,Sync Error Class ID 23dc5d1f-712d-4eac-aa53-6d3e2fe4754f: API Error UpdateKelasKuliah: Tidak bisa me,error,ERROR,,error_level,,unknown,,,,15,0,0,0,error_level,is_error|ip_events_per_hour|isolation_forest_score,7.677527|-2.425365|1.914634,P2_analyst_review
1331,application_error,System/application error anomaly,1.0,5,1,2,3,2,10,High,weighted,2026-03-03 15:51:50,Login Auth Error: Unexpected data found.,error,ERROR,,auth_error_event,,unknown,,,,15,0,0,0,auth_error_event,is_error|isolation_forest_score|ip_events_per_hour,9.958322|-1.675984|-1.586027,P2_analyst_review
1332,application_error,System/application error anomaly,1.0,5,1,2,3,2,10,High,weighted,2026-03-03 15:52:21,Login Auth Error: Unexpected data found.,error,ERROR,,auth_error_event,,unknown,,,,15,0,0,0,auth_error_event,is_error|isolation_forest_score|ip_events_per_hour,9.960496|-1.670801|-1.586027,P2_analyst_review
1349,application_error,System/application error anomaly,1.0,5,1,2,3,2,10,High,weighted,2026-03-03 20:07:29,Login Auth Error: Not enough data available to satisfy format,error,ERROR,,auth_error_event,,unknown,,,,20,0,0,0,auth_error_event,is_error|isolation_forest_score|ip_events_per_hour,9.960480|-1.327499|-1.122455,P2_analyst_review
1358,application_error,System/application error anomaly,1.0,5,1,2,3,2,10,High,weighted,2026-03-03 21:59:36,Login Auth Error: Not enough data available to satisfy format,error,ERROR,,auth_error_event,,unknown,,,,21,0,0,0,auth_error_event,is_error|hour|isolation_forest_score,7.681977|-1.741663|1.440133,P2_analyst_review
1370,offhours_access,Unauthorized after-hours access,1.0,5,4,3,1,3,15,Very High,weighted,2026-03-04 00:57:15,Google OAuth Redirect Initiated,auth_attempt,INFO,,offhours_access,,unknown,,10.11.228.1,,0,1,0,1,offhours_access,isolation_forest_score|hour|ip_events_per_hour,4.446122|2.672810|1.301549,P1_immediate_investigation
1373,offhours_access,Unauthorized after-hours access,1.0,5,4,3,1,3,15,Very High,weighted,2026-03-04 02:56:32,Google OAuth Redirect Initiated,auth_attempt,INFO,,offhours_access,,unknown,,10.11.228.1,,2,1,0,1,offhours_access,isolation_forest_score|hour|ip_events_per_hour,4.588449|2.714200|1.319996,P1_immediate_investigation
1378,offhours_access,Unauthorized after-hours access,1.0,5,4,3,1,3,15,Very High,weighted,2026-03-04 04:16:52,Google OAuth Redirect Initiated,auth_attempt,INFO,,offhours_access,,unknown,,10.11.228.1,,4,1,0,1,offhours_access,isolation_forest_score|hour|ip_events_per_hour,4.227989|2.752871|1.375163,P1_immediate_investigation
1414,application_error,System/application error anomaly,1.0,5,1,2,3,2,10,High,weighted,2026-03-04 08:41:14,Login Auth Error: Not enough data available to satisfy format,error,ERROR,,auth_error_event,,unknown,,,,8,0,0,0,auth_error_event,is_error|isolation_forest_score|ip_events_per_hour,9.942151|-1.721321|-1.670504,P2_analyst_review
1434,application_error,System/application error anomaly,1.0,5,1,2,3,2,10,High,weighted,2026-03-04 11:48:12,Login Auth Error: Not enough data available to satisfy format,error,ERROR,,auth_error_event,,unknown,,,,11,0,0,0,auth_error_event,is_error|isolation_forest_score|ip_events_per_hour,9.942151|-1.680083|-1.592796,P2_analyst_review
1435,application_error,System/application error anomaly,1.0,5,1,2,3,2,10,High,weighted,2026-03-04 11:51:49,Login Auth Error: Trailing data,error,ERROR,,auth_error_event,,unknown,,,,11,0,0,0,auth_error_event,is_error|isolation_forest_score|ip_events_per_hour,9.943607|-1.671630|-1.591354,P2_analyst_review
1441,database_probing,Database probing / SQL injection attempt,1.0,5,3,4,3,3,15,Very High,weighted,2026-03-04 12:56:54,Sync Fail [m_kelas_kuliah]: SQLSTATE[23000]: Integrity constraint violation: 1062 Duplicate entry '7,error,ERROR,,db_error_suspicious,,unknown,,,,12,0,0,0,db_error_suspicious,is_error|ip_events_per_hour|isolation_forest_score,7.698955|-2.439325|1.830537,P1_immediate_investigation
1444,application_error,System/application error anomaly,1.0,5,1,2,3,2,10,High,weighted,2026-03-04 13:14:51,Login Auth Error: Unexpected data found.,error,ERROR,,auth_error_event,,unknown,,,,13,0,0,0,auth_error_event,is_error|isolation_forest_score|ip_events_per_hour,9.832949|-1.755165|-1.626832,P2_analyst_review
1445,application_error,System/application error anomaly,1.0,5,1,2,3,2,10,High,weighted,2026-03-04 13:16:01,Login Auth Error: Unexpected data found.,error,ERROR,,auth_error_event,,unknown,,,,13,0,0,0,auth_error_event,is_error|isolation_forest_score|ip_events_per_hour,9.832949|-1.761129|-1.642039,P2_analyst_review
1479,application_error,System/application error anomaly,1.0,5,1,2,3,2,10,High,weighted,2026-03-04 16:40:07,Login Auth Error: Trailing data,error,ERROR,,auth_error_event,,unknown,,,,16,0,0,0,auth_error_event,is_error|isolation_forest_score|ip_events_per_hour,9.808639|-1.796567|-1.647750,P2_analyst_review
1500,database_probing,Database probing / SQL injection attempt,1.0,5,3,4,3,3,15,Very High,weighted,2026-03-04 20:51:19,Login Auth Error: SQLSTATE[23000]: Integrity constraint violation: 1062 Duplicate entry 'a22100096@m,error,ERROR,,auth_error_event,,unknown,,,,20,0,0,0,auth_error_event,is_error|isolation_forest_score|ip_events_per_hour,9.943607|-1.319939|-1.151125,P1_immediate_investigation
1515,offhours_access,Unauthorized after-hours access,1.0,5,4,3,1,3,15,Very High,weighted,2026-03-05 01:19:47,Google OAuth Redirect Initiated,auth_attempt,INFO,,offhours_access,,unknown,,10.11.228.1,,1,1,0,1,offhours_access,isolation_forest_score|hour|ip_events_per_hour,4.594069|2.724659|1.486366,P1_immediate_investigation
1524,offhours_access,Unauthorized after-hours access,1.0,5,4,3,1,3,15,Very High,weighted,2026-03-05 03:47:31,Google OAuth Redirect Initiated,auth_attempt,INFO,,offhours_access,,unknown,,10.11.228.1,,3,1,0,1,offhours_access,isolation_forest_score|hour|ip_events_per_hour,4.384098|2.737921|1.337712,P1_immediate_investigation
1527,offhours_access,Unauthorized after-hours access,1.0,5,4,3,1,3,15,Very High,weighted,2026-03-05 04:21:43,Google OAuth Redirect Initiated,auth_attempt,INFO,,offhours_access,,unknown,,10.11.228.1,,4,1,0,3,offhours_access,isolation_forest_score|hour|ip_events_per_hour,4.723992|2.744969|1.380861,P1_immediate_investigation
1529,offhours_access,Unauthorized after-hours access,1.0,5,4,3,1,3,15,Very High,weighted,2026-03-05 04:24:01,Google OAuth Redirect Initiated,auth_attempt,INFO,,offhours_access,,unknown,,10.11.228.1,,4,1,0,3,offhours_access,isolation_forest_score|hour|ip_events_per_hour,4.667837|2.744223|1.369011,P1_immediate_investigation
1530,offhours_access,Unauthorized after-hours access,1.0,5,4,3,1,3,15,Very High,weighted,2026-03-05 04:25:26,Google OAuth Redirect Initiated,auth_attempt,INFO,,offhours_access,,unknown,,10.11.228.1,,4,1,0,3,offhours_access,isolation_forest_score|hour|ip_events_per_hour,4.562471|2.744223|1.365424,P1_immediate_investigation
1535,offhours_access,Unauthorized after-hours access,1.0,5,4,3,1,3,15,Very High,weighted,2026-03-05 05:06:19,Google OAuth Redirect Initiated,auth_attempt,INFO,,offhours_access,,unknown,,10.11.228.1,,5,1,0,3,offhours_access,isolation_forest_score|hour|ip_events_per_hour,4.703324|2.731174|1.300567,P1_immediate_investigation
1536,offhours_access,Unauthorized after-hours access,1.0,5,4,3,1,3,15,Very High,weighted,2026-03-05 05:11:17,Google OAuth Redirect Initiated,auth_attempt,INFO,,offhours_access,,unknown,,10.11.228.1,,5,1,0,3,offhours_access,isolation_forest_score|hour|ip_events_per_hour,4.767477|2.737330|1.374505,P1_immediate_investigation
1574,application_error,System/application error anomaly,1.0,5,1,2,3,2,10,High,weighted,2026-03-05 10:31:34,Sync Error Class ID d26eef3b-1ea3-4d48-899e-1c8cc5698b42: API Error UpdateKelasKuliah: Tidak bisa me,error,ERROR,,error_level,,unknown,,,,10,0,0,0,error_level,is_error|ip_events_per_hour|isolation_forest_score,7.669477|-2.482122|1.586711,P2_analyst_review
1585,application_error,System/application error anomaly,1.0,5,1,2,3,2,10,High,weighted,2026-03-05 12:45:27,Error syncing mahasiswa from PDDIKTI: cURL error 28: Operation timed out after 30002 milliseconds wi,error,ERROR,,error_level,,unknown,,,,12,0,0,0,error_level,is_error|ip_events_per_hour|isolation_forest_score,7.661277|-2.491921|1.655197,P2_analyst_review
1587,application_error,System/application error anomaly,1.0,5,1,2,3,2,10,High,weighted,2026-03-05 12:47:47,Error syncing mahasiswa from PDDIKTI: cURL error 28: Operation timed out after 30002 milliseconds wi,error,ERROR,,error_level,,unknown,,,,12,0,0,0,error_level,is_error|ip_events_per_hour|isolation_forest_score,7.661277|-2.477748|1.690103,P2_analyst_review
1597,application_error,System/application error anomaly,1.0,5,1,2,3,2,10,High,weighted,2026-03-05 14:58:28,Sync Error Class ID 51af1c60-b9dc-48b8-a765-3fe085d59e0d: API Error UpdateKelasKuliah: Tidak bisa me,error,ERROR,,error_level,,unknown,,,,14,0,0,0,error_level,is_error|ip_events_per_hour|isolation_forest_score,7.699826|-2.344589|1.795295,P2_analyst_review
1598,application_error,System/application error anomaly,1.0,5,1,2,3,2,10,High,weighted,2026-03-05 15:00:31,Sync Error Class ID 51af1c60-b9dc-48b8-a765-3fe085d59e0d: API Error UpdateKelasKuliah: Tidak bisa me,error,ERROR,,error_level,,unknown,,,,15,0,0,0,error_level,is_error|ip_events_per_hour|isolation_forest_score,7.694771|-2.363871|1.878997,P2_analyst_review
1617,database_probing,Database probing / SQL injection attempt,1.0,5,3,4,3,3,15,Very High,weighted,2026-03-05 19:07:41,Login Auth Error: SQLSTATE[23000]: Integrity constraint violation: 1062 Duplicate entry 'a22100096@m,error,ERROR,,auth_error_event,,unknown,,,,19,0,0,0,auth_error_event,is_error|isolation_forest_score|ip_events_per_hour,9.935166|-1.171569|-1.150292,P1_immediate_investigation
1618,database_probing,Database probing / SQL injection attempt,1.0,5,3,4,3,3,15,Very High,weighted,2026-03-05 19:08:44,Login Auth Error: SQLSTATE[23000]: Integrity constraint violation: 1062 Duplicate entry 'a22100096@m,error,ERROR,,auth_error_event,,unknown,,,,19,0,0,0,auth_error_event,is_error|isolation_forest_score|ip_events_per_hour,9.932992|-1.157143|-1.155161,P1_immediate_investigation
1619,database_probing,Database probing / SQL injection attempt,1.0,5,3,4,3,3,15,Very High,weighted,2026-03-05 19:11:14,Login Auth Error: SQLSTATE[23000]: Integrity constraint violation: 1062 Duplicate entry 'a22100096@m,error,ERROR,,auth_error_event,,unknown,,,,19,0,0,0,auth_error_event,is_error|isolation_forest_score|ip_events_per_hour,9.931536|-1.186872|-1.160184,P1_immediate_investigation
1620,database_probing,Database probing / SQL injection attempt,1.0,5,3,4,3,3,15,Very High,weighted,2026-03-05 19:12:46,Login Auth Error: SQLSTATE[23000]: Integrity constraint violation: 1062 Duplicate entry 'a22100096@m,error,ERROR,,auth_error_event,,unknown,,,,19,0,0,0,auth_error_event,is_error|isolation_forest_score|ip_events_per_hour,9.931536|-1.205209|-1.177385,P1_immediate_investigation
1621,database_probing,Database probing / SQL injection attempt,1.0,5,3,4,3,3,15,Very High,weighted,2026-03-05 19:13:25,Login Auth Error: SQLSTATE[23000]: Integrity constraint violation: 1062 Duplicate entry 'a22100096@m,error,ERROR,,auth_error_event,,unknown,,,,19,0,0,0,auth_error_event,is_error|isolation_forest_score|ip_events_per_hour,9.931536|-1.225422|-1.197768,P1_immediate_investigation
1638,offhours_access,Unauthorized after-hours access,1.0,5,4,3,1,3,15,Very High,weighted,2026-03-06 04:41:05,Google OAuth Redirect Initiated,auth_attempt,INFO,,offhours_access,,unknown,,10.11.228.1,,4,1,0,1,offhours_access,isolation_forest_score|hour|ip_events_per_hour,4.527295|2.788951|1.445334,P1_immediate_investigation
1678,application_error,System/application error anomaly,1.0,5,1,2,3,2,10,High,weighted,2026-03-06 15:04:27,Login Auth Error: Not enough data available to satisfy format,error,ERROR,,auth_error_event,,unknown,,,,15,0,0,0,auth_error_event,is_error|isolation_forest_score|ip_events_per_hour,9.984027|-1.677117|-1.531795,P2_analyst_review
1680,application_error,System/application error anomaly,1.0,5,1,2,3,2,10,High,weighted,2026-03-06 15:07:54,Login Auth Error: Not enough data available to satisfy format,error,ERROR,,auth_error_event,,unknown,,,,15,0,0,0,auth_error_event,is_error|isolation_forest_score|ip_events_per_hour,9.957073|-1.728567|-1.552226,P2_analyst_review
1687,database_probing,Database probing / SQL injection attempt,1.0,5,3,4,3,3,15,Very High,weighted,2026-03-06 16:18:21,Sync Fail [m_kelas_kuliah]: SQLSTATE[23000]: Integrity constraint violation: 1062 Duplicate entry '7,error,ERROR,,db_error_suspicious,,unknown,,,,16,0,0,0,db_error_suspicious,is_error|ip_events_per_hour|isolation_forest_score,7.660121|-2.524903|1.854572,P1_immediate_investigation
1741,application_error,System/application error anomaly,1.0,5,1,2,3,2,10,High,weighted,2026-03-07 08:22:13,Cannot use object of type stdClass as array (View: /var/www/html/siuter-unsap/resources/views/fakult,error,ERROR,,error_level,,unknown,,,,8,0,0,0,error_level,is_error|ip_events_per_hour|isolation_forest_score,7.640565|-2.332858|1.430348,P2_analyst_review
1748,application_error,System/application error anomaly,1.0,5,1,2,3,2,10,High,weighted,2026-03-07 09:00:59,Cannot use object of type stdClass as array (View: /var/www/html/siuter-unsap/resources/views/fakult,error,ERROR,,error_level,,unknown,,,,9,0,0,0,error_level,is_error|ip_events_per_hour|isolation_forest_score,7.688138|-2.133264|1.837878,P2_analyst_review
1750,application_error,System/application error anomaly,1.0,5,1,2,3,2,10,High,weighted,2026-03-07 09:24:16,Sync Error Class ID 1f5bfe46-ef2c-463d-ad97-d3cfd96cb793: API Error InsertKelasKuliah: Nama Kelas Su,error,ERROR,,error_level,,unknown,,,,9,0,0,0,error_level,is_error|ip_events_per_hour|isolation_forest_score,7.659977|-2.529847|1.945090,P2_analyst_review
1751,application_error,System/application error anomaly,1.0,5,1,2,3,2,10,High,weighted,2026-03-07 09:25:22,Sync Error Class ID 6a78c8d0-c707-4b50-b1f8-de5c444623ae: API Error InsertKelasKuliah: Nama Kelas Su,error,ERROR,,error_level,,unknown,,,,9,0,0,0,error_level,is_error|ip_events_per_hour|isolation_forest_score,7.659977|-2.529847|1.945090,P2_analyst_review
1754,application_error,System/application error anomaly,1.0,5,1,2,3,2,10,High,weighted,2026-03-07 09:26:24,Sync Error Class ID 7d4c4701-7a55-4f01-88de-83e492648cf4: API Error InsertKelasKuliah: Nama Kelas Su,error,ERROR,,error_level,,unknown,,,,9,0,0,0,error_level,is_error|ip_events_per_hour|isolation_forest_score,7.659977|-2.529847|1.945090,P2_analyst_review
1756,application_error,System/application error anomaly,1.0,5,1,2,3,2,10,High,weighted,2026-03-07 09:27:27,Sync Error Class ID a36cc2e8-c5f0-4842-a6a5-e47fc33c351e: API Error InsertKelasKuliah: Nama Kelas Su,error,ERROR,,error_level,,unknown,,,,9,0,0,0,error_level,is_error|ip_events_per_hour|isolation_forest_score,7.659972|-2.528805|1.947591,P2_analyst_review
1757,application_error,System/application error anomaly,1.0,5,1,2,3,2,10,High,weighted,2026-03-07 09:28:29,Sync Error Class ID c49691d6-af70-4563-925a-f6475ef17070: API Error InsertKelasKuliah: Nama Kelas Su,error,ERROR,,error_level,,unknown,,,,9,0,0,0,error_level,is_error|ip_events_per_hour|isolation_forest_score,7.659972|-2.530013|1.945128,P2_analyst_review
1758,application_error,System/application error anomaly,1.0,5,1,2,3,2,10,High,weighted,2026-03-07 09:29:40,Sync Error Class ID 73e0872a-a8ec-41b7-9be8-f3a7fe95c51f: API Error InsertKelasKuliah: Nama Kelas Su,error,ERROR,,error_level,,unknown,,,,9,0,0,0,error_level,is_error|ip_events_per_hour|isolation_forest_score,7.659972|-2.530091|1.945148,P2_analyst_review
1759,application_error,System/application error anomaly,1.0,5,1,2,3,2,10,High,weighted,2026-03-07 09:30:40,Sync Error Class ID 7487b3bf-e819-4f18-a184-9a96d0db42d1: API Error InsertKelasKuliah: Nama Kelas Su,error,ERROR,,error_level,,unknown,,,,9,0,0,0,error_level,is_error|ip_events_per_hour|isolation_forest_score,7.659972|-2.530091|1.945148,P2_analyst_review
1761,application_error,System/application error anomaly,1.0,5,1,2,3,2,10,High,weighted,2026-03-07 09:31:40,Sync Error Class ID 77d71bba-ac9a-4f6d-b3f2-3ee8fd8c4c5c: API Error InsertKelasKuliah: Nama Kelas Su,error,ERROR,,error_level,,unknown,,,,9,0,0,0,error_level,is_error|ip_events_per_hour|isolation_forest_score,7.659972|-2.529045|1.947653,P2_analyst_review
1762,application_error,System/application error anomaly,1.0,5,1,2,3,2,10,High,weighted,2026-03-07 09:32:40,Sync Error Class ID 77ecb013-004b-42cc-942c-620b6000e3a1: API Error InsertKelasKuliah: Nama Kelas Su,error,ERROR,,error_level,,unknown,,,,9,0,0,0,error_level,is_error|ip_events_per_hour|isolation_forest_score,7.659972|-2.529045|1.947653,P2_analyst_review
1763,application_error,System/application error anomaly,1.0,5,1,2,3,2,10,High,weighted,2026-03-07 09:33:40,Sync Error Class ID 7d4c4701-7a55-4f01-88de-83e492648cf4: API Error InsertKelasKuliah: Nama Kelas Su,error,ERROR,,error_level,,unknown,,,,9,0,0,0,error_level,is_error|ip_events_per_hour|isolation_forest_score,7.659972|-2.529129|1.947675,P2_analyst_review
1766,application_error,System/application error anomaly,1.0,5,1,2,3,2,10,High,weighted,2026-03-07 09:34:41,Sync Error Class ID 80a85bdb-a735-4e28-8592-2952ee8e02a0: API Error InsertKelasKuliah: Nama Kelas Su,error,ERROR,,error_level,,unknown,,,,9,0,0,0,error_level,is_error|ip_events_per_hour|isolation_forest_score,7.659977|-2.529124|1.947679,P2_analyst_review
1768,application_error,System/application error anomaly,1.0,5,1,2,3,2,10,High,weighted,2026-03-07 09:35:41,Sync Error Class ID 82580bc6-7f35-424a-ae68-95afbdd56ac3: API Error InsertKelasKuliah: Nama Kelas Su,error,ERROR,,error_level,,unknown,,,,9,0,0,0,error_level,is_error|ip_events_per_hour|isolation_forest_score,7.659977|-2.529124|1.947679,P2_analyst_review
1769,application_error,System/application error anomaly,1.0,5,1,2,3,2,10,High,weighted,2026-03-07 09:36:41,Sync Error Class ID 83839926-779f-4386-afe7-c749837da57f: API Error InsertKelasKuliah: Nama Kelas Su,error,ERROR,,error_level,,unknown,,,,9,0,0,0,error_level,is_error|ip_events_per_hour|isolation_forest_score,7.659977|-2.529124|1.947679,P2_analyst_review
1770,application_error,System/application error anomaly,1.0,5,1,2,3,2,10,High,weighted,2026-03-07 09:37:41,Sync Error Class ID 8942cb10-1dd7-4cbb-90c7-cdfc157a0965: API Error InsertKelasKuliah: Nama Kelas Su,error,ERROR,,error_level,,unknown,,,,9,0,0,0,error_level,is_error|ip_events_per_hour|isolation_forest_score,7.659977|-2.529124|1.947679,P2_analyst_review
1771,application_error,System/application error anomaly,1.0,5,1,2,3,2,10,High,weighted,2026-03-07 09:37:44,Cannot use object of type stdClass as array (View: /var/www/html/siuter-unsap/resources/views/fakult,error,ERROR,,error_level,,unknown,,,,9,0,0,0,error_level,is_error|ip_events_per_hour|isolation_forest_score,7.640565|-2.281638|1.377229,P2_analyst_review
1773,application_error,System/application error anomaly,1.0,5,1,2,3,2,10,High,weighted,2026-03-07 09:38:41,Sync Error Class ID 8c37c635-f4c0-4bc5-9fc5-4b709429f5b1: API Error InsertKelasKuliah: Nama Kelas Su,error,ERROR,,error_level,,unknown,,,,9,0,0,0,error_level,is_error|ip_events_per_hour|isolation_forest_score,7.659977|-2.529930|1.945116,P2_analyst_review
1774,application_error,System/application error anomaly,1.0,5,1,2,3,2,10,High,weighted,2026-03-07 09:39:41,Sync Error Class ID 8ccc9cc7-83b2-4655-a7de-b1c521b476df: API Error InsertKelasKuliah: Nama Kelas Su,error,ERROR,,error_level,,unknown,,,,9,0,0,0,error_level,is_error|ip_events_per_hour|isolation_forest_score,7.659977|-2.529930|1.945172,P2_analyst_review
1775,application_error,System/application error anomaly,1.0,5,1,2,3,2,10,High,weighted,2026-03-07 09:40:07,Cannot use object of type stdClass as array (View: /var/www/html/siuter-unsap/resources/views/fakult,error,ERROR,,error_level,,unknown,,,,9,0,0,0,error_level,is_error|ip_events_per_hour|isolation_forest_score,7.600613|-2.329004|1.406453,P2_analyst_review
1777,application_error,System/application error anomaly,1.0,5,1,2,3,2,10,High,weighted,2026-03-07 09:40:41,Sync Error Class ID 93691d2d-f021-4886-a9cc-fd2017de4679: API Error InsertKelasKuliah: Nama Kelas Su,error,ERROR,,error_level,,unknown,,,,9,0,0,0,error_level,is_error|ip_events_per_hour|isolation_forest_score,7.659977|-2.529930|1.945172,P2_analyst_review
1778,application_error,System/application error anomaly,1.0,5,1,2,3,2,10,High,weighted,2026-03-07 09:41:41,Sync Error Class ID 9482524b-8385-44a7-b192-17c00f11daf6: API Error InsertKelasKuliah: Nama Kelas Su,error,ERROR,,error_level,,unknown,,,,9,0,0,0,error_level,is_error|ip_events_per_hour|isolation_forest_score,7.660334|-2.529930|1.945529,P2_analyst_review
1780,application_error,System/application error anomaly,1.0,5,1,2,3,2,10,High,weighted,2026-03-07 09:42:42,Sync Error Class ID 9c457d54-6269-4a64-a9ea-903d145fe5db: API Error InsertKelasKuliah: Nama Kelas Su,error,ERROR,,error_level,,unknown,,,,9,0,0,0,error_level,is_error|ip_events_per_hour|isolation_forest_score,7.660334|-2.528883|1.948034,P2_analyst_review
1782,application_error,System/application error anomaly,1.0,5,1,2,3,2,10,High,weighted,2026-03-07 09:43:42,Sync Error Class ID 9d6ab19e-194f-4a85-9211-4b98007d9417: API Error InsertKelasKuliah: Nama Kelas Su,error,ERROR,,error_level,,unknown,,,,9,0,0,0,error_level,is_error|ip_events_per_hour|isolation_forest_score,7.660334|-2.528883|1.951491,P2_analyst_review
1783,application_error,System/application error anomaly,1.0,5,1,2,3,2,10,High,weighted,2026-03-07 09:44:42,Sync Error Class ID 9dcbbbb5-6a2e-43b5-a62c-3c1b48cddd0e: API Error InsertKelasKuliah: Nama Kelas Su,error,ERROR,,error_level,,unknown,,,,9,0,0,0,error_level,is_error|ip_events_per_hour|isolation_forest_score,7.660334|-2.518571|1.955828,P2_analyst_review
1789,application_error,System/application error anomaly,0.9999867542937484,5,1,2,3,2,10,High,weighted,2026-03-07 09:53:44,Sync Error Class ID b168e6e8-eda4-40be-b439-4abdd726ba98: API Error InsertKelasKuliah: Nama Kelas Su,error,ERROR,,error_level,,unknown,,,,9,0,0,0,error_level,is_error|ip_events_per_hour|isolation_forest_score,7.663876|-2.459796|1.939693,P2_analyst_review
1790,application_error,System/application error anomaly,0.9999867542937484,5,1,2,3,2,10,High,weighted,2026-03-07 09:54:44,Sync Error Class ID b4006339-dd56-4fab-9e89-0a1e34fd15e7: API Error InsertKelasKuliah: Nama Kelas Su,error,ERROR,,error_level,,unknown,,,,9,0,0,0,error_level,is_error|ip_events_per_hour|isolation_forest_score,7.676173|-2.441698|1.936056,P2_analyst_review
1791,application_error,System/application error anomaly,0.9999867542937484,5,1,2,3,2,10,High,weighted,2026-03-07 09:55:44,Sync Error Class ID b50f5012-a293-4aca-b6db-52933c82bb2b: API Error InsertKelasKuliah: Nama Kelas Su,error,ERROR,,error_level,,unknown,,,,9,0,0,0,error_level,is_error|ip_events_per_hour|isolation_forest_score,7.676173|-2.431036|1.935041,P2_analyst_review
1793,application_error,System/application error anomaly,0.9999867542937484,5,1,2,3,2,10,High,weighted,2026-03-07 09:56:44,Sync Error Class ID ba4e8388-624f-4cac-9eab-6c39c975b315: API Error InsertKelasKuliah: Nama Kelas Su,error,ERROR,,error_level,,unknown,,,,9,0,0,0,error_level,is_error|ip_events_per_hour|isolation_forest_score,7.676173|-2.431036|1.935279,P2_analyst_review
1794,application_error,System/application error anomaly,0.9999867542937484,5,1,2,3,2,10,High,weighted,2026-03-07 09:57:44,Sync Error Class ID bcf09b24-16ed-45fb-aa48-918161fdfdc8: API Error InsertKelasKuliah: Nama Kelas Su,error,ERROR,,error_level,,unknown,,,,9,0,0,0,error_level,is_error|ip_events_per_hour|isolation_forest_score,7.677901|-2.412804|1.937403,P2_analyst_review
1795,application_error,System/application error anomaly,0.9999867542937484,5,1,2,3,2,10,High,weighted,2026-03-07 09:58:44,Sync Error Class ID bd404fa6-4c59-456a-8eeb-ca00c5f0a8c0: API Error InsertKelasKuliah: Nama Kelas Su,error,ERROR,,error_level,,unknown,,,,9,0,0,0,error_level,is_error|ip_events_per_hour|isolation_forest_score,7.677901|-2.413545|1.940179,P2_analyst_review
1797,application_error,System/application error anomaly,0.9999867542937484,5,1,2,3,2,10,High,weighted,2026-03-07 09:59:45,Sync Error Class ID c279a336-ac4e-4cc3-a765-49c29d9fd226: API Error InsertKelasKuliah: Nama Kelas Su,error,ERROR,,error_level,,unknown,,,,9,0,0,0,error_level,is_error|ip_events_per_hour|isolation_forest_score,7.677901|-2.351284|1.944549,P2_analyst_review
1798,application_error,System/application error anomaly,1.0,5,1,2,3,2,10,High,weighted,2026-03-07 10:00:45,Sync Error Class ID c49691d6-af70-4563-925a-f6475ef17070: API Error InsertKelasKuliah: Nama Kelas Su,error,ERROR,,error_level,,unknown,,,,10,0,0,0,error_level,is_error|ip_events_per_hour|isolation_forest_score,7.677901|-2.333873|1.933763,P2_analyst_review
1800,application_error,System/application error anomaly,1.0,5,1,2,3,2,10,High,weighted,2026-03-07 10:01:45,Sync Error Class ID c95890d2-488b-44ec-8366-ed59cd89e004: API Error InsertKelasKuliah: Nama Kelas Su,error,ERROR,,error_level,,unknown,,,,10,0,0,0,error_level,is_error|ip_events_per_hour|isolation_forest_score,7.677901|-2.396135|1.929394,P2_analyst_review
1802,application_error,System/application error anomaly,1.0,5,1,2,3,2,10,High,weighted,2026-03-07 10:02:46,Sync Error Class ID ca8f3d74-c7b2-4bc3-a603-92ad934913b5: API Error InsertKelasKuliah: Nama Kelas Su,error,ERROR,,error_level,,unknown,,,,10,0,0,0,error_level,is_error|ip_events_per_hour|isolation_forest_score,7.677901|-2.395394|1.928009,P2_analyst_review
1803,application_error,System/application error anomaly,1.0,5,1,2,3,2,10,High,weighted,2026-03-07 10:03:46,Sync Error Class ID d0fd5006-95f2-44c6-899f-ab2417ec2761: API Error InsertKelasKuliah: Nama Kelas Su,error,ERROR,,error_level,,unknown,,,,10,0,0,0,error_level,is_error|ip_events_per_hour|isolation_forest_score,7.676173|-2.413626|1.923688,P2_analyst_review
1805,application_error,System/application error anomaly,1.0,5,1,2,3,2,10,High,weighted,2026-03-07 10:04:46,Sync Error Class ID d1211f52-9d18-4dbd-a26f-6bf3983f7307: API Error InsertKelasKuliah: Nama Kelas Su,error,ERROR,,error_level,,unknown,,,,10,0,0,0,error_level,is_error|ip_events_per_hour|isolation_forest_score,7.676173|-2.413626|1.923451,P2_analyst_review
1807,application_error,System/application error anomaly,1.0,5,1,2,3,2,10,High,weighted,2026-03-07 10:05:47,Sync Error Class ID d16d8d82-9645-475f-932b-fd2ecf76c64c: API Error InsertKelasKuliah: Nama Kelas Su,error,ERROR,,error_level,,unknown,,,,10,0,0,0,error_level,is_error|ip_events_per_hour|isolation_forest_score,7.676173|-2.413626|1.923451,P2_analyst_review
1809,application_error,System/application error anomaly,1.0,5,1,2,3,2,10,High,weighted,2026-03-07 10:06:47,Sync Error Class ID d20f9ab8-01ac-4625-979e-b5c119401b17: API Error InsertKelasKuliah: Nama Kelas Su,error,ERROR,,error_level,,unknown,,,,10,0,0,0,error_level,is_error|ip_events_per_hour|isolation_forest_score,7.663876|-2.437280|1.929734,P2_analyst_review
1811,application_error,System/application error anomaly,1.0,5,1,2,3,2,10,High,weighted,2026-03-07 10:07:47,Sync Error Class ID d7f8de07-0687-403e-8500-429e2d1c600d: API Error InsertKelasKuliah: Nama Kelas Su,error,ERROR,,error_level,,unknown,,,,10,0,0,0,error_level,is_error|ip_events_per_hour|isolation_forest_score,7.661971|-2.442385|1.929771,P2_analyst_review
1813,application_error,System/application error anomaly,1.0,5,1,2,3,2,10,High,weighted,2026-03-07 10:08:47,Sync Error Class ID da1df5c9-b1d3-46a9-a701-f3467afaa597: API Error InsertKelasKuliah: Nama Kelas Su,error,ERROR,,error_level,,unknown,,,,10,0,0,0,error_level,is_error|ip_events_per_hour|isolation_forest_score,7.660993|-2.442385|1.930026,P2_analyst_review
1814,application_error,System/application error anomaly,1.0,5,1,2,3,2,10,High,weighted,2026-03-07 10:09:48,Sync Error Class ID dc2d00dc-fed2-456d-b5a5-e7aa83cc643c: API Error InsertKelasKuliah: Nama Kelas Su,error,ERROR,,error_level,,unknown,,,,10,0,0,0,error_level,is_error|ip_events_per_hour|isolation_forest_score,7.660993|-2.445153|1.935141,P2_analyst_review
1815,application_error,System/application error anomaly,1.0,5,1,2,3,2,10,High,weighted,2026-03-07 10:10:48,Sync Error Class ID e4ed53d6-8897-4c77-9bb9-da97e91391b6: API Error InsertKelasKuliah: Nama Kelas Su,error,ERROR,,error_level,,unknown,,,,10,0,0,0,error_level,is_error|ip_events_per_hour|isolation_forest_score,7.660993|-2.445153|1.935141,P2_analyst_review
1816,application_error,System/application error anomaly,1.0,5,1,2,3,2,10,High,weighted,2026-03-07 10:11:48,Sync Error Class ID e99e6434-5411-4432-8e7d-38b360c34965: API Error InsertKelasKuliah: Nama Kelas Su,error,ERROR,,error_level,,unknown,,,,10,0,0,0,error_level,is_error|ip_events_per_hour|isolation_forest_score,7.660334|-2.445153|1.935328,P2_analyst_review
1818,application_error,System/application error anomaly,1.0,5,1,2,3,2,10,High,weighted,2026-03-07 10:12:49,Sync Error Class ID eaee4118-ac86-4782-8c02-7ec8f7448853: API Error InsertKelasKuliah: Nama Kelas Su,error,ERROR,,error_level,,unknown,,,,10,0,0,0,error_level,is_error|ip_events_per_hour|isolation_forest_score,7.660334|-2.461515|1.942565,P2_analyst_review
1820,application_error,System/application error anomaly,1.0,5,1,2,3,2,10,High,weighted,2026-03-07 10:13:49,Sync Error Class ID ed1680b4-9b6f-40ad-ad15-67fc3e54f5fa: API Error InsertKelasKuliah: Nama Kelas Su,error,ERROR,,error_level,,unknown,,,,10,0,0,0,error_level,is_error|ip_events_per_hour|isolation_forest_score,7.660334|-2.479095|1.943044,P2_analyst_review
1821,application_error,System/application error anomaly,1.0,5,1,2,3,2,10,High,weighted,2026-03-07 10:14:49,Sync Error Class ID eda3414d-15e2-4a69-b23f-db9e048176da: API Error InsertKelasKuliah: Nama Kelas Su,error,ERROR,,error_level,,unknown,,,,10,0,0,0,error_level,is_error|ip_events_per_hour|isolation_forest_score,7.660334|-2.484013|1.943768,P2_analyst_review
1822,application_error,System/application error anomaly,1.0,5,1,2,3,2,10,High,weighted,2026-03-07 10:15:50,Sync Error Class ID f139fc89-c63c-4467-9ae9-2ed4ea203d13: API Error InsertKelasKuliah: Nama Kelas Su,error,ERROR,,error_level,,unknown,,,,10,0,0,0,error_level,is_error|ip_events_per_hour|isolation_forest_score,7.660334|-2.502206|1.944766,P2_analyst_review
1823,application_error,System/application error anomaly,1.0,5,1,2,3,2,10,High,weighted,2026-03-07 10:16:50,Sync Error Class ID f6d3c38f-d2d4-476e-9a2b-906fea52b5d5: API Error InsertKelasKuliah: Nama Kelas Su,error,ERROR,,error_level,,unknown,,,,10,0,0,0,error_level,is_error|ip_events_per_hour|isolation_forest_score,7.660334|-2.512377|1.941162,P2_analyst_review
1824,application_error,System/application error anomaly,1.0,5,1,2,3,2,10,High,weighted,2026-03-07 10:17:50,Sync Error Class ID f8e4674f-73a3-48c4-8349-3ef8d7f65c8e: API Error InsertKelasKuliah: Nama Kelas Su,error,ERROR,,error_level,,unknown,,,,10,0,0,0,error_level,is_error|ip_events_per_hour|isolation_forest_score,7.660334|-2.512519|1.937745,P2_analyst_review
1825,application_error,System/application error anomaly,1.0,5,1,2,3,2,10,High,weighted,2026-03-07 10:18:51,Sync Error Class ID fa0fc101-bfd0-4512-8731-849ea7642045: API Error InsertKelasKuliah: Nama Kelas Su,error,ERROR,,error_level,,unknown,,,,10,0,0,0,error_level,is_error|ip_events_per_hour|isolation_forest_score,7.660334|-2.512519|1.936643,P2_analyst_review
1827,application_error,System/application error anomaly,1.0,5,1,2,3,2,10,High,weighted,2026-03-07 10:19:51,Sync Error Class ID fe98c73f-55fa-42d9-bfe4-9b37542f4fef: API Error InsertKelasKuliah: Nama Kelas Su,error,ERROR,,error_level,,unknown,,,,10,0,0,0,error_level,is_error|ip_events_per_hour|isolation_forest_score,7.659977|-2.506314|1.939631,P2_analyst_review
1828,application_error,System/application error anomaly,1.0,5,1,2,3,2,10,High,weighted,2026-03-07 10:20:51,Sync Error Class ID fea129c9-8835-490b-a352-3f5e3a2cf642: API Error InsertKelasKuliah: Nama Kelas Su,error,ERROR,,error_level,,unknown,,,,10,0,0,0,error_level,is_error|ip_events_per_hour|isolation_forest_score,7.659977|-2.506314|1.940733,P2_analyst_review
1832,application_error,System/application error anomaly,1.0,5,1,2,3,2,10,High,weighted,2026-03-07 10:43:36,Google OAuth Error,error,ERROR,,auth_error_event,,unknown,,,,10,0,0,0,auth_error_event,is_error|ip_events_per_hour|isolation_forest_score,7.601674|-2.340738|1.448043,P2_analyst_review
1836,application_error,System/application error anomaly,1.0,5,1,2,3,2,10,High,weighted,2026-03-07 11:10:00,Cannot use object of type stdClass as array (View: /var/www/html/siuter-unsap/resources/views/fakult,error,ERROR,,error_level,,unknown,,,,11,0,0,0,error_level,is_error|ip_events_per_hour|isolation_forest_score,7.642766|-2.239085|1.374699,P2_analyst_review
1838,application_error,System/application error anomaly,1.0,5,1,2,3,2,10,High,weighted,2026-03-07 11:29:51,Cannot use object of type stdClass as array (View: /var/www/html/siuter-unsap/resources/views/fakult,error,ERROR,,error_level,,unknown,,,,11,0,0,0,error_level,is_error|ip_events_per_hour|isolation_forest_score,7.755512|-2.241662|1.312748,P2_analyst_review
1842,application_error,System/application error anomaly,1.0,5,1,2,3,2,10,High,weighted,2026-03-07 12:36:55,Error syncing mahasiswa from PDDIKTI: cURL error 28: Operation timed out after 30002 milliseconds wi,error,ERROR,,error_level,,unknown,,,,12,0,0,0,error_level,is_error|ip_events_per_hour|isolation_forest_score,7.661041|-2.506879|1.949816,P2_analyst_review
1843,application_error,System/application error anomaly,1.0,5,1,2,3,2,10,High,weighted,2026-03-07 12:38:00,Error syncing mahasiswa from PDDIKTI: cURL error 28: Operation timed out after 30002 milliseconds wi,error,ERROR,,error_level,,unknown,,,,12,0,0,0,error_level,is_error|ip_events_per_hour|isolation_forest_score,7.661041|-2.506638|1.949758,P2_analyst_review
1844,application_error,System/application error anomaly,1.0,5,1,2,3,2,10,High,weighted,2026-03-07 12:39:26,Error syncing mahasiswa from PDDIKTI: cURL error 28: Operation timed out after 30002 milliseconds wi,error,ERROR,,error_level,,unknown,,,,12,0,0,0,error_level,is_error|ip_events_per_hour|isolation_forest_score,7.662162|-2.506638|1.946146,P2_analyst_review
1845,application_error,System/application error anomaly,1.0,5,1,2,3,2,10,High,weighted,2026-03-07 12:40:40,Error syncing mahasiswa from PDDIKTI: cURL error 28: Operation timed out after 30001 milliseconds wi,error,ERROR,,error_level,,unknown,,,,12,0,0,0,error_level,is_error|ip_events_per_hour|isolation_forest_score,7.662162|-2.506638|1.946146,P2_analyst_review
1846,application_error,System/application error anomaly,1.0,5,1,2,3,2,10,High,weighted,2026-03-07 12:43:14,Error syncing mahasiswa from PDDIKTI: cURL error 28: Operation timed out after 30002 milliseconds wi,error,ERROR,,error_level,,unknown,,,,12,0,0,0,error_level,is_error|ip_events_per_hour|isolation_forest_score,7.660334|-2.506638|1.944556,P2_analyst_review
1847,application_error,System/application error anomaly,1.0,5,1,2,3,2,10,High,weighted,2026-03-07 12:44:19,Error syncing mahasiswa from PDDIKTI: cURL error 28: Operation timed out after 30002 milliseconds wi,error,ERROR,,error_level,,unknown,,,,12,0,0,0,error_level,is_error|ip_events_per_hour|isolation_forest_score,7.660334|-2.495279|1.951398,P2_analyst_review
1849,application_error,System/application error anomaly,1.0,5,1,2,3,2,10,High,weighted,2026-03-07 13:13:10,Error syncing mahasiswa from PDDIKTI: cURL error 28: Operation timed out after 30002 milliseconds wi,error,ERROR,,error_level,,unknown,,,,13,0,0,0,error_level,is_error|ip_events_per_hour|isolation_forest_score,7.660905|-2.479095|1.940410,P2_analyst_review
1850,application_error,System/application error anomaly,1.0,5,1,2,3,2,10,High,weighted,2026-03-07 13:15:04,Error syncing mahasiswa from PDDIKTI: cURL error 28: Operation timed out after 30002 milliseconds wi,error,ERROR,,error_level,,unknown,,,,13,0,0,0,error_level,is_error|ip_events_per_hour|isolation_forest_score,7.662519|-2.502206|1.951197,P2_analyst_review
1885,offhours_access,Unauthorized after-hours access,1.0,5,4,3,1,3,15,Very High,weighted,2026-03-08 03:26:07,Login Auth Error: Trailing data,error,ERROR,,auth_error_event,,unknown,,,,3,1,0,0,auth_error_event,is_error|ip_events_per_hour|isolation_forest_score,7.245578|-3.311323|2.294070,P1_immediate_investigation
1890,application_error,System/application error anomaly,1.0,5,1,2,3,2,10,High,weighted,2026-03-08 07:27:38,Login Auth Error: Not enough data available to satisfy format,error,ERROR,,auth_error_event,,unknown,,,,7,0,0,0,auth_error_event,is_error|ip_events_per_hour|isolation_forest_score,7.565549|-2.409503|1.830619,P2_analyst_review
1903,application_error,System/application error anomaly,1.0,5,1,2,3,2,10,High,weighted,2026-03-08 16:09:15,Login Auth Error: Not enough data available to satisfy format,error,ERROR,,auth_error_event,,unknown,,,,16,0,0,0,auth_error_event,is_error|ip_events_per_hour|isolation_forest_score,7.567754|-2.287224|1.802783,P2_analyst_review
1935,offhours_access,Unauthorized after-hours access,1.0,5,4,3,1,3,15,Very High,weighted,2026-03-09 00:38:19,Google OAuth Redirect Initiated,auth_attempt,INFO,,offhours_access,,unknown,,10.11.228.1,,0,1,0,1,offhours_access,isolation_forest_score|hour|ip_events_per_hour,4.799242|2.665858|1.471193,P1_immediate_investigation
1945,offhours_access,Unauthorized after-hours access,1.0,5,4,3,1,3,15,Very High,weighted,2026-03-09 05:24:59,Google OAuth Redirect Initiated,auth_attempt,INFO,,offhours_access,,unknown,,10.11.228.1,,5,1,0,1,offhours_access,isolation_forest_score|hour|ip_events_per_hour,4.939374|2.789263|1.487699,P1_immediate_investigation
1954,application_error,System/application error anomaly,1.0,5,1,2,3,2,10,High,weighted,2026-03-09 09:45:03,Google OAuth Error,error,ERROR,,auth_error_event,,unknown,,,,9,0,0,0,auth_error_event,is_error|isolation_forest_score|ip_events_per_hour,9.959579|-1.753738|-1.607133,P2_analyst_review
1966,application_error,System/application error anomaly,1.0,5,1,2,3,2,10,High,weighted,2026-03-09 12:02:22,Login Auth Error: Trailing data,error,ERROR,,auth_error_event,,unknown,,,,12,0,0,0,auth_error_event,is_error|ip_events_per_hour|isolation_forest_score,7.809350|-2.105187|1.296397,P2_analyst_review
1969,application_error,System/application error anomaly,1.0,5,1,2,3,2,10,High,weighted,2026-03-09 12:11:56,Error syncing mahasiswa from PDDIKTI: cURL error 28: Operation timed out after 30002 milliseconds wi,error,ERROR,,error_level,,unknown,,,,12,0,0,0,error_level,is_error|ip_events_per_hour|isolation_forest_score,7.662304|-2.467000|1.881668,P2_analyst_review
1972,application_error,System/application error anomaly,1.0,5,1,2,3,2,10,High,weighted,2026-03-09 12:14:24,Error syncing mahasiswa from PDDIKTI: cURL error 28: Operation timed out after 30002 milliseconds wi,error,ERROR,,error_level,,unknown,,,,12,0,0,0,error_level,is_error|ip_events_per_hour|isolation_forest_score,7.663189|-2.504813|1.875121,P2_analyst_review
1974,application_error,System/application error anomaly,1.0,5,1,2,3,2,10,High,weighted,2026-03-09 12:15:31,Error syncing mahasiswa from PDDIKTI: cURL error 28: Operation timed out after 30002 milliseconds wi,error,ERROR,,error_level,,unknown,,,,12,0,0,0,error_level,is_error|ip_events_per_hour|isolation_forest_score,7.663189|-2.523007|1.877221,P2_analyst_review
1977,application_error,System/application error anomaly,1.0,5,1,2,3,2,10,High,weighted,2026-03-09 12:19:39,Error syncing mahasiswa from PDDIKTI: cURL error 28: Operation timed out after 30002 milliseconds wi,error,ERROR,,error_level,,unknown,,,,12,0,0,0,error_level,is_error|ip_events_per_hour|isolation_forest_score,7.662832|-2.527114|1.871997,P2_analyst_review
1979,application_error,System/application error anomaly,1.0,5,1,2,3,2,10,High,weighted,2026-03-09 12:30:31,Error syncing mahasiswa from PDDIKTI: cURL error 28: Operation timed out after 30002 milliseconds wi,error,ERROR,,error_level,,unknown,,,,12,0,0,0,error_level,is_error|ip_events_per_hour|isolation_forest_score,7.662828|-2.526475|1.869625,P2_analyst_review
1995,application_error,System/application error anomaly,1.0,5,1,2,3,2,10,High,weighted,2026-03-09 13:51:44,Google OAuth Error,error,ERROR,,auth_error_event,,unknown,,,,13,0,0,0,auth_error_event,is_error|ip_events_per_hour|tos_knn_score,9.028080|-1.761938|0.682712,P2_analyst_review
1999,application_error,System/application error anomaly,1.0,5,1,2,3,2,10,High,weighted,2026-03-09 14:30:11,Error syncing mahasiswa from PDDIKTI: cURL error 28: Operation timed out after 30001 milliseconds wi,error,ERROR,,error_level,,unknown,,,,14,0,0,0,error_level,is_error|ip_events_per_hour|isolation_forest_score,7.662828|-2.527600|1.872057,P2_analyst_review
2004,application_error,System/application error anomaly,1.0,5,1,2,3,2,10,High,weighted,2026-03-09 16:02:35,Login Auth Error: Not enough data available to satisfy format,error,ERROR,,auth_error_event,,unknown,,,,16,0,0,0,auth_error_event,is_error|ip_events_per_hour|isolation_forest_score,7.772394|-2.114355|1.431262,P2_analyst_review
2034,offhours_access,Unauthorized after-hours access,1.0,5,4,3,1,3,15,Very High,weighted,2026-03-10 05:40:59,Google OAuth Redirect Initiated,auth_attempt,INFO,,offhours_access,,unknown,,10.11.228.1,,5,1,0,1,offhours_access,isolation_forest_score|hour|ip_events_per_hour,4.611820|2.761469|1.484415,P1_immediate_investigation
2042,application_error,System/application error anomaly,1.0,5,1,2,3,2,10,High,weighted,2026-03-10 09:14:42,Google OAuth Error,error,ERROR,,auth_error_event,,unknown,,,,9,0,0,0,auth_error_event,is_error|isolation_forest_score|ip_events_per_hour,9.956865|-1.702230|-1.648549,P2_analyst_review
2052,application_error,System/application error anomaly,1.0,5,1,2,3,2,10,High,weighted,2026-03-10 10:16:30,Login Auth Error: A four digit year could not be found,error,ERROR,,auth_error_event,,unknown,,,,10,0,0,0,auth_error_event,is_error|isolation_forest_score|ip_events_per_hour,9.956865|-1.684382|-1.639847,P2_analyst_review
2058,application_error,System/application error anomaly,1.0,5,1,2,3,2,10,High,weighted,2026-03-10 10:55:27,Google OAuth Error,error,ERROR,,auth_error_event,,unknown,,,,10,0,0,0,auth_error_event,is_error|isolation_forest_score|ip_events_per_hour,9.986312|-1.676039|-1.562830,P2_analyst_review
2063,application_error,System/application error anomaly,1.0,5,1,2,3,2,10,High,weighted,2026-03-10 11:25:25,Error syncing mahasiswa from PDDIKTI: cURL error 28: Operation timed out after 30002 milliseconds wi,error,ERROR,,error_level,,unknown,,,,11,0,0,0,error_level,is_error|ip_events_per_hour|isolation_forest_score,7.663110|-2.535530|1.842438,P2_analyst_review
2069,application_error,System/application error anomaly,1.0,5,1,2,3,2,10,High,weighted,2026-03-10 13:06:40,Login Auth Error: Trailing data,error,ERROR,,auth_error_event,,unknown,,,,13,0,0,0,auth_error_event,is_error|isolation_forest_score|ip_events_per_hour,9.967305|-1.606953|-1.580743,P2_analyst_review
2081,application_error,System/application error anomaly,1.0,5,1,2,3,2,10,High,weighted,2026-03-10 15:09:07,Login Auth Error: Unexpected data found.,error,ERROR,,auth_error_event,,unknown,,,,15,0,0,0,auth_error_event,is_error|isolation_forest_score|ip_events_per_hour,9.958322|-1.652590|-1.591150,P2_analyst_review
2082,application_error,System/application error anomaly,1.0,5,1,2,3,2,10,High,weighted,2026-03-10 15:10:01,Login Auth Error: Unexpected data found.,error,ERROR,,auth_error_event,,unknown,,,,15,0,0,0,auth_error_event,is_error|isolation_forest_score|ip_events_per_hour,9.958322|-1.673215|-1.591150,P2_analyst_review
2083,application_error,System/application error anomaly,1.0,5,1,2,3,2,10,High,weighted,2026-03-10 15:11:37,"Failed to authenticate on SMTP server with username ""noreply@unsap.ac.id"" using the following authen",error,ERROR,,auth_error_event,,unknown,,,,15,0,0,0,auth_error_event,is_error|isolation_forest_score|ip_events_per_hour,9.956865|-1.674155|-1.590936,P2_analyst_review
2085,database_probing,Database probing / SQL injection attempt,1.0,5,3,4,3,3,15,Very High,weighted,2026-03-10 15:27:33,PDOException: SQLSTATE[42S22]: Column not found: 1054 Unknown column 'am.is_synced' in 'where clause,error,ERROR,,db_error_suspicious,,unknown,,,,15,0,0,0,db_error_suspicious,is_error|ip_events_per_hour|isolation_forest_score,7.661389|-2.535534|1.867177,P1_immediate_investigation
2086,database_probing,Database probing / SQL injection attempt,1.0,5,3,4,3,3,15,Very High,weighted,2026-03-10 15:29:03,PDOException: SQLSTATE[42S22]: Column not found: 1054 Unknown column 'am.is_synced' in 'where clause,error,ERROR,,db_error_suspicious,,unknown,,,,15,0,0,0,db_error_suspicious,is_error|ip_events_per_hour|isolation_forest_score,7.661389|-2.535774|1.867239,P1_immediate_investigation
2087,database_probing,Database probing / SQL injection attempt,1.0,5,3,4,3,3,15,Very High,weighted,2026-03-10 15:32:08,PDOException: SQLSTATE[42S22]: Column not found: 1054 Unknown column 'am.is_synced' in 'where clause,error,ERROR,,db_error_suspicious,,unknown,,,,15,0,0,0,db_error_suspicious,is_error|ip_events_per_hour|isolation_forest_score,7.661389|-2.535774|1.867239,P1_immediate_investigation
2088,database_probing,Database probing / SQL injection attempt,1.0,5,3,4,3,3,15,Very High,weighted,2026-03-10 15:35:06,"Aktivitas Record Fail [c8fbb40c-8d02-4823-9f02-6d09f0a5cedf]: SQLSTATE[22001]: String data, right tr",error,ERROR,,db_error_suspicious,,unknown,,,,15,0,0,0,db_error_suspicious,is_error|ip_events_per_hour|isolation_forest_score,7.661393|-2.535854|1.867265,P1_immediate_investigation
2132,offhours_access,Unauthorized after-hours access,1.0,5,4,3,1,3,15,Very High,weighted,2026-03-11 03:20:32,Google OAuth Redirect Initiated,auth_attempt,INFO,,offhours_access,,unknown,,10.11.228.1,,3,1,0,1,offhours_access,isolation_forest_score|hour|ip_events_per_hour,4.165559|2.757661|1.352050,P1_immediate_investigation
2252,application_error,System/application error anomaly,1.0,5,1,2,3,2,10,High,weighted,2026-03-11 14:25:32,Google OAuth Error,error,ERROR,,auth_error_event,,unknown,,,,14,0,0,0,auth_error_event,is_error|isolation_forest_score|ip_events_per_hour,9.808639|-1.808895|-1.650364,P2_analyst_review
2315,offhours_access,Unauthorized after-hours access,1.0,5,4,3,1,3,15,Very High,weighted,2026-03-12 00:49:28,Google OAuth Redirect Initiated,auth_attempt,INFO,,offhours_access,,unknown,,10.11.228.1,,0,1,0,1,offhours_access,isolation_forest_score|hour|ip_events_per_hour,4.745525|2.698981|1.432798,P1_immediate_investigation
2326,offhours_access,Unauthorized after-hours access,1.0,5,4,3,1,3,15,Very High,weighted,2026-03-12 03:54:57,Google OAuth Redirect Initiated,auth_attempt,INFO,,offhours_access,,unknown,,10.11.228.1,,3,1,0,1,offhours_access,isolation_forest_score|hour|ip_events_per_hour,4.375461|2.728505|1.389059,P1_immediate_investigation
2388,application_error,System/application error anomaly,1.0,5,1,2,3,2,10,High,weighted,2026-03-12 13:11:15,Login Auth Error: Not enough data available to satisfy format,error,ERROR,,auth_error_event,,unknown,,,,13,0,0,0,auth_error_event,is_error|isolation_forest_score|ip_events_per_hour,9.931536|-1.612991|-1.602355,P2_analyst_review
2452,offhours_access,Unauthorized after-hours access,1.0,5,4,3,1,3,15,Very High,weighted,2026-03-13 04:39:07,Google OAuth Redirect Initiated,auth_attempt,INFO,,offhours_access,,unknown,,10.11.228.1,,4,1,0,1,offhours_access,isolation_forest_score|hour|ip_events_per_hour,4.284625|2.743518|1.438837,P1_immediate_investigation
2578,offhours_access,Unauthorized after-hours access,1.0,5,4,3,1,3,15,Very High,weighted,2026-03-14 04:18:41,Google OAuth Redirect Initiated,auth_attempt,INFO,,offhours_access,,unknown,,10.11.228.1,,4,1,0,2,offhours_access,isolation_forest_score|hour|ip_events_per_hour,5.065805|2.743604|1.442713,P1_immediate_investigation
2579,offhours_access,Unauthorized after-hours access,1.0,5,4,3,1,3,15,Very High,weighted,2026-03-14 04:34:53,Google OAuth Redirect Initiated,auth_attempt,INFO,,offhours_access,,unknown,,10.11.228.1,,4,1,0,2,offhours_access,isolation_forest_score|hour|ip_events_per_hour,4.821222|2.720065|1.434483,P1_immediate_investigation
2607,database_probing,Database probing / SQL injection attempt,1.0,5,3,4,3,3,15,Very High,weighted,2026-03-14 11:59:10,Sync Fail [m_kelas_kuliah]: SQLSTATE[23000]: Integrity constraint violation: 1062 Duplicate entry '7,error,ERROR,,db_error_suspicious,,unknown,,,,11,0,0,0,db_error_suspicious,is_error|ip_events_per_hour|isolation_forest_score,7.677901|-2.327992|1.940307,P1_immediate_investigation
2679,application_error,System/application error anomaly,1.0,5,1,2,3,2,10,High,weighted,2026-03-14 17:23:24,Login Auth Error: Trailing data,error,ERROR,,auth_error_event,,unknown,,,,17,0,0,0,auth_error_event,is_error|ip_events_per_hour|isolation_forest_score,7.600924|-2.311704|1.455712,P2_analyst_review
2694,application_error,System/application error anomaly,1.0,5,1,2,3,2,10,High,weighted,2026-03-14 21:12:09,Login Auth Error: Unexpected data found.,error,ERROR,,auth_error_event,,unknown,,,,21,0,0,0,auth_error_event,is_error|hour|isolation_forest_score,7.566302|-1.735080|1.485448,P2_analyst_review
2735,application_error,System/application error anomaly,1.0,5,1,2,3,2,10,High,weighted,2026-03-15 10:42:23,Login Auth Error: Not enough data available to satisfy format,error,ERROR,,auth_error_event,,unknown,,,,10,0,0,0,auth_error_event,is_error|ip_events_per_hour|isolation_forest_score,7.589618|-2.360280|1.638873,P2_analyst_review
2800,offhours_access,Unauthorized after-hours access,1.0,5,4,3,1,3,15,Very High,weighted,2026-03-17 03:56:04,Google OAuth Redirect Initiated,auth_attempt,INFO,,offhours_access,,unknown,,10.11.228.1,,3,1,0,2,offhours_access,isolation_forest_score|hour|ip_events_per_hour,4.743250|2.736730|1.375893,P1_immediate_investigation
2843,offhours_access,Unauthorized after-hours access,1.0,5,4,3,1,3,15,Very High,weighted,2026-03-17 04:22:12,Google OAuth Redirect Initiated,auth_attempt,INFO,,offhours_access,,unknown,,10.11.228.1,,4,1,0,3,offhours_access,isolation_forest_score|hour|ip_events_per_hour,4.938688|2.794718|1.454953,P1_immediate_investigation
2848,offhours_access,Unauthorized after-hours access,1.0,5,4,3,1,3,15,Very High,weighted,2026-03-17 04:25:25,Google OAuth Redirect Initiated,auth_attempt,INFO,,offhours_access,,unknown,,10.11.228.1,,4,1,0,3,offhours_access,isolation_forest_score|hour|ip_events_per_hour,4.792314|2.742891|1.404059,P1_immediate_investigation
2853,offhours_access,Unauthorized after-hours access,1.0,5,4,3,1,3,15,Very High,weighted,2026-03-17 04:29:29,Login Auth Error: Trailing data,error,ERROR,,auth_error_event,,unknown,,,,4,1,0,0,auth_error_event,is_error|ip_events_per_hour|isolation_forest_score,7.237983|-3.352706|2.145903,P1_immediate_investigation
2854,offhours_access,Unauthorized after-hours access,1.0,5,4,3,1,3,15,Very High,weighted,2026-03-17 04:29:32,Google OAuth Redirect Initiated,auth_attempt,INFO,,offhours_access,,unknown,,10.11.228.1,,4,1,0,3,offhours_access,isolation_forest_score|hour|ip_events_per_hour,4.755112|2.741265|1.370373,P1_immediate_investigation
3019,application_error,System/application error anomaly,1.0,5,1,2,3,2,10,High,weighted,2026-03-17 15:21:27,Login Auth Error: Trailing data,error,ERROR,,auth_error_event,,unknown,,,,15,0,0,0,auth_error_event,is_error|isolation_forest_score|ip_events_per_hour,9.948668|-1.725017|-1.640042,P2_analyst_review
3170,offhours_access,Unauthorized after-hours access,1.0,5,4,3,1,3,15,Very High,weighted,2026-03-18 04:11:35,Login Auth Error: Not enough data available to satisfy format,error,ERROR,,auth_error_event,,unknown,,,,4,1,0,0,auth_error_event,is_error|ip_events_per_hour|isolation_forest_score,7.222538|-3.285144|2.155955,P1_immediate_investigation
3248,database_probing,Database probing / SQL injection attempt,1.0,5,3,4,3,3,15,Very High,weighted,2026-03-18 12:06:40,Login Auth Error: SQLSTATE[23000]: Integrity constraint violation: 1062 Duplicate entry 'a22100096@m,error,ERROR,,auth_error_event,,unknown,,,,12,0,0,0,auth_error_event,is_error|isolation_forest_score|ip_events_per_hour,9.952591|-1.616388|-1.586816,P1_immediate_investigation
3253,application_error,System/application error anomaly,1.0,5,1,2,3,2,10,High,weighted,2026-03-18 12:33:44,Login Auth Error: Unexpected data found.,error,ERROR,,auth_error_event,,unknown,,,,12,0,0,0,auth_error_event,is_error|isolation_forest_score|ip_events_per_hour,9.728222|-2.154800|-1.643829,P2_analyst_review
3297,application_error,System/application error anomaly,1.0,5,1,2,3,2,10,High,weighted,2026-03-18 16:52:41,Login Auth Error: Unexpected data found.,error,ERROR,,auth_error_event,,unknown,,,,16,0,0,0,auth_error_event,is_error|isolation_forest_score|ip_events_per_hour,9.945782|-1.695881|-1.592248,P2_analyst_review
3299,application_error,System/application error anomaly,1.0,5,1,2,3,2,10,High,weighted,2026-03-18 17:05:58,Login Auth Error: Not enough data available to satisfy format,error,ERROR,,auth_error_event,,unknown,,,,17,0,0,0,auth_error_event,is_error|isolation_forest_score|ip_events_per_hour,9.973696|-1.585207|-1.569903,P2_analyst_review
3339,database_probing,Database probing / SQL injection attempt,1.0,5,3,4,3,3,15,Very High,weighted,2026-03-18 19:38:17,"SQLSTATE[22001]: String data, right truncated: 1406 Data too long for column 'status_sync' at row 1 ",error,ERROR,,db_error_suspicious,,unknown,,,,19,0,0,0,db_error_suspicious,is_error|isolation_forest_score|ip_events_per_hour,9.824751|-1.303591|-1.217242,P1_immediate_investigation
3361,application_error,System/application error anomaly,1.0,5,1,2,3,2,10,High,weighted,2026-03-18 20:24:26,Login Auth Error: Trailing data,error,ERROR,,auth_error_event,,unknown,,,,20,0,0,0,auth_error_event,is_error|isolation_forest_score|ip_events_per_hour,9.933953|-1.332972|-1.221821,P2_analyst_review
3391,application_error,System/application error anomaly,1.0,5,1,2,3,2,10,High,weighted,2026-03-19 06:32:59,Login Auth Error: Trailing data,error,ERROR,,auth_error_event,,unknown,,,,6,0,0,0,auth_error_event,is_error|isolation_forest_score|ip_events_per_hour,9.923325|-1.789545|-1.724565,P2_analyst_review
3436,offhours_access,Unauthorized after-hours access,1.0,5,4,3,1,3,15,Very High,weighted,2026-03-20 04:49:00,Google OAuth Redirect Initiated,auth_attempt,INFO,,offhours_access,,unknown,,10.11.228.1,,4,1,0,2,offhours_access,isolation_forest_score|hour|ip_events_per_hour,4.844466|2.730380|1.395536,P1_immediate_investigation
3437,offhours_access,Unauthorized after-hours access,1.0,5,4,3,1,3,15,Very High,weighted,2026-03-20 04:50:26,Google OAuth Redirect Initiated,auth_attempt,INFO,,offhours_access,,unknown,,10.11.228.1,,4,1,0,2,offhours_access,isolation_forest_score|hour|ip_events_per_hour,4.879962|2.760027|1.401660,P1_immediate_investigation
3469,offhours_access,Unauthorized after-hours access,1.0,5,4,3,1,3,15,Very High,weighted,2026-03-21 00:55:47,Google OAuth Redirect Initiated,auth_attempt,INFO,,offhours_access,,unknown,,10.11.228.1,,0,1,0,2,offhours_access,isolation_forest_score|hour|ip_events_per_hour,5.121761|2.724079|1.345642,P1_immediate_investigation
3489,offhours_access,Unauthorized after-hours access,1.0,5,4,3,1,3,15,Very High,weighted,2026-03-22 01:02:04,Google OAuth Redirect Initiated,auth_attempt,INFO,,offhours_access,,unknown,,10.11.228.1,,1,1,0,1,offhours_access,isolation_forest_score|hour|ip_events_per_hour,5.123805|2.743431|1.359914,P1_immediate_investigation
3490,offhours_access,Unauthorized after-hours access,1.0,5,4,3,1,3,15,Very High,weighted,2026-03-22 02:10:29,Google OAuth Redirect Initiated,auth_attempt,INFO,,offhours_access,,unknown,,10.11.228.1,,2,1,0,4,offhours_access,isolation_forest_score|hour|ip_events_per_hour,5.085106|2.761017|1.366227,P1_immediate_investigation
3491,offhours_access,Unauthorized after-hours access,1.0,5,4,3,1,3,15,Very High,weighted,2026-03-22 02:11:01,Google OAuth Redirect Initiated,auth_attempt,INFO,,offhours_access,,unknown,,10.11.228.1,,2,1,0,4,offhours_access,isolation_forest_score|hour|ip_events_per_hour,5.082187|2.761017|1.362987,P1_immediate_investigation
3533,application_error,System/application error anomaly,1.0,5,1,2,3,2,10,High,weighted,2026-03-23 15:18:47,Login Auth Error: Not enough data available to satisfy format,error,ERROR,,auth_error_event,,unknown,,,,15,0,0,0,auth_error_event,is_error|isolation_forest_score|ip_events_per_hour,9.959596|-1.780768|-1.598111,P2_analyst_review
3558,application_error,System/application error anomaly,1.0,5,1,2,3,2,10,High,weighted,2026-03-24 17:17:24,Login Auth Error: Trailing data,error,ERROR,,auth_error_event,,unknown,,,,17,0,0,0,auth_error_event,is_error|isolation_forest_score|ip_events_per_hour,9.956865|-1.720176|-1.641065,P2_analyst_review
3581,application_error,System/application error anomaly,1.0,5,1,2,3,2,10,High,weighted,2026-03-25 19:44:43,Login Auth Error: Trailing data,error,ERROR,,auth_error_event,,unknown,,,,19,0,0,0,auth_error_event,is_error|isolation_forest_score|ip_events_per_hour,9.942151|-1.270814|-1.198175,P2_analyst_review
3659,offhours_access,Unauthorized after-hours access,1.0,5,4,3,1,3,15,Very High,weighted,2026-03-28 04:49:17,Google OAuth Redirect Initiated,auth_attempt,INFO,,offhours_access,,unknown,,10.11.228.1,,4,1,0,1,offhours_access,isolation_forest_score|hour|ip_events_per_hour,4.684104|2.773982|1.411848,P1_immediate_investigation
3717,application_error,System/application error anomaly,1.0,5,1,2,3,2,10,High,weighted,2026-03-29 16:16:56,WhatsApp Image Message gagal,error,ERROR,,error_level,,unknown,,,,16,0,0,0,error_level,is_error|ip_events_per_hour|isolation_forest_score,7.566302|-2.353057|1.818893,P2_analyst_review
3749,offhours_access,Unauthorized after-hours access,1.0,5,4,3,1,3,15,Very High,weighted,2026-03-30 00:51:32,Google OAuth Redirect Initiated,auth_attempt,INFO,,offhours_access,,unknown,,10.11.228.1,,0,1,0,1,offhours_access,isolation_forest_score|hour|ip_events_per_hour,4.804443|2.689534|1.347437,P1_immediate_investigation
3794,database_probing,Database probing / SQL injection attempt,1.0,5,3,4,3,3,15,Very High,weighted,2026-03-30 09:39:51,Sync Fail [m_kelas_kuliah]: SQLSTATE[23000]: Integrity constraint violation: 1062 Duplicate entry '7,error,ERROR,,db_error_suspicious,,unknown,,,,9,0,0,0,db_error_suspicious,is_error|ip_events_per_hour|isolation_forest_score,7.662832|-2.550730|1.876455,P1_immediate_investigation
3796,application_error,System/application error anomaly,1.0,5,1,2,3,2,10,High,weighted,2026-03-30 09:41:24,Sync Error Class ID d26eef3b-1ea3-4d48-899e-1c8cc5698b42: API Error UpdateKelasKuliah: Tidak bisa me,error,ERROR,,error_level,,unknown,,,,9,0,0,0,error_level,is_error|ip_events_per_hour|isolation_forest_score,7.663189|-2.550730|1.876812,P2_analyst_review
3807,application_error,System/application error anomaly,1.0,5,1,2,3,2,10,High,weighted,2026-03-30 09:59:54,Sync Error Class ID bf942932-69eb-42e4-b255-a3abfea69f0a: API Error UpdateKelasKuliah: Tidak bisa me,error,ERROR,,error_level,,unknown,,,,9,0,0,0,error_level,is_error|ip_events_per_hour|isolation_forest_score,7.681083|-2.370087|1.914934,P2_analyst_review
3814,application_error,System/application error anomaly,1.0,5,1,2,3,2,10,High,weighted,2026-03-30 10:12:42,Google OAuth Error,error,ERROR,,auth_error_event,,unknown,,,,10,0,0,0,auth_error_event,is_error|isolation_forest_score|ip_events_per_hour,9.959596|-1.754655|-1.564457,P2_analyst_review
3887,application_error,System/application error anomaly,1.0,5,1,2,3,2,10,High,weighted,2026-03-30 19:37:14,Login Auth Error: Not enough data available to satisfy format,error,ERROR,,auth_error_event,,unknown,,,,19,0,0,0,auth_error_event,is_error|isolation_forest_score|ip_events_per_hour,9.951398|-1.325247|-1.165776,P2_analyst_review
3890,application_error,System/application error anomaly,1.0,5,1,2,3,2,10,High,weighted,2026-03-30 19:58:55,Login Auth Error: A four digit year could not be found,error,ERROR,,auth_error_event,,unknown,,,,19,0,0,0,auth_error_event,is_error|hour|isolation_forest_score,7.712751|-1.728815|1.363419,P2_analyst_review
3941,application_error,System/application error anomaly,1.0,5,1,2,3,2,10,High,weighted,2026-03-31 07:49:33,Google OAuth Error,error,ERROR,,auth_error_event,,unknown,,,,7,0,0,0,auth_error_event,is_error|isolation_forest_score|ip_events_per_hour,9.958305|-1.785911|-1.613008,P2_analyst_review
3986,database_probing,Database probing / SQL injection attempt,1.0,5,3,4,3,3,15,Very High,weighted,2026-03-31 10:14:48,"SQLSTATE[22001]: String data, right truncated: 1406 Data too long for column 'status_sync' at row 1 ",error,ERROR,,db_error_suspicious,,unknown,,,,10,0,0,0,db_error_suspicious,is_error|isolation_forest_score|ip_events_per_hour,9.956865|-1.690506|-1.625258,P1_immediate_investigation
3988,application_error,System/application error anomaly,1.0,5,1,2,3,2,10,High,weighted,2026-03-31 10:15:46,Login Auth Error: Not enough data available to satisfy format,error,ERROR,,auth_error_event,,unknown,,,,10,0,0,0,auth_error_event,is_error|isolation_forest_score|ip_events_per_hour,9.956865|-1.686424|-1.629676,P2_analyst_review
4017,application_error,System/application error anomaly,1.0,5,1,2,3,2,10,High,weighted,2026-03-31 11:18:23,Google OAuth Error,error,ERROR,,auth_error_event,,unknown,,,,11,0,0,0,auth_error_event,is_error|isolation_forest_score|ip_events_per_hour,9.956865|-1.696480|-1.650517,P2_analyst_review
4043,database_probing,Database probing / SQL injection attempt,1.0,5,3,4,3,3,15,Very High,weighted,2026-03-31 14:04:07,Login Auth Error: SQLSTATE[23000]: Integrity constraint violation: 1062 Duplicate entry 'a22100096@m,error,ERROR,,auth_error_event,,unknown,,,,14,0,0,0,auth_error_event,is_error|isolation_forest_score|ip_events_per_hour,9.986328|-1.669506|-1.538034,P1_immediate_investigation
4048,application_error,System/application error anomaly,1.0,5,1,2,3,2,10,High,weighted,2026-03-31 15:06:21,Could not parse 'FALLBACK 2026-02-23': Failed to parse time string (FALLBACK 2026-02-23) at position,error,ERROR,,error_level,,unknown,,,,15,0,0,0,error_level,is_error|isolation_forest_score|ip_events_per_hour,9.967305|-1.634114|-1.580529,P2_analyst_review
4050,application_error,System/application error anomaly,1.0,5,1,2,3,2,10,High,weighted,2026-03-31 15:07:48,Could not parse 'FALLBACK 2026-02-23': Failed to parse time string (FALLBACK 2026-02-23) at position,error,ERROR,,error_level,,unknown,,,,15,0,0,0,error_level,is_error|isolation_forest_score|ip_events_per_hour,9.960496|-1.662764|-1.585848,P2_analyst_review
4073,application_error,System/application error anomaly,1.0,5,1,2,3,2,10,High,weighted,2026-03-31 20:33:25,Login Auth Error: Trailing data,error,ERROR,,auth_error_event,,unknown,,,,20,0,0,0,auth_error_event,is_error|isolation_forest_score|ip_events_per_hour,9.948654|-1.279523|-1.218481,P2_analyst_review
4074,application_error,System/application error anomaly,1.0,5,1,2,3,2,10,High,weighted,2026-03-31 20:34:02,Login Auth Error: Not enough data available to satisfy format,error,ERROR,,auth_error_event,,unknown,,,,20,0,0,0,auth_error_event,is_error|isolation_forest_score|ip_events_per_hour,9.948668|-1.279528|-1.218468,P2_analyst_review
4122,application_error,System/application error anomaly,1.0,5,1,2,3,2,10,High,weighted,2026-04-01 08:57:31,Sync Error Class ID 7d4c4701-7a55-4f01-88de-83e492648cf4: API Error InsertKelasKuliah: Nama Kelas Su,error,ERROR,,error_level,,unknown,,,,8,0,0,0,error_level,is_error|ip_events_per_hour|isolation_forest_score,7.695628|-2.446324|1.882109,P2_analyst_review
4124,application_error,System/application error anomaly,1.0,5,1,2,3,2,10,High,weighted,2026-04-01 09:01:09,Sync Error Class ID d17088a3-4712-43d0-b095-1a8d431eb1a9: API Error UpdateKelasKuliah: Tidak bisa me,error,ERROR,,error_level,,unknown,,,,9,0,0,0,error_level,is_error|ip_events_per_hour|isolation_forest_score,7.695628|-2.449008|1.880334,P2_analyst_review
4126,application_error,System/application error anomaly,1.0,5,1,2,3,2,10,High,weighted,2026-04-01 09:02:09,Sync Error Class ID 1f5bfe46-ef2c-463d-ad97-d3cfd96cb793: API Error InsertKelasKuliah: Nama Kelas Su,error,ERROR,,error_level,,unknown,,,,9,0,0,0,error_level,is_error|ip_events_per_hour|isolation_forest_score,7.695628|-2.407755|1.857569,P2_analyst_review
4128,application_error,System/application error anomaly,1.0,5,1,2,3,2,10,High,weighted,2026-04-01 09:03:10,Sync Error Class ID 6a78c8d0-c707-4b50-b1f8-de5c444623ae: API Error InsertKelasKuliah: Nama Kelas Su,error,ERROR,,error_level,,unknown,,,,9,0,0,0,error_level,is_error|ip_events_per_hour|isolation_forest_score,7.698026|-2.468725|1.853129,P2_analyst_review
4130,application_error,System/application error anomaly,1.0,5,1,2,3,2,10,High,weighted,2026-04-01 09:04:10,Sync Error Class ID 7d4c4701-7a55-4f01-88de-83e492648cf4: API Error InsertKelasKuliah: Nama Kelas Su,error,ERROR,,error_level,,unknown,,,,9,0,0,0,error_level,is_error|ip_events_per_hour|isolation_forest_score,7.698461|-2.468497|1.843579,P2_analyst_review
4133,application_error,System/application error anomaly,1.0,5,1,2,3,2,10,High,weighted,2026-04-01 09:05:10,Sync Error Class ID a36cc2e8-c5f0-4842-a6a5-e47fc33c351e: API Error InsertKelasKuliah: Nama Kelas Su,error,ERROR,,error_level,,unknown,,,,9,0,0,0,error_level,is_error|ip_events_per_hour|isolation_forest_score,7.698461|-2.468497|1.843579,P2_analyst_review
4135,application_error,System/application error anomaly,1.0,5,1,2,3,2,10,High,weighted,2026-04-01 09:06:11,Sync Error Class ID c49691d6-af70-4563-925a-f6475ef17070: API Error InsertKelasKuliah: Nama Kelas Su,error,ERROR,,error_level,,unknown,,,,9,0,0,0,error_level,is_error|ip_events_per_hour|isolation_forest_score,7.672157|-2.491962|1.840157,P2_analyst_review
4154,application_error,System/application error anomaly,1.0,5,1,2,3,2,10,High,weighted,2026-04-01 13:32:29,Could not parse 'FALLBACK 2026-02-23': Failed to parse time string (FALLBACK 2026-02-23) at position,error,ERROR,,error_level,,unknown,,,,13,0,0,0,error_level,is_error|isolation_forest_score|ip_events_per_hour,9.808625|-1.811278|-1.650466,P2_analyst_review
4223,application_error,System/application error anomaly,1.0,5,1,2,3,2,10,High,weighted,2026-04-02 10:44:34,Google OAuth Error,error,ERROR,,auth_error_event,,unknown,,,,10,0,0,0,auth_error_event,is_error|ip_events_per_hour|isolation_forest_score,9.931536|-1.676020|-1.669964,P2_analyst_review
4362,application_error,System/application error anomaly,1.0,5,1,2,3,2,10,High,weighted,2026-04-03 22:09:54,Login Auth Error: Not enough data available to satisfy format,error,ERROR,,auth_error_event,,unknown,,,,22,0,0,0,auth_error_event,is_error|hour|isolation_forest_score,7.874308|-1.710092|0.819607,P2_analyst_review
4524,offhours_access,Unauthorized after-hours access,1.0,5,4,3,1,3,15,Very High,weighted,2026-04-05 00:57:19,Could not parse 'FALLBACK 2026-02-23': Failed to parse time string (FALLBACK 2026-02-23) at position,error,ERROR,,error_level,,unknown,,,,0,1,0,0,error_level,is_error|ip_events_per_hour|isolation_forest_score,7.293054|-3.200707|2.260698,P1_immediate_investigation
4525,offhours_access,Unauthorized after-hours access,1.0,5,4,3,1,3,15,Very High,weighted,2026-04-05 03:16:48,Google OAuth Redirect Initiated,auth_attempt,INFO,,offhours_access,,unknown,,10.11.228.1,,3,1,0,1,offhours_access,isolation_forest_score|hour|ip_events_per_hour,5.053241|2.731451|1.457080,P1_immediate_investigation
4702,application_error,System/application error anomaly,1.0,5,1,2,3,2,10,High,weighted,2026-04-07 08:52:59,Google OAuth Error,error,ERROR,,auth_error_event,,unknown,,,,8,0,0,0,auth_error_event,is_error|isolation_forest_score|ip_events_per_hour,9.960496|-1.752420|-1.583927,P2_analyst_review
4716,database_probing,Database probing / SQL injection attempt,1.0,5,3,4,3,3,15,Very High,weighted,2026-04-07 13:12:01,Login Auth Error: SQLSTATE[23000]: Integrity constraint violation: 1062 Duplicate entry 'a22100096@m,error,ERROR,,auth_error_event,,unknown,,,,13,0,0,0,auth_error_event,is_error|isolation_forest_score|ip_events_per_hour,9.956865|-1.681609|-1.618078,P1_immediate_investigation
4717,database_probing,Database probing / SQL injection attempt,1.0,5,3,4,3,3,15,Very High,weighted,2026-04-07 13:13:18,Login Auth Error: SQLSTATE[23000]: Integrity constraint violation: 1062 Duplicate entry 'a22100096@m,error,ERROR,,auth_error_event,,unknown,,,,13,0,0,0,auth_error_event,is_error|isolation_forest_score|ip_events_per_hour,9.956865|-1.685839|-1.627627,P1_immediate_investigation
4724,application_error,System/application error anomaly,1.0,5,1,2,3,2,10,High,weighted,2026-04-07 15:02:54,Login Auth Error: Trailing data,error,ERROR,,auth_error_event,,unknown,,,,15,0,0,0,auth_error_event,is_error|ip_events_per_hour|isolation_forest_score,8.062455|-2.091617|1.009661,P2_analyst_review
4725,application_error,System/application error anomaly,1.0,5,1,2,3,2,10,High,weighted,2026-04-07 15:03:05,Login Auth Error: Trailing data,error,ERROR,,auth_error_event,,unknown,,,,15,0,0,0,auth_error_event,is_error|ip_events_per_hour|tos_knn_score,9.112499|-1.752263|0.696384,P2_analyst_review
4727,application_error,System/application error anomaly,1.0,5,1,2,3,2,10,High,weighted,2026-04-07 15:39:10,Login Auth Error: Not enough data available to satisfy format,error,ERROR,,auth_error_event,,unknown,,,,15,0,0,0,auth_error_event,is_error|isolation_forest_score|ip_events_per_hour,9.948668|-1.710236|-1.642416,P2_analyst_review
4729,application_error,System/application error anomaly,1.0,5,1,2,3,2,10,High,weighted,2026-04-07 15:53:22,Login Auth Error: Not enough data available to satisfy format,error,ERROR,,auth_error_event,,unknown,,,,15,0,0,0,auth_error_event,is_error|isolation_forest_score|ip_events_per_hour,9.967305|-1.639133|-1.583493,P2_analyst_review
4765,offhours_access,Unauthorized after-hours access,1.0,5,4,3,1,3,15,Very High,weighted,2026-04-08 00:55:35,Google OAuth Redirect Initiated,auth_attempt,INFO,,offhours_access,,unknown,,10.11.228.1,,0,1,0,1,offhours_access,isolation_forest_score|hour|ip_events_per_hour,4.612791|2.681658|1.326492,P1_immediate_investigation
4802,application_error,System/application error anomaly,1.0,5,1,2,3,2,10,High,weighted,2026-04-08 17:07:50,Login Auth Error: Not enough data available to satisfy format,error,ERROR,,auth_error_event,,unknown,,,,17,0,0,0,auth_error_event,is_error|isolation_forest_score|ip_events_per_hour,9.945782|-1.657117|-1.591921,P2_analyst_review
4834,application_error,System/application error anomaly,1.0,5,1,2,3,2,10,High,weighted,2026-04-09 08:21:03,Login Auth Error: Not enough data available to satisfy format,error,ERROR,,auth_error_event,,unknown,,,,8,0,0,0,auth_error_event,is_error|ip_events_per_hour|isolation_forest_score,9.923338|-1.679410|-1.656000,P2_analyst_review
4848,application_error,System/application error anomaly,1.0,5,1,2,3,2,10,High,weighted,2026-04-09 09:48:14,Sync Error Class ID 0776f5b8-8e4d-45c7-b53c-f8843fdb836d: API Error UpdateKelasKuliah: Tidak bisa me,error,ERROR,,error_level,,unknown,,,,9,0,0,0,error_level,is_error|ip_events_per_hour|isolation_forest_score,7.657987|-2.493246|1.842327,P2_analyst_review
4905,application_error,System/application error anomaly,1.0,5,1,2,3,2,10,High,weighted,2026-04-09 18:34:04,Login Auth Error: Unexpected data found.,error,ERROR,,auth_error_event,,unknown,,,,18,0,0,0,auth_error_event,is_error|isolation_forest_score|ip_events_per_hour,9.814136|-1.250114|-1.192090,P2_analyst_review
4926,offhours_access,Unauthorized after-hours access,1.0,5,4,3,1,3,15,Very High,weighted,2026-04-10 04:07:15,Google OAuth Redirect Initiated,auth_attempt,INFO,,offhours_access,,unknown,,10.11.228.1,,4,1,0,1,offhours_access,isolation_forest_score|hour|ip_events_per_hour,4.718447|2.728894|1.413099,P1_immediate_investigation
4996,application_error,System/application error anomaly,1.0,5,1,2,3,2,10,High,weighted,2026-04-10 22:30:56,Login Auth Error: Trailing data,error,ERROR,,auth_error_event,,unknown,,,,22,0,0,0,auth_error_event,is_error|isolation_forest_score|ip_events_per_hour,9.945231|-1.426466|-1.180689,P2_analyst_review
4999,offhours_access,Unauthorized after-hours access,1.0,5,4,3,1,3,15,Very High,weighted,2026-04-11 03:24:52,Google OAuth Redirect Initiated,auth_attempt,INFO,,offhours_access,,unknown,,10.11.228.1,,3,1,0,1,offhours_access,isolation_forest_score|hour|ip_events_per_hour,4.563820|2.725325|1.390019,P1_immediate_investigation
5000,offhours_access,Unauthorized after-hours access,1.0,5,4,3,1,3,15,Very High,weighted,2026-04-11 04:58:54,Google OAuth Redirect Initiated,auth_attempt,INFO,,offhours_access,,unknown,,10.11.228.1,,4,1,0,1,offhours_access,isolation_forest_score|hour|ip_events_per_hour,4.793135|2.731616|1.367090,P1_immediate_investigation
5003,application_error,System/application error anomaly,1.0,5,1,2,3,2,10,High,weighted,2026-04-11 07:56:51,Google OAuth Error,error,ERROR,,auth_error_event,,unknown,,,,7,0,0,0,auth_error_event,is_error|ip_events_per_hour|isolation_forest_score,7.681872|-2.321595|1.808219,P2_analyst_review
