dst_port,protocol,flow_duration,tot_fwd_pkts,tot_bwd_pkts,totlen_fwd_pkts,totlen_bwd_pkts,fwd_pkt_len_max,fwd_pkt_len_min,fwd_pkt_len_mean,fwd_pkt_len_std,bwd_pkt_len_max,bwd_pkt_len_min,bwd_pkt_len_mean,bwd_pkt_len_std,flow_byts/s,flow_pkts/s,flow_iat_mean,flow_iat_std,flow_iat_max,flow_iat_min,fwd_iat_tot,fwd_iat_mean,fwd_iat_std,fwd_iat_max,fwd_iat_min,bwd_iat_tot,bwd_iat_mean,bwd_iat_std,bwd_iat_max,bwd_iat_min,fwd_psh_flags,bwd_psh_flags,fwd_urg_flags,bwd_urg_flags,fwd_header_len,bwd_header_len,fwd_pkts/s,bwd_pkts/s,pkt_len_min,pkt_len_max,pkt_len_mean,pkt_len_std,pkt_len_var,fin_flag_cnt,syn_flag_cnt,rst_flag_cnt,psh_flag_cnt,ack_flag_cnt,urg_flag_cnt,cwe_flag_count,ece_flag_cnt,down/up_ratio,pkt_size_avg,fwd_seg_size_avg,bwd_seg_size_avg,fwd_byts/b_avg,fwd_pkts/b_avg,fwd_blk_rate_avg,bwd_byts/b_avg,bwd_pkts/b_avg,bwd_blk_rate_avg,subflow_fwd_pkts,subflow_fwd_byts,subflow_bwd_pkts,subflow_bwd_byts,init_fwd_win_byts,init_bwd_win_byts,fwd_act_data_pkts,fwd_seg_size_min,active_mean,active_std,active_max,active_min,idle_mean,idle_std,idle_max,idle_min
1.7505748,0.0,0.007221514,0.0,0.0,0.07304284,0.0,0.0,0.0,0.0,0.0,0.0,0.0,0.0,0.0,0.0,0.23856746,0.0038599444,0.14738955,0.001491507,0.0,0.0,0.0,0.0,0.0,0.0,0.0,0.0,0.06467286,0.0,0.005423653,0.0,0.0,0.0,0.0,0.028020248,0.009567602,-0.11610402,-0.9718683,0.0,0.0,0.0,0.0,0.0,0.0,0.0,0.0,-0.26020104,-0.048740946,0.0,0.0,0.0,0.0,0.0,0.0,0.0,0.0,0.0,0.0,0.0,0.0,0.0,0.0,0.0,0.0,0.0,1.5063707,0.118511975,0.49909496,9.829046,0.0,0.0,0.0,0.0,0.0,0.0,0.0,0.0
1.6226876,0.0,0.007221514,0.0,0.0,-0.01826588,0.0,0.0,0.0,0.0,0.0,0.0,0.0,0.0,0.0,0.0,-0.2232073,0.0038599444,-0.117360875,0.001491507,0.0,0.0,0.0,0.0,0.0,0.0,0.0,0.0,-0.024085382,0.0,0.005423653,0.0,0.0,0.0,0.0,-0.08449265,0.009567602,0.23362368,1.9590354,0.0,0.0,0.0,0.0,0.0,0.0,0.0,0.0,0.29686287,0.13651976,0.0,0.0,0.0,0.0,0.0,0.0,0.0,0.0,0.0,0.0,0.0,0.0,0.0,0.0,0.0,0.0,0.0,-1.5177667,0.118511975,-0.07689339,9.868058,0.0,0.0,0.0,0.0,0.0,0.0,0.0,0.0
-4.5031953,0.0,0.0014946812,0.0,0.0,-0.023257487,0.0,0.0,0.0,0.0,0.0,0.0,0.0,0.0,0.0,0.0,0.22226559,0.0012546185,-0.117360875,0.00032037217,0.0,0.0,0.0,0.0,0.0,0.0,0.0,0.0,-0.031050395,0.0,0.0017642535,0.0,0.0,0.0,0.0,0.009465825,-0.10885771,-0.15619947,-1.6748254,0.0,0.0,0.0,0.0,0.0,0.0,0.0,0.0,0.29686287,0.13651976,0.0,0.0,0.0,0.0,0.0,0.0,0.0,0.0,0.0,0.0,0.0,0.0,0.0,0.0,0.0,0.0,0.0,-1.5415614,-0.15540066,-0.20186183,-5.264564,0.0,0.0,0.0,0.0,0.0,0.0,0.0,0.0
1.7505748,0.0,0.007221514,0.0,0.0,-0.01826588,0.0,0.0,0.0,0.0,0.0,0.0,0.0,0.0,0.0,0.0,-0.2165885,0.0038599444,-0.117360875,0.001491507,0.0,0.0,0.0,0.0,0.0,0.0,0.0,0.0,-0.024085382,0.0,0.005423653,0.0,0.0,0.0,0.0,0.028020248,0.009567602,0.23362368,1.7269845,0.0,0.0,0.0,0.0,0.0,0.0,0.0,0.0,-0.26020104,-0.048740946,0.0,0.0,0.0,0.0,0.0,0.0,0.0,0.0,0.0,0.0,0.0,0.0,0.0,0.0,0.0,0.0,0.0,1.3057003,-0.15540066,-0.07689339,9.868058,0.0,0.0,0.0,0.0,0.0,0.0,0.0,0.0
-4.5031953,0.0,0.0014946812,0.0,0.0,-0.023257487,0.0,0.0,0.0,0.0,0.0,0.0,0.0,0.0,0.0,0.0,0.22226559,0.0012546185,-0.117360875,0.00032037217,0.0,0.0,0.0,0.0,0.0,0.0,0.0,0.0,-0.031050395,0.0,0.0017642535,0.0,0.0,0.0,0.0,0.009465825,-0.10885771,-0.15619947,-1.6748254,0.0,0.0,0.0,0.0,0.0,0.0,0.0,0.0,0.29686287,0.13651976,0.0,0.0,0.0,0.0,0.0,0.0,0.0,0.0,0.0,0.0,0.0,0.0,0.0,0.0,0.0,0.0,0.0,-1.5415614,-0.15540066,-0.20186183,-5.264564,0.0,0.0,0.0,0.0,0.0,0.0,0.0,0.0
1.6226876,0.0,0.007221514,0.0,0.0,-0.01826588,0.0,0.0,0.0,0.0,0.0,0.0,0.0,0.0,0.0,0.0,-0.2232073,0.0038599444,-0.117360875,0.001491507,0.0,0.0,0.0,0.0,0.0,0.0,0.0,0.0,-0.024085382,0.0,0.005423653,0.0,0.0,0.0,0.0,-0.08449265,0.009567602,0.23362368,1.9590354,0.0,0.0,0.0,0.0,0.0,0.0,0.0,0.0,0.29686287,0.13651976,0.0,0.0,0.0,0.0,0.0,0.0,0.0,0.0,0.0,0.0,0.0,0.0,0.0,0.0,0.0,0.0,0.0,-1.5177667,0.118511975,-0.07689339,9.868058,0.0,0.0,0.0,0.0,0.0,0.0,0.0,0.0
1.7505748,0.0,0.007221514,0.0,0.0,-0.01826588,0.0,0.0,0.0,0.0,0.0,0.0,0.0,0.0,0.0,0.0,-0.2165885,0.0038599444,-0.117360875,0.001491507,0.0,0.0,0.0,0.0,0.0,0.0,0.0,0.0,-0.024085382,0.0,0.005423653,0.0,0.0,0.0,0.0,0.028020248,0.009567602,0.23362368,1.7269845,0.0,0.0,0.0,0.0,0.0,0.0,0.0,0.0,-0.26020104,-0.048740946,0.0,0.0,0.0,0.0,0.0,0.0,0.0,0.0,0.0,0.0,0.0,0.0,0.0,0.0,0.0,0.0,0.0,1.3057003,-0.15540066,-0.07689339,9.868058,0.0,0.0,0.0,0.0,0.0,0.0,0.0,0.0
-4.5031953,0.0,0.0014946812,0.0,0.0,-0.023257487,0.0,0.0,0.0,0.0,0.0,0.0,0.0,0.0,0.0,0.0,0.22226559,0.0012546185,-0.117360875,0.00032037217,0.0,0.0,0.0,0.0,0.0,0.0,0.0,0.0,-0.031050395,0.0,0.0017642535,0.0,0.0,0.0,0.0,0.009465825,-0.10885771,-0.15619947,-1.6748254,0.0,0.0,0.0,0.0,0.0,0.0,0.0,0.0,0.29686287,0.13651976,0.0,0.0,0.0,0.0,0.0,0.0,0.0,0.0,0.0,0.0,0.0,0.0,0.0,0.0,0.0,0.0,0.0,-1.5415614,-0.15540066,-0.20186183,-5.264564,0.0,0.0,0.0,0.0,0.0,0.0,0.0,0.0
-3.6424062,0.0,-1.6271869,0.0,0.0,-0.023257487,0.0,0.0,0.0,0.0,0.0,0.0,0.0,0.0,0.0,0.0,0.105810985,-0.089379326,0.14738955,-0.12285965,0.0,0.0,0.0,0.0,0.0,0.0,0.0,0.0,0.018172232,0.0,-0.11993132,0.0,0.0,0.0,0.0,0.0060807792,0.003149665,-0.3905421,-1.6748254,0.0,0.0,0.0,0.0,0.0,0.0,0.0,0.0,-0.26020104,-0.1384481,0.0,0.0,0.0,0.0,0.0,0.0,0.0,0.0,0.0,0.0,0.0,0.0,0.0,0.0,0.0,0.0,0.0,-1.6229231,0.118511975,-0.20186183,-3.901936,0.0,0.0,0.0,0.0,0.0,0.0,0.0,0.0
1.168005,0.0,-2.444837,0.0,0.0,-0.023257487,0.0,0.0,0.0,0.0,0.0,0.0,0.0,0.0,0.0,0.0,0.015672505,-0.10930079,0.14738955,-0.18466517,0.0,0.0,0.0,0.0,0.0,0.0,0.0,0.0,-0.031050395,0.0,0.0011707973,0.0,0.0,0.0,0.0,-0.035675433,-0.3306724,-0.45053715,-2.205464,0.0,0.0,0.0,0.0,0.0,0.0,0.0,0.0,0.29686287,-0.1384481,0.0,0.0,0.0,0.0,0.0,0.0,0.0,0.0,0.0,0.0,0.0,0.0,0.0,0.0,0.0,0.0,0.0,-1.7770548,-0.15540066,-0.20186183,-5.1932445,0.0,0.0,0.0,0.0,0.0,0.0,0.0,0.0
1.7505748,0.0,0.007221514,0.0,0.0,-0.01826588,0.0,0.0,0.0,0.0,0.0,0.0,0.0,0.0,0.0,0.0,-0.2165885,0.0038599444,-0.117360875,0.001491507,0.0,0.0,0.0,0.0,0.0,0.0,0.0,0.0,-0.024085382,0.0,0.005423653,0.0,0.0,0.0,0.0,0.028020248,0.009567602,0.23362368,1.7269845,0.0,0.0,0.0,0.0,0.0,0.0,0.0,0.0,-0.26020104,-0.048740946,0.0,0.0,0.0,0.0,0.0,0.0,0.0,0.0,0.0,0.0,0.0,0.0,0.0,0.0,0.0,0.0,0.0,1.3057003,-0.15540066,-0.07689339,9.868058,0.0,0.0,0.0,0.0,0.0,0.0,0.0,0.0
-4.518337,0.0,0.0014946812,0.0,0.0,-0.023257487,0.0,0.0,0.0,0.0,0.0,0.0,0.0,0.0,0.0,0.0,0.105810985,-0.089379326,0.14738955,0.00032037217,0.0,0.0,0.0,0.0,0.0,0.0,0.0,0.0,-0.031050395,0.0,-0.11993132,0.0,0.0,0.0,0.0,0.0060807792,0.003149665,-0.40990752,-1.6748254,0.0,0.0,0.0,0.0,0.0,0.0,0.0,0.0,-0.26020104,-0.1384481,0.0,0.0,0.0,0.0,0.0,0.0,0.0,0.0,0.0,0.0,0.0,0.0,0.0,0.0,0.0,0.0,0.0,-1.6229231,-0.15540066,-0.20186183,-4.709278,0.0,0.0,0.0,0.0,0.0,0.0,0.0,0.0
1.7505748,0.0,0.007221514,0.0,0.0,-0.01826588,0.0,0.0,0.0,0.0,0.0,0.0,0.0,0.0,0.0,0.0,-0.2165885,0.0038599444,-0.117360875,0.001491507,0.0,0.0,0.0,0.0,0.0,0.0,0.0,0.0,-0.024085382,0.0,0.005423653,0.0,0.0,0.0,0.0,0.028020248,0.009567602,0.23362368,1.7269845,0.0,0.0,0.0,0.0,0.0,0.0,0.0,0.0,-0.26020104,-0.048740946,0.0,0.0,0.0,0.0,0.0,0.0,0.0,0.0,0.0,0.0,0.0,0.0,0.0,0.0,0.0,0.0,0.0,1.3057003,-0.15540066,-0.07689339,9.868058,0.0,0.0,0.0,0.0,0.0,0.0,0.0,0.0
1.168005,0.0,-2.444837,0.0,0.0,-0.023257487,0.0,0.0,0.0,0.0,0.0,0.0,0.0,0.0,0.0,0.0,0.015672505,-0.10930079,0.14738955,-0.18466517,0.0,0.0,0.0,0.0,0.0,0.0,0.0,0.0,-0.031050395,0.0,0.0011707973,0.0,0.0,0.0,0.0,-0.035675433,-0.3306724,-0.45053715,-2.205464,0.0,0.0,0.0,0.0,0.0,0.0,0.0,0.0,0.29686287,-0.1384481,0.0,0.0,0.0,0.0,0.0,0.0,0.0,0.0,0.0,0.0,0.0,0.0,0.0,0.0,0.0,0.0,0.0,-1.7770548,-0.15540066,-0.20186183,-5.1932445,0.0,0.0,0.0,0.0,0.0,0.0,0.0,0.0
-4.518337,0.0,0.0014946812,0.0,0.0,-0.023257487,0.0,0.0,0.0,0.0,0.0,0.0,0.0,0.0,0.0,0.0,0.105810985,-0.10930079,0.14738955,0.00032037217,0.0,0.0,0.0,0.0,0.0,0.0,0.0,0.0,-0.031050395,0.0,0.0011707973,0.0,0.0,0.0,0.0,0.0060807792,0.003149665,-0.45053715,-1.6748254,0.0,0.0,0.0,0.0,0.0,0.0,0.0,0.0,-0.26020104,-0.1384481,0.0,0.0,0.0,0.0,0.0,0.0,0.0,0.0,0.0,0.0,0.0,0.0,0.0,0.0,0.0,0.0,0.0,-1.6229231,0.118511975,-0.20186183,-4.7698293,0.0,0.0,0.0,0.0,0.0,0.0,0.0,0.0
-4.883086,0.0,0.0014946812,0.0,0.0,-0.023257487,0.0,0.0,0.0,0.0,0.0,0.0,0.0,0.0,0.0,0.0,0.22088169,0.0012546185,-0.117360875,0.00032037217,0.0,0.0,0.0,0.0,0.0,0.0,0.0,0.0,-0.031050395,0.0,0.0017642535,0.0,0.0,0.0,0.0,-0.028543388,0.003149665,-0.08992548,-1.316435,0.0,0.0,0.0,0.0,0.0,0.0,0.0,0.0,0.29686287,-0.1384481,0.0,0.0,0.0,0.0,0.0,0.0,0.0,0.0,0.0,0.0,0.0,0.0,0.0,0.0,0.0,0.0,0.0,-1.6229231,-0.15540066,-0.20186183,-5.315678,0.0,0.0,0.0,0.0,0.0,0.0,0.0,0.0
-4.883086,0.0,0.0014946812,0.0,0.0,-0.023257487,0.0,0.0,0.0,0.0,0.0,0.0,0.0,0.0,0.0,0.0,0.22088169,0.0012546185,-0.117360875,0.00032037217,0.0,0.0,0.0,0.0,0.0,0.0,0.0,0.0,-0.031050395,0.0,0.0017642535,0.0,0.0,0.0,0.0,-0.028543388,0.003149665,-0.15619947,-1.316435,0.0,0.0,0.0,0.0,0.0,0.0,0.0,0.0,0.29686287,-0.1384481,0.0,0.0,0.0,0.0,0.0,0.0,0.0,0.0,0.0,0.0,0.0,0.0,0.0,0.0,0.0,0.0,0.0,-1.6229231,-0.15540066,-0.20186183,-5.315678,0.0,0.0,0.0,0.0,0.0,0.0,0.0,0.0
-4.883086,0.0,0.0014946812,0.0,0.0,-0.023257487,0.0,0.0,0.0,0.0,0.0,0.0,0.0,0.0,0.0,0.0,0.22088169,0.0012546185,-0.117360875,0.00032037217,0.0,0.0,0.0,0.0,0.0,0.0,0.0,0.0,-0.031050395,0.0,0.0017642535,0.0,0.0,0.0,0.0,-0.028543388,0.003149665,-0.15619947,-1.316435,0.0,0.0,0.0,0.0,0.0,0.0,0.0,0.0,0.29686287,-0.1384481,0.0,0.0,0.0,0.0,0.0,0.0,0.0,0.0,0.0,0.0,0.0,0.0,0.0,0.0,0.0,0.0,0.0,-1.6229231,-0.15540066,-0.20186183,-5.315678,0.0,0.0,0.0,0.0,0.0,0.0,0.0,0.0
-4.4063296,0.0,0.0014946812,0.0,0.0,-0.023257487,0.0,0.0,0.0,0.0,0.0,0.0,0.0,0.0,0.0,0.0,0.105810985,-0.10930079,-0.117360875,0.00032037217,0.0,0.0,0.0,0.0,0.0,0.0,0.0,0.0,-0.031050395,0.0,0.0011707973,0.0,0.0,0.0,0.0,0.0060807792,-0.10885771,-0.45053715,-1.6748254,0.0,0.0,0.0,0.0,0.0,0.0,0.0,0.0,0.29686287,0.13651976,0.0,0.0,0.0,0.0,0.0,0.0,0.0,0.0,0.0,0.0,0.0,0.0,0.0,0.0,0.0,0.0,0.0,-1.5415614,-0.15540066,-0.20186183,-4.7698293,0.0,0.0,0.0,0.0,0.0,0.0,0.0,0.0
1.7505748,0.0,0.007221514,0.0,0.0,-0.01826588,0.0,0.0,0.0,0.0,0.0,0.0,0.0,0.0,0.0,0.0,-0.2165885,0.0038599444,-0.117360875,0.001491507,0.0,0.0,0.0,0.0,0.0,0.0,0.0,0.0,-0.024085382,0.0,0.005423653,0.0,0.0,0.0,0.0,0.028020248,0.009567602,0.23362368,1.7269845,0.0,0.0,0.0,0.0,0.0,0.0,0.0,0.0,-0.26020104,-0.048740946,0.0,0.0,0.0,0.0,0.0,0.0,0.0,0.0,0.0,0.0,0.0,0.0,0.0,0.0,0.0,0.0,0.0,1.3057003,-0.15540066,-0.07689339,9.868058,0.0,0.0,0.0,0.0,0.0,0.0,0.0,0.0
-4.5031953,0.0,0.0014946812,0.0,0.0,-0.023257487,0.0,0.0,0.0,0.0,0.0,0.0,0.0,0.0,0.0,0.0,0.22226559,0.0012546185,-0.117360875,0.00032037217,0.0,0.0,0.0,0.0,0.0,0.0,0.0,0.0,-0.031050395,0.0,0.0017642535,0.0,0.0,0.0,0.0,0.009465825,-0.10885771,-0.15619947,-1.6748254,0.0,0.0,0.0,0.0,0.0,0.0,0.0,0.0,0.29686287,0.13651976,0.0,0.0,0.0,0.0,0.0,0.0,0.0,0.0,0.0,0.0,0.0,0.0,0.0,0.0,0.0,0.0,0.0,-1.5415614,-0.15540066,-0.20186183,-5.264564,0.0,0.0,0.0,0.0,0.0,0.0,0.0,0.0
-4.5061283,0.0,0.0014946812,0.0,0.0,-0.023257487,0.0,0.0,0.0,0.0,0.0,0.0,0.0,0.0,0.0,0.0,0.11801937,-0.10930079,-0.117360875,0.00032037217,0.0,0.0,0.0,0.0,0.0,0.0,0.0,0.0,-0.031050395,0.0,0.0011707973,0.0,0.0,0.0,0.0,-0.018336069,0.003149665,-0.45053715,-1.6748254,0.0,0.0,0.0,0.0,0.0,0.0,0.0,0.0,0.29686287,-0.1384481,0.0,0.0,0.0,0.0,0.0,0.0,0.0,0.0,0.0,0.0,0.0,0.0,0.0,0.0,0.0,0.0,0.0,-1.6229231,-0.15540066,-0.20186183,-4.7698293,0.0,0.0,0.0,0.0,0.0,0.0,0.0,0.0
-3.6424062,0.0,-1.6271869,0.0,0.0,0.02172687,0.0,0.0,0.0,0.0,0.0,0.0,0.0,0.0,0.0,0.0,0.105810985,-0.089379326,0.14738955,-0.12285965,0.0,0.0,0.0,0.0,0.0,0.0,0.0,0.0,0.018172232,0.0,-0.11993132,0.0,0.0,0.0,0.0,0.0060807792,0.003149665,-0.3739975,-1.6748254,0.0,0.0,0.0,0.0,0.0,0.0,0.0,0.0,-0.26020104,-0.1384481,0.0,0.0,0.0,0.0,0.0,0.0,0.0,0.0,0.0,0.0,0.0,0.0,0.0,0.0,0.0,0.0,0.0,-1.6229231,0.118511975,-0.20186183,-3.9634647,0.0,0.0,0.0,0.0,0.0,0.0,0.0,0.0
1.7505748,0.0,0.007221514,0.0,0.0,-0.01826588,0.0,0.0,0.0,0.0,0.0,0.0,0.0,0.0,0.0,0.0,-0.2165885,0.0038599444,-0.117360875,0.001491507,0.0,0.0,0.0,0.0,0.0,0.0,0.0,0.0,-0.024085382,0.0,0.005423653,0.0,0.0,0.0,0.0,0.028020248,0.009567602,0.23362368,1.7269845,0.0,0.0,0.0,0.0,0.0,0.0,0.0,0.0,-0.26020104,-0.048740946,0.0,0.0,0.0,0.0,0.0,0.0,0.0,0.0,0.0,0.0,0.0,0.0,0.0,0.0,0.0,0.0,0.0,1.3057003,-0.15540066,-0.07689339,9.868058,0.0,0.0,0.0,0.0,0.0,0.0,0.0,0.0
1.7505748,0.0,0.007221514,0.0,0.0,-0.01826588,0.0,0.0,0.0,0.0,0.0,0.0,0.0,0.0,0.0,0.0,-0.2165885,0.0038599444,-0.117360875,0.001491507,0.0,0.0,0.0,0.0,0.0,0.0,0.0,0.0,-0.024085382,0.0,0.005423653,0.0,0.0,0.0,0.0,0.028020248,0.009567602,0.23362368,1.7269845,0.0,0.0,0.0,0.0,0.0,0.0,0.0,0.0,-0.26020104,-0.048740946,0.0,0.0,0.0,0.0,0.0,0.0,0.0,0.0,0.0,0.0,0.0,0.0,0.0,0.0,0.0,0.0,0.0,1.3057003,-0.15540066,-0.07689339,9.868058,0.0,0.0,0.0,0.0,0.0,0.0,0.0,0.0
1.7505748,0.0,0.007221514,0.0,0.0,-0.07818855,0.0,0.0,0.0,0.0,0.0,0.0,0.0,0.0,0.0,0.0,0.23856746,0.0038599444,0.14738955,0.001491507,0.0,0.0,0.0,0.0,0.0,0.0,0.0,0.0,0.06467286,0.0,0.005423653,0.0,0.0,0.0,0.0,0.028020248,0.009567602,-0.18978627,-0.9718683,0.0,0.0,0.0,0.0,0.0,0.0,0.0,0.0,-0.26020104,-0.048740946,0.0,0.0,0.0,0.0,0.0,0.0,0.0,0.0,0.0,0.0,0.0,0.0,0.0,0.0,0.0,0.0,0.0,1.5063707,0.118511975,0.49909496,9.784328,0.0,0.0,0.0,0.0,0.0,0.0,0.0,0.0
-4.518337,0.0,0.0014946812,0.0,0.0,-0.023257487,0.0,0.0,0.0,0.0,0.0,0.0,0.0,0.0,0.0,0.0,0.105810985,-0.089379326,0.14738955,0.00032037217,0.0,0.0,0.0,0.0,0.0,0.0,0.0,0.0,-0.031050395,0.0,-0.11993132,0.0,0.0,0.0,0.0,0.0060807792,0.003149665,-0.40990752,-1.6748254,0.0,0.0,0.0,0.0,0.0,0.0,0.0,0.0,-0.26020104,-0.1384481,0.0,0.0,0.0,0.0,0.0,0.0,0.0,0.0,0.0,0.0,0.0,0.0,0.0,0.0,0.0,0.0,0.0,-1.6229231,-0.15540066,-0.20186183,-4.709278,0.0,0.0,0.0,0.0,0.0,0.0,0.0,0.0
-4.883086,0.0,0.0014946812,0.0,0.0,-0.023257487,0.0,0.0,0.0,0.0,0.0,0.0,0.0,0.0,0.0,0.0,0.22088169,0.0012546185,-0.117360875,0.00032037217,0.0,0.0,0.0,0.0,0.0,0.0,0.0,0.0,-0.031050395,0.0,0.0017642535,0.0,0.0,0.0,0.0,-0.028543388,0.003149665,-0.15619947,-1.316435,0.0,0.0,0.0,0.0,0.0,0.0,0.0,0.0,0.29686287,-0.1384481,0.0,0.0,0.0,0.0,0.0,0.0,0.0,0.0,0.0,0.0,0.0,0.0,0.0,0.0,0.0,0.0,0.0,-1.6229231,-0.15540066,-0.20186183,-5.315678,0.0,0.0,0.0,0.0,0.0,0.0,0.0,0.0
1.6226876,0.0,0.007221514,0.0,0.0,-0.01826588,0.0,0.0,0.0,0.0,0.0,0.0,0.0,0.0,0.0,0.0,-0.2232073,0.0038599444,-0.117360875,0.001491507,0.0,0.0,0.0,0.0,0.0,0.0,0.0,0.0,-0.024085382,0.0,0.005423653,0.0,0.0,0.0,0.0,-0.08449265,0.009567602,0.23362368,1.9590354,0.0,0.0,0.0,0.0,0.0,0.0,0.0,0.0,0.29686287,0.13651976,0.0,0.0,0.0,0.0,0.0,0.0,0.0,0.0,0.0,0.0,0.0,0.0,0.0,0.0,0.0,0.0,0.0,-1.5177667,0.118511975,-0.07689339,9.868058,0.0,0.0,0.0,0.0,0.0,0.0,0.0,0.0
1.7505748,0.0,0.007221514,0.0,0.0,-0.07818855,0.0,0.0,0.0,0.0,0.0,0.0,0.0,0.0,0.0,0.0,0.23856746,0.0038599444,0.14738955,0.001491507,0.0,0.0,0.0,0.0,0.0,0.0,0.0,0.0,0.06467286,0.0,0.005423653,0.0,0.0,0.0,0.0,0.028020248,0.009567602,-0.37073654,-0.9718683,0.0,0.0,0.0,0.0,0.0,0.0,0.0,0.0,-0.26020104,-0.048740946,0.0,0.0,0.0,0.0,0.0,0.0,0.0,0.0,0.0,0.0,0.0,0.0,0.0,0.0,0.0,0.0,0.0,1.5063707,0.118511975,0.49909496,9.725439,0.0,0.0,0.0,0.0,0.0,0.0,0.0,0.0
-4.5031953,0.0,0.0014946812,0.0,0.0,-0.023257487,0.0,0.0,0.0,0.0,0.0,0.0,0.0,0.0,0.0,0.0,0.22226559,0.0012546185,-0.117360875,0.00032037217,0.0,0.0,0.0,0.0,0.0,0.0,0.0,0.0,-0.031050395,0.0,0.0017642535,0.0,0.0,0.0,0.0,0.009465825,-0.10885771,-0.15619947,-1.6748254,0.0,0.0,0.0,0.0,0.0,0.0,0.0,0.0,0.29686287,0.13651976,0.0,0.0,0.0,0.0,0.0,0.0,0.0,0.0,0.0,0.0,0.0,0.0,0.0,0.0,0.0,0.0,0.0,-1.5415614,-0.15540066,-0.20186183,-5.264564,0.0,0.0,0.0,0.0,0.0,0.0,0.0,0.0
-3.6424062,0.0,-1.6271869,0.0,0.0,-0.023257487,0.0,0.0,0.0,0.0,0.0,0.0,0.0,0.0,0.0,0.0,0.105810985,-0.10930079,0.14738955,-0.12285965,0.0,0.0,0.0,0.0,0.0,0.0,0.0,0.0,0.018172232,0.0,0.0011707973,0.0,0.0,0.0,0.0,0.0060807792,0.003149665,-0.43117172,-1.6748254,0.0,0.0,0.0,0.0,0.0,0.0,0.0,0.0,-0.26020104,-0.1384481,0.0,0.0,0.0,0.0,0.0,0.0,0.0,0.0,0.0,0.0,0.0,0.0,0.0,0.0,0.0,0.0,0.0,-1.6229231,0.118511975,-0.20186183,-3.9624875,0.0,0.0,0.0,0.0,0.0,0.0,0.0,0.0
-4.883086,0.0,0.0014946812,0.0,0.0,-0.023257487,0.0,0.0,0.0,0.0,0.0,0.0,0.0,0.0,0.0,0.0,0.22088169,0.0012546185,-0.117360875,0.00032037217,0.0,0.0,0.0,0.0,0.0,0.0,0.0,0.0,-0.031050395,0.0,0.0017642535,0.0,0.0,0.0,0.0,-0.028543388,0.003149665,-0.15619947,-1.316435,0.0,0.0,0.0,0.0,0.0,0.0,0.0,0.0,0.29686287,-0.1384481,0.0,0.0,0.0,0.0,0.0,0.0,0.0,0.0,0.0,0.0,0.0,0.0,0.0,0.0,0.0,0.0,0.0,-1.6229231,-0.15540066,-0.20186183,-5.315678,0.0,0.0,0.0,0.0,0.0,0.0,0.0,0.0
-4.883086,0.0,0.0014946812,0.0,0.0,-0.023257487,0.0,0.0,0.0,0.0,0.0,0.0,0.0,0.0,0.0,0.0,0.22088169,0.0012546185,-0.117360875,0.00032037217,0.0,0.0,0.0,0.0,0.0,0.0,0.0,0.0,-0.031050395,0.0,0.0017642535,0.0,0.0,0.0,0.0,-0.028543388,0.003149665,-0.15619947,-1.316435,0.0,0.0,0.0,0.0,0.0,0.0,0.0,0.0,0.29686287,-0.1384481,0.0,0.0,0.0,0.0,0.0,0.0,0.0,0.0,0.0,0.0,0.0,0.0,0.0,0.0,0.0,0.0,0.0,-1.6229231,-0.15540066,-0.20186183,-5.315678,0.0,0.0,0.0,0.0,0.0,0.0,0.0,0.0
1.7505748,0.0,0.007221514,0.0,0.0,-0.01826588,0.0,0.0,0.0,0.0,0.0,0.0,0.0,0.0,0.0,0.0,-0.2165885,0.0038599444,-0.117360875,0.001491507,0.0,0.0,0.0,0.0,0.0,0.0,0.0,0.0,-0.024085382,0.0,0.005423653,0.0,0.0,0.0,0.0,0.028020248,0.009567602,0.23362368,1.7269845,0.0,0.0,0.0,0.0,0.0,0.0,0.0,0.0,-0.26020104,-0.048740946,0.0,0.0,0.0,0.0,0.0,0.0,0.0,0.0,0.0,0.0,0.0,0.0,0.0,0.0,0.0,0.0,0.0,1.3057003,-0.15540066,-0.07689339,9.868058,0.0,0.0,0.0,0.0,0.0,0.0,0.0,0.0
-3.6424062,0.0,-1.6271869,0.0,0.0,-0.023257487,0.0,0.0,0.0,0.0,0.0,0.0,0.0,0.0,0.0,0.0,0.105810985,-0.10930079,0.14738955,-0.12285965,0.0,0.0,0.0,0.0,0.0,0.0,0.0,0.0,0.018172232,0.0,0.0011707973,0.0,0.0,0.0,0.0,0.0060807792,0.003149665,-0.43117172,-1.6748254,0.0,0.0,0.0,0.0,0.0,0.0,0.0,0.0,-0.26020104,-0.1384481,0.0,0.0,0.0,0.0,0.0,0.0,0.0,0.0,0.0,0.0,0.0,0.0,0.0,0.0,0.0,0.0,0.0,-1.6229231,0.118511975,-0.20186183,-3.9624875,0.0,0.0,0.0,0.0,0.0,0.0,0.0,0.0
-4.883086,0.0,0.0014946812,0.0,0.0,-0.023257487,0.0,0.0,0.0,0.0,0.0,0.0,0.0,0.0,0.0,0.0,0.22088169,0.0012546185,-0.117360875,0.00032037217,0.0,0.0,0.0,0.0,0.0,0.0,0.0,0.0,-0.031050395,0.0,0.0017642535,0.0,0.0,0.0,0.0,-0.028543388,0.003149665,-0.15619947,-1.316435,0.0,0.0,0.0,0.0,0.0,0.0,0.0,0.0,0.29686287,-0.1384481,0.0,0.0,0.0,0.0,0.0,0.0,0.0,0.0,0.0,0.0,0.0,0.0,0.0,0.0,0.0,0.0,0.0,-1.6229231,-0.15540066,-0.20186183,-5.315678,0.0,0.0,0.0,0.0,0.0,0.0,0.0,0.0
-4.5061283,0.0,0.0014946812,0.0,0.0,-0.023257487,0.0,0.0,0.0,0.0,0.0,0.0,0.0,0.0,0.0,0.0,0.11801937,-0.089379326,0.14738955,0.00032037217,0.0,0.0,0.0,0.0,0.0,0.0,0.0,0.0,-0.031050395,0.0,-0.11993132,0.0,0.0,0.0,0.0,-0.018336069,0.003149665,-0.40990752,-1.6748254,0.0,0.0,0.0,0.0,0.0,0.0,0.0,0.0,0.29686287,-0.1384481,0.0,0.0,0.0,0.0,0.0,0.0,0.0,0.0,0.0,0.0,0.0,0.0,0.0,0.0,0.0,0.0,0.0,-1.6229231,-0.15540066,-0.20186183,-4.709278,0.0,0.0,0.0,0.0,0.0,0.0,0.0,0.0
1.6226876,0.0,0.007221514,0.0,0.0,-0.01826588,0.0,0.0,0.0,0.0,0.0,0.0,0.0,0.0,0.0,0.0,-0.2232073,0.0038599444,-0.117360875,0.001491507,0.0,0.0,0.0,0.0,0.0,0.0,0.0,0.0,-0.024085382,0.0,0.005423653,0.0,0.0,0.0,0.0,-0.08449265,0.009567602,0.23362368,1.9590354,0.0,0.0,0.0,0.0,0.0,0.0,0.0,0.0,0.29686287,0.13651976,0.0,0.0,0.0,0.0,0.0,0.0,0.0,0.0,0.0,0.0,0.0,0.0,0.0,0.0,0.0,0.0,0.0,-1.5177667,0.118511975,-0.07689339,9.868058,0.0,0.0,0.0,0.0,0.0,0.0,0.0,0.0
-4.5031953,0.0,0.0014946812,0.0,0.0,-0.023257487,0.0,0.0,0.0,0.0,0.0,0.0,0.0,0.0,0.0,0.0,0.22226559,0.0012546185,-0.117360875,0.00032037217,0.0,0.0,0.0,0.0,0.0,0.0,0.0,0.0,-0.031050395,0.0,0.0017642535,0.0,0.0,0.0,0.0,0.009465825,-0.10885771,-0.15619947,-1.6748254,0.0,0.0,0.0,0.0,0.0,0.0,0.0,0.0,0.29686287,0.13651976,0.0,0.0,0.0,0.0,0.0,0.0,0.0,0.0,0.0,0.0,0.0,0.0,0.0,0.0,0.0,0.0,0.0,-1.5415614,-0.15540066,-0.20186183,-5.264564,0.0,0.0,0.0,0.0,0.0,0.0,0.0,0.0
1.426609,0.0,0.007221514,0.0,0.0,0.07304284,0.0,0.0,0.0,0.0,0.0,0.0,0.0,0.0,0.0,0.0,-0.18444064,0.0038599444,0.14738955,-0.5719946,0.0,0.0,0.0,0.0,0.0,0.0,0.0,0.0,0.06467286,0.0,0.0033487517,0.0,0.0,0.0,0.0,0.011831022,0.009567602,-1.2147684,-2.2112968,0.0,0.0,0.0,0.0,0.0,0.0,0.0,0.0,-0.26020104,-0.048740946,0.0,0.0,0.0,0.0,0.0,0.0,0.0,0.0,0.0,0.0,0.0,0.0,0.0,0.0,0.0,0.0,0.0,1.5063707,0.118511975,0.49909496,9.008337,0.0,0.0,0.0,0.0,0.0,0.0,0.0,0.0
1.7505748,0.0,0.007221514,0.0,0.0,-0.01826588,0.0,0.0,0.0,0.0,0.0,0.0,0.0,0.0,0.0,0.0,-0.2165885,0.0038599444,-0.117360875,0.001491507,0.0,0.0,0.0,0.0,0.0,0.0,0.0,0.0,-0.024085382,0.0,0.005423653,0.0,0.0,0.0,0.0,0.028020248,0.009567602,0.23362368,1.7269845,0.0,0.0,0.0,0.0,0.0,0.0,0.0,0.0,-0.26020104,-0.048740946,0.0,0.0,0.0,0.0,0.0,0.0,0.0,0.0,0.0,0.0,0.0,0.0,0.0,0.0,0.0,0.0,0.0,1.3057003,-0.15540066,-0.07689339,9.868058,0.0,0.0,0.0,0.0,0.0,0.0,0.0,0.0
-5.010697,0.0,0.0014946812,0.0,0.0,-0.023257487,0.0,0.0,0.0,0.0,0.0,0.0,0.0,0.0,0.0,0.0,0.22088169,0.0012546185,-0.117360875,0.00032037217,0.0,0.0,0.0,0.0,0.0,0.0,0.0,0.0,-0.031050395,0.0,0.0017642535,0.0,0.0,0.0,0.0,-0.028543388,0.003149665,-0.15619947,-1.1698893,0.0,0.0,0.0,0.0,0.0,0.0,0.0,0.0,0.29686287,0.04806206,0.0,0.0,0.0,0.0,0.0,0.0,0.0,0.0,0.0,0.0,0.0,0.0,0.0,0.0,0.0,0.0,0.0,1.3433123,0.118511975,-0.20186183,-5.315678,0.0,0.0,0.0,0.0,0.0,0.0,0.0,0.0
-3.6424062,0.0,-1.6271869,0.0,0.0,-0.023257487,0.0,0.0,0.0,0.0,0.0,0.0,0.0,0.0,0.0,0.0,0.105810985,-0.089379326,0.14738955,-0.12285965,0.0,0.0,0.0,0.0,0.0,0.0,0.0,0.0,0.018172232,0.0,-0.11993132,0.0,0.0,0.0,0.0,0.0060807792,0.003149665,-0.3905421,-1.6748254,0.0,0.0,0.0,0.0,0.0,0.0,0.0,0.0,-0.26020104,-0.1384481,0.0,0.0,0.0,0.0,0.0,0.0,0.0,0.0,0.0,0.0,0.0,0.0,0.0,0.0,0.0,0.0,0.0,-1.6229231,0.118511975,-0.20186183,-3.901936,0.0,0.0,0.0,0.0,0.0,0.0,0.0,0.0
-4.883086,0.0,0.0014946812,0.0,0.0,-0.023257487,0.0,0.0,0.0,0.0,0.0,0.0,0.0,0.0,0.0,0.0,0.22088169,0.0012546185,-0.117360875,0.00032037217,0.0,0.0,0.0,0.0,0.0,0.0,0.0,0.0,-0.031050395,0.0,0.0017642535,0.0,0.0,0.0,0.0,-0.028543388,0.003149665,-0.15619947,-1.316435,0.0,0.0,0.0,0.0,0.0,0.0,0.0,0.0,0.29686287,0.13651976,0.0,0.0,0.0,0.0,0.0,0.0,0.0,0.0,0.0,0.0,0.0,0.0,0.0,0.0,0.0,0.0,0.0,-1.5415614,0.118511975,-0.20186183,-5.315678,0.0,0.0,0.0,0.0,0.0,0.0,0.0,0.0
-4.332531,0.0,0.0014946812,0.0,0.0,-0.023257487,0.0,0.0,0.0,0.0,0.0,0.0,0.0,0.0,0.0,0.0,0.11801937,-0.10930079,-0.117360875,-0.12285965,0.0,0.0,0.0,0.0,0.0,0.0,0.0,0.0,-0.031050395,0.0,0.0011707973,0.0,0.0,0.0,0.0,-0.018336069,-0.10885771,-0.45053715,-1.6748254,0.0,0.0,0.0,0.0,0.0,0.0,0.0,0.0,0.29686287,-0.1384481,0.0,0.0,0.0,0.0,0.0,0.0,0.0,0.0,0.0,0.0,0.0,0.0,0.0,0.0,0.0,0.0,0.0,-1.6229231,-0.15540066,-0.20186183,-4.7082396,0.0,0.0,0.0,0.0,0.0,0.0,0.0,0.0
-3.6424062,0.0,-1.6271869,0.0,0.0,-0.023257487,0.0,0.0,0.0,0.0,0.0,0.0,0.0,0.0,0.0,0.0,0.105810985,-0.10930079,0.14738955,-0.12285965,0.0,0.0,0.0,0.0,0.0,0.0,0.0,0.0,0.018172232,0.0,0.0011707973,0.0,0.0,0.0,0.0,0.0060807792,0.003149665,-0.43117172,-1.6748254,0.0,0.0,0.0,0.0,0.0,0.0,0.0,0.0,-0.26020104,-0.1384481,0.0,0.0,0.0,0.0,0.0,0.0,0.0,0.0,0.0,0.0,0.0,0.0,0.0,0.0,0.0,0.0,0.0,-1.6229231,0.118511975,-0.20186183,-3.9624875,0.0,0.0,0.0,0.0,0.0,0.0,0.0,0.0
-3.6424062,0.0,-1.6271869,0.0,0.0,-0.023257487,0.0,0.0,0.0,0.0,0.0,0.0,0.0,0.0,0.0,0.0,0.105810985,-0.089379326,0.14738955,-0.12285965,0.0,0.0,0.0,0.0,0.0,0.0,0.0,0.0,0.018172232,0.0,-0.11993132,0.0,0.0,0.0,0.0,0.0060807792,0.003149665,-0.3905421,-1.6748254,0.0,0.0,0.0,0.0,0.0,0.0,0.0,0.0,-0.26020104,-0.1384481,0.0,0.0,0.0,0.0,0.0,0.0,0.0,0.0,0.0,0.0,0.0,0.0,0.0,0.0,0.0,0.0,0.0,-1.6229231,0.118511975,-0.20186183,-3.901936,0.0,0.0,0.0,0.0,0.0,0.0,0.0,0.0
-3.6424062,0.0,-1.6271869,0.0,0.0,-0.023257487,0.0,0.0,0.0,0.0,0.0,0.0,0.0,0.0,0.0,0.0,0.105810985,-0.10930079,0.14738955,-0.12285965,0.0,0.0,0.0,0.0,0.0,0.0,0.0,0.0,0.018172232,0.0,0.0011707973,0.0,0.0,0.0,0.0,0.0060807792,0.003149665,-0.43117172,-1.6748254,0.0,0.0,0.0,0.0,0.0,0.0,0.0,0.0,-0.26020104,-0.1384481,0.0,0.0,0.0,0.0,0.0,0.0,0.0,0.0,0.0,0.0,0.0,0.0,0.0,0.0,0.0,0.0,0.0,-1.6229231,-0.15540066,-0.20186183,-3.9624875,0.0,0.0,0.0,0.0,0.0,0.0,0.0,0.0
1.6226876,0.0,0.007221514,0.0,0.0,-0.01826588,0.0,0.0,0.0,0.0,0.0,0.0,0.0,0.0,0.0,0.0,-0.2232073,0.0038599444,-0.117360875,0.001491507,0.0,0.0,0.0,0.0,0.0,0.0,0.0,0.0,-0.024085382,0.0,0.005423653,0.0,0.0,0.0,0.0,-0.08449265,0.009567602,0.23362368,1.9590354,0.0,0.0,0.0,0.0,0.0,0.0,0.0,0.0,0.29686287,0.13651976,0.0,0.0,0.0,0.0,0.0,0.0,0.0,0.0,0.0,0.0,0.0,0.0,0.0,0.0,0.0,0.0,0.0,-1.5177667,0.118511975,-0.07689339,9.868058,0.0,0.0,0.0,0.0,0.0,0.0,0.0,0.0
1.6226876,0.0,0.007221514,0.0,0.0,-0.01826588,0.0,0.0,0.0,0.0,0.0,0.0,0.0,0.0,0.0,0.0,-0.2232073,0.0038599444,-0.117360875,0.001491507,0.0,0.0,0.0,0.0,0.0,0.0,0.0,0.0,-0.024085382,0.0,0.005423653,0.0,0.0,0.0,0.0,-0.08449265,0.009567602,0.23362368,1.9590354,0.0,0.0,0.0,0.0,0.0,0.0,0.0,0.0,0.29686287,0.13651976,0.0,0.0,0.0,0.0,0.0,0.0,0.0,0.0,0.0,0.0,0.0,0.0,0.0,0.0,0.0,0.0,0.0,-1.5177667,0.118511975,-0.07689339,9.868058,0.0,0.0,0.0,0.0,0.0,0.0,0.0,0.0
1.6226876,0.0,0.007221514,0.0,0.0,-0.01826588,0.0,0.0,0.0,0.0,0.0,0.0,0.0,0.0,0.0,0.0,-0.2232073,0.0038599444,-0.117360875,0.001491507,0.0,0.0,0.0,0.0,0.0,0.0,0.0,0.0,-0.024085382,0.0,0.005423653,0.0,0.0,0.0,0.0,-0.08449265,0.009567602,0.23362368,1.9590354,0.0,0.0,0.0,0.0,0.0,0.0,0.0,0.0,0.29686287,0.13651976,0.0,0.0,0.0,0.0,0.0,0.0,0.0,0.0,0.0,0.0,0.0,0.0,0.0,0.0,0.0,0.0,0.0,-1.5177667,0.118511975,-0.07689339,9.868058,0.0,0.0,0.0,0.0,0.0,0.0,0.0,0.0
-3.7700164,0.0,-1.6271869,0.0,0.0,-0.023257487,0.0,0.0,0.0,0.0,0.0,0.0,0.0,0.0,0.0,0.0,0.105810985,-0.089379326,0.14738955,-0.12285965,0.0,0.0,0.0,0.0,0.0,0.0,0.0,0.0,0.018172232,0.0,-0.11993132,0.0,0.0,0.0,0.0,0.0060807792,0.003149665,-0.3905421,-1.5282797,0.0,0.0,0.0,0.0,0.0,0.0,0.0,0.0,-0.26020104,-0.048740946,0.0,0.0,0.0,0.0,0.0,0.0,0.0,0.0,0.0,0.0,0.0,0.0,0.0,0.0,0.0,0.0,0.0,1.4401152,0.118511975,-0.20186183,-3.901936,0.0,0.0,0.0,0.0,0.0,0.0,0.0,0.0
1.168005,0.0,-2.444837,0.0,0.0,-0.023257487,0.0,0.0,0.0,0.0,0.0,0.0,0.0,0.0,0.0,0.0,0.015672505,-0.10930079,0.14738955,-0.18466517,0.0,0.0,0.0,0.0,0.0,0.0,0.0,0.0,-0.031050395,0.0,0.0011707973,0.0,0.0,0.0,0.0,-0.035675433,-0.3306724,-0.45053715,-2.205464,0.0,0.0,0.0,0.0,0.0,0.0,0.0,0.0,0.29686287,-0.1384481,0.0,0.0,0.0,0.0,0.0,0.0,0.0,0.0,0.0,0.0,0.0,0.0,0.0,0.0,0.0,0.0,0.0,-1.7770548,-0.15540066,-0.20186183,-5.1932445,0.0,0.0,0.0,0.0,0.0,0.0,0.0,0.0
1.6226876,0.0,0.007221514,0.0,0.0,-0.01826588,0.0,0.0,0.0,0.0,0.0,0.0,0.0,0.0,0.0,0.0,-0.2232073,0.0038599444,-0.117360875,0.001491507,0.0,0.0,0.0,0.0,0.0,0.0,0.0,0.0,-0.024085382,0.0,0.005423653,0.0,0.0,0.0,0.0,-0.08449265,0.009567602,0.23362368,1.6033576,0.0,0.0,0.0,0.0,0.0,0.0,0.0,0.0,0.29686287,0.13651976,0.0,0.0,0.0,0.0,0.0,0.0,0.0,0.0,0.0,0.0,0.0,0.0,0.0,0.0,0.0,0.0,0.0,-1.6091921,0.118511975,-0.07689339,9.868058,0.0,0.0,0.0,0.0,0.0,0.0,0.0,0.0
1.7505748,0.0,0.007221514,0.0,0.0,-0.01826588,0.0,0.0,0.0,0.0,0.0,0.0,0.0,0.0,0.0,0.0,-0.2165885,0.0038599444,-0.117360875,0.001491507,0.0,0.0,0.0,0.0,0.0,0.0,0.0,0.0,-0.024085382,0.0,0.005423653,0.0,0.0,0.0,0.0,0.028020248,0.009567602,0.23362368,1.7269845,0.0,0.0,0.0,0.0,0.0,0.0,0.0,0.0,-0.26020104,-0.048740946,0.0,0.0,0.0,0.0,0.0,0.0,0.0,0.0,0.0,0.0,0.0,0.0,0.0,0.0,0.0,0.0,0.0,1.3057003,-0.15540066,-0.07689339,9.868058,0.0,0.0,0.0,0.0,0.0,0.0,0.0,0.0
-4.922479,0.0,0.0014946812,0.0,0.0,-0.023257487,0.0,0.0,0.0,0.0,0.0,0.0,0.0,0.0,0.0,0.0,0.22226559,0.0010259486,0.14738955,0.00032037217,0.0,0.0,0.0,0.0,0.0,0.0,0.0,0.0,-0.031050395,0.0,-0.18059574,0.0,0.0,0.0,0.0,0.009465825,0.003149665,-0.15667762,-1.316435,0.0,0.0,0.0,0.0,0.0,0.0,0.0,0.0,-0.26020104,-0.1384481,0.0,0.0,0.0,0.0,0.0,0.0,0.0,0.0,0.0,0.0,0.0,0.0,0.0,0.0,0.0,0.0,0.0,-1.6229231,-0.15540066,-0.20186183,-5.132611,0.0,0.0,0.0,0.0,0.0,0.0,0.0,0.0
-4.883086,0.0,0.0014946812,0.0,0.0,-0.023257487,0.0,0.0,0.0,0.0,0.0,0.0,0.0,0.0,0.0,0.0,0.22088169,0.0012546185,-0.117360875,0.00032037217,0.0,0.0,0.0,0.0,0.0,0.0,0.0,0.0,-0.031050395,0.0,0.0017642535,0.0,0.0,0.0,0.0,-0.028543388,0.003149665,-0.15619947,-1.316435,0.0,0.0,0.0,0.0,0.0,0.0,0.0,0.0,0.29686287,-0.1384481,0.0,0.0,0.0,0.0,0.0,0.0,0.0,0.0,0.0,0.0,0.0,0.0,0.0,0.0,0.0,0.0,0.0,-1.6229231,-0.15540066,-0.20186183,-5.315678,0.0,0.0,0.0,0.0,0.0,0.0,0.0,0.0
-4.5031953,0.0,0.0014946812,0.0,0.0,-0.023257487,0.0,0.0,0.0,0.0,0.0,0.0,0.0,0.0,0.0,0.0,0.22226559,0.0012546185,0.14738955,0.00032037217,0.0,0.0,0.0,0.0,0.0,0.0,0.0,0.0,-0.031050395,0.0,0.0017642535,0.0,0.0,0.0,0.0,0.009465825,-0.10885771,-0.15619947,-1.6748254,0.0,0.0,0.0,0.0,0.0,0.0,0.0,0.0,0.29686287,0.13651976,0.0,0.0,0.0,0.0,0.0,0.0,0.0,0.0,0.0,0.0,0.0,0.0,0.0,0.0,0.0,0.0,0.0,-1.5415614,-0.15540066,-0.20186183,-5.264564,0.0,0.0,0.0,0.0,0.0,0.0,0.0,0.0
-4.883086,0.0,0.0014946812,0.0,0.0,-0.023257487,0.0,0.0,0.0,0.0,0.0,0.0,0.0,0.0,0.0,0.0,0.22088169,0.0012546185,-0.117360875,0.00032037217,0.0,0.0,0.0,0.0,0.0,0.0,0.0,0.0,-0.031050395,0.0,0.0017642535,0.0,0.0,0.0,0.0,-0.028543388,0.003149665,-0.08992548,-1.316435,0.0,0.0,0.0,0.0,0.0,0.0,0.0,0.0,0.29686287,-0.1384481,0.0,0.0,0.0,0.0,0.0,0.0,0.0,0.0,0.0,0.0,0.0,0.0,0.0,0.0,0.0,0.0,0.0,-1.6229231,-0.15540066,-0.20186183,-5.315678,0.0,0.0,0.0,0.0,0.0,0.0,0.0,0.0
-3.5303988,0.0,-1.6271869,0.0,0.0,-0.023257487,0.0,0.0,0.0,0.0,0.0,0.0,0.0,0.0,0.0,0.0,0.105810985,-0.10930079,-0.117360875,-0.12285965,0.0,0.0,0.0,0.0,0.0,0.0,0.0,0.0,-0.031050395,0.0,0.0011707973,0.0,0.0,0.0,0.0,0.0060807792,-0.10885771,-0.45053715,-1.6748254,0.0,0.0,0.0,0.0,0.0,0.0,0.0,0.0,0.29686287,0.13651976,0.0,0.0,0.0,0.0,0.0,0.0,0.0,0.0,0.0,0.0,0.0,0.0,0.0,0.0,0.0,0.0,0.0,-1.5415614,-0.15540066,-0.20186183,-3.8938994,0.0,0.0,0.0,0.0,0.0,0.0,0.0,0.0
-3.6424062,0.0,-1.6271869,0.0,0.0,-0.023257487,0.0,0.0,0.0,0.0,0.0,0.0,0.0,0.0,0.0,0.0,0.105810985,-0.10930079,0.14738955,-0.12285965,0.0,0.0,0.0,0.0,0.0,0.0,0.0,0.0,0.018172232,0.0,0.0011707973,0.0,0.0,0.0,0.0,0.0060807792,0.003149665,-0.43117172,-1.507992,0.0,0.0,0.0,0.0,0.0,0.0,0.0,0.0,-0.26020104,-0.1384481,0.0,0.0,0.0,0.0,0.0,0.0,0.0,0.0,0.0,0.0,0.0,0.0,0.0,0.0,0.0,0.0,0.0,-1.6229231,0.118511975,0.49909496,-3.9624875,0.0,0.0,0.0,0.0,0.0,0.0,0.0,0.0
1.7505748,0.0,0.007221514,0.0,0.0,-0.01826588,0.0,0.0,0.0,0.0,0.0,0.0,0.0,0.0,0.0,0.0,-0.2165885,0.0038599444,-0.117360875,0.001491507,0.0,0.0,0.0,0.0,0.0,0.0,0.0,0.0,-0.024085382,0.0,0.005423653,0.0,0.0,0.0,0.0,0.028020248,0.009567602,0.23362368,1.7269845,0.0,0.0,0.0,0.0,0.0,0.0,0.0,0.0,-0.26020104,-0.048740946,0.0,0.0,0.0,0.0,0.0,0.0,0.0,0.0,0.0,0.0,0.0,0.0,0.0,0.0,0.0,0.0,0.0,1.3057003,-0.15540066,-0.07689339,9.868058,0.0,0.0,0.0,0.0,0.0,0.0,0.0,0.0
1.6226876,0.0,0.007221514,0.0,0.0,-0.01826588,0.0,0.0,0.0,0.0,0.0,0.0,0.0,0.0,0.0,0.0,-0.2232073,0.0038599444,-0.117360875,0.001491507,0.0,0.0,0.0,0.0,0.0,0.0,0.0,0.0,-0.024085382,0.0,0.005423653,0.0,0.0,0.0,0.0,-0.08449265,0.009567602,0.23362368,1.9590354,0.0,0.0,0.0,0.0,0.0,0.0,0.0,0.0,0.29686287,0.13651976,0.0,0.0,0.0,0.0,0.0,0.0,0.0,0.0,0.0,0.0,0.0,0.0,0.0,0.0,0.0,0.0,0.0,-1.5177667,0.118511975,-0.07689339,9.868058,0.0,0.0,0.0,0.0,0.0,0.0,0.0,0.0
1.7505748,0.0,0.007221514,0.0,0.0,0.07304284,0.0,0.0,0.0,0.0,0.0,0.0,0.0,0.0,0.0,0.0,0.23856746,0.0038599444,0.14738955,0.001491507,0.0,0.0,0.0,0.0,0.0,0.0,0.0,0.0,0.06467286,0.0,0.005423653,0.0,0.0,0.0,0.0,0.028020248,0.009567602,-0.11610402,-0.9718683,0.0,0.0,0.0,0.0,0.0,0.0,0.0,0.0,-0.26020104,-0.048740946,0.0,0.0,0.0,0.0,0.0,0.0,0.0,0.0,0.0,0.0,0.0,0.0,0.0,0.0,0.0,0.0,0.0,1.5063707,0.118511975,0.49909496,9.829046,0.0,0.0,0.0,0.0,0.0,0.0,0.0,0.0
-4.883086,0.0,0.0014946812,0.0,0.0,-0.023257487,0.0,0.0,0.0,0.0,0.0,0.0,0.0,0.0,0.0,0.0,0.22088169,0.0012546185,-0.117360875,0.00032037217,0.0,0.0,0.0,0.0,0.0,0.0,0.0,0.0,-0.031050395,0.0,0.0017642535,0.0,0.0,0.0,0.0,-0.028543388,0.003149665,-0.15619947,-1.316435,0.0,0.0,0.0,0.0,0.0,0.0,0.0,0.0,0.29686287,-0.1384481,0.0,0.0,0.0,0.0,0.0,0.0,0.0,0.0,0.0,0.0,0.0,0.0,0.0,0.0,0.0,0.0,0.0,-1.6229231,-0.15540066,-0.20186183,-5.315678,0.0,0.0,0.0,0.0,0.0,0.0,0.0,0.0
-3.6424062,0.0,-1.6271869,0.0,0.0,-0.023257487,0.0,0.0,0.0,0.0,0.0,0.0,0.0,0.0,0.0,0.0,0.105810985,-0.089379326,0.14738955,-0.12285965,0.0,0.0,0.0,0.0,0.0,0.0,0.0,0.0,0.018172232,0.0,-0.11993132,0.0,0.0,0.0,0.0,0.0060807792,0.003149665,-0.3905421,-1.6748254,0.0,0.0,0.0,0.0,0.0,0.0,0.0,0.0,-0.26020104,-0.1384481,0.0,0.0,0.0,0.0,0.0,0.0,0.0,0.0,0.0,0.0,0.0,0.0,0.0,0.0,0.0,0.0,0.0,-1.6229231,-0.15540066,-0.20186183,-3.901936,0.0,0.0,0.0,0.0,0.0,0.0,0.0,0.0
-4.518337,0.0,0.0014946812,0.0,0.0,-0.023257487,0.0,0.0,0.0,0.0,0.0,0.0,0.0,0.0,0.0,0.0,0.105810985,-0.10930079,0.14738955,0.00032037217,0.0,0.0,0.0,0.0,0.0,0.0,0.0,0.0,-0.031050395,0.0,0.0011707973,0.0,0.0,0.0,0.0,0.0060807792,0.003149665,-0.45053715,-1.6748254,0.0,0.0,0.0,0.0,0.0,0.0,0.0,0.0,-0.26020104,-0.1384481,0.0,0.0,0.0,0.0,0.0,0.0,0.0,0.0,0.0,0.0,0.0,0.0,0.0,0.0,0.0,0.0,0.0,-1.6229231,0.118511975,-0.20186183,-4.7698293,0.0,0.0,0.0,0.0,0.0,0.0,0.0,0.0
1.7505748,0.0,0.007221514,0.0,0.0,-0.01826588,0.0,0.0,0.0,0.0,0.0,0.0,0.0,0.0,0.0,0.0,-0.2165885,0.0038599444,-0.117360875,0.001491507,0.0,0.0,0.0,0.0,0.0,0.0,0.0,0.0,-0.024085382,0.0,0.005423653,0.0,0.0,0.0,0.0,0.028020248,0.009567602,0.23362368,1.7269845,0.0,0.0,0.0,0.0,0.0,0.0,0.0,0.0,-0.26020104,-0.048740946,0.0,0.0,0.0,0.0,0.0,0.0,0.0,0.0,0.0,0.0,0.0,0.0,0.0,0.0,0.0,0.0,0.0,1.3057003,-0.15540066,-0.07689339,9.868058,0.0,0.0,0.0,0.0,0.0,0.0,0.0,0.0
1.6226876,0.0,0.007221514,0.0,0.0,-0.01826588,0.0,0.0,0.0,0.0,0.0,0.0,0.0,0.0,0.0,0.0,-0.2232073,0.0038599444,-0.117360875,0.001491507,0.0,0.0,0.0,0.0,0.0,0.0,0.0,0.0,-0.024085382,0.0,0.005423653,0.0,0.0,0.0,0.0,-0.08449265,0.009567602,0.23362368,1.9590354,0.0,0.0,0.0,0.0,0.0,0.0,0.0,0.0,0.29686287,0.13651976,0.0,0.0,0.0,0.0,0.0,0.0,0.0,0.0,0.0,0.0,0.0,0.0,0.0,0.0,0.0,0.0,0.0,-1.5177667,0.118511975,-0.07689339,9.868058,0.0,0.0,0.0,0.0,0.0,0.0,0.0,0.0
-4.922479,0.0,0.0014946812,0.0,0.0,-0.023257487,0.0,0.0,0.0,0.0,0.0,0.0,0.0,0.0,0.0,0.0,0.22226559,0.0012546185,0.14738955,0.00032037217,0.0,0.0,0.0,0.0,0.0,0.0,0.0,0.0,-0.031050395,0.0,0.0017642535,0.0,0.0,0.0,0.0,0.009465825,0.003149665,-0.15619947,-1.316435,0.0,0.0,0.0,0.0,0.0,0.0,0.0,0.0,0.29686287,0.13651976,0.0,0.0,0.0,0.0,0.0,0.0,0.0,0.0,0.0,0.0,0.0,0.0,0.0,0.0,0.0,0.0,0.0,-1.5415614,-0.15540066,-0.20186183,-5.315678,0.0,0.0,0.0,0.0,0.0,0.0,0.0,0.0
-4.5061283,0.0,0.0014946812,0.0,0.0,-0.023257487,0.0,0.0,0.0,0.0,0.0,0.0,0.0,0.0,0.0,0.0,0.11801937,-0.10930079,-0.117360875,0.00032037217,0.0,0.0,0.0,0.0,0.0,0.0,0.0,0.0,-0.031050395,0.0,0.0011707973,0.0,0.0,0.0,0.0,-0.018336069,0.003149665,-0.45053715,-1.6748254,0.0,0.0,0.0,0.0,0.0,0.0,0.0,0.0,0.29686287,-0.1384481,0.0,0.0,0.0,0.0,0.0,0.0,0.0,0.0,0.0,0.0,0.0,0.0,0.0,0.0,0.0,0.0,0.0,-1.6229231,-0.15540066,-0.20186183,-4.7698293,0.0,0.0,0.0,0.0,0.0,0.0,0.0,0.0
-3.6424062,0.0,-1.6271869,0.0,0.0,-0.023257487,0.0,0.0,0.0,0.0,0.0,0.0,0.0,0.0,0.0,0.0,0.105810985,-0.089379326,0.14738955,-0.12285965,0.0,0.0,0.0,0.0,0.0,0.0,0.0,0.0,0.018172232,0.0,-0.11993132,0.0,0.0,0.0,0.0,0.0060807792,0.003149665,-0.3905421,-1.6748254,0.0,0.0,0.0,0.0,0.0,0.0,0.0,0.0,-0.26020104,-0.1384481,0.0,0.0,0.0,0.0,0.0,0.0,0.0,0.0,0.0,0.0,0.0,0.0,0.0,0.0,0.0,0.0,0.0,-1.6229231,0.118511975,-0.20186183,-3.901936,0.0,0.0,0.0,0.0,0.0,0.0,0.0,0.0
1.7505748,0.0,0.007221514,0.0,0.0,-0.01826588,0.0,0.0,0.0,0.0,0.0,0.0,0.0,0.0,0.0,0.0,-0.2165885,0.0038599444,-0.117360875,0.001491507,0.0,0.0,0.0,0.0,0.0,0.0,0.0,0.0,-0.024085382,0.0,0.005423653,0.0,0.0,0.0,0.0,0.028020248,0.009567602,0.23362368,1.7269845,0.0,0.0,0.0,0.0,0.0,0.0,0.0,0.0,-0.26020104,-0.048740946,0.0,0.0,0.0,0.0,0.0,0.0,0.0,0.0,0.0,0.0,0.0,0.0,0.0,0.0,0.0,0.0,0.0,1.3057003,-0.15540066,-0.07689339,9.868058,0.0,0.0,0.0,0.0,0.0,0.0,0.0,0.0
1.7505748,0.0,0.007221514,0.0,0.0,-0.07818855,0.0,0.0,0.0,0.0,0.0,0.0,0.0,0.0,0.0,0.0,0.23856746,0.0038599444,0.14738955,0.001491507,0.0,0.0,0.0,0.0,0.0,0.0,0.0,0.0,0.06467286,0.0,0.005423653,0.0,0.0,0.0,0.0,0.028020248,0.009567602,-0.18978627,-0.9718683,0.0,0.0,0.0,0.0,0.0,0.0,0.0,0.0,-0.26020104,-0.048740946,0.0,0.0,0.0,0.0,0.0,0.0,0.0,0.0,0.0,0.0,0.0,0.0,0.0,0.0,0.0,0.0,0.0,1.5063707,0.118511975,0.49909496,9.784328,0.0,0.0,0.0,0.0,0.0,0.0,0.0,0.0
1.6226876,0.0,0.007221514,0.0,0.0,-0.01826588,0.0,0.0,0.0,0.0,0.0,0.0,0.0,0.0,0.0,0.0,-0.2232073,0.0038599444,-0.117360875,0.001491507,0.0,0.0,0.0,0.0,0.0,0.0,0.0,0.0,-0.024085382,0.0,0.005423653,0.0,0.0,0.0,0.0,-0.08449265,0.009567602,0.23362368,1.9590354,0.0,0.0,0.0,0.0,0.0,0.0,0.0,0.0,0.29686287,0.13651976,0.0,0.0,0.0,0.0,0.0,0.0,0.0,0.0,0.0,0.0,0.0,0.0,0.0,0.0,0.0,0.0,0.0,-1.5177667,0.118511975,-0.07689339,9.868058,0.0,0.0,0.0,0.0,0.0,0.0,0.0,0.0
1.6226876,0.0,0.007221514,0.0,0.0,-0.01826588,0.0,0.0,0.0,0.0,0.0,0.0,0.0,0.0,0.0,0.0,-0.2232073,0.0038599444,-0.117360875,0.001491507,0.0,0.0,0.0,0.0,0.0,0.0,0.0,0.0,-0.024085382,0.0,0.005423653,0.0,0.0,0.0,0.0,-0.08449265,0.009567602,0.23362368,1.9590354,0.0,0.0,0.0,0.0,0.0,0.0,0.0,0.0,0.29686287,0.13651976,0.0,0.0,0.0,0.0,0.0,0.0,0.0,0.0,0.0,0.0,0.0,0.0,0.0,0.0,0.0,0.0,0.0,-1.5177667,0.118511975,-0.07689339,9.868058,0.0,0.0,0.0,0.0,0.0,0.0,0.0,0.0
1.7505748,0.0,0.007221514,0.0,0.0,-0.01826588,0.0,0.0,0.0,0.0,0.0,0.0,0.0,0.0,0.0,0.0,-0.2165885,0.0038599444,-0.117360875,0.001491507,0.0,0.0,0.0,0.0,0.0,0.0,0.0,0.0,-0.024085382,0.0,0.005423653,0.0,0.0,0.0,0.0,0.028020248,0.009567602,0.23362368,1.7269845,0.0,0.0,0.0,0.0,0.0,0.0,0.0,0.0,-0.26020104,-0.048740946,0.0,0.0,0.0,0.0,0.0,0.0,0.0,0.0,0.0,0.0,0.0,0.0,0.0,0.0,0.0,0.0,0.0,1.3057003,-0.15540066,-0.07689339,9.868058,0.0,0.0,0.0,0.0,0.0,0.0,0.0,0.0
-3.6424062,0.0,-1.6271869,0.0,0.0,-0.023257487,0.0,0.0,0.0,0.0,0.0,0.0,0.0,0.0,0.0,0.0,0.105810985,-0.089379326,0.14738955,-0.12285965,0.0,0.0,0.0,0.0,0.0,0.0,0.0,0.0,0.018172232,0.0,-0.11993132,0.0,0.0,0.0,0.0,0.0060807792,0.003149665,-0.3905421,-1.6748254,0.0,0.0,0.0,0.0,0.0,0.0,0.0,0.0,-0.26020104,-0.1384481,0.0,0.0,0.0,0.0,0.0,0.0,0.0,0.0,0.0,0.0,0.0,0.0,0.0,0.0,0.0,0.0,0.0,-1.6229231,-0.15540066,-0.20186183,-3.901936,0.0,0.0,0.0,0.0,0.0,0.0,0.0,0.0
1.6226876,0.0,0.007221514,0.0,0.0,-0.01826588,0.0,0.0,0.0,0.0,0.0,0.0,0.0,0.0,0.0,0.0,-0.2232073,0.0038599444,-0.117360875,0.001491507,0.0,0.0,0.0,0.0,0.0,0.0,0.0,0.0,-0.024085382,0.0,0.005423653,0.0,0.0,0.0,0.0,-0.08449265,0.009567602,0.23362368,1.9590354,0.0,0.0,0.0,0.0,0.0,0.0,0.0,0.0,0.29686287,0.13651976,0.0,0.0,0.0,0.0,0.0,0.0,0.0,0.0,0.0,0.0,0.0,0.0,0.0,0.0,0.0,0.0,0.0,-1.5177667,0.118511975,-0.07689339,9.868058,0.0,0.0,0.0,0.0,0.0,0.0,0.0,0.0
-4.883086,0.0,0.0014946812,0.0,0.0,-0.023257487,0.0,0.0,0.0,0.0,0.0,0.0,0.0,0.0,0.0,0.0,0.22088169,0.0012546185,-0.117360875,0.00032037217,0.0,0.0,0.0,0.0,0.0,0.0,0.0,0.0,-0.031050395,0.0,0.0017642535,0.0,0.0,0.0,0.0,-0.028543388,0.003149665,-0.15619947,-1.316435,0.0,0.0,0.0,0.0,0.0,0.0,0.0,0.0,0.29686287,-0.1384481,0.0,0.0,0.0,0.0,0.0,0.0,0.0,0.0,0.0,0.0,0.0,0.0,0.0,0.0,0.0,0.0,0.0,-1.6229231,-0.15540066,-0.20186183,-5.315678,0.0,0.0,0.0,0.0,0.0,0.0,0.0,0.0
-4.5031953,0.0,0.0014946812,0.0,0.0,-0.023257487,0.0,0.0,0.0,0.0,0.0,0.0,0.0,0.0,0.0,0.0,0.22226559,0.0012546185,-0.117360875,0.00032037217,0.0,0.0,0.0,0.0,0.0,0.0,0.0,0.0,-0.031050395,0.0,0.0017642535,0.0,0.0,0.0,0.0,0.009465825,-0.10885771,-0.15619947,-1.6748254,0.0,0.0,0.0,0.0,0.0,0.0,0.0,0.0,0.29686287,0.13651976,0.0,0.0,0.0,0.0,0.0,0.0,0.0,0.0,0.0,0.0,0.0,0.0,0.0,0.0,0.0,0.0,0.0,-1.5415614,-0.15540066,-0.20186183,-5.264564,0.0,0.0,0.0,0.0,0.0,0.0,0.0,0.0
1.7505748,0.0,0.007221514,0.0,0.0,-0.01826588,0.0,0.0,0.0,0.0,0.0,0.0,0.0,0.0,0.0,0.0,-0.2165885,0.0038599444,-0.117360875,0.001491507,0.0,0.0,0.0,0.0,0.0,0.0,0.0,0.0,-0.024085382,0.0,0.005423653,0.0,0.0,0.0,0.0,0.028020248,0.009567602,0.23362368,1.7269845,0.0,0.0,0.0,0.0,0.0,0.0,0.0,0.0,-0.26020104,-0.048740946,0.0,0.0,0.0,0.0,0.0,0.0,0.0,0.0,0.0,0.0,0.0,0.0,0.0,0.0,0.0,0.0,0.0,1.3057003,-0.15540066,-0.07689339,9.868058,0.0,0.0,0.0,0.0,0.0,0.0,0.0,0.0
1.7505748,0.0,0.007221514,0.0,0.0,-0.07818855,0.0,0.0,0.0,0.0,0.0,0.0,0.0,0.0,0.0,0.0,0.23856746,0.0038599444,0.14738955,0.001491507,0.0,0.0,0.0,0.0,0.0,0.0,0.0,0.0,0.06467286,0.0,0.005423653,0.0,0.0,0.0,0.0,0.028020248,0.009567602,-0.18978627,-0.9718683,0.0,0.0,0.0,0.0,0.0,0.0,0.0,0.0,-0.26020104,-0.048740946,0.0,0.0,0.0,0.0,0.0,0.0,0.0,0.0,0.0,0.0,0.0,0.0,0.0,0.0,0.0,0.0,0.0,1.5063707,0.118511975,0.49909496,9.784328,0.0,0.0,0.0,0.0,0.0,0.0,0.0,0.0
-4.5061283,0.0,0.0014946812,0.0,0.0,-0.023257487,0.0,0.0,0.0,0.0,0.0,0.0,0.0,0.0,0.0,0.0,0.11801937,-0.10930079,-0.117360875,0.00032037217,0.0,0.0,0.0,0.0,0.0,0.0,0.0,0.0,-0.031050395,0.0,0.0011707973,0.0,0.0,0.0,0.0,-0.018336069,0.003149665,-0.45053715,-1.6748254,0.0,0.0,0.0,0.0,0.0,0.0,0.0,0.0,0.29686287,-0.1384481,0.0,0.0,0.0,0.0,0.0,0.0,0.0,0.0,0.0,0.0,0.0,0.0,0.0,0.0,0.0,0.0,0.0,-1.6229231,-0.15540066,-0.20186183,-4.7698293,0.0,0.0,0.0,0.0,0.0,0.0,0.0,0.0
-3.5303988,0.0,-1.6271869,0.0,0.0,-0.023257487,0.0,0.0,0.0,0.0,0.0,0.0,0.0,0.0,0.0,0.0,0.105810985,-0.10930079,-0.117360875,-0.12285965,0.0,0.0,0.0,0.0,0.0,0.0,0.0,0.0,-0.031050395,0.0,0.0011707973,0.0,0.0,0.0,0.0,0.0060807792,-0.10885771,-0.45053715,-1.6748254,0.0,0.0,0.0,0.0,0.0,0.0,0.0,0.0,0.29686287,0.13651976,0.0,0.0,0.0,0.0,0.0,0.0,0.0,0.0,0.0,0.0,0.0,0.0,0.0,0.0,0.0,0.0,0.0,-1.5415614,-0.15540066,-0.20186183,-3.8938994,0.0,0.0,0.0,0.0,0.0,0.0,0.0,0.0
-4.518337,0.0,0.0014946812,0.0,0.0,-0.023257487,0.0,0.0,0.0,0.0,0.0,0.0,0.0,0.0,0.0,0.0,0.105810985,-0.089379326,0.14738955,0.00032037217,0.0,0.0,0.0,0.0,0.0,0.0,0.0,0.0,-0.031050395,0.0,-0.11993132,0.0,0.0,0.0,0.0,0.0060807792,0.003149665,-0.40990752,-1.6748254,0.0,0.0,0.0,0.0,0.0,0.0,0.0,0.0,-0.26020104,-0.1384481,0.0,0.0,0.0,0.0,0.0,0.0,0.0,0.0,0.0,0.0,0.0,0.0,0.0,0.0,0.0,0.0,0.0,-1.6229231,0.118511975,-0.20186183,-4.709278,0.0,0.0,0.0,0.0,0.0,0.0,0.0,0.0
-3.6424062,0.0,-1.6271869,0.0,0.0,-0.023257487,0.0,0.0,0.0,0.0,0.0,0.0,0.0,0.0,0.0,0.0,0.105810985,-0.089379326,0.14738955,-0.12285965,0.0,0.0,0.0,0.0,0.0,0.0,0.0,0.0,0.018172232,0.0,-0.11993132,0.0,0.0,0.0,0.0,0.0060807792,0.003149665,-0.3905421,-1.6748254,0.0,0.0,0.0,0.0,0.0,0.0,0.0,0.0,-0.26020104,-0.1384481,0.0,0.0,0.0,0.0,0.0,0.0,0.0,0.0,0.0,0.0,0.0,0.0,0.0,0.0,0.0,0.0,0.0,-1.6229231,0.118511975,-0.20186183,-3.901936,0.0,0.0,0.0,0.0,0.0,0.0,0.0,0.0
-4.883086,0.0,0.0014946812,0.0,0.0,-0.023257487,0.0,0.0,0.0,0.0,0.0,0.0,0.0,0.0,0.0,0.0,0.22088169,0.0010259486,0.14738955,0.00032037217,0.0,0.0,0.0,0.0,0.0,0.0,0.0,0.0,-0.031050395,0.0,-0.11358853,0.0,0.0,0.0,0.0,-0.028543388,0.003149665,-0.090239614,-1.316435,0.0,0.0,0.0,0.0,0.0,0.0,0.0,0.0,0.29686287,-0.1384481,0.0,0.0,0.0,0.0,0.0,0.0,0.0,0.0,0.0,0.0,0.0,0.0,0.0,0.0,0.0,0.0,0.0,-1.6229231,-0.15540066,-0.20186183,-5.199783,0.0,0.0,0.0,0.0,0.0,0.0,0.0,0.0
-4.883086,0.0,0.0014946812,0.0,0.0,-0.023257487,0.0,0.0,0.0,0.0,0.0,0.0,0.0,0.0,0.0,0.0,0.22088169,0.0012546185,-0.117360875,0.00032037217,0.0,0.0,0.0,0.0,0.0,0.0,0.0,0.0,-0.031050395,0.0,0.0017642535,0.0,0.0,0.0,0.0,-0.028543388,0.003149665,-0.15619947,-1.316435,0.0,0.0,0.0,0.0,0.0,0.0,0.0,0.0,0.29686287,-0.1384481,0.0,0.0,0.0,0.0,0.0,0.0,0.0,0.0,0.0,0.0,0.0,0.0,0.0,0.0,0.0,0.0,0.0,-1.6229231,-0.15540066,-0.20186183,-5.315678,0.0,0.0,0.0,0.0,0.0,0.0,0.0,0.0
-4.922479,0.0,0.0014946812,0.0,0.0,-0.023257487,0.0,0.0,0.0,0.0,0.0,0.0,0.0,0.0,0.0,0.0,0.22226559,0.0012546185,0.14738955,0.00032037217,0.0,0.0,0.0,0.0,0.0,0.0,0.0,0.0,-0.031050395,0.0,0.0017642535,0.0,0.0,0.0,0.0,0.009465825,0.003149665,-0.15619947,-1.316435,0.0,0.0,0.0,0.0,0.0,0.0,0.0,0.0,0.29686287,0.13651976,0.0,0.0,0.0,0.0,0.0,0.0,0.0,0.0,0.0,0.0,0.0,0.0,0.0,0.0,0.0,0.0,0.0,-1.5415614,-0.15540066,-0.20186183,-5.315678,0.0,0.0,0.0,0.0,0.0,0.0,0.0,0.0
1.7505748,0.0,0.007221514,0.0,0.0,-0.01826588,0.0,0.0,0.0,0.0,0.0,0.0,0.0,0.0,0.0,0.0,-0.2165885,0.0038599444,-0.117360875,0.001491507,0.0,0.0,0.0,0.0,0.0,0.0,0.0,0.0,-0.024085382,0.0,0.005423653,0.0,0.0,0.0,0.0,0.028020248,0.009567602,0.23362368,1.5555501,0.0,0.0,0.0,0.0,0.0,0.0,0.0,0.0,-0.26020104,-0.048740946,0.0,0.0,0.0,0.0,0.0,0.0,0.0,0.0,0.0,0.0,0.0,0.0,0.0,0.0,0.0,0.0,0.0,1.3985182,-0.15540066,-0.07689339,9.868058,0.0,0.0,0.0,0.0,0.0,0.0,0.0,0.0
-4.5061283,0.0,0.0014946812,0.0,0.0,-0.023257487,0.0,0.0,0.0,0.0,0.0,0.0,0.0,0.0,0.0,0.0,0.11801937,0.0012546185,0.14738955,0.00032037217,0.0,0.0,0.0,0.0,0.0,0.0,0.0,0.0,-0.031050395,0.0,0.0013591386,0.0,0.0,0.0,0.0,-0.018336069,0.003149665,-0.45053715,-1.6748254,0.0,0.0,0.0,0.0,0.0,0.0,0.0,0.0,0.29686287,-0.1384481,0.0,0.0,0.0,0.0,0.0,0.0,0.0,0.0,0.0,0.0,0.0,0.0,0.0,0.0,0.0,0.0,0.0,-1.6229231,-0.15540066,-0.20186183,-4.8805733,0.0,0.0,0.0,0.0,0.0,0.0,0.0,0.0
-3.6424062,0.0,-1.6271869,0.0,0.0,0.02172687,0.0,0.0,0.0,0.0,0.0,0.0,0.0,0.0,0.0,0.0,0.105810985,-0.10930079,0.14738955,-0.12285965,0.0,0.0,0.0,0.0,0.0,0.0,0.0,0.0,-0.031050395,0.0,0.0011707973,0.0,0.0,0.0,0.0,0.0060807792,0.003149665,-0.43399256,-1.6748254,0.0,0.0,0.0,0.0,0.0,0.0,0.0,0.0,-0.26020104,-0.1384481,0.0,0.0,0.0,0.0,0.0,0.0,0.0,0.0,0.0,0.0,0.0,0.0,0.0,0.0,0.0,0.0,0.0,-1.6229231,0.118511975,-0.20186183,-3.9554281,0.0,0.0,0.0,0.0,0.0,0.0,0.0,0.0
-3.6424062,0.0,-1.6271869,0.0,0.0,-0.023257487,0.0,0.0,0.0,0.0,0.0,0.0,0.0,0.0,0.0,0.0,0.105810985,-0.089379326,0.14738955,-0.12285965,0.0,0.0,0.0,0.0,0.0,0.0,0.0,0.0,0.018172232,0.0,-0.11993132,0.0,0.0,0.0,0.0,0.0060807792,0.003149665,-0.3905421,-1.6748254,0.0,0.0,0.0,0.0,0.0,0.0,0.0,0.0,-0.26020104,-0.1384481,0.0,0.0,0.0,0.0,0.0,0.0,0.0,0.0,0.0,0.0,0.0,0.0,0.0,0.0,0.0,0.0,0.0,-1.6229231,0.118511975,-0.20186183,-3.901936,0.0,0.0,0.0,0.0,0.0,0.0,0.0,0.0
1.7505748,0.0,0.007221514,0.0,0.0,-0.01826588,0.0,0.0,0.0,0.0,0.0,0.0,0.0,0.0,0.0,0.0,-0.2165885,0.0038599444,-0.117360875,0.001491507,0.0,0.0,0.0,0.0,0.0,0.0,0.0,0.0,-0.024085382,0.0,0.005423653,0.0,0.0,0.0,0.0,0.028020248,0.009567602,0.23362368,1.7269845,0.0,0.0,0.0,0.0,0.0,0.0,0.0,0.0,-0.26020104,-0.048740946,0.0,0.0,0.0,0.0,0.0,0.0,0.0,0.0,0.0,0.0,0.0,0.0,0.0,0.0,0.0,0.0,0.0,1.3057003,-0.15540066,-0.07689339,9.868058,0.0,0.0,0.0,0.0,0.0,0.0,0.0,0.0
-4.922479,0.0,0.0014946812,0.0,0.0,-0.023257487,0.0,0.0,0.0,0.0,0.0,0.0,0.0,0.0,0.0,0.0,0.22226559,0.0012546185,0.14738955,0.00032037217,0.0,0.0,0.0,0.0,0.0,0.0,0.0,0.0,-0.031050395,0.0,0.0017642535,0.0,0.0,0.0,0.0,0.009465825,0.003149665,-0.08992548,-1.316435,0.0,0.0,0.0,0.0,0.0,0.0,0.0,0.0,-0.26020104,-0.1384481,0.0,0.0,0.0,0.0,0.0,0.0,0.0,0.0,0.0,0.0,0.0,0.0,0.0,0.0,0.0,0.0,0.0,-1.6229231,-0.15540066,-0.20186183,-5.315678,0.0,0.0,0.0,0.0,0.0,0.0,0.0,0.0
-4.883086,0.0,0.0014946812,0.0,0.0,-0.023257487,0.0,0.0,0.0,0.0,0.0,0.0,0.0,0.0,0.0,0.0,0.22088169,0.0012546185,-0.117360875,0.00032037217,0.0,0.0,0.0,0.0,0.0,0.0,0.0,0.0,-0.031050395,0.0,0.0017642535,0.0,0.0,0.0,0.0,-0.028543388,0.003149665,-0.15619947,-1.316435,0.0,0.0,0.0,0.0,0.0,0.0,0.0,0.0,0.29686287,0.13651976,0.0,0.0,0.0,0.0,0.0,0.0,0.0,0.0,0.0,0.0,0.0,0.0,0.0,0.0,0.0,0.0,0.0,-1.5415614,0.118511975,-0.20186183,-5.315678,0.0,0.0,0.0,0.0,0.0,0.0,0.0,0.0
-4.883086,0.0,0.0014946812,0.0,0.0,-0.023257487,0.0,0.0,0.0,0.0,0.0,0.0,0.0,0.0,0.0,0.0,0.22088169,0.0012546185,-0.117360875,0.00032037217,0.0,0.0,0.0,0.0,0.0,0.0,0.0,0.0,-0.031050395,0.0,0.0017642535,0.0,0.0,0.0,0.0,-0.028543388,0.003149665,-0.15619947,-1.316435,0.0,0.0,0.0,0.0,0.0,0.0,0.0,0.0,0.29686287,-0.1384481,0.0,0.0,0.0,0.0,0.0,0.0,0.0,0.0,0.0,0.0,0.0,0.0,0.0,0.0,0.0,0.0,0.0,-1.6229231,-0.15540066,-0.20186183,-5.315678,0.0,0.0,0.0,0.0,0.0,0.0,0.0,0.0
1.7505748,0.0,0.007221514,0.0,0.0,-0.01826588,0.0,0.0,0.0,0.0,0.0,0.0,0.0,0.0,0.0,0.0,-0.2165885,0.0038599444,-0.117360875,0.001491507,0.0,0.0,0.0,0.0,0.0,0.0,0.0,0.0,-0.024085382,0.0,0.005423653,0.0,0.0,0.0,0.0,0.028020248,0.009567602,0.23362368,1.7269845,0.0,0.0,0.0,0.0,0.0,0.0,0.0,0.0,-0.26020104,-0.048740946,0.0,0.0,0.0,0.0,0.0,0.0,0.0,0.0,0.0,0.0,0.0,0.0,0.0,0.0,0.0,0.0,0.0,1.3057003,-0.15540066,-0.07689339,9.868058,0.0,0.0,0.0,0.0,0.0,0.0,0.0,0.0
-3.7039962,0.0,-1.6271869,0.0,0.0,-0.023257487,0.0,0.0,0.0,0.0,0.0,0.0,0.0,0.0,0.0,0.0,0.105810985,-0.089379326,0.14738955,0.00032037217,0.0,0.0,0.0,0.0,0.0,0.0,0.0,0.0,-0.031050395,0.0,-0.11993132,0.0,0.0,0.0,0.0,0.0060807792,0.003149665,-0.40990752,-1.6748254,0.0,0.0,0.0,0.0,0.0,0.0,0.0,0.0,-0.26020104,-0.1384481,0.0,0.0,0.0,0.0,0.0,0.0,0.0,0.0,0.0,0.0,0.0,0.0,0.0,0.0,0.0,0.0,0.0,-1.6229231,0.118511975,-0.20186183,-3.894938,0.0,0.0,0.0,0.0,0.0,0.0,0.0,0.0
1.7505748,0.0,0.007221514,0.0,0.0,-0.07818855,0.0,0.0,0.0,0.0,0.0,0.0,0.0,0.0,0.0,0.0,0.23856746,0.0038599444,0.14738955,0.001491507,0.0,0.0,0.0,0.0,0.0,0.0,0.0,0.0,0.06467286,0.0,0.005423653,0.0,0.0,0.0,0.0,0.028020248,0.009567602,-0.18978627,-0.9718683,0.0,0.0,0.0,0.0,0.0,0.0,0.0,0.0,-0.26020104,-0.048740946,0.0,0.0,0.0,0.0,0.0,0.0,0.0,0.0,0.0,0.0,0.0,0.0,0.0,0.0,0.0,0.0,0.0,1.5063707,0.118511975,0.49909496,9.784328,0.0,0.0,0.0,0.0,0.0,0.0,0.0,0.0
-4.883086,0.0,0.0014946812,0.0,0.0,-0.023257487,0.0,0.0,0.0,0.0,0.0,0.0,0.0,0.0,0.0,0.0,0.22088169,0.0012546185,-0.117360875,0.00032037217,0.0,0.0,0.0,0.0,0.0,0.0,0.0,0.0,-0.031050395,0.0,0.0017642535,0.0,0.0,0.0,0.0,-0.028543388,0.003149665,-0.08992548,-1.316435,0.0,0.0,0.0,0.0,0.0,0.0,0.0,0.0,0.29686287,-0.1384481,0.0,0.0,0.0,0.0,0.0,0.0,0.0,0.0,0.0,0.0,0.0,0.0,0.0,0.0,0.0,0.0,0.0,-1.6229231,-0.15540066,-0.20186183,-5.315678,0.0,0.0,0.0,0.0,0.0,0.0,0.0,0.0
1.6226876,0.0,0.007221514,0.0,0.0,-0.01826588,0.0,0.0,0.0,0.0,0.0,0.0,0.0,0.0,0.0,0.0,-0.2232073,0.0038599444,-0.117360875,0.001491507,0.0,0.0,0.0,0.0,0.0,0.0,0.0,0.0,-0.024085382,0.0,0.005423653,0.0,0.0,0.0,0.0,-0.08449265,0.009567602,0.23362368,1.9590354,0.0,0.0,0.0,0.0,0.0,0.0,0.0,0.0,0.29686287,0.13651976,0.0,0.0,0.0,0.0,0.0,0.0,0.0,0.0,0.0,0.0,0.0,0.0,0.0,0.0,0.0,0.0,0.0,-1.5177667,0.118511975,-0.07689339,9.868058,0.0,0.0,0.0,0.0,0.0,0.0,0.0,0.0
-3.5303988,0.0,-1.6271869,0.0,0.0,-0.023257487,0.0,0.0,0.0,0.0,0.0,0.0,0.0,0.0,0.0,0.0,0.105810985,-0.10930079,-0.117360875,-0.12285965,0.0,0.0,0.0,0.0,0.0,0.0,0.0,0.0,-0.031050395,0.0,0.0011707973,0.0,0.0,0.0,0.0,0.0060807792,-0.10885771,-0.45053715,-1.6748254,0.0,0.0,0.0,0.0,0.0,0.0,0.0,0.0,0.29686287,0.13651976,0.0,0.0,0.0,0.0,0.0,0.0,0.0,0.0,0.0,0.0,0.0,0.0,0.0,0.0,0.0,0.0,0.0,-1.5415614,-0.15540066,-0.20186183,-3.8938994,0.0,0.0,0.0,0.0,0.0,0.0,0.0,0.0
-3.6424062,0.0,-1.6271869,0.0,0.0,-0.023257487,0.0,0.0,0.0,0.0,0.0,0.0,0.0,0.0,0.0,0.0,0.105810985,-0.089379326,0.14738955,-0.12285965,0.0,0.0,0.0,0.0,0.0,0.0,0.0,0.0,0.018172232,0.0,-0.11993132,0.0,0.0,0.0,0.0,0.0060807792,0.003149665,-0.3905421,-1.6748254,0.0,0.0,0.0,0.0,0.0,0.0,0.0,0.0,-0.26020104,-0.1384481,0.0,0.0,0.0,0.0,0.0,0.0,0.0,0.0,0.0,0.0,0.0,0.0,0.0,0.0,0.0,0.0,0.0,-1.6229231,0.118511975,-0.20186183,-3.901936,0.0,0.0,0.0,0.0,0.0,0.0,0.0,0.0
-4.5031953,0.0,0.0014946812,0.0,0.0,-0.009802495,0.0,0.0,0.0,0.0,0.0,0.0,0.0,0.0,0.0,0.0,0.22226559,0.0012546185,-0.117360875,0.00032037217,0.0,0.0,0.0,0.0,0.0,0.0,0.0,0.0,-0.012556249,0.0,0.0017642535,0.0,0.0,0.0,0.0,0.009465825,-0.10885771,-0.5520526,-1.6748254,0.0,0.0,0.0,0.0,0.0,0.0,0.0,0.0,0.29686287,-0.1384481,0.0,0.0,0.0,0.0,0.0,0.0,0.0,0.0,0.0,0.0,0.0,0.0,0.0,0.0,0.0,0.0,0.0,-1.6229231,-0.15540066,-0.20186183,-5.445202,0.0,0.0,0.0,0.0,0.0,0.0,0.0,0.0
-4.883086,0.0,0.0014946812,0.0,0.0,-0.023257487,0.0,0.0,0.0,0.0,0.0,0.0,0.0,0.0,0.0,0.0,0.22088169,0.0012546185,-0.117360875,0.00032037217,0.0,0.0,0.0,0.0,0.0,0.0,0.0,0.0,-0.031050395,0.0,0.0017642535,0.0,0.0,0.0,0.0,-0.028543388,0.003149665,-0.15095578,-1.316435,0.0,0.0,0.0,0.0,0.0,0.0,0.0,0.0,0.29686287,-0.1384481,0.0,0.0,0.0,0.0,0.0,0.0,0.0,0.0,0.0,0.0,0.0,0.0,0.0,0.0,0.0,0.0,0.0,-1.6229231,-0.15540066,-0.20186183,-5.2546477,0.0,0.0,0.0,0.0,0.0,0.0,0.0,0.0
-4.5031953,0.0,0.0014946812,0.0,0.0,-0.023257487,0.0,0.0,0.0,0.0,0.0,0.0,0.0,0.0,0.0,0.0,0.22226559,0.0012546185,-0.117360875,0.00032037217,0.0,0.0,0.0,0.0,0.0,0.0,0.0,0.0,-0.031050395,0.0,0.0017642535,0.0,0.0,0.0,0.0,0.009465825,-0.10885771,-0.15619947,-1.6748254,0.0,0.0,0.0,0.0,0.0,0.0,0.0,0.0,0.29686287,0.13651976,0.0,0.0,0.0,0.0,0.0,0.0,0.0,0.0,0.0,0.0,0.0,0.0,0.0,0.0,0.0,0.0,0.0,-1.5415614,-0.15540066,-0.20186183,-5.264564,0.0,0.0,0.0,0.0,0.0,0.0,0.0,0.0
-4.518337,0.0,0.0014946812,0.0,0.0,-0.023257487,0.0,0.0,0.0,0.0,0.0,0.0,0.0,0.0,0.0,0.0,0.105810985,-0.089379326,0.14738955,0.00032037217,0.0,0.0,0.0,0.0,0.0,0.0,0.0,0.0,0.018172232,0.0,-0.11993132,0.0,0.0,0.0,0.0,0.0060807792,0.003149665,-0.3905421,-1.6748254,0.0,0.0,0.0,0.0,0.0,0.0,0.0,0.0,-0.26020104,-0.1384481,0.0,0.0,0.0,0.0,0.0,0.0,0.0,0.0,0.0,0.0,0.0,0.0,0.0,0.0,0.0,0.0,0.0,-1.6229231,-0.15540066,-0.20186183,-4.7778664,0.0,0.0,0.0,0.0,0.0,0.0,0.0,0.0
-4.3447394,0.0,0.0014946812,0.0,0.0,-0.023257487,0.0,0.0,0.0,0.0,0.0,0.0,0.0,0.0,0.0,0.0,0.105810985,-0.10930079,-0.117360875,-0.12285965,0.0,0.0,0.0,0.0,0.0,0.0,0.0,0.0,-0.031050395,0.0,0.0011707973,0.0,0.0,0.0,0.0,0.0060807792,-0.10885771,-0.45053715,-1.6748254,0.0,0.0,0.0,0.0,0.0,0.0,0.0,0.0,0.29686287,0.13651976,0.0,0.0,0.0,0.0,0.0,0.0,0.0,0.0,0.0,0.0,0.0,0.0,0.0,0.0,0.0,0.0,0.0,-1.5415614,-0.15540066,-0.20186183,-4.7082396,0.0,0.0,0.0,0.0,0.0,0.0,0.0,0.0
-3.6424062,0.0,-1.6271869,0.0,0.0,-0.023257487,0.0,0.0,0.0,0.0,0.0,0.0,0.0,0.0,0.0,0.0,0.105810985,-0.089379326,0.14738955,-0.12285965,0.0,0.0,0.0,0.0,0.0,0.0,0.0,0.0,0.018172232,0.0,-0.11993132,0.0,0.0,0.0,0.0,0.0060807792,0.003149665,-0.3905421,-1.6748254,0.0,0.0,0.0,0.0,0.0,0.0,0.0,0.0,-0.26020104,-0.1384481,0.0,0.0,0.0,0.0,0.0,0.0,0.0,0.0,0.0,0.0,0.0,0.0,0.0,0.0,0.0,0.0,0.0,-1.6229231,0.118511975,-0.20186183,-3.901936,0.0,0.0,0.0,0.0,0.0,0.0,0.0,0.0
1.7505748,0.0,0.007221514,0.0,0.0,-0.01826588,0.0,0.0,0.0,0.0,0.0,0.0,0.0,0.0,0.0,0.0,-0.2165885,0.0038599444,-0.117360875,0.001491507,0.0,0.0,0.0,0.0,0.0,0.0,0.0,0.0,-0.024085382,0.0,0.005423653,0.0,0.0,0.0,0.0,0.028020248,0.009567602,0.23362368,1.7269845,0.0,0.0,0.0,0.0,0.0,0.0,0.0,0.0,-0.26020104,-0.048740946,0.0,0.0,0.0,0.0,0.0,0.0,0.0,0.0,0.0,0.0,0.0,0.0,0.0,0.0,0.0,0.0,0.0,1.3057003,-0.15540066,-0.07689339,9.868058,0.0,0.0,0.0,0.0,0.0,0.0,0.0,0.0
-3.6424062,0.0,-1.6271869,0.0,0.0,-0.023257487,0.0,0.0,0.0,0.0,0.0,0.0,0.0,0.0,0.0,0.0,0.105810985,-0.10930079,0.14738955,-0.12285965,0.0,0.0,0.0,0.0,0.0,0.0,0.0,0.0,0.018172232,0.0,0.0011707973,0.0,0.0,0.0,0.0,0.0060807792,0.003149665,-0.43117172,-1.6748254,0.0,0.0,0.0,0.0,0.0,0.0,0.0,0.0,-0.26020104,-0.1384481,0.0,0.0,0.0,0.0,0.0,0.0,0.0,0.0,0.0,0.0,0.0,0.0,0.0,0.0,0.0,0.0,0.0,-1.6229231,-0.15540066,-0.20186183,-3.9624875,0.0,0.0,0.0,0.0,0.0,0.0,0.0,0.0
-4.518337,0.0,0.0014946812,0.0,0.0,-0.023257487,0.0,0.0,0.0,0.0,0.0,0.0,0.0,0.0,0.0,0.0,0.105810985,0.0010259486,0.14738955,0.00032037217,0.0,0.0,0.0,0.0,0.0,0.0,0.0,0.0,-0.031050395,0.0,-0.13989311,0.0,0.0,0.0,0.0,0.0060807792,0.003149665,-0.40990752,-1.6748254,0.0,0.0,0.0,0.0,0.0,0.0,0.0,0.0,-0.26020104,-0.1384481,0.0,0.0,0.0,0.0,0.0,0.0,0.0,0.0,0.0,0.0,0.0,0.0,0.0,0.0,0.0,0.0,0.0,-1.6229231,0.118511975,-0.20186183,-4.7797217,0.0,0.0,0.0,0.0,0.0,0.0,0.0,0.0
1.7505748,0.0,0.007221514,0.0,0.0,-0.01826588,0.0,0.0,0.0,0.0,0.0,0.0,0.0,0.0,0.0,0.0,-0.2165885,0.0038599444,-0.117360875,0.001491507,0.0,0.0,0.0,0.0,0.0,0.0,0.0,0.0,-0.024085382,0.0,0.005423653,0.0,0.0,0.0,0.0,0.028020248,0.009567602,0.23362368,1.7269845,0.0,0.0,0.0,0.0,0.0,0.0,0.0,0.0,-0.26020104,-0.048740946,0.0,0.0,0.0,0.0,0.0,0.0,0.0,0.0,0.0,0.0,0.0,0.0,0.0,0.0,0.0,0.0,0.0,1.3057003,-0.15540066,-0.07689339,9.868058,0.0,0.0,0.0,0.0,0.0,0.0,0.0,0.0
-3.7039962,0.0,-1.6271869,0.0,0.0,-0.023257487,0.0,0.0,0.0,0.0,0.0,0.0,0.0,0.0,0.0,0.0,0.105810985,-0.089379326,0.14738955,0.00032037217,0.0,0.0,0.0,0.0,0.0,0.0,0.0,0.0,-0.031050395,0.0,-0.11993132,0.0,0.0,0.0,0.0,0.0060807792,0.003149665,-0.40990752,-1.6748254,0.0,0.0,0.0,0.0,0.0,0.0,0.0,0.0,-0.26020104,-0.1384481,0.0,0.0,0.0,0.0,0.0,0.0,0.0,0.0,0.0,0.0,0.0,0.0,0.0,0.0,0.0,0.0,0.0,-1.6229231,0.118511975,-0.20186183,-3.894938,0.0,0.0,0.0,0.0,0.0,0.0,0.0,0.0
1.6830726,0.0,0.007221514,0.0,0.0,0.07304284,0.0,0.0,0.0,0.0,0.0,0.0,0.0,0.0,0.0,0.0,-0.18444064,0.0038599444,0.14738955,0.001491507,0.0,0.0,0.0,0.0,0.0,0.0,0.0,0.0,0.06467286,0.0,0.005423653,0.0,0.0,0.0,0.0,0.011831022,0.009567602,-0.5357874,-0.9718683,0.0,0.0,0.0,0.0,0.0,0.0,0.0,0.0,-0.26020104,-0.048740946,0.0,0.0,0.0,0.0,0.0,0.0,0.0,0.0,0.0,0.0,0.0,0.0,0.0,0.0,0.0,0.0,0.0,1.5063707,0.118511975,0.49909496,9.615137,0.0,0.0,0.0,0.0,0.0,0.0,0.0,0.0
-4.5061283,0.0,0.0014946812,0.0,0.0,-0.023257487,0.0,0.0,0.0,0.0,0.0,0.0,0.0,0.0,0.0,0.0,0.11801937,-0.10930079,0.14738955,0.00032037217,0.0,0.0,0.0,0.0,0.0,0.0,0.0,0.0,-0.031050395,0.0,0.0011707973,0.0,0.0,0.0,0.0,-0.018336069,0.003149665,-0.45053715,-1.6748254,0.0,0.0,0.0,0.0,0.0,0.0,0.0,0.0,0.29686287,-0.1384481,0.0,0.0,0.0,0.0,0.0,0.0,0.0,0.0,0.0,0.0,0.0,0.0,0.0,0.0,0.0,0.0,0.0,-1.6229231,-0.15540066,-0.20186183,-4.7698293,0.0,0.0,0.0,0.0,0.0,0.0,0.0,0.0
-4.883086,0.0,0.0014946812,0.0,0.0,-0.023257487,0.0,0.0,0.0,0.0,0.0,0.0,0.0,0.0,0.0,0.0,0.22088169,0.0012546185,-0.117360875,0.00032037217,0.0,0.0,0.0,0.0,0.0,0.0,0.0,0.0,-0.031050395,0.0,0.0017642535,0.0,0.0,0.0,0.0,-0.028543388,0.003149665,-0.15619947,-1.316435,0.0,0.0,0.0,0.0,0.0,0.0,0.0,0.0,0.29686287,-0.1384481,0.0,0.0,0.0,0.0,0.0,0.0,0.0,0.0,0.0,0.0,0.0,0.0,0.0,0.0,0.0,0.0,0.0,-1.6229231,-0.15540066,-0.20186183,-5.315678,0.0,0.0,0.0,0.0,0.0,0.0,0.0,0.0
1.7505748,0.0,0.007221514,0.0,0.0,0.07304284,0.0,0.0,0.0,0.0,0.0,0.0,0.0,0.0,0.0,0.0,0.23856746,0.0038599444,0.14738955,0.001491507,0.0,0.0,0.0,0.0,0.0,0.0,0.0,0.0,0.06467286,0.0,0.005423653,0.0,0.0,0.0,0.0,0.028020248,0.009567602,-0.29705435,-0.9718683,0.0,0.0,0.0,0.0,0.0,0.0,0.0,0.0,-0.26020104,-0.048740946,0.0,0.0,0.0,0.0,0.0,0.0,0.0,0.0,0.0,0.0,0.0,0.0,0.0,0.0,0.0,0.0,0.0,1.5063707,0.118511975,0.49909496,9.770157,0.0,0.0,0.0,0.0,0.0,0.0,0.0,0.0
-4.5031953,0.0,0.0014946812,0.0,0.0,-0.023257487,0.0,0.0,0.0,0.0,0.0,0.0,0.0,0.0,0.0,0.0,0.22226559,0.0012546185,-0.117360875,0.00032037217,0.0,0.0,0.0,0.0,0.0,0.0,0.0,0.0,-0.031050395,0.0,0.0017642535,0.0,0.0,0.0,0.0,0.009465825,-0.10885771,-0.15619947,-1.6748254,0.0,0.0,0.0,0.0,0.0,0.0,0.0,0.0,0.29686287,0.13651976,0.0,0.0,0.0,0.0,0.0,0.0,0.0,0.0,0.0,0.0,0.0,0.0,0.0,0.0,0.0,0.0,0.0,-1.5415614,-0.15540066,-0.20186183,-5.264564,0.0,0.0,0.0,0.0,0.0,0.0,0.0,0.0
1.7505748,0.0,0.007221514,0.0,0.0,0.07304284,0.0,0.0,0.0,0.0,0.0,0.0,0.0,0.0,0.0,0.0,0.23856746,0.0038599444,0.14738955,0.001491507,0.0,0.0,0.0,0.0,0.0,0.0,0.0,0.0,0.06467286,0.0,0.005423653,0.0,0.0,0.0,0.0,0.028020248,0.009567602,-0.11610402,-0.9718683,0.0,0.0,0.0,0.0,0.0,0.0,0.0,0.0,-0.26020104,-0.048740946,0.0,0.0,0.0,0.0,0.0,0.0,0.0,0.0,0.0,0.0,0.0,0.0,0.0,0.0,0.0,0.0,0.0,1.5063707,0.118511975,0.49909496,9.829046,0.0,0.0,0.0,0.0,0.0,0.0,0.0,0.0
-3.6424062,0.0,-1.6271869,0.0,0.0,-0.023257487,0.0,0.0,0.0,0.0,0.0,0.0,0.0,0.0,0.0,0.0,0.105810985,-0.089379326,0.14738955,-0.12285965,0.0,0.0,0.0,0.0,0.0,0.0,0.0,0.0,0.018172232,0.0,-0.11993132,0.0,0.0,0.0,0.0,0.0060807792,0.003149665,-0.3905421,-1.6748254,0.0,0.0,0.0,0.0,0.0,0.0,0.0,0.0,-0.26020104,-0.1384481,0.0,0.0,0.0,0.0,0.0,0.0,0.0,0.0,0.0,0.0,0.0,0.0,0.0,0.0,0.0,0.0,0.0,-1.6229231,-0.15540066,-0.20186183,-3.901936,0.0,0.0,0.0,0.0,0.0,0.0,0.0,0.0
1.7505748,0.0,0.007221514,0.0,0.0,-0.01826588,0.0,0.0,0.0,0.0,0.0,0.0,0.0,0.0,0.0,0.0,-0.2165885,0.0038599444,-0.117360875,0.001491507,0.0,0.0,0.0,0.0,0.0,0.0,0.0,0.0,-0.024085382,0.0,0.005423653,0.0,0.0,0.0,0.0,0.028020248,0.009567602,0.23362368,1.7269845,0.0,0.0,0.0,0.0,0.0,0.0,0.0,0.0,-0.26020104,-0.048740946,0.0,0.0,0.0,0.0,0.0,0.0,0.0,0.0,0.0,0.0,0.0,0.0,0.0,0.0,0.0,0.0,0.0,1.3057003,-0.15540066,-0.07689339,9.868058,0.0,0.0,0.0,0.0,0.0,0.0,0.0,0.0
1.7505748,0.0,0.007221514,0.0,0.0,-0.01826588,0.0,0.0,0.0,0.0,0.0,0.0,0.0,0.0,0.0,0.0,-0.2165885,0.0038599444,-0.117360875,0.001491507,0.0,0.0,0.0,0.0,0.0,0.0,0.0,0.0,-0.024085382,0.0,0.005423653,0.0,0.0,0.0,0.0,0.028020248,0.009567602,0.23362368,1.7269845,0.0,0.0,0.0,0.0,0.0,0.0,0.0,0.0,-0.26020104,-0.048740946,0.0,0.0,0.0,0.0,0.0,0.0,0.0,0.0,0.0,0.0,0.0,0.0,0.0,0.0,0.0,0.0,0.0,1.3057003,-0.15540066,-0.07689339,9.868058,0.0,0.0,0.0,0.0,0.0,0.0,0.0,0.0
1.7505748,0.0,0.007221514,0.0,0.0,-0.07818855,0.0,0.0,0.0,0.0,0.0,0.0,0.0,0.0,0.0,0.0,0.23856746,0.0038599444,0.14738955,0.001491507,0.0,0.0,0.0,0.0,0.0,0.0,0.0,0.0,-0.11050473,0.0,0.005423653,0.0,0.0,0.0,0.0,0.028020248,0.009567602,-0.280277,-0.9718683,0.0,0.0,0.0,0.0,0.0,0.0,0.0,0.0,-0.26020104,-0.048740946,0.0,0.0,0.0,0.0,0.0,0.0,0.0,0.0,0.0,0.0,0.0,0.0,0.0,0.0,0.0,0.0,0.0,1.5063707,0.118511975,0.49909496,9.726961,0.0,0.0,0.0,0.0,0.0,0.0,0.0,0.0
1.7505748,0.0,0.007221514,0.0,0.0,-0.01826588,0.0,0.0,0.0,0.0,0.0,0.0,0.0,0.0,0.0,0.0,-0.2165885,0.0038599444,-0.117360875,0.001491507,0.0,0.0,0.0,0.0,0.0,0.0,0.0,0.0,-0.024085382,0.0,0.005423653,0.0,0.0,0.0,0.0,0.028020248,0.009567602,0.23362368,1.7269845,0.0,0.0,0.0,0.0,0.0,0.0,0.0,0.0,-0.26020104,-0.048740946,0.0,0.0,0.0,0.0,0.0,0.0,0.0,0.0,0.0,0.0,0.0,0.0,0.0,0.0,0.0,0.0,0.0,1.3057003,-0.15540066,-0.07689339,9.868058,0.0,0.0,0.0,0.0,0.0,0.0,0.0,0.0
1.7505748,0.0,0.007221514,0.0,0.0,-0.01826588,0.0,0.0,0.0,0.0,0.0,0.0,0.0,0.0,0.0,0.0,-0.2165885,0.0038599444,-0.117360875,0.001491507,0.0,0.0,0.0,0.0,0.0,0.0,0.0,0.0,-0.024085382,0.0,0.005423653,0.0,0.0,0.0,0.0,0.028020248,0.009567602,0.23362368,1.7269845,0.0,0.0,0.0,0.0,0.0,0.0,0.0,0.0,-0.26020104,-0.048740946,0.0,0.0,0.0,0.0,0.0,0.0,0.0,0.0,0.0,0.0,0.0,0.0,0.0,0.0,0.0,0.0,0.0,1.3057003,-0.15540066,-0.07689339,9.868058,0.0,0.0,0.0,0.0,0.0,0.0,0.0,0.0
-4.5031953,0.0,0.0014946812,0.0,0.0,-0.023257487,0.0,0.0,0.0,0.0,0.0,0.0,0.0,0.0,0.0,0.0,0.22226559,0.0012546185,-0.117360875,0.00032037217,0.0,0.0,0.0,0.0,0.0,0.0,0.0,0.0,-0.031050395,0.0,0.0017642535,0.0,0.0,0.0,0.0,0.009465825,-0.10885771,-0.15619947,-1.6748254,0.0,0.0,0.0,0.0,0.0,0.0,0.0,0.0,0.29686287,0.13651976,0.0,0.0,0.0,0.0,0.0,0.0,0.0,0.0,0.0,0.0,0.0,0.0,0.0,0.0,0.0,0.0,0.0,-1.5415614,-0.15540066,-0.20186183,-5.264564,0.0,0.0,0.0,0.0,0.0,0.0,0.0,0.0
-4.5031953,0.0,0.0014946812,0.0,0.0,-0.023257487,0.0,0.0,0.0,0.0,0.0,0.0,0.0,0.0,0.0,0.0,0.22226559,0.0012546185,0.14738955,0.00032037217,0.0,0.0,0.0,0.0,0.0,0.0,0.0,0.0,-0.031050395,0.0,0.0017642535,0.0,0.0,0.0,0.0,0.009465825,-0.10885771,-0.15619947,-1.6748254,0.0,0.0,0.0,0.0,0.0,0.0,0.0,0.0,0.29686287,0.13651976,0.0,0.0,0.0,0.0,0.0,0.0,0.0,0.0,0.0,0.0,0.0,0.0,0.0,0.0,0.0,0.0,0.0,-1.5415614,-0.15540066,-0.20186183,-5.264564,0.0,0.0,0.0,0.0,0.0,0.0,0.0,0.0
-4.922479,0.0,0.0014946812,0.0,0.0,-0.023257487,0.0,0.0,0.0,0.0,0.0,0.0,0.0,0.0,0.0,0.0,0.22226559,0.0010259486,0.14738955,0.00032037217,0.0,0.0,0.0,0.0,0.0,0.0,0.0,0.0,-0.031050395,0.0,-0.11358853,0.0,0.0,0.0,0.0,0.009465825,0.003149665,-0.15651359,-1.316435,0.0,0.0,0.0,0.0,0.0,0.0,0.0,0.0,-0.26020104,-0.1384481,0.0,0.0,0.0,0.0,0.0,0.0,0.0,0.0,0.0,0.0,0.0,0.0,0.0,0.0,0.0,0.0,0.0,-1.6229231,-0.15540066,-0.20186183,-5.199783,0.0,0.0,0.0,0.0,0.0,0.0,0.0,0.0
-4.883086,0.0,0.0014946812,0.0,0.0,-0.023257487,0.0,0.0,0.0,0.0,0.0,0.0,0.0,0.0,0.0,0.0,0.22088169,0.0012546185,-0.117360875,0.00032037217,0.0,0.0,0.0,0.0,0.0,0.0,0.0,0.0,-0.031050395,0.0,0.0017642535,0.0,0.0,0.0,0.0,-0.028543388,0.003149665,-0.15619947,-1.316435,0.0,0.0,0.0,0.0,0.0,0.0,0.0,0.0,0.29686287,-0.1384481,0.0,0.0,0.0,0.0,0.0,0.0,0.0,0.0,0.0,0.0,0.0,0.0,0.0,0.0,0.0,0.0,0.0,-1.6229231,-0.15540066,-0.20186183,-5.315678,0.0,0.0,0.0,0.0,0.0,0.0,0.0,0.0
1.7505748,0.0,0.007221514,0.0,0.0,-0.07818855,0.0,0.0,0.0,0.0,0.0,0.0,0.0,0.0,0.0,0.0,0.23856746,0.0038599444,0.14738955,0.001491507,0.0,0.0,0.0,0.0,0.0,0.0,0.0,0.0,0.06467286,0.0,0.005423653,0.0,0.0,0.0,0.0,0.028020248,0.009567602,-0.18978627,-0.9718683,0.0,0.0,0.0,0.0,0.0,0.0,0.0,0.0,-0.26020104,-0.048740946,0.0,0.0,0.0,0.0,0.0,0.0,0.0,0.0,0.0,0.0,0.0,0.0,0.0,0.0,0.0,0.0,0.0,1.5063707,0.118511975,0.49909496,9.784328,0.0,0.0,0.0,0.0,0.0,0.0,0.0,0.0
1.6226876,0.0,0.007221514,0.0,0.0,-0.01826588,0.0,0.0,0.0,0.0,0.0,0.0,0.0,0.0,0.0,0.0,-0.2232073,0.0038599444,-0.117360875,0.001491507,0.0,0.0,0.0,0.0,0.0,0.0,0.0,0.0,-0.024085382,0.0,0.005423653,0.0,0.0,0.0,0.0,-0.08449265,0.009567602,0.23362368,1.9590354,0.0,0.0,0.0,0.0,0.0,0.0,0.0,0.0,0.29686287,0.13651976,0.0,0.0,0.0,0.0,0.0,0.0,0.0,0.0,0.0,0.0,0.0,0.0,0.0,0.0,0.0,0.0,0.0,-1.5177667,0.118511975,-0.07689339,9.868058,0.0,0.0,0.0,0.0,0.0,0.0,0.0,0.0
-4.922479,0.0,0.0014946812,0.0,0.0,-0.023257487,0.0,0.0,0.0,0.0,0.0,0.0,0.0,0.0,0.0,0.0,0.22226559,0.0012546185,0.14738955,0.00032037217,0.0,0.0,0.0,0.0,0.0,0.0,0.0,0.0,-0.031050395,0.0,0.0017642535,0.0,0.0,0.0,0.0,0.009465825,0.003149665,-0.08992548,-1.316435,0.0,0.0,0.0,0.0,0.0,0.0,0.0,0.0,-0.26020104,-0.1384481,0.0,0.0,0.0,0.0,0.0,0.0,0.0,0.0,0.0,0.0,0.0,0.0,0.0,0.0,0.0,0.0,0.0,-1.6229231,-0.15540066,-0.20186183,-5.315678,0.0,0.0,0.0,0.0,0.0,0.0,0.0,0.0
1.6226876,0.0,0.007221514,0.0,0.0,-0.01826588,0.0,0.0,0.0,0.0,0.0,0.0,0.0,0.0,0.0,0.0,-0.2232073,0.0038599444,-0.117360875,0.001491507,0.0,0.0,0.0,0.0,0.0,0.0,0.0,0.0,-0.024085382,0.0,0.005423653,0.0,0.0,0.0,0.0,-0.08449265,0.009567602,0.23362368,1.9590354,0.0,0.0,0.0,0.0,0.0,0.0,0.0,0.0,0.29686287,0.13651976,0.0,0.0,0.0,0.0,0.0,0.0,0.0,0.0,0.0,0.0,0.0,0.0,0.0,0.0,0.0,0.0,0.0,-1.5177667,0.118511975,-0.07689339,9.868058,0.0,0.0,0.0,0.0,0.0,0.0,0.0,0.0
-4.883086,0.0,0.0014946812,0.0,0.0,-0.023257487,0.0,0.0,0.0,0.0,0.0,0.0,0.0,0.0,0.0,0.0,0.22088169,0.0012546185,-0.117360875,0.00032037217,0.0,0.0,0.0,0.0,0.0,0.0,0.0,0.0,-0.031050395,0.0,0.0017642535,0.0,0.0,0.0,0.0,-0.028543388,0.003149665,-0.15619947,-1.316435,0.0,0.0,0.0,0.0,0.0,0.0,0.0,0.0,0.29686287,-0.1384481,0.0,0.0,0.0,0.0,0.0,0.0,0.0,0.0,0.0,0.0,0.0,0.0,0.0,0.0,0.0,0.0,0.0,-1.6229231,-0.15540066,-0.20186183,-5.315678,0.0,0.0,0.0,0.0,0.0,0.0,0.0,0.0
-4.883086,0.0,0.0014946812,0.0,0.0,-0.023257487,0.0,0.0,0.0,0.0,0.0,0.0,0.0,0.0,0.0,0.0,0.22088169,0.0012546185,-0.117360875,0.00032037217,0.0,0.0,0.0,0.0,0.0,0.0,0.0,0.0,-0.031050395,0.0,0.0017642535,0.0,0.0,0.0,0.0,-0.028543388,0.003149665,-0.15619947,-1.316435,0.0,0.0,0.0,0.0,0.0,0.0,0.0,0.0,0.29686287,-0.1384481,0.0,0.0,0.0,0.0,0.0,0.0,0.0,0.0,0.0,0.0,0.0,0.0,0.0,0.0,0.0,0.0,0.0,-1.6229231,-0.15540066,-0.20186183,-5.315678,0.0,0.0,0.0,0.0,0.0,0.0,0.0,0.0
-3.6424062,0.0,-1.6271869,0.0,0.0,-0.023257487,0.0,0.0,0.0,0.0,0.0,0.0,0.0,0.0,0.0,0.0,0.105810985,-0.10930079,0.14738955,-0.12285965,0.0,0.0,0.0,0.0,0.0,0.0,0.0,0.0,-0.031050395,0.0,0.0011707973,0.0,0.0,0.0,0.0,0.0060807792,0.003149665,-0.45053715,-1.6748254,0.0,0.0,0.0,0.0,0.0,0.0,0.0,0.0,-0.26020104,-0.1384481,0.0,0.0,0.0,0.0,0.0,0.0,0.0,0.0,0.0,0.0,0.0,0.0,0.0,0.0,0.0,0.0,0.0,-1.6229231,0.118511975,-0.20186183,-3.8938994,0.0,0.0,0.0,0.0,0.0,0.0,0.0,0.0
-4.5031953,0.0,0.0014946812,0.0,0.0,-0.023257487,0.0,0.0,0.0,0.0,0.0,0.0,0.0,0.0,0.0,0.0,0.22226559,0.0012546185,-0.117360875,0.00032037217,0.0,0.0,0.0,0.0,0.0,0.0,0.0,0.0,-0.031050395,0.0,0.0017642535,0.0,0.0,0.0,0.0,0.009465825,-0.10885771,-0.15619947,-1.6748254,0.0,0.0,0.0,0.0,0.0,0.0,0.0,0.0,0.29686287,0.13651976,0.0,0.0,0.0,0.0,0.0,0.0,0.0,0.0,0.0,0.0,0.0,0.0,0.0,0.0,0.0,0.0,0.0,-1.5415614,-0.15540066,-0.20186183,-5.264564,0.0,0.0,0.0,0.0,0.0,0.0,0.0,0.0
-4.883086,0.0,0.0014946812,0.0,0.0,-0.023257487,0.0,0.0,0.0,0.0,0.0,0.0,0.0,0.0,0.0,0.0,0.22088169,0.0012546185,-0.117360875,0.00032037217,0.0,0.0,0.0,0.0,0.0,0.0,0.0,0.0,-0.031050395,0.0,0.0017642535,0.0,0.0,0.0,0.0,-0.028543388,0.003149665,-0.15619947,-1.316435,0.0,0.0,0.0,0.0,0.0,0.0,0.0,0.0,0.29686287,-0.1384481,0.0,0.0,0.0,0.0,0.0,0.0,0.0,0.0,0.0,0.0,0.0,0.0,0.0,0.0,0.0,0.0,0.0,-1.6229231,-0.15540066,-0.20186183,-5.315678,0.0,0.0,0.0,0.0,0.0,0.0,0.0,0.0
-4.630806,0.0,0.0014946812,0.0,0.0,-0.023257487,0.0,0.0,0.0,0.0,0.0,0.0,0.0,0.0,0.0,0.0,0.22226559,0.0012546185,-0.117360875,0.00032037217,0.0,0.0,0.0,0.0,0.0,0.0,0.0,0.0,-0.031050395,0.0,0.0017642535,0.0,0.0,0.0,0.0,0.009465825,-0.10885771,-0.15619947,-1.5282797,0.0,0.0,0.0,0.0,0.0,0.0,0.0,0.0,0.29686287,0.04806206,0.0,0.0,0.0,0.0,0.0,0.0,0.0,0.0,0.0,0.0,0.0,0.0,0.0,0.0,0.0,0.0,0.0,1.3433123,-0.15540066,-0.20186183,-5.264564,0.0,0.0,0.0,0.0,0.0,0.0,0.0,0.0
1.7505748,0.0,0.007221514,0.0,0.0,0.07304284,0.0,0.0,0.0,0.0,0.0,0.0,0.0,0.0,0.0,0.0,0.23856746,0.0038599444,0.14738955,0.001491507,0.0,0.0,0.0,0.0,0.0,0.0,0.0,0.0,0.06467286,0.0,0.005423653,0.0,0.0,0.0,0.0,0.028020248,0.009567602,-0.11610402,-0.9718683,0.0,0.0,0.0,0.0,0.0,0.0,0.0,0.0,-0.26020104,-0.048740946,0.0,0.0,0.0,0.0,0.0,0.0,0.0,0.0,0.0,0.0,0.0,0.0,0.0,0.0,0.0,0.0,0.0,1.5063707,0.118511975,0.49909496,9.829046,0.0,0.0,0.0,0.0,0.0,0.0,0.0,0.0
1.7505748,0.0,0.007221514,0.0,0.0,-0.07818855,0.0,0.0,0.0,0.0,0.0,0.0,0.0,0.0,0.0,0.0,0.23856746,0.0038599444,0.14738955,0.001491507,0.0,0.0,0.0,0.0,0.0,0.0,0.0,0.0,-0.11050473,0.0,0.005423653,0.0,0.0,0.0,0.0,0.028020248,0.009567602,-0.280277,-0.9718683,0.0,0.0,0.0,0.0,0.0,0.0,0.0,0.0,-0.26020104,-0.048740946,0.0,0.0,0.0,0.0,0.0,0.0,0.0,0.0,0.0,0.0,0.0,0.0,0.0,0.0,0.0,0.0,0.0,1.5063707,0.118511975,0.49909496,9.726961,0.0,0.0,0.0,0.0,0.0,0.0,0.0,0.0
-3.6424062,0.0,-1.6271869,0.0,0.0,-0.023257487,0.0,0.0,0.0,0.0,0.0,0.0,0.0,0.0,0.0,0.0,0.105810985,-0.089379326,0.14738955,-0.12285965,0.0,0.0,0.0,0.0,0.0,0.0,0.0,0.0,-0.031050395,0.0,-0.11993132,0.0,0.0,0.0,0.0,0.0060807792,0.003149665,-0.40990752,-1.6748254,0.0,0.0,0.0,0.0,0.0,0.0,0.0,0.0,-0.26020104,-0.1384481,0.0,0.0,0.0,0.0,0.0,0.0,0.0,0.0,0.0,0.0,0.0,0.0,0.0,0.0,0.0,0.0,0.0,-1.6229231,0.118511975,-0.20186183,-3.833348,0.0,0.0,0.0,0.0,0.0,0.0,0.0,0.0
1.7505748,0.0,0.007221514,0.0,0.0,-0.01826588,0.0,0.0,0.0,0.0,0.0,0.0,0.0,0.0,0.0,0.0,-0.2165885,0.0038599444,-0.117360875,0.001491507,0.0,0.0,0.0,0.0,0.0,0.0,0.0,0.0,-0.024085382,0.0,0.005423653,0.0,0.0,0.0,0.0,0.028020248,0.009567602,0.23362368,1.7269845,0.0,0.0,0.0,0.0,0.0,0.0,0.0,0.0,-0.26020104,-0.048740946,0.0,0.0,0.0,0.0,0.0,0.0,0.0,0.0,0.0,0.0,0.0,0.0,0.0,0.0,0.0,0.0,0.0,1.3057003,-0.15540066,-0.07689339,9.868058,0.0,0.0,0.0,0.0,0.0,0.0,0.0,0.0
1.7505748,0.0,0.007221514,0.0,0.0,0.07304284,0.0,0.0,0.0,0.0,0.0,0.0,0.0,0.0,0.0,0.0,0.23856746,0.0038599444,0.14738955,0.001491507,0.0,0.0,0.0,0.0,0.0,0.0,0.0,0.0,0.06467286,0.0,0.005423653,0.0,0.0,0.0,0.0,0.028020248,0.009567602,-0.11610402,-0.9718683,0.0,0.0,0.0,0.0,0.0,0.0,0.0,0.0,-0.26020104,-0.048740946,0.0,0.0,0.0,0.0,0.0,0.0,0.0,0.0,0.0,0.0,0.0,0.0,0.0,0.0,0.0,0.0,0.0,1.5063707,0.118511975,0.49909496,9.829046,0.0,0.0,0.0,0.0,0.0,0.0,0.0,0.0
-3.6424062,0.0,-1.6271869,0.0,0.0,-0.023257487,0.0,0.0,0.0,0.0,0.0,0.0,0.0,0.0,0.0,0.0,0.105810985,-0.089379326,0.14738955,-0.12285965,0.0,0.0,0.0,0.0,0.0,0.0,0.0,0.0,0.018172232,0.0,-0.11993132,0.0,0.0,0.0,0.0,0.0060807792,0.003149665,-0.3905421,-1.6748254,0.0,0.0,0.0,0.0,0.0,0.0,0.0,0.0,-0.26020104,-0.1384481,0.0,0.0,0.0,0.0,0.0,0.0,0.0,0.0,0.0,0.0,0.0,0.0,0.0,0.0,0.0,0.0,0.0,-1.6229231,0.118511975,-0.20186183,-3.901936,0.0,0.0,0.0,0.0,0.0,0.0,0.0,0.0
-4.883086,0.0,0.0014946812,0.0,0.0,-0.023257487,0.0,0.0,0.0,0.0,0.0,0.0,0.0,0.0,0.0,0.0,0.22088169,0.0012546185,-0.117360875,0.00032037217,0.0,0.0,0.0,0.0,0.0,0.0,0.0,0.0,-0.031050395,0.0,0.0017642535,0.0,0.0,0.0,0.0,-0.028543388,0.003149665,-0.15619947,-1.316435,0.0,0.0,0.0,0.0,0.0,0.0,0.0,0.0,0.29686287,-0.1384481,0.0,0.0,0.0,0.0,0.0,0.0,0.0,0.0,0.0,0.0,0.0,0.0,0.0,0.0,0.0,0.0,0.0,-1.6229231,-0.15540066,-0.20186183,-5.315678,0.0,0.0,0.0,0.0,0.0,0.0,0.0,0.0
1.7505748,0.0,0.007221514,0.0,0.0,-0.07818855,0.0,0.0,0.0,0.0,0.0,0.0,0.0,0.0,0.0,0.0,0.23856746,0.0038599444,0.14738955,0.001491507,0.0,0.0,0.0,0.0,0.0,0.0,0.0,0.0,0.06467286,0.0,0.005423653,0.0,0.0,0.0,0.0,0.028020248,0.009567602,-0.18978627,-0.9718683,0.0,0.0,0.0,0.0,0.0,0.0,0.0,0.0,-0.26020104,-0.048740946,0.0,0.0,0.0,0.0,0.0,0.0,0.0,0.0,0.0,0.0,0.0,0.0,0.0,0.0,0.0,0.0,0.0,1.5063707,0.118511975,0.49909496,9.784328,0.0,0.0,0.0,0.0,0.0,0.0,0.0,0.0
-4.5061283,0.0,0.0014946812,0.0,0.0,-0.023257487,0.0,0.0,0.0,0.0,0.0,0.0,0.0,0.0,0.0,0.0,0.11801937,-0.089379326,0.14738955,0.00032037217,0.0,0.0,0.0,0.0,0.0,0.0,0.0,0.0,-0.031050395,0.0,-0.11993132,0.0,0.0,0.0,0.0,-0.018336069,0.003149665,-0.40990752,-1.6748254,0.0,0.0,0.0,0.0,0.0,0.0,0.0,0.0,0.29686287,-0.1384481,0.0,0.0,0.0,0.0,0.0,0.0,0.0,0.0,0.0,0.0,0.0,0.0,0.0,0.0,0.0,0.0,0.0,-1.6229231,-0.15540066,-0.20186183,-4.709278,0.0,0.0,0.0,0.0,0.0,0.0,0.0,0.0
-3.6424062,0.0,-1.6271869,0.0,0.0,-0.023257487,0.0,0.0,0.0,0.0,0.0,0.0,0.0,0.0,0.0,0.0,0.105810985,-0.089379326,0.14738955,-0.12285965,0.0,0.0,0.0,0.0,0.0,0.0,0.0,0.0,0.018172232,0.0,-0.11993132,0.0,0.0,0.0,0.0,0.0060807792,0.003149665,-0.3905421,-1.6748254,0.0,0.0,0.0,0.0,0.0,0.0,0.0,0.0,-0.26020104,-0.1384481,0.0,0.0,0.0,0.0,0.0,0.0,0.0,0.0,0.0,0.0,0.0,0.0,0.0,0.0,0.0,0.0,0.0,-1.6229231,0.118511975,-0.20186183,-3.901936,0.0,0.0,0.0,0.0,0.0,0.0,0.0,0.0
-4.5031953,0.0,0.0014946812,0.0,0.0,-0.023257487,0.0,0.0,0.0,0.0,0.0,0.0,0.0,0.0,0.0,0.0,0.22226559,0.0012546185,-0.117360875,0.00032037217,0.0,0.0,0.0,0.0,0.0,0.0,0.0,0.0,-0.031050395,0.0,0.0017642535,0.0,0.0,0.0,0.0,0.009465825,-0.10885771,-0.15619947,-1.6748254,0.0,0.0,0.0,0.0,0.0,0.0,0.0,0.0,0.29686287,0.13651976,0.0,0.0,0.0,0.0,0.0,0.0,0.0,0.0,0.0,0.0,0.0,0.0,0.0,0.0,0.0,0.0,0.0,-1.5415614,-0.15540066,-0.20186183,-5.264564,0.0,0.0,0.0,0.0,0.0,0.0,0.0,0.0
1.7505748,0.0,0.007221514,0.0,0.0,-0.07818855,0.0,0.0,0.0,0.0,0.0,0.0,0.0,0.0,0.0,0.0,0.23856746,0.0038599444,-0.117360875,0.001491507,0.0,0.0,0.0,0.0,0.0,0.0,0.0,0.0,-0.11050473,0.0,0.005423653,0.0,0.0,0.0,0.0,0.028020248,0.009567602,-0.346551,-1.1387018,0.0,0.0,0.0,0.0,0.0,0.0,0.0,0.0,-0.26020104,-0.048740946,0.0,0.0,0.0,0.0,0.0,0.0,0.0,0.0,0.0,0.0,0.0,0.0,0.0,0.0,0.0,0.0,0.0,1.5063707,-0.15540066,-0.20186183,9.726961,0.0,0.0,0.0,0.0,0.0,0.0,0.0,0.0
-4.3447394,0.0,0.0014946812,0.0,0.0,-0.023257487,0.0,0.0,0.0,0.0,0.0,0.0,0.0,0.0,0.0,0.0,0.105810985,-0.10930079,-0.117360875,-0.12285965,0.0,0.0,0.0,0.0,0.0,0.0,0.0,0.0,-0.031050395,0.0,0.0011707973,0.0,0.0,0.0,0.0,0.0060807792,-0.10885771,-0.45053715,-1.6748254,0.0,0.0,0.0,0.0,0.0,0.0,0.0,0.0,0.29686287,0.13651976,0.0,0.0,0.0,0.0,0.0,0.0,0.0,0.0,0.0,0.0,0.0,0.0,0.0,0.0,0.0,0.0,0.0,-1.5415614,-0.15540066,-0.20186183,-4.7082396,0.0,0.0,0.0,0.0,0.0,0.0,0.0,0.0
-4.883086,0.0,0.0014946812,0.0,0.0,-0.023257487,0.0,0.0,0.0,0.0,0.0,0.0,0.0,0.0,0.0,0.0,0.22088169,0.0012546185,-0.117360875,0.00032037217,0.0,0.0,0.0,0.0,0.0,0.0,0.0,0.0,-0.031050395,0.0,0.0017642535,0.0,0.0,0.0,0.0,-0.028543388,0.003149665,-0.08992548,-1.316435,0.0,0.0,0.0,0.0,0.0,0.0,0.0,0.0,0.29686287,-0.1384481,0.0,0.0,0.0,0.0,0.0,0.0,0.0,0.0,0.0,0.0,0.0,0.0,0.0,0.0,0.0,0.0,0.0,-1.6229231,-0.15540066,-0.20186183,-5.315678,0.0,0.0,0.0,0.0,0.0,0.0,0.0,0.0
-3.6424062,0.0,-1.6271869,0.0,0.0,-0.023257487,0.0,0.0,0.0,0.0,0.0,0.0,0.0,0.0,0.0,0.0,0.105810985,-0.10930079,0.14738955,-0.12285965,0.0,0.0,0.0,0.0,0.0,0.0,0.0,0.0,0.018172232,0.0,0.0011707973,0.0,0.0,0.0,0.0,0.0060807792,0.003149665,-0.43117172,-1.507992,0.0,0.0,0.0,0.0,0.0,0.0,0.0,0.0,-0.26020104,-0.1384481,0.0,0.0,0.0,0.0,0.0,0.0,0.0,0.0,0.0,0.0,0.0,0.0,0.0,0.0,0.0,0.0,0.0,-1.6229231,0.118511975,0.49909496,-3.9624875,0.0,0.0,0.0,0.0,0.0,0.0,0.0,0.0
-3.5303988,0.0,-1.6271869,0.0,0.0,-0.023257487,0.0,0.0,0.0,0.0,0.0,0.0,0.0,0.0,0.0,0.0,0.105810985,-0.10930079,-0.117360875,-0.12285965,0.0,0.0,0.0,0.0,0.0,0.0,0.0,0.0,-0.031050395,0.0,0.0011707973,0.0,0.0,0.0,0.0,0.0060807792,-0.10885771,-0.45053715,-1.6748254,0.0,0.0,0.0,0.0,0.0,0.0,0.0,0.0,0.29686287,0.13651976,0.0,0.0,0.0,0.0,0.0,0.0,0.0,0.0,0.0,0.0,0.0,0.0,0.0,0.0,0.0,0.0,0.0,-1.5415614,-0.15540066,-0.20186183,-3.8938994,0.0,0.0,0.0,0.0,0.0,0.0,0.0,0.0
1.7505748,0.0,0.007221514,0.0,0.0,-0.01826588,0.0,0.0,0.0,0.0,0.0,0.0,0.0,0.0,0.0,0.0,-0.2165885,0.0038599444,-0.117360875,0.001491507,0.0,0.0,0.0,0.0,0.0,0.0,0.0,0.0,-0.024085382,0.0,0.005423653,0.0,0.0,0.0,0.0,0.028020248,0.009567602,0.23362368,1.7269845,0.0,0.0,0.0,0.0,0.0,0.0,0.0,0.0,-0.26020104,-0.048740946,0.0,0.0,0.0,0.0,0.0,0.0,0.0,0.0,0.0,0.0,0.0,0.0,0.0,0.0,0.0,0.0,0.0,1.3057003,-0.15540066,-0.07689339,9.868058,0.0,0.0,0.0,0.0,0.0,0.0,0.0,0.0
-4.883086,0.0,0.0014946812,0.0,0.0,-0.023257487,0.0,0.0,0.0,0.0,0.0,0.0,0.0,0.0,0.0,0.0,0.22088169,0.0012546185,-0.117360875,0.00032037217,0.0,0.0,0.0,0.0,0.0,0.0,0.0,0.0,-0.031050395,0.0,0.0017642535,0.0,0.0,0.0,0.0,-0.028543388,0.003149665,-0.15619947,-1.316435,0.0,0.0,0.0,0.0,0.0,0.0,0.0,0.0,0.29686287,-0.1384481,0.0,0.0,0.0,0.0,0.0,0.0,0.0,0.0,0.0,0.0,0.0,0.0,0.0,0.0,0.0,0.0,0.0,-1.6229231,-0.15540066,-0.20186183,-5.315678,0.0,0.0,0.0,0.0,0.0,0.0,0.0,0.0
1.7505748,0.0,0.007221514,0.0,0.0,-0.01826588,0.0,0.0,0.0,0.0,0.0,0.0,0.0,0.0,0.0,0.0,-0.2165885,0.0038599444,-0.117360875,0.001491507,0.0,0.0,0.0,0.0,0.0,0.0,0.0,0.0,-0.024085382,0.0,0.005423653,0.0,0.0,0.0,0.0,0.028020248,0.009567602,0.23362368,1.7269845,0.0,0.0,0.0,0.0,0.0,0.0,0.0,0.0,-0.26020104,-0.048740946,0.0,0.0,0.0,0.0,0.0,0.0,0.0,0.0,0.0,0.0,0.0,0.0,0.0,0.0,0.0,0.0,0.0,1.3057003,-0.15540066,-0.07689339,9.868058,0.0,0.0,0.0,0.0,0.0,0.0,0.0,0.0
-4.5031953,0.0,0.0014946812,0.0,0.0,-0.023257487,0.0,0.0,0.0,0.0,0.0,0.0,0.0,0.0,0.0,0.0,0.22226559,0.0012546185,-0.117360875,0.00032037217,0.0,0.0,0.0,0.0,0.0,0.0,0.0,0.0,-0.031050395,0.0,0.0017642535,0.0,0.0,0.0,0.0,0.009465825,-0.10885771,-0.15619947,-1.6748254,0.0,0.0,0.0,0.0,0.0,0.0,0.0,0.0,0.29686287,0.13651976,0.0,0.0,0.0,0.0,0.0,0.0,0.0,0.0,0.0,0.0,0.0,0.0,0.0,0.0,0.0,0.0,0.0,-1.5415614,-0.15540066,-0.20186183,-5.264564,0.0,0.0,0.0,0.0,0.0,0.0,0.0,0.0
-3.6424062,0.0,-1.6271869,0.0,0.0,0.02172687,0.0,0.0,0.0,0.0,0.0,0.0,0.0,0.0,0.0,0.0,0.105810985,-0.10930079,0.14738955,-0.12285965,0.0,0.0,0.0,0.0,0.0,0.0,0.0,0.0,0.018172232,0.0,0.0011707973,0.0,0.0,0.0,0.0,0.0060807792,0.003149665,-0.41462713,-1.6748254,0.0,0.0,0.0,0.0,0.0,0.0,0.0,0.0,-0.26020104,-0.1384481,0.0,0.0,0.0,0.0,0.0,0.0,0.0,0.0,0.0,0.0,0.0,0.0,0.0,0.0,0.0,0.0,0.0,-1.6229231,0.118511975,-0.20186183,-4.0240164,0.0,0.0,0.0,0.0,0.0,0.0,0.0,0.0
1.7505748,0.0,0.007221514,0.0,0.0,-0.01826588,0.0,0.0,0.0,0.0,0.0,0.0,0.0,0.0,0.0,0.0,-0.2165885,0.0038599444,-0.117360875,0.001491507,0.0,0.0,0.0,0.0,0.0,0.0,0.0,0.0,-0.024085382,0.0,0.005423653,0.0,0.0,0.0,0.0,0.028020248,0.009567602,0.23362368,1.5555501,0.0,0.0,0.0,0.0,0.0,0.0,0.0,0.0,-0.26020104,-0.048740946,0.0,0.0,0.0,0.0,0.0,0.0,0.0,0.0,0.0,0.0,0.0,0.0,0.0,0.0,0.0,0.0,0.0,1.3985182,-0.15540066,-0.07689339,9.868058,0.0,0.0,0.0,0.0,0.0,0.0,0.0,0.0
-4.5031953,0.0,0.0014946812,0.0,0.0,-0.023257487,0.0,0.0,0.0,0.0,0.0,0.0,0.0,0.0,0.0,0.0,0.22226559,0.0012546185,-0.117360875,0.00032037217,0.0,0.0,0.0,0.0,0.0,0.0,0.0,0.0,-0.031050395,0.0,0.0017642535,0.0,0.0,0.0,0.0,0.009465825,-0.10885771,-0.15619947,-1.6748254,0.0,0.0,0.0,0.0,0.0,0.0,0.0,0.0,0.29686287,0.13651976,0.0,0.0,0.0,0.0,0.0,0.0,0.0,0.0,0.0,0.0,0.0,0.0,0.0,0.0,0.0,0.0,0.0,-1.5415614,-0.15540066,-0.20186183,-5.264564,0.0,0.0,0.0,0.0,0.0,0.0,0.0,0.0
-4.883086,0.0,0.0014946812,0.0,0.0,-0.023257487,0.0,0.0,0.0,0.0,0.0,0.0,0.0,0.0,0.0,0.0,0.22088169,0.0012546185,-0.117360875,0.00032037217,0.0,0.0,0.0,0.0,0.0,0.0,0.0,0.0,-0.031050395,0.0,0.0017642535,0.0,0.0,0.0,0.0,-0.028543388,0.003149665,-0.15619947,-1.316435,0.0,0.0,0.0,0.0,0.0,0.0,0.0,0.0,0.29686287,-0.1384481,0.0,0.0,0.0,0.0,0.0,0.0,0.0,0.0,0.0,0.0,0.0,0.0,0.0,0.0,0.0,0.0,0.0,-1.6229231,-0.15540066,-0.20186183,-5.315678,0.0,0.0,0.0,0.0,0.0,0.0,0.0,0.0
1.7505748,0.0,0.007221514,0.0,0.0,-0.01826588,0.0,0.0,0.0,0.0,0.0,0.0,0.0,0.0,0.0,0.0,-0.2165885,0.0038599444,-0.117360875,0.001491507,0.0,0.0,0.0,0.0,0.0,0.0,0.0,0.0,-0.024085382,0.0,0.005423653,0.0,0.0,0.0,0.0,0.028020248,0.009567602,0.23362368,1.7269845,0.0,0.0,0.0,0.0,0.0,0.0,0.0,0.0,-0.26020104,-0.048740946,0.0,0.0,0.0,0.0,0.0,0.0,0.0,0.0,0.0,0.0,0.0,0.0,0.0,0.0,0.0,0.0,0.0,1.3057003,-0.15540066,-0.07689339,9.868058,0.0,0.0,0.0,0.0,0.0,0.0,0.0,0.0
-3.6424062,0.0,-1.6271869,0.0,0.0,-0.023257487,0.0,0.0,0.0,0.0,0.0,0.0,0.0,0.0,0.0,0.0,0.105810985,-0.089379326,0.14738955,-0.12285965,0.0,0.0,0.0,0.0,0.0,0.0,0.0,0.0,0.018172232,0.0,-0.11993132,0.0,0.0,0.0,0.0,0.0060807792,0.003149665,-0.3905421,-1.6748254,0.0,0.0,0.0,0.0,0.0,0.0,0.0,0.0,-0.26020104,-0.1384481,0.0,0.0,0.0,0.0,0.0,0.0,0.0,0.0,0.0,0.0,0.0,0.0,0.0,0.0,0.0,0.0,0.0,-1.6229231,0.118511975,-0.20186183,-3.901936,0.0,0.0,0.0,0.0,0.0,0.0,0.0,0.0
-4.883086,0.0,0.0014946812,0.0,0.0,-0.023257487,0.0,0.0,0.0,0.0,0.0,0.0,0.0,0.0,0.0,0.0,0.22088169,0.0010259486,0.14738955,0.00032037217,0.0,0.0,0.0,0.0,0.0,0.0,0.0,0.0,-0.031050395,0.0,-0.18059574,0.0,0.0,0.0,0.0,-0.028543388,0.003149665,-0.090403646,-1.316435,0.0,0.0,0.0,0.0,0.0,0.0,0.0,0.0,0.29686287,-0.1384481,0.0,0.0,0.0,0.0,0.0,0.0,0.0,0.0,0.0,0.0,0.0,0.0,0.0,0.0,0.0,0.0,0.0,-1.6229231,-0.15540066,-0.20186183,-5.132611,0.0,0.0,0.0,0.0,0.0,0.0,0.0,0.0
-5.010697,0.0,0.0014946812,0.0,0.0,-0.023257487,0.0,0.0,0.0,0.0,0.0,0.0,0.0,0.0,0.0,0.0,0.22088169,0.0012546185,-0.117360875,0.00032037217,0.0,0.0,0.0,0.0,0.0,0.0,0.0,0.0,-0.031050395,0.0,0.0017642535,0.0,0.0,0.0,0.0,-0.028543388,0.003149665,-0.15619947,-1.1698893,0.0,0.0,0.0,0.0,0.0,0.0,0.0,0.0,0.29686287,0.04806206,0.0,0.0,0.0,0.0,0.0,0.0,0.0,0.0,0.0,0.0,0.0,0.0,0.0,0.0,0.0,0.0,0.0,1.3433123,0.118511975,-0.20186183,-5.315678,0.0,0.0,0.0,0.0,0.0,0.0,0.0,0.0
1.7505748,0.0,0.007221514,0.0,0.0,0.07304284,0.0,0.0,0.0,0.0,0.0,0.0,0.0,0.0,0.0,0.0,0.23856746,0.0038599444,0.14738955,0.001491507,0.0,0.0,0.0,0.0,0.0,0.0,0.0,0.0,0.06467286,0.0,0.005423653,0.0,0.0,0.0,0.0,0.028020248,0.009567602,-0.11610402,-0.9718683,0.0,0.0,0.0,0.0,0.0,0.0,0.0,0.0,-0.26020104,-0.048740946,0.0,0.0,0.0,0.0,0.0,0.0,0.0,0.0,0.0,0.0,0.0,0.0,0.0,0.0,0.0,0.0,0.0,1.5063707,0.118511975,0.49909496,9.829046,0.0,0.0,0.0,0.0,0.0,0.0,0.0,0.0
1.7505748,0.0,0.007221514,0.0,0.0,-0.01826588,0.0,0.0,0.0,0.0,0.0,0.0,0.0,0.0,0.0,0.0,-0.2165885,0.0038599444,-0.117360875,0.001491507,0.0,0.0,0.0,0.0,0.0,0.0,0.0,0.0,-0.024085382,0.0,0.005423653,0.0,0.0,0.0,0.0,0.028020248,0.009567602,0.23362368,1.7269845,0.0,0.0,0.0,0.0,0.0,0.0,0.0,0.0,-0.26020104,-0.048740946,0.0,0.0,0.0,0.0,0.0,0.0,0.0,0.0,0.0,0.0,0.0,0.0,0.0,0.0,0.0,0.0,0.0,1.3057003,-0.15540066,-0.07689339,9.868058,0.0,0.0,0.0,0.0,0.0,0.0,0.0,0.0
1.7505748,0.0,0.007221514,0.0,0.0,-0.01826588,0.0,0.0,0.0,0.0,0.0,0.0,0.0,0.0,0.0,0.0,-0.2165885,0.0038599444,-0.117360875,0.001491507,0.0,0.0,0.0,0.0,0.0,0.0,0.0,0.0,-0.024085382,0.0,0.005423653,0.0,0.0,0.0,0.0,0.028020248,0.009567602,0.23362368,1.7269845,0.0,0.0,0.0,0.0,0.0,0.0,0.0,0.0,-0.26020104,-0.048740946,0.0,0.0,0.0,0.0,0.0,0.0,0.0,0.0,0.0,0.0,0.0,0.0,0.0,0.0,0.0,0.0,0.0,1.3057003,-0.15540066,-0.07689339,9.868058,0.0,0.0,0.0,0.0,0.0,0.0,0.0,0.0
-4.883086,0.0,0.0014946812,0.0,0.0,-0.023257487,0.0,0.0,0.0,0.0,0.0,0.0,0.0,0.0,0.0,0.0,0.22088169,0.0012546185,-0.117360875,0.00032037217,0.0,0.0,0.0,0.0,0.0,0.0,0.0,0.0,-0.031050395,0.0,0.0017642535,0.0,0.0,0.0,0.0,-0.028543388,0.003149665,-0.15619947,-1.316435,0.0,0.0,0.0,0.0,0.0,0.0,0.0,0.0,0.29686287,-0.1384481,0.0,0.0,0.0,0.0,0.0,0.0,0.0,0.0,0.0,0.0,0.0,0.0,0.0,0.0,0.0,0.0,0.0,-1.6229231,-0.15540066,-0.20186183,-5.315678,0.0,0.0,0.0,0.0,0.0,0.0,0.0,0.0
-3.6424062,0.0,-1.6271869,0.0,0.0,-0.023257487,0.0,0.0,0.0,0.0,0.0,0.0,0.0,0.0,0.0,0.0,0.105810985,-0.089379326,0.14738955,-0.12285965,0.0,0.0,0.0,0.0,0.0,0.0,0.0,0.0,0.018172232,0.0,-0.11993132,0.0,0.0,0.0,0.0,0.0060807792,0.003149665,-0.3905421,-1.6748254,0.0,0.0,0.0,0.0,0.0,0.0,0.0,0.0,-0.26020104,-0.1384481,0.0,0.0,0.0,0.0,0.0,0.0,0.0,0.0,0.0,0.0,0.0,0.0,0.0,0.0,0.0,0.0,0.0,-1.6229231,-0.15540066,-0.20186183,-3.901936,0.0,0.0,0.0,0.0,0.0,0.0,0.0,0.0
-4.883086,0.0,0.0014946812,0.0,0.0,-0.023257487,0.0,0.0,0.0,0.0,0.0,0.0,0.0,0.0,0.0,0.0,0.22088169,0.0012546185,-0.117360875,0.00032037217,0.0,0.0,0.0,0.0,0.0,0.0,0.0,0.0,-0.031050395,0.0,0.0017642535,0.0,0.0,0.0,0.0,-0.028543388,0.003149665,-0.15619947,-1.316435,0.0,0.0,0.0,0.0,0.0,0.0,0.0,0.0,0.29686287,-0.1384481,0.0,0.0,0.0,0.0,0.0,0.0,0.0,0.0,0.0,0.0,0.0,0.0,0.0,0.0,0.0,0.0,0.0,-1.6229231,-0.15540066,-0.20186183,-5.315678,0.0,0.0,0.0,0.0,0.0,0.0,0.0,0.0
-3.6424062,0.0,-1.6271869,0.0,0.0,-0.023257487,0.0,0.0,0.0,0.0,0.0,0.0,0.0,0.0,0.0,0.0,0.105810985,-0.089379326,0.14738955,-0.12285965,0.0,0.0,0.0,0.0,0.0,0.0,0.0,0.0,0.018172232,0.0,-0.11993132,0.0,0.0,0.0,0.0,0.0060807792,0.003149665,-0.3905421,-1.6748254,0.0,0.0,0.0,0.0,0.0,0.0,0.0,0.0,-0.26020104,-0.1384481,0.0,0.0,0.0,0.0,0.0,0.0,0.0,0.0,0.0,0.0,0.0,0.0,0.0,0.0,0.0,0.0,0.0,-1.6229231,0.118511975,-0.20186183,-3.901936,0.0,0.0,0.0,0.0,0.0,0.0,0.0,0.0
-4.883086,0.0,0.0014946812,0.0,0.0,-0.023257487,0.0,0.0,0.0,0.0,0.0,0.0,0.0,0.0,0.0,0.0,0.22088169,0.0012546185,-0.117360875,0.00032037217,0.0,0.0,0.0,0.0,0.0,0.0,0.0,0.0,-0.031050395,0.0,0.0017642535,0.0,0.0,0.0,0.0,-0.028543388,0.003149665,-0.15619947,-1.316435,0.0,0.0,0.0,0.0,0.0,0.0,0.0,0.0,0.29686287,-0.1384481,0.0,0.0,0.0,0.0,0.0,0.0,0.0,0.0,0.0,0.0,0.0,0.0,0.0,0.0,0.0,0.0,0.0,-1.6229231,-0.15540066,-0.20186183,-5.315678,0.0,0.0,0.0,0.0,0.0,0.0,0.0,0.0
1.7505748,0.0,0.007221514,0.0,0.0,0.07304284,0.0,0.0,0.0,0.0,0.0,0.0,0.0,0.0,0.0,0.0,0.23856746,0.0038599444,0.14738955,0.001491507,0.0,0.0,0.0,0.0,0.0,0.0,0.0,0.0,-0.11050473,0.0,0.005423653,0.0,0.0,0.0,0.0,0.028020248,0.009567602,-0.20659481,-0.9718683,0.0,0.0,0.0,0.0,0.0,0.0,0.0,0.0,-0.26020104,-0.048740946,0.0,0.0,0.0,0.0,0.0,0.0,0.0,0.0,0.0,0.0,0.0,0.0,0.0,0.0,0.0,0.0,0.0,1.5063707,0.118511975,0.49909496,9.771679,0.0,0.0,0.0,0.0,0.0,0.0,0.0,0.0
-4.5031953,0.0,0.0014946812,0.0,0.0,-0.023257487,0.0,0.0,0.0,0.0,0.0,0.0,0.0,0.0,0.0,0.0,0.22226559,0.0012546185,0.14738955,0.00032037217,0.0,0.0,0.0,0.0,0.0,0.0,0.0,0.0,-0.031050395,0.0,0.0017642535,0.0,0.0,0.0,0.0,0.009465825,-0.10885771,-0.15619947,-1.6748254,0.0,0.0,0.0,0.0,0.0,0.0,0.0,0.0,0.29686287,0.13651976,0.0,0.0,0.0,0.0,0.0,0.0,0.0,0.0,0.0,0.0,0.0,0.0,0.0,0.0,0.0,0.0,0.0,-1.5415614,-0.15540066,-0.20186183,-5.264564,0.0,0.0,0.0,0.0,0.0,0.0,0.0,0.0
-4.883086,0.0,0.0014946812,0.0,0.0,-0.023257487,0.0,0.0,0.0,0.0,0.0,0.0,0.0,0.0,0.0,0.0,0.22088169,0.0012546185,-0.117360875,0.00032037217,0.0,0.0,0.0,0.0,0.0,0.0,0.0,0.0,-0.031050395,0.0,0.0017642535,0.0,0.0,0.0,0.0,-0.028543388,0.003149665,-0.15619947,-1.316435,0.0,0.0,0.0,0.0,0.0,0.0,0.0,0.0,0.29686287,0.13651976,0.0,0.0,0.0,0.0,0.0,0.0,0.0,0.0,0.0,0.0,0.0,0.0,0.0,0.0,0.0,0.0,0.0,-1.5415614,0.118511975,-0.20186183,-5.315678,0.0,0.0,0.0,0.0,0.0,0.0,0.0,0.0
-3.6424062,0.0,-1.6271869,0.0,0.0,-0.023257487,0.0,0.0,0.0,0.0,0.0,0.0,0.0,0.0,0.0,0.0,0.105810985,-0.089379326,0.14738955,-0.12285965,0.0,0.0,0.0,0.0,0.0,0.0,0.0,0.0,0.018172232,0.0,-0.11993132,0.0,0.0,0.0,0.0,0.0060807792,0.003149665,-0.3905421,-1.6748254,0.0,0.0,0.0,0.0,0.0,0.0,0.0,0.0,-0.26020104,-0.1384481,0.0,0.0,0.0,0.0,0.0,0.0,0.0,0.0,0.0,0.0,0.0,0.0,0.0,0.0,0.0,0.0,0.0,-1.6229231,0.118511975,-0.20186183,-3.901936,0.0,0.0,0.0,0.0,0.0,0.0,0.0,0.0
-3.6424062,0.0,-1.6271869,0.0,0.0,-0.023257487,0.0,0.0,0.0,0.0,0.0,0.0,0.0,0.0,0.0,0.0,0.105810985,-0.089379326,0.14738955,-0.12285965,0.0,0.0,0.0,0.0,0.0,0.0,0.0,0.0,0.018172232,0.0,-0.11993132,0.0,0.0,0.0,0.0,0.0060807792,0.003149665,-0.3905421,-1.6748254,0.0,0.0,0.0,0.0,0.0,0.0,0.0,0.0,-0.26020104,-0.1384481,0.0,0.0,0.0,0.0,0.0,0.0,0.0,0.0,0.0,0.0,0.0,0.0,0.0,0.0,0.0,0.0,0.0,-1.6229231,-0.15540066,-0.20186183,-3.901936,0.0,0.0,0.0,0.0,0.0,0.0,0.0,0.0
-3.7700164,0.0,-1.6271869,0.0,0.0,-0.023257487,0.0,0.0,0.0,0.0,0.0,0.0,0.0,0.0,0.0,0.0,0.105810985,-0.089379326,0.14738955,-0.12285965,0.0,0.0,0.0,0.0,0.0,0.0,0.0,0.0,0.018172232,0.0,-0.11993132,0.0,0.0,0.0,0.0,0.0060807792,0.003149665,-0.3905421,-1.5282797,0.0,0.0,0.0,0.0,0.0,0.0,0.0,0.0,-0.26020104,-0.048740946,0.0,0.0,0.0,0.0,0.0,0.0,0.0,0.0,0.0,0.0,0.0,0.0,0.0,0.0,0.0,0.0,0.0,1.4401152,0.118511975,-0.20186183,-3.901936,0.0,0.0,0.0,0.0,0.0,0.0,0.0,0.0
-3.5303988,0.0,-1.6271869,0.0,0.0,-0.023257487,0.0,0.0,0.0,0.0,0.0,0.0,0.0,0.0,0.0,0.0,0.105810985,-0.10930079,-0.117360875,-0.12285965,0.0,0.0,0.0,0.0,0.0,0.0,0.0,0.0,-0.031050395,0.0,0.0011707973,0.0,0.0,0.0,0.0,0.0060807792,-0.10885771,-0.45053715,-1.6748254,0.0,0.0,0.0,0.0,0.0,0.0,0.0,0.0,0.29686287,0.13651976,0.0,0.0,0.0,0.0,0.0,0.0,0.0,0.0,0.0,0.0,0.0,0.0,0.0,0.0,0.0,0.0,0.0,-1.5415614,-0.15540066,-0.20186183,-3.8938994,0.0,0.0,0.0,0.0,0.0,0.0,0.0,0.0
-4.922479,0.0,0.0014946812,0.0,0.0,-0.023257487,0.0,0.0,0.0,0.0,0.0,0.0,0.0,0.0,0.0,0.0,0.22226559,0.0012546185,0.14738955,0.00032037217,0.0,0.0,0.0,0.0,0.0,0.0,0.0,0.0,-0.031050395,0.0,0.0017642535,0.0,0.0,0.0,0.0,0.009465825,0.003149665,-0.15619947,-1.316435,0.0,0.0,0.0,0.0,0.0,0.0,0.0,0.0,-0.26020104,-0.1384481,0.0,0.0,0.0,0.0,0.0,0.0,0.0,0.0,0.0,0.0,0.0,0.0,0.0,0.0,0.0,0.0,0.0,-1.6229231,-0.15540066,-0.20186183,-5.315678,0.0,0.0,0.0,0.0,0.0,0.0,0.0,0.0
-3.6424062,0.0,-1.6271869,0.0,0.0,-0.023257487,0.0,0.0,0.0,0.0,0.0,0.0,0.0,0.0,0.0,0.0,0.105810985,-0.089379326,0.14738955,-0.12285965,0.0,0.0,0.0,0.0,0.0,0.0,0.0,0.0,-0.031050395,0.0,-0.11993132,0.0,0.0,0.0,0.0,0.0060807792,0.003149665,-0.40990752,-1.6748254,0.0,0.0,0.0,0.0,0.0,0.0,0.0,0.0,-0.26020104,-0.1384481,0.0,0.0,0.0,0.0,0.0,0.0,0.0,0.0,0.0,0.0,0.0,0.0,0.0,0.0,0.0,0.0,0.0,-1.6229231,-0.15540066,-0.20186183,-3.833348,0.0,0.0,0.0,0.0,0.0,0.0,0.0,0.0
-4.883086,0.0,0.0014946812,0.0,0.0,-0.023257487,0.0,0.0,0.0,0.0,0.0,0.0,0.0,0.0,0.0,0.0,0.22088169,0.0012546185,-0.117360875,0.00032037217,0.0,0.0,0.0,0.0,0.0,0.0,0.0,0.0,-0.031050395,0.0,0.0017642535,0.0,0.0,0.0,0.0,-0.028543388,0.003149665,-0.15619947,-1.316435,0.0,0.0,0.0,0.0,0.0,0.0,0.0,0.0,0.29686287,-0.1384481,0.0,0.0,0.0,0.0,0.0,0.0,0.0,0.0,0.0,0.0,0.0,0.0,0.0,0.0,0.0,0.0,0.0,-1.6229231,-0.15540066,-0.20186183,-5.315678,0.0,0.0,0.0,0.0,0.0,0.0,0.0,0.0
1.7505748,0.0,0.007221514,0.0,0.0,-0.01826588,0.0,0.0,0.0,0.0,0.0,0.0,0.0,0.0,0.0,0.0,-0.2165885,0.0038599444,-0.117360875,0.001491507,0.0,0.0,0.0,0.0,0.0,0.0,0.0,0.0,-0.024085382,0.0,0.005423653,0.0,0.0,0.0,0.0,0.028020248,0.009567602,0.23362368,1.7269845,0.0,0.0,0.0,0.0,0.0,0.0,0.0,0.0,-0.26020104,-0.048740946,0.0,0.0,0.0,0.0,0.0,0.0,0.0,0.0,0.0,0.0,0.0,0.0,0.0,0.0,0.0,0.0,0.0,1.3057003,-0.15540066,-0.07689339,9.868058,0.0,0.0,0.0,0.0,0.0,0.0,0.0,0.0
-4.5031953,0.0,0.0014946812,0.0,0.0,-0.023257487,0.0,0.0,0.0,0.0,0.0,0.0,0.0,0.0,0.0,0.0,0.22226559,0.0012546185,-0.117360875,0.00032037217,0.0,0.0,0.0,0.0,0.0,0.0,0.0,0.0,-0.031050395,0.0,0.0017642535,0.0,0.0,0.0,0.0,0.009465825,-0.10885771,-0.15619947,-1.6748254,0.0,0.0,0.0,0.0,0.0,0.0,0.0,0.0,0.29686287,0.13651976,0.0,0.0,0.0,0.0,0.0,0.0,0.0,0.0,0.0,0.0,0.0,0.0,0.0,0.0,0.0,0.0,0.0,-1.5415614,-0.15540066,-0.20186183,-5.264564,0.0,0.0,0.0,0.0,0.0,0.0,0.0,0.0
-3.6424062,0.0,-1.6271869,0.0,0.0,-0.023257487,0.0,0.0,0.0,0.0,0.0,0.0,0.0,0.0,0.0,0.0,0.105810985,-0.089379326,0.14738955,-0.12285965,0.0,0.0,0.0,0.0,0.0,0.0,0.0,0.0,0.018172232,0.0,-0.11993132,0.0,0.0,0.0,0.0,0.0060807792,0.003149665,-0.3905421,-1.6748254,0.0,0.0,0.0,0.0,0.0,0.0,0.0,0.0,-0.26020104,-0.1384481,0.0,0.0,0.0,0.0,0.0,0.0,0.0,0.0,0.0,0.0,0.0,0.0,0.0,0.0,0.0,0.0,0.0,-1.6229231,0.118511975,-0.20186183,-3.901936,0.0,0.0,0.0,0.0,0.0,0.0,0.0,0.0
-3.6424062,0.0,-1.6271869,0.0,0.0,-0.023257487,0.0,0.0,0.0,0.0,0.0,0.0,0.0,0.0,0.0,0.0,0.105810985,-0.089379326,0.14738955,-0.12285965,0.0,0.0,0.0,0.0,0.0,0.0,0.0,0.0,0.018172232,0.0,-0.11993132,0.0,0.0,0.0,0.0,0.0060807792,0.003149665,-0.3905421,-1.6748254,0.0,0.0,0.0,0.0,0.0,0.0,0.0,0.0,-0.26020104,-0.1384481,0.0,0.0,0.0,0.0,0.0,0.0,0.0,0.0,0.0,0.0,0.0,0.0,0.0,0.0,0.0,0.0,0.0,-1.6229231,0.118511975,-0.20186183,-3.901936,0.0,0.0,0.0,0.0,0.0,0.0,0.0,0.0
-4.883086,0.0,0.0014946812,0.0,0.0,-0.023257487,0.0,0.0,0.0,0.0,0.0,0.0,0.0,0.0,0.0,0.0,0.22088169,0.0012546185,-0.117360875,0.00032037217,0.0,0.0,0.0,0.0,0.0,0.0,0.0,0.0,-0.031050395,0.0,0.0017642535,0.0,0.0,0.0,0.0,-0.028543388,0.003149665,-0.15619947,-1.316435,0.0,0.0,0.0,0.0,0.0,0.0,0.0,0.0,0.29686287,-0.1384481,0.0,0.0,0.0,0.0,0.0,0.0,0.0,0.0,0.0,0.0,0.0,0.0,0.0,0.0,0.0,0.0,0.0,-1.6229231,-0.15540066,-0.20186183,-5.315678,0.0,0.0,0.0,0.0,0.0,0.0,0.0,0.0
1.7505748,0.0,0.007221514,0.0,0.0,-0.07818855,0.0,0.0,0.0,0.0,0.0,0.0,0.0,0.0,0.0,0.0,0.23856746,0.0038599444,0.14738955,0.001491507,0.0,0.0,0.0,0.0,0.0,0.0,0.0,0.0,0.06467286,0.0,0.005423653,0.0,0.0,0.0,0.0,0.028020248,0.009567602,-0.18978627,-0.9718683,0.0,0.0,0.0,0.0,0.0,0.0,0.0,0.0,-0.26020104,-0.048740946,0.0,0.0,0.0,0.0,0.0,0.0,0.0,0.0,0.0,0.0,0.0,0.0,0.0,0.0,0.0,0.0,0.0,1.5063707,0.118511975,0.49909496,9.784328,0.0,0.0,0.0,0.0,0.0,0.0,0.0,0.0
1.6824173,0.0,0.007221514,0.0,0.0,0.07304284,0.0,0.0,0.0,0.0,0.0,0.0,0.0,0.0,0.0,0.0,0.23856746,0.0038599444,0.14738955,0.001491507,0.0,0.0,0.0,0.0,0.0,0.0,0.0,0.0,0.06467286,0.0,0.005423653,0.0,0.0,0.0,0.0,0.028020248,0.009567602,-0.11610402,-1.1855079,0.0,0.0,0.0,0.0,0.0,0.0,0.0,0.0,-0.26020104,-0.048740946,0.0,0.0,0.0,0.0,0.0,0.0,0.0,0.0,0.0,0.0,0.0,0.0,0.0,0.0,0.0,0.0,0.0,1.5063707,0.118511975,0.49909496,9.829046,0.0,0.0,0.0,0.0,0.0,0.0,0.0,0.0
-4.883086,0.0,0.0014946812,0.0,0.0,-0.023257487,0.0,0.0,0.0,0.0,0.0,0.0,0.0,0.0,0.0,0.0,0.22088169,0.0012546185,-0.117360875,0.00032037217,0.0,0.0,0.0,0.0,0.0,0.0,0.0,0.0,-0.031050395,0.0,0.0017642535,0.0,0.0,0.0,0.0,-0.028543388,0.003149665,-0.15619947,-1.316435,0.0,0.0,0.0,0.0,0.0,0.0,0.0,0.0,0.29686287,-0.1384481,0.0,0.0,0.0,0.0,0.0,0.0,0.0,0.0,0.0,0.0,0.0,0.0,0.0,0.0,0.0,0.0,0.0,-1.6229231,-0.15540066,-0.20186183,-5.315678,0.0,0.0,0.0,0.0,0.0,0.0,0.0,0.0
-4.922479,0.0,0.0014946812,0.0,0.0,-0.023257487,0.0,0.0,0.0,0.0,0.0,0.0,0.0,0.0,0.0,0.0,0.22226559,0.0010259486,0.14738955,0.00032037217,0.0,0.0,0.0,0.0,0.0,0.0,0.0,0.0,-0.031050395,0.0,-0.18059574,0.0,0.0,0.0,0.0,0.009465825,0.003149665,-0.090403646,-1.316435,0.0,0.0,0.0,0.0,0.0,0.0,0.0,0.0,-0.26020104,-0.1384481,0.0,0.0,0.0,0.0,0.0,0.0,0.0,0.0,0.0,0.0,0.0,0.0,0.0,0.0,0.0,0.0,0.0,-1.6229231,-0.15540066,-0.20186183,-5.132611,0.0,0.0,0.0,0.0,0.0,0.0,0.0,0.0
-3.6424062,0.0,-1.6271869,0.0,0.0,-0.023257487,0.0,0.0,0.0,0.0,0.0,0.0,0.0,0.0,0.0,0.0,0.105810985,-0.089379326,0.14738955,-0.12285965,0.0,0.0,0.0,0.0,0.0,0.0,0.0,0.0,0.018172232,0.0,-0.11993132,0.0,0.0,0.0,0.0,0.0060807792,0.003149665,-0.3905421,-1.6748254,0.0,0.0,0.0,0.0,0.0,0.0,0.0,0.0,-0.26020104,-0.1384481,0.0,0.0,0.0,0.0,0.0,0.0,0.0,0.0,0.0,0.0,0.0,0.0,0.0,0.0,0.0,0.0,0.0,-1.6229231,0.118511975,-0.20186183,-3.901936,0.0,0.0,0.0,0.0,0.0,0.0,0.0,0.0
1.7505748,0.0,0.007221514,0.0,0.0,-0.01826588,0.0,0.0,0.0,0.0,0.0,0.0,0.0,0.0,0.0,0.0,-0.2165885,0.0038599444,-0.117360875,0.001491507,0.0,0.0,0.0,0.0,0.0,0.0,0.0,0.0,-0.024085382,0.0,0.005423653,0.0,0.0,0.0,0.0,0.028020248,0.009567602,0.23362368,1.7269845,0.0,0.0,0.0,0.0,0.0,0.0,0.0,0.0,-0.26020104,-0.048740946,0.0,0.0,0.0,0.0,0.0,0.0,0.0,0.0,0.0,0.0,0.0,0.0,0.0,0.0,0.0,0.0,0.0,1.3057003,-0.15540066,-0.07689339,9.868058,0.0,0.0,0.0,0.0,0.0,0.0,0.0,0.0
1.7505748,0.0,0.007221514,0.0,0.0,-0.01826588,0.0,0.0,0.0,0.0,0.0,0.0,0.0,0.0,0.0,0.0,-0.2165885,0.0038599444,-0.117360875,0.001491507,0.0,0.0,0.0,0.0,0.0,0.0,0.0,0.0,-0.024085382,0.0,0.005423653,0.0,0.0,0.0,0.0,0.028020248,0.009567602,0.23362368,1.7269845,0.0,0.0,0.0,0.0,0.0,0.0,0.0,0.0,-0.26020104,-0.048740946,0.0,0.0,0.0,0.0,0.0,0.0,0.0,0.0,0.0,0.0,0.0,0.0,0.0,0.0,0.0,0.0,0.0,1.3057003,-0.15540066,-0.07689339,9.868058,0.0,0.0,0.0,0.0,0.0,0.0,0.0,0.0
1.7505748,0.0,0.007221514,0.0,0.0,-0.01826588,0.0,0.0,0.0,0.0,0.0,0.0,0.0,0.0,0.0,0.0,-0.2165885,0.0038599444,-0.117360875,0.001491507,0.0,0.0,0.0,0.0,0.0,0.0,0.0,0.0,-0.024085382,0.0,0.005423653,0.0,0.0,0.0,0.0,0.028020248,0.009567602,0.23362368,1.7269845,0.0,0.0,0.0,0.0,0.0,0.0,0.0,0.0,-0.26020104,-0.048740946,0.0,0.0,0.0,0.0,0.0,0.0,0.0,0.0,0.0,0.0,0.0,0.0,0.0,0.0,0.0,0.0,0.0,1.3057003,-0.15540066,-0.07689339,9.868058,0.0,0.0,0.0,0.0,0.0,0.0,0.0,0.0
1.7505748,0.0,0.007221514,0.0,0.0,-0.01826588,0.0,0.0,0.0,0.0,0.0,0.0,0.0,0.0,0.0,0.0,-0.2165885,0.0038599444,-0.117360875,0.001491507,0.0,0.0,0.0,0.0,0.0,0.0,0.0,0.0,-0.024085382,0.0,0.005423653,0.0,0.0,0.0,0.0,0.028020248,0.009567602,0.23362368,1.7269845,0.0,0.0,0.0,0.0,0.0,0.0,0.0,0.0,-0.26020104,-0.048740946,0.0,0.0,0.0,0.0,0.0,0.0,0.0,0.0,0.0,0.0,0.0,0.0,0.0,0.0,0.0,0.0,0.0,1.3057003,-0.15540066,-0.07689339,9.868058,0.0,0.0,0.0,0.0,0.0,0.0,0.0,0.0
1.7505748,0.0,0.007221514,0.0,0.0,-0.01826588,0.0,0.0,0.0,0.0,0.0,0.0,0.0,0.0,0.0,0.0,-0.2165885,0.0038599444,-0.117360875,0.001491507,0.0,0.0,0.0,0.0,0.0,0.0,0.0,0.0,-0.024085382,0.0,0.005423653,0.0,0.0,0.0,0.0,0.028020248,0.009567602,0.23362368,1.7269845,0.0,0.0,0.0,0.0,0.0,0.0,0.0,0.0,-0.26020104,-0.048740946,0.0,0.0,0.0,0.0,0.0,0.0,0.0,0.0,0.0,0.0,0.0,0.0,0.0,0.0,0.0,0.0,0.0,1.3057003,-0.15540066,-0.07689339,9.868058,0.0,0.0,0.0,0.0,0.0,0.0,0.0,0.0
1.7505748,0.0,0.007221514,0.0,0.0,0.07304284,0.0,0.0,0.0,0.0,0.0,0.0,0.0,0.0,0.0,0.0,0.23856746,0.0038599444,0.14738955,0.001491507,0.0,0.0,0.0,0.0,0.0,0.0,0.0,0.0,0.06467286,0.0,0.005423653,0.0,0.0,0.0,0.0,0.028020248,0.009567602,-0.11610402,-0.9718683,0.0,0.0,0.0,0.0,0.0,0.0,0.0,0.0,-0.26020104,-0.048740946,0.0,0.0,0.0,0.0,0.0,0.0,0.0,0.0,0.0,0.0,0.0,0.0,0.0,0.0,0.0,0.0,0.0,1.5063707,0.118511975,0.49909496,9.829046,0.0,0.0,0.0,0.0,0.0,0.0,0.0,0.0
1.7505748,0.0,0.007221514,0.0,0.0,-0.01826588,0.0,0.0,0.0,0.0,0.0,0.0,0.0,0.0,0.0,0.0,-0.2165885,0.0038599444,-0.117360875,0.001491507,0.0,0.0,0.0,0.0,0.0,0.0,0.0,0.0,-0.024085382,0.0,0.005423653,0.0,0.0,0.0,0.0,0.028020248,0.009567602,0.23362368,1.7269845,0.0,0.0,0.0,0.0,0.0,0.0,0.0,0.0,-0.26020104,-0.048740946,0.0,0.0,0.0,0.0,0.0,0.0,0.0,0.0,0.0,0.0,0.0,0.0,0.0,0.0,0.0,0.0,0.0,1.3057003,-0.15540066,-0.07689339,9.868058,0.0,0.0,0.0,0.0,0.0,0.0,0.0,0.0
-4.883086,0.0,0.0014946812,0.0,0.0,-0.023257487,0.0,0.0,0.0,0.0,0.0,0.0,0.0,0.0,0.0,0.0,0.22088169,0.0012546185,-0.117360875,0.00032037217,0.0,0.0,0.0,0.0,0.0,0.0,0.0,0.0,-0.031050395,0.0,0.0017642535,0.0,0.0,0.0,0.0,-0.028543388,0.003149665,-0.15619947,-1.316435,0.0,0.0,0.0,0.0,0.0,0.0,0.0,0.0,0.29686287,-0.1384481,0.0,0.0,0.0,0.0,0.0,0.0,0.0,0.0,0.0,0.0,0.0,0.0,0.0,0.0,0.0,0.0,0.0,-1.6229231,-0.15540066,-0.20186183,-5.315678,0.0,0.0,0.0,0.0,0.0,0.0,0.0,0.0
-4.883086,0.0,0.0014946812,0.0,0.0,-0.023257487,0.0,0.0,0.0,0.0,0.0,0.0,0.0,0.0,0.0,0.0,0.22088169,0.0012546185,-0.117360875,0.00032037217,0.0,0.0,0.0,0.0,0.0,0.0,0.0,0.0,-0.031050395,0.0,0.0017642535,0.0,0.0,0.0,0.0,-0.028543388,0.003149665,-0.15619947,-1.316435,0.0,0.0,0.0,0.0,0.0,0.0,0.0,0.0,0.29686287,-0.1384481,0.0,0.0,0.0,0.0,0.0,0.0,0.0,0.0,0.0,0.0,0.0,0.0,0.0,0.0,0.0,0.0,0.0,-1.6229231,-0.15540066,-0.20186183,-5.315678,0.0,0.0,0.0,0.0,0.0,0.0,0.0,0.0
-4.5031953,0.0,0.0014946812,0.0,0.0,-0.023257487,0.0,0.0,0.0,0.0,0.0,0.0,0.0,0.0,0.0,0.0,0.22226559,0.0012546185,-0.117360875,0.00032037217,0.0,0.0,0.0,0.0,0.0,0.0,0.0,0.0,-0.031050395,0.0,0.0017642535,0.0,0.0,0.0,0.0,0.009465825,-0.10885771,-0.15619947,-1.6748254,0.0,0.0,0.0,0.0,0.0,0.0,0.0,0.0,0.29686287,0.13651976,0.0,0.0,0.0,0.0,0.0,0.0,0.0,0.0,0.0,0.0,0.0,0.0,0.0,0.0,0.0,0.0,0.0,-1.5415614,-0.15540066,-0.20186183,-5.264564,0.0,0.0,0.0,0.0,0.0,0.0,0.0,0.0
-3.5303988,0.0,-1.6271869,0.0,0.0,-0.023257487,0.0,0.0,0.0,0.0,0.0,0.0,0.0,0.0,0.0,0.0,0.105810985,-0.10930079,-0.117360875,-0.12285965,0.0,0.0,0.0,0.0,0.0,0.0,0.0,0.0,-0.031050395,0.0,0.0011707973,0.0,0.0,0.0,0.0,0.0060807792,-0.10885771,-0.45053715,-1.6748254,0.0,0.0,0.0,0.0,0.0,0.0,0.0,0.0,0.29686287,0.13651976,0.0,0.0,0.0,0.0,0.0,0.0,0.0,0.0,0.0,0.0,0.0,0.0,0.0,0.0,0.0,0.0,0.0,-1.5415614,-0.15540066,-0.20186183,-3.8938994,0.0,0.0,0.0,0.0,0.0,0.0,0.0,0.0
-4.922479,0.0,0.0014946812,0.0,0.0,-0.023257487,0.0,0.0,0.0,0.0,0.0,0.0,0.0,0.0,0.0,0.0,0.22226559,0.0012546185,0.14738955,0.00032037217,0.0,0.0,0.0,0.0,0.0,0.0,0.0,0.0,-0.031050395,0.0,0.0017642535,0.0,0.0,0.0,0.0,0.009465825,0.003149665,-0.08992548,-1.316435,0.0,0.0,0.0,0.0,0.0,0.0,0.0,0.0,-0.26020104,-0.1384481,0.0,0.0,0.0,0.0,0.0,0.0,0.0,0.0,0.0,0.0,0.0,0.0,0.0,0.0,0.0,0.0,0.0,-1.6229231,0.118511975,-0.20186183,-5.315678,0.0,0.0,0.0,0.0,0.0,0.0,0.0,0.0
1.7505748,0.0,0.007221514,0.0,0.0,-0.01826588,0.0,0.0,0.0,0.0,0.0,0.0,0.0,0.0,0.0,0.0,-0.2165885,0.0038599444,-0.117360875,0.001491507,0.0,0.0,0.0,0.0,0.0,0.0,0.0,0.0,-0.024085382,0.0,0.005423653,0.0,0.0,0.0,0.0,0.028020248,0.009567602,0.23362368,1.7269845,0.0,0.0,0.0,0.0,0.0,0.0,0.0,0.0,-0.26020104,-0.048740946,0.0,0.0,0.0,0.0,0.0,0.0,0.0,0.0,0.0,0.0,0.0,0.0,0.0,0.0,0.0,0.0,0.0,1.3057003,-0.15540066,-0.07689339,9.868058,0.0,0.0,0.0,0.0,0.0,0.0,0.0,0.0
-4.5031953,0.0,0.0014946812,0.0,0.0,-0.009802495,0.0,0.0,0.0,0.0,0.0,0.0,0.0,0.0,0.0,0.0,0.22226559,0.0012546185,-0.117360875,0.00032037217,0.0,0.0,0.0,0.0,0.0,0.0,0.0,0.0,-0.012556249,0.0,0.0017642535,0.0,0.0,0.0,0.0,0.009465825,-0.10885771,0.10223992,-1.6748254,0.0,0.0,0.0,0.0,0.0,0.0,0.0,0.0,0.29686287,0.13651976,0.0,0.0,0.0,0.0,0.0,0.0,0.0,0.0,0.0,0.0,0.0,0.0,0.0,0.0,0.0,0.0,0.0,-1.5415614,-0.15540066,-0.20186183,-5.445202,0.0,0.0,0.0,0.0,0.0,0.0,0.0,0.0
1.7505748,0.0,0.007221514,0.0,0.0,-0.01826588,0.0,0.0,0.0,0.0,0.0,0.0,0.0,0.0,0.0,0.0,-0.2165885,0.0038599444,-0.117360875,0.001491507,0.0,0.0,0.0,0.0,0.0,0.0,0.0,0.0,-0.024085382,0.0,0.005423653,0.0,0.0,0.0,0.0,0.028020248,0.009567602,0.23362368,1.7269845,0.0,0.0,0.0,0.0,0.0,0.0,0.0,0.0,-0.26020104,-0.048740946,0.0,0.0,0.0,0.0,0.0,0.0,0.0,0.0,0.0,0.0,0.0,0.0,0.0,0.0,0.0,0.0,0.0,1.3057003,-0.15540066,-0.07689339,9.868058,0.0,0.0,0.0,0.0,0.0,0.0,0.0,0.0
-3.5303988,0.0,-1.6271869,0.0,0.0,-0.023257487,0.0,0.0,0.0,0.0,0.0,0.0,0.0,0.0,0.0,0.0,0.105810985,-0.10930079,-0.117360875,-0.12285965,0.0,0.0,0.0,0.0,0.0,0.0,0.0,0.0,-0.031050395,0.0,0.0011707973,0.0,0.0,0.0,0.0,0.0060807792,-0.10885771,-0.45053715,-1.6748254,0.0,0.0,0.0,0.0,0.0,0.0,0.0,0.0,0.29686287,0.13651976,0.0,0.0,0.0,0.0,0.0,0.0,0.0,0.0,0.0,0.0,0.0,0.0,0.0,0.0,0.0,0.0,0.0,-1.5415614,-0.15540066,-0.20186183,-3.8938994,0.0,0.0,0.0,0.0,0.0,0.0,0.0,0.0
1.7505748,0.0,0.007221514,0.0,0.0,-0.01826588,0.0,0.0,0.0,0.0,0.0,0.0,0.0,0.0,0.0,0.0,-0.2165885,0.0038599444,-0.117360875,0.001491507,0.0,0.0,0.0,0.0,0.0,0.0,0.0,0.0,-0.024085382,0.0,0.005423653,0.0,0.0,0.0,0.0,0.028020248,0.009567602,0.23362368,1.7269845,0.0,0.0,0.0,0.0,0.0,0.0,0.0,0.0,-0.26020104,-0.048740946,0.0,0.0,0.0,0.0,0.0,0.0,0.0,0.0,0.0,0.0,0.0,0.0,0.0,0.0,0.0,0.0,0.0,1.3057003,-0.15540066,-0.07689339,9.868058,0.0,0.0,0.0,0.0,0.0,0.0,0.0,0.0
-3.6424062,0.0,-1.6271869,0.0,0.0,-0.023257487,0.0,0.0,0.0,0.0,0.0,0.0,0.0,0.0,0.0,0.0,0.105810985,-0.089379326,0.14738955,-0.12285965,0.0,0.0,0.0,0.0,0.0,0.0,0.0,0.0,0.018172232,0.0,-0.11993132,0.0,0.0,0.0,0.0,0.0060807792,0.003149665,-0.3905421,-1.6748254,0.0,0.0,0.0,0.0,0.0,0.0,0.0,0.0,-0.26020104,-0.1384481,0.0,0.0,0.0,0.0,0.0,0.0,0.0,0.0,0.0,0.0,0.0,0.0,0.0,0.0,0.0,0.0,0.0,-1.6229231,0.118511975,-0.20186183,-3.901936,0.0,0.0,0.0,0.0,0.0,0.0,0.0,0.0
-4.5031953,0.0,0.0014946812,0.0,0.0,-0.023257487,0.0,0.0,0.0,0.0,0.0,0.0,0.0,0.0,0.0,0.0,0.22226559,0.0012546185,-0.117360875,0.00032037217,0.0,0.0,0.0,0.0,0.0,0.0,0.0,0.0,-0.031050395,0.0,0.0017642535,0.0,0.0,0.0,0.0,0.009465825,-0.10885771,-0.15619947,-1.6748254,0.0,0.0,0.0,0.0,0.0,0.0,0.0,0.0,0.29686287,0.13651976,0.0,0.0,0.0,0.0,0.0,0.0,0.0,0.0,0.0,0.0,0.0,0.0,0.0,0.0,0.0,0.0,0.0,-1.5415614,-0.15540066,-0.20186183,-5.264564,0.0,0.0,0.0,0.0,0.0,0.0,0.0,0.0
-3.6424062,0.0,-1.6271869,0.0,0.0,-0.023257487,0.0,0.0,0.0,0.0,0.0,0.0,0.0,0.0,0.0,0.0,0.105810985,-0.089379326,0.14738955,-0.12285965,0.0,0.0,0.0,0.0,0.0,0.0,0.0,0.0,0.018172232,0.0,-0.11993132,0.0,0.0,0.0,0.0,0.0060807792,0.003149665,-0.3905421,-1.6748254,0.0,0.0,0.0,0.0,0.0,0.0,0.0,0.0,-0.26020104,-0.1384481,0.0,0.0,0.0,0.0,0.0,0.0,0.0,0.0,0.0,0.0,0.0,0.0,0.0,0.0,0.0,0.0,0.0,-1.6229231,0.118511975,-0.20186183,-3.901936,0.0,0.0,0.0,0.0,0.0,0.0,0.0,0.0
1.6824173,0.0,0.007221514,0.0,0.0,-0.07818855,0.0,0.0,0.0,0.0,0.0,0.0,0.0,0.0,0.0,0.0,0.23856746,0.0038599444,0.14738955,0.001491507,0.0,0.0,0.0,0.0,0.0,0.0,0.0,0.0,0.06467286,0.0,0.005423653,0.0,0.0,0.0,0.0,0.028020248,0.009567602,-0.18978627,-1.1855079,0.0,0.0,0.0,0.0,0.0,0.0,0.0,0.0,-0.26020104,-0.048740946,0.0,0.0,0.0,0.0,0.0,0.0,0.0,0.0,0.0,0.0,0.0,0.0,0.0,0.0,0.0,0.0,0.0,1.5063707,0.118511975,0.49909496,9.784328,0.0,0.0,0.0,0.0,0.0,0.0,0.0,0.0
1.7505748,0.0,0.007221514,0.0,0.0,-0.01826588,0.0,0.0,0.0,0.0,0.0,0.0,0.0,0.0,0.0,0.0,-0.2165885,0.0038599444,-0.117360875,0.001491507,0.0,0.0,0.0,0.0,0.0,0.0,0.0,0.0,-0.024085382,0.0,0.005423653,0.0,0.0,0.0,0.0,0.028020248,0.009567602,0.23362368,1.7269845,0.0,0.0,0.0,0.0,0.0,0.0,0.0,0.0,-0.26020104,-0.048740946,0.0,0.0,0.0,0.0,0.0,0.0,0.0,0.0,0.0,0.0,0.0,0.0,0.0,0.0,0.0,0.0,0.0,1.3057003,-0.15540066,-0.07689339,9.868058,0.0,0.0,0.0,0.0,0.0,0.0,0.0,0.0
-4.883086,0.0,0.0014946812,0.0,0.0,-0.023257487,0.0,0.0,0.0,0.0,0.0,0.0,0.0,0.0,0.0,0.0,0.22088169,0.0012546185,-0.117360875,0.00032037217,0.0,0.0,0.0,0.0,0.0,0.0,0.0,0.0,-0.031050395,0.0,0.0017642535,0.0,0.0,0.0,0.0,-0.028543388,0.003149665,-0.15619947,-1.316435,0.0,0.0,0.0,0.0,0.0,0.0,0.0,0.0,0.29686287,-0.1384481,0.0,0.0,0.0,0.0,0.0,0.0,0.0,0.0,0.0,0.0,0.0,0.0,0.0,0.0,0.0,0.0,0.0,-1.6229231,-0.15540066,-0.20186183,-5.315678,0.0,0.0,0.0,0.0,0.0,0.0,0.0,0.0
-3.6424062,0.0,-1.6271869,0.0,0.0,-0.023257487,0.0,0.0,0.0,0.0,0.0,0.0,0.0,0.0,0.0,0.0,0.105810985,-0.089379326,0.14738955,-0.12285965,0.0,0.0,0.0,0.0,0.0,0.0,0.0,0.0,0.018172232,0.0,-0.11993132,0.0,0.0,0.0,0.0,0.0060807792,0.003149665,-0.3905421,-1.6748254,0.0,0.0,0.0,0.0,0.0,0.0,0.0,0.0,-0.26020104,-0.1384481,0.0,0.0,0.0,0.0,0.0,0.0,0.0,0.0,0.0,0.0,0.0,0.0,0.0,0.0,0.0,0.0,0.0,-1.6229231,0.118511975,-0.20186183,-3.901936,0.0,0.0,0.0,0.0,0.0,0.0,0.0,0.0
1.7505748,0.0,0.007221514,0.0,0.0,-0.01826588,0.0,0.0,0.0,0.0,0.0,0.0,0.0,0.0,0.0,0.0,-0.2165885,0.0038599444,-0.117360875,0.001491507,0.0,0.0,0.0,0.0,0.0,0.0,0.0,0.0,-0.024085382,0.0,0.005423653,0.0,0.0,0.0,0.0,0.028020248,0.009567602,0.23362368,1.7269845,0.0,0.0,0.0,0.0,0.0,0.0,0.0,0.0,-0.26020104,-0.048740946,0.0,0.0,0.0,0.0,0.0,0.0,0.0,0.0,0.0,0.0,0.0,0.0,0.0,0.0,0.0,0.0,0.0,1.3057003,-0.15540066,-0.07689339,9.868058,0.0,0.0,0.0,0.0,0.0,0.0,0.0,0.0
-4.883086,0.0,0.0014946812,0.0,0.0,-0.023257487,0.0,0.0,0.0,0.0,0.0,0.0,0.0,0.0,0.0,0.0,0.22088169,0.0010259486,0.14738955,0.00032037217,0.0,0.0,0.0,0.0,0.0,0.0,0.0,0.0,-0.031050395,0.0,-0.18059574,0.0,0.0,0.0,0.0,-0.028543388,0.003149665,-0.090403646,-1.316435,0.0,0.0,0.0,0.0,0.0,0.0,0.0,0.0,0.29686287,-0.1384481,0.0,0.0,0.0,0.0,0.0,0.0,0.0,0.0,0.0,0.0,0.0,0.0,0.0,0.0,0.0,0.0,0.0,-1.6229231,-0.15540066,-0.20186183,-5.132611,0.0,0.0,0.0,0.0,0.0,0.0,0.0,0.0
1.7505748,0.0,0.007221514,0.0,0.0,-0.01826588,0.0,0.0,0.0,0.0,0.0,0.0,0.0,0.0,0.0,0.0,-0.2165885,0.0038599444,-0.117360875,0.001491507,0.0,0.0,0.0,0.0,0.0,0.0,0.0,0.0,-0.024085382,0.0,0.005423653,0.0,0.0,0.0,0.0,0.028020248,0.009567602,0.23362368,1.7269845,0.0,0.0,0.0,0.0,0.0,0.0,0.0,0.0,-0.26020104,-0.048740946,0.0,0.0,0.0,0.0,0.0,0.0,0.0,0.0,0.0,0.0,0.0,0.0,0.0,0.0,0.0,0.0,0.0,1.3057003,-0.15540066,-0.07689339,9.868058,0.0,0.0,0.0,0.0,0.0,0.0,0.0,0.0
-3.6424062,0.0,-1.6271869,0.0,0.0,-0.023257487,0.0,0.0,0.0,0.0,0.0,0.0,0.0,0.0,0.0,0.0,0.105810985,-0.089379326,0.14738955,-0.12285965,0.0,0.0,0.0,0.0,0.0,0.0,0.0,0.0,0.018172232,0.0,-0.11993132,0.0,0.0,0.0,0.0,0.0060807792,0.003149665,-0.3905421,-1.6748254,0.0,0.0,0.0,0.0,0.0,0.0,0.0,0.0,-0.26020104,-0.1384481,0.0,0.0,0.0,0.0,0.0,0.0,0.0,0.0,0.0,0.0,0.0,0.0,0.0,0.0,0.0,0.0,0.0,-1.6229231,0.118511975,-0.20186183,-3.901936,0.0,0.0,0.0,0.0,0.0,0.0,0.0,0.0
-3.6424062,0.0,-1.6271869,0.0,0.0,-0.023257487,0.0,0.0,0.0,0.0,0.0,0.0,0.0,0.0,0.0,0.0,0.105810985,-0.10930079,0.14738955,-0.12285965,0.0,0.0,0.0,0.0,0.0,0.0,0.0,0.0,0.018172232,0.0,0.0011707973,0.0,0.0,0.0,0.0,0.0060807792,0.003149665,-0.43117172,-1.6748254,0.0,0.0,0.0,0.0,0.0,0.0,0.0,0.0,-0.26020104,-0.1384481,0.0,0.0,0.0,0.0,0.0,0.0,0.0,0.0,0.0,0.0,0.0,0.0,0.0,0.0,0.0,0.0,0.0,-1.6229231,-0.15540066,-0.20186183,-3.9624875,0.0,0.0,0.0,0.0,0.0,0.0,0.0,0.0
-4.883086,0.0,0.0014946812,0.0,0.0,-0.023257487,0.0,0.0,0.0,0.0,0.0,0.0,0.0,0.0,0.0,0.0,0.22088169,0.0010259486,0.14738955,0.00032037217,0.0,0.0,0.0,0.0,0.0,0.0,0.0,0.0,-0.031050395,0.0,-0.18059574,0.0,0.0,0.0,0.0,-0.028543388,0.003149665,-0.090403646,-1.316435,0.0,0.0,0.0,0.0,0.0,0.0,0.0,0.0,0.29686287,-0.1384481,0.0,0.0,0.0,0.0,0.0,0.0,0.0,0.0,0.0,0.0,0.0,0.0,0.0,0.0,0.0,0.0,0.0,-1.6229231,-0.15540066,-0.20186183,-5.132611,0.0,0.0,0.0,0.0,0.0,0.0,0.0,0.0
-3.6424062,0.0,-1.6271869,0.0,0.0,-0.023257487,0.0,0.0,0.0,0.0,0.0,0.0,0.0,0.0,0.0,0.0,0.105810985,-0.089379326,0.14738955,-0.12285965,0.0,0.0,0.0,0.0,0.0,0.0,0.0,0.0,0.018172232,0.0,-0.11993132,0.0,0.0,0.0,0.0,0.0060807792,0.003149665,-0.3905421,-1.6748254,0.0,0.0,0.0,0.0,0.0,0.0,0.0,0.0,-0.26020104,-0.1384481,0.0,0.0,0.0,0.0,0.0,0.0,0.0,0.0,0.0,0.0,0.0,0.0,0.0,0.0,0.0,0.0,0.0,-1.6229231,-0.15540066,-0.20186183,-3.901936,0.0,0.0,0.0,0.0,0.0,0.0,0.0,0.0
-4.5061283,0.0,0.0014946812,0.0,0.0,-0.023257487,0.0,0.0,0.0,0.0,0.0,0.0,0.0,0.0,0.0,0.0,0.11801937,-0.089379326,0.14738955,0.00032037217,0.0,0.0,0.0,0.0,0.0,0.0,0.0,0.0,-0.031050395,0.0,-0.11993132,0.0,0.0,0.0,0.0,-0.018336069,0.003149665,-0.40990752,-1.6748254,0.0,0.0,0.0,0.0,0.0,0.0,0.0,0.0,0.29686287,-0.1384481,0.0,0.0,0.0,0.0,0.0,0.0,0.0,0.0,0.0,0.0,0.0,0.0,0.0,0.0,0.0,0.0,0.0,-1.6229231,-0.15540066,-0.20186183,-4.709278,0.0,0.0,0.0,0.0,0.0,0.0,0.0,0.0
-3.7039962,0.0,-1.6271869,0.0,0.0,-0.023257487,0.0,0.0,0.0,0.0,0.0,0.0,0.0,0.0,0.0,0.0,0.105810985,-0.089379326,0.14738955,0.00032037217,0.0,0.0,0.0,0.0,0.0,0.0,0.0,0.0,-0.031050395,0.0,-0.11993132,0.0,0.0,0.0,0.0,0.0060807792,0.003149665,-0.40990752,-1.6748254,0.0,0.0,0.0,0.0,0.0,0.0,0.0,0.0,-0.26020104,-0.1384481,0.0,0.0,0.0,0.0,0.0,0.0,0.0,0.0,0.0,0.0,0.0,0.0,0.0,0.0,0.0,0.0,0.0,-1.6229231,0.118511975,-0.20186183,-3.894938,0.0,0.0,0.0,0.0,0.0,0.0,0.0,0.0
-3.6424062,0.0,-1.6271869,0.0,0.0,-0.023257487,0.0,0.0,0.0,0.0,0.0,0.0,0.0,0.0,0.0,0.0,0.105810985,-0.089379326,0.14738955,-0.12285965,0.0,0.0,0.0,0.0,0.0,0.0,0.0,0.0,0.018172232,0.0,-0.11993132,0.0,0.0,0.0,0.0,0.0060807792,0.003149665,-0.3905421,-1.6748254,0.0,0.0,0.0,0.0,0.0,0.0,0.0,0.0,-0.26020104,-0.1384481,0.0,0.0,0.0,0.0,0.0,0.0,0.0,0.0,0.0,0.0,0.0,0.0,0.0,0.0,0.0,0.0,0.0,-1.6229231,0.118511975,-0.20186183,-3.901936,0.0,0.0,0.0,0.0,0.0,0.0,0.0,0.0
-4.883086,0.0,0.0014946812,0.0,0.0,-0.023257487,0.0,0.0,0.0,0.0,0.0,0.0,0.0,0.0,0.0,0.0,0.22088169,0.0010259486,0.14738955,0.00032037217,0.0,0.0,0.0,0.0,0.0,0.0,0.0,0.0,-0.031050395,0.0,-0.18059574,0.0,0.0,0.0,0.0,-0.028543388,0.003149665,-0.090403646,-1.316435,0.0,0.0,0.0,0.0,0.0,0.0,0.0,0.0,0.29686287,-0.1384481,0.0,0.0,0.0,0.0,0.0,0.0,0.0,0.0,0.0,0.0,0.0,0.0,0.0,0.0,0.0,0.0,0.0,-1.6229231,-0.15540066,-0.20186183,-5.132611,0.0,0.0,0.0,0.0,0.0,0.0,0.0,0.0
-10.8480835,0.0,0.003147616,0.0,0.0,-0.07818855,0.0,0.0,0.0,0.0,0.0,0.0,0.0,0.0,0.0,0.0,0.07121317,-0.33627352,-0.117360875,-0.25144517,0.0,0.0,0.0,0.0,0.0,0.0,0.0,0.0,-0.11050473,0.0,0.0023795264,0.0,0.0,0.0,0.0,-0.018336069,0.003149665,-1.3789413,-1.7805892,0.0,0.0,0.0,0.0,0.0,0.0,0.0,0.0,0.29686287,0.13651976,0.0,0.0,0.0,0.0,0.0,0.0,0.0,0.0,0.0,0.0,0.0,0.0,0.0,0.0,0.0,0.0,0.0,-1.5415614,-0.15540066,-0.20186183,5.2853603,0.0,0.0,0.0,0.0,0.0,0.0,0.0,0.0
1.6226876,0.0,0.007221514,0.0,0.0,-0.01826588,0.0,0.0,0.0,0.0,0.0,0.0,0.0,0.0,0.0,0.0,-0.2232073,0.0038599444,-0.117360875,0.001491507,0.0,0.0,0.0,0.0,0.0,0.0,0.0,0.0,-0.024085382,0.0,0.005423653,0.0,0.0,0.0,0.0,-0.08449265,0.009567602,0.23362368,1.9590354,0.0,0.0,0.0,0.0,0.0,0.0,0.0,0.0,0.29686287,0.13651976,0.0,0.0,0.0,0.0,0.0,0.0,0.0,0.0,0.0,0.0,0.0,0.0,0.0,0.0,0.0,0.0,0.0,-1.5177667,0.118511975,-0.07689339,9.868058,0.0,0.0,0.0,0.0,0.0,0.0,0.0,0.0
1.7505748,0.0,0.007221514,0.0,0.0,-0.01826588,0.0,0.0,0.0,0.0,0.0,0.0,0.0,0.0,0.0,0.0,-0.2165885,0.0038599444,-0.117360875,0.001491507,0.0,0.0,0.0,0.0,0.0,0.0,0.0,0.0,-0.024085382,0.0,0.005423653,0.0,0.0,0.0,0.0,0.028020248,0.009567602,0.23362368,1.7269845,0.0,0.0,0.0,0.0,0.0,0.0,0.0,0.0,-0.26020104,-0.048740946,0.0,0.0,0.0,0.0,0.0,0.0,0.0,0.0,0.0,0.0,0.0,0.0,0.0,0.0,0.0,0.0,0.0,1.3057003,-0.15540066,-0.07689339,9.868058,0.0,0.0,0.0,0.0,0.0,0.0,0.0,0.0
-4.883086,0.0,0.0014946812,0.0,0.0,-0.023257487,0.0,0.0,0.0,0.0,0.0,0.0,0.0,0.0,0.0,0.0,0.22088169,0.0012546185,-0.117360875,0.00032037217,0.0,0.0,0.0,0.0,0.0,0.0,0.0,0.0,-0.031050395,0.0,0.0017642535,0.0,0.0,0.0,0.0,-0.028543388,0.003149665,-0.15619947,-1.316435,0.0,0.0,0.0,0.0,0.0,0.0,0.0,0.0,0.29686287,-0.1384481,0.0,0.0,0.0,0.0,0.0,0.0,0.0,0.0,0.0,0.0,0.0,0.0,0.0,0.0,0.0,0.0,0.0,-1.6229231,-0.15540066,-0.20186183,-5.315678,0.0,0.0,0.0,0.0,0.0,0.0,0.0,0.0
1.7505748,0.0,0.007221514,0.0,0.0,-0.07818855,0.0,0.0,0.0,0.0,0.0,0.0,0.0,0.0,0.0,0.0,0.23856746,0.0038599444,0.14738955,0.001491507,0.0,0.0,0.0,0.0,0.0,0.0,0.0,0.0,0.06467286,0.0,0.005423653,0.0,0.0,0.0,0.0,0.028020248,0.009567602,-0.37073654,-0.9718683,0.0,0.0,0.0,0.0,0.0,0.0,0.0,0.0,-0.26020104,-0.048740946,0.0,0.0,0.0,0.0,0.0,0.0,0.0,0.0,0.0,0.0,0.0,0.0,0.0,0.0,0.0,0.0,0.0,1.5063707,0.118511975,0.49909496,9.725439,0.0,0.0,0.0,0.0,0.0,0.0,0.0,0.0
-4.5031953,0.0,0.0014946812,0.0,0.0,-0.009802495,0.0,0.0,0.0,0.0,0.0,0.0,0.0,0.0,0.0,0.0,0.22226559,0.0012546185,0.14738955,0.00032037217,0.0,0.0,0.0,0.0,0.0,0.0,0.0,0.0,-0.012556249,0.0,0.0017642535,0.0,0.0,0.0,0.0,0.009465825,-0.10885771,0.10223992,-1.6748254,0.0,0.0,0.0,0.0,0.0,0.0,0.0,0.0,0.29686287,0.13651976,0.0,0.0,0.0,0.0,0.0,0.0,0.0,0.0,0.0,0.0,0.0,0.0,0.0,0.0,0.0,0.0,0.0,-1.5415614,-0.15540066,-0.20186183,-5.445202,0.0,0.0,0.0,0.0,0.0,0.0,0.0,0.0
1.7505748,0.0,0.007221514,0.0,0.0,-0.01826588,0.0,0.0,0.0,0.0,0.0,0.0,0.0,0.0,0.0,0.0,-0.2165885,0.0038599444,-0.117360875,0.001491507,0.0,0.0,0.0,0.0,0.0,0.0,0.0,0.0,-0.024085382,0.0,0.005423653,0.0,0.0,0.0,0.0,0.028020248,0.009567602,0.23362368,1.7269845,0.0,0.0,0.0,0.0,0.0,0.0,0.0,0.0,-0.26020104,-0.048740946,0.0,0.0,0.0,0.0,0.0,0.0,0.0,0.0,0.0,0.0,0.0,0.0,0.0,0.0,0.0,0.0,0.0,1.3057003,-0.15540066,-0.07689339,9.868058,0.0,0.0,0.0,0.0,0.0,0.0,0.0,0.0
-3.5303988,0.0,-1.6271869,0.0,0.0,-0.023257487,0.0,0.0,0.0,0.0,0.0,0.0,0.0,0.0,0.0,0.0,0.105810985,-0.10930079,-0.117360875,-0.12285965,0.0,0.0,0.0,0.0,0.0,0.0,0.0,0.0,-0.031050395,0.0,0.0011707973,0.0,0.0,0.0,0.0,0.0060807792,-0.10885771,-0.45053715,-1.6748254,0.0,0.0,0.0,0.0,0.0,0.0,0.0,0.0,0.29686287,0.13651976,0.0,0.0,0.0,0.0,0.0,0.0,0.0,0.0,0.0,0.0,0.0,0.0,0.0,0.0,0.0,0.0,0.0,-1.5415614,-0.15540066,-0.20186183,-3.8938994,0.0,0.0,0.0,0.0,0.0,0.0,0.0,0.0
-3.6424062,0.0,-1.6271869,0.0,0.0,-0.023257487,0.0,0.0,0.0,0.0,0.0,0.0,0.0,0.0,0.0,0.0,0.105810985,-0.10930079,0.14738955,-0.12285965,0.0,0.0,0.0,0.0,0.0,0.0,0.0,0.0,0.018172232,0.0,0.0011707973,0.0,0.0,0.0,0.0,0.0060807792,0.003149665,-0.43117172,-1.6748254,0.0,0.0,0.0,0.0,0.0,0.0,0.0,0.0,-0.26020104,-0.1384481,0.0,0.0,0.0,0.0,0.0,0.0,0.0,0.0,0.0,0.0,0.0,0.0,0.0,0.0,0.0,0.0,0.0,-1.6229231,-0.15540066,-0.20186183,-3.9624875,0.0,0.0,0.0,0.0,0.0,0.0,0.0,0.0
-3.6424062,0.0,-1.6271869,0.0,0.0,-0.023257487,0.0,0.0,0.0,0.0,0.0,0.0,0.0,0.0,0.0,0.0,0.105810985,-0.089379326,0.14738955,-0.12285965,0.0,0.0,0.0,0.0,0.0,0.0,0.0,0.0,0.018172232,0.0,-0.11993132,0.0,0.0,0.0,0.0,0.0060807792,0.003149665,-0.3905421,-1.6748254,0.0,0.0,0.0,0.0,0.0,0.0,0.0,0.0,-0.26020104,-0.1384481,0.0,0.0,0.0,0.0,0.0,0.0,0.0,0.0,0.0,0.0,0.0,0.0,0.0,0.0,0.0,0.0,0.0,-1.6229231,0.118511975,-0.20186183,-3.901936,0.0,0.0,0.0,0.0,0.0,0.0,0.0,0.0
-4.5061283,0.0,0.0014946812,0.0,0.0,-0.023257487,0.0,0.0,0.0,0.0,0.0,0.0,0.0,0.0,0.0,0.0,0.11801937,-0.089379326,0.14738955,0.00032037217,0.0,0.0,0.0,0.0,0.0,0.0,0.0,0.0,-0.031050395,0.0,-0.11993132,0.0,0.0,0.0,0.0,-0.018336069,0.003149665,-0.40990752,-1.6748254,0.0,0.0,0.0,0.0,0.0,0.0,0.0,0.0,0.29686287,-0.1384481,0.0,0.0,0.0,0.0,0.0,0.0,0.0,0.0,0.0,0.0,0.0,0.0,0.0,0.0,0.0,0.0,0.0,-1.6229231,-0.15540066,-0.20186183,-4.709278,0.0,0.0,0.0,0.0,0.0,0.0,0.0,0.0
-4.883086,0.0,0.0014946812,0.0,0.0,-0.009802495,0.0,0.0,0.0,0.0,0.0,0.0,0.0,0.0,0.0,0.0,-0.45953783,0.0012546185,-0.117360875,0.00032037217,0.0,0.0,0.0,0.0,0.0,0.0,0.0,0.0,-0.012556249,0.0,0.0017642535,0.0,0.0,0.0,0.0,-0.028543388,0.003149665,0.10223992,1.0625366,0.0,0.0,0.0,0.0,0.0,0.0,0.0,0.0,0.29686287,0.13651976,0.0,0.0,0.0,0.0,0.0,0.0,0.0,0.0,0.0,0.0,0.0,0.0,0.0,0.0,0.0,0.0,0.0,-1.4550607,0.118511975,-0.07689339,-5.496316,0.0,0.0,0.0,0.0,0.0,0.0,0.0,0.0
1.6226876,0.0,0.007221514,0.0,0.0,-0.01826588,0.0,0.0,0.0,0.0,0.0,0.0,0.0,0.0,0.0,0.0,-0.2232073,0.0038599444,-0.117360875,0.001491507,0.0,0.0,0.0,0.0,0.0,0.0,0.0,0.0,-0.024085382,0.0,0.005423653,0.0,0.0,0.0,0.0,-0.08449265,0.009567602,0.23362368,1.9590354,0.0,0.0,0.0,0.0,0.0,0.0,0.0,0.0,0.29686287,0.13651976,0.0,0.0,0.0,0.0,0.0,0.0,0.0,0.0,0.0,0.0,0.0,0.0,0.0,0.0,0.0,0.0,0.0,-1.5177667,0.118511975,-0.07689339,9.868058,0.0,0.0,0.0,0.0,0.0,0.0,0.0,0.0
-3.6424062,0.0,-1.6271869,0.0,0.0,-0.023257487,0.0,0.0,0.0,0.0,0.0,0.0,0.0,0.0,0.0,0.0,0.105810985,-0.089379326,0.14738955,-0.12285965,0.0,0.0,0.0,0.0,0.0,0.0,0.0,0.0,0.018172232,0.0,-0.11993132,0.0,0.0,0.0,0.0,0.0060807792,0.003149665,-0.3905421,-1.6748254,0.0,0.0,0.0,0.0,0.0,0.0,0.0,0.0,-0.26020104,-0.1384481,0.0,0.0,0.0,0.0,0.0,0.0,0.0,0.0,0.0,0.0,0.0,0.0,0.0,0.0,0.0,0.0,0.0,-1.6229231,0.118511975,-0.20186183,-3.901936,0.0,0.0,0.0,0.0,0.0,0.0,0.0,0.0
-4.5061283,0.0,0.0014946812,0.0,0.0,-0.023257487,0.0,0.0,0.0,0.0,0.0,0.0,0.0,0.0,0.0,0.0,0.11801937,-0.10930079,-0.117360875,0.00032037217,0.0,0.0,0.0,0.0,0.0,0.0,0.0,0.0,-0.031050395,0.0,0.0011707973,0.0,0.0,0.0,0.0,-0.018336069,0.003149665,-0.45053715,-1.6748254,0.0,0.0,0.0,0.0,0.0,0.0,0.0,0.0,0.29686287,-0.1384481,0.0,0.0,0.0,0.0,0.0,0.0,0.0,0.0,0.0,0.0,0.0,0.0,0.0,0.0,0.0,0.0,0.0,-1.6229231,-0.15540066,-0.20186183,-4.7698293,0.0,0.0,0.0,0.0,0.0,0.0,0.0,0.0
1.7505748,0.0,0.007221514,0.0,0.0,-0.01826588,0.0,0.0,0.0,0.0,0.0,0.0,0.0,0.0,0.0,0.0,-0.2165885,0.0038599444,-0.117360875,0.001491507,0.0,0.0,0.0,0.0,0.0,0.0,0.0,0.0,-0.024085382,0.0,0.005423653,0.0,0.0,0.0,0.0,0.028020248,0.009567602,0.23362368,1.7269845,0.0,0.0,0.0,0.0,0.0,0.0,0.0,0.0,-0.26020104,-0.048740946,0.0,0.0,0.0,0.0,0.0,0.0,0.0,0.0,0.0,0.0,0.0,0.0,0.0,0.0,0.0,0.0,0.0,1.3057003,-0.15540066,-0.07689339,9.868058,0.0,0.0,0.0,0.0,0.0,0.0,0.0,0.0
1.7505748,0.0,0.007221514,0.0,0.0,-0.07818855,0.0,0.0,0.0,0.0,0.0,0.0,0.0,0.0,0.0,0.0,0.23856746,0.0038599444,0.14738955,0.001491507,0.0,0.0,0.0,0.0,0.0,0.0,0.0,0.0,-0.11050473,0.0,0.005423653,0.0,0.0,0.0,0.0,0.028020248,0.009567602,-0.280277,-0.9718683,0.0,0.0,0.0,0.0,0.0,0.0,0.0,0.0,-0.26020104,-0.048740946,0.0,0.0,0.0,0.0,0.0,0.0,0.0,0.0,0.0,0.0,0.0,0.0,0.0,0.0,0.0,0.0,0.0,1.5063707,0.118511975,0.49909496,9.726961,0.0,0.0,0.0,0.0,0.0,0.0,0.0,0.0
1.6226876,0.0,0.007221514,0.0,0.0,-0.01826588,0.0,0.0,0.0,0.0,0.0,0.0,0.0,0.0,0.0,0.0,-0.2232073,0.0038599444,-0.117360875,0.001491507,0.0,0.0,0.0,0.0,0.0,0.0,0.0,0.0,-0.024085382,0.0,0.005423653,0.0,0.0,0.0,0.0,-0.08449265,0.009567602,0.23362368,1.9590354,0.0,0.0,0.0,0.0,0.0,0.0,0.0,0.0,0.29686287,0.13651976,0.0,0.0,0.0,0.0,0.0,0.0,0.0,0.0,0.0,0.0,0.0,0.0,0.0,0.0,0.0,0.0,0.0,-1.5177667,0.118511975,-0.07689339,9.868058,0.0,0.0,0.0,0.0,0.0,0.0,0.0,0.0
1.7505748,0.0,0.007221514,0.0,0.0,-0.01826588,0.0,0.0,0.0,0.0,0.0,0.0,0.0,0.0,0.0,0.0,-0.2165885,0.0038599444,-0.117360875,0.001491507,0.0,0.0,0.0,0.0,0.0,0.0,0.0,0.0,-0.024085382,0.0,0.005423653,0.0,0.0,0.0,0.0,0.028020248,0.009567602,0.23362368,1.5555501,0.0,0.0,0.0,0.0,0.0,0.0,0.0,0.0,-0.26020104,-0.048740946,0.0,0.0,0.0,0.0,0.0,0.0,0.0,0.0,0.0,0.0,0.0,0.0,0.0,0.0,0.0,0.0,0.0,1.3985182,-0.15540066,-0.07689339,9.868058,0.0,0.0,0.0,0.0,0.0,0.0,0.0,0.0
-4.5061283,0.0,0.0014946812,0.0,0.0,-0.023257487,0.0,0.0,0.0,0.0,0.0,0.0,0.0,0.0,0.0,0.0,0.11801937,-0.10930079,-0.117360875,0.00032037217,0.0,0.0,0.0,0.0,0.0,0.0,0.0,0.0,-0.031050395,0.0,0.0011707973,0.0,0.0,0.0,0.0,-0.018336069,0.003149665,-0.45053715,-1.6748254,0.0,0.0,0.0,0.0,0.0,0.0,0.0,0.0,0.29686287,-0.1384481,0.0,0.0,0.0,0.0,0.0,0.0,0.0,0.0,0.0,0.0,0.0,0.0,0.0,0.0,0.0,0.0,0.0,-1.6229231,-0.15540066,-0.20186183,-4.7698293,0.0,0.0,0.0,0.0,0.0,0.0,0.0,0.0
-3.6424062,0.0,-1.6271869,0.0,0.0,-0.023257487,0.0,0.0,0.0,0.0,0.0,0.0,0.0,0.0,0.0,0.0,0.105810985,-0.089379326,0.14738955,-0.12285965,0.0,0.0,0.0,0.0,0.0,0.0,0.0,0.0,0.018172232,0.0,-0.11993132,0.0,0.0,0.0,0.0,0.0060807792,0.003149665,-0.3905421,-1.6748254,0.0,0.0,0.0,0.0,0.0,0.0,0.0,0.0,-0.26020104,-0.1384481,0.0,0.0,0.0,0.0,0.0,0.0,0.0,0.0,0.0,0.0,0.0,0.0,0.0,0.0,0.0,0.0,0.0,-1.6229231,0.118511975,-0.20186183,-3.901936,0.0,0.0,0.0,0.0,0.0,0.0,0.0,0.0
1.6824173,0.0,0.007221514,0.0,0.0,0.07304284,0.0,0.0,0.0,0.0,0.0,0.0,0.0,0.0,0.0,0.0,0.23856746,0.0038599444,0.14738955,0.001491507,0.0,0.0,0.0,0.0,0.0,0.0,0.0,0.0,0.06467286,0.0,0.005423653,0.0,0.0,0.0,0.0,0.028020248,0.009567602,-0.11610402,-1.1855079,0.0,0.0,0.0,0.0,0.0,0.0,0.0,0.0,-0.26020104,-0.048740946,0.0,0.0,0.0,0.0,0.0,0.0,0.0,0.0,0.0,0.0,0.0,0.0,0.0,0.0,0.0,0.0,0.0,1.5063707,0.118511975,0.49909496,9.829046,0.0,0.0,0.0,0.0,0.0,0.0,0.0,0.0
-4.5031953,0.0,0.0014946812,0.0,0.0,-0.023257487,0.0,0.0,0.0,0.0,0.0,0.0,0.0,0.0,0.0,0.0,0.22226559,0.0012546185,-0.117360875,0.00032037217,0.0,0.0,0.0,0.0,0.0,0.0,0.0,0.0,-0.031050395,0.0,0.0017642535,0.0,0.0,0.0,0.0,0.009465825,-0.10885771,-0.15619947,-1.6748254,0.0,0.0,0.0,0.0,0.0,0.0,0.0,0.0,0.29686287,0.13651976,0.0,0.0,0.0,0.0,0.0,0.0,0.0,0.0,0.0,0.0,0.0,0.0,0.0,0.0,0.0,0.0,0.0,-1.5415614,-0.15540066,-0.20186183,-5.264564,0.0,0.0,0.0,0.0,0.0,0.0,0.0,0.0
-4.5061283,0.0,0.0014946812,0.0,0.0,-0.023257487,0.0,0.0,0.0,0.0,0.0,0.0,0.0,0.0,0.0,0.0,0.11801937,-0.089379326,0.14738955,0.00032037217,0.0,0.0,0.0,0.0,0.0,0.0,0.0,0.0,-0.031050395,0.0,-0.11993132,0.0,0.0,0.0,0.0,-0.018336069,0.003149665,-0.40990752,-1.6748254,0.0,0.0,0.0,0.0,0.0,0.0,0.0,0.0,0.29686287,-0.1384481,0.0,0.0,0.0,0.0,0.0,0.0,0.0,0.0,0.0,0.0,0.0,0.0,0.0,0.0,0.0,0.0,0.0,-1.6229231,-0.15540066,-0.20186183,-4.709278,0.0,0.0,0.0,0.0,0.0,0.0,0.0,0.0
-4.5031953,0.0,0.0014946812,0.0,0.0,-0.023257487,0.0,0.0,0.0,0.0,0.0,0.0,0.0,0.0,0.0,0.0,0.22226559,0.0012546185,0.14738955,0.00032037217,0.0,0.0,0.0,0.0,0.0,0.0,0.0,0.0,-0.031050395,0.0,0.0017642535,0.0,0.0,0.0,0.0,0.009465825,-0.10885771,-0.15619947,-1.6748254,0.0,0.0,0.0,0.0,0.0,0.0,0.0,0.0,0.29686287,0.13651976,0.0,0.0,0.0,0.0,0.0,0.0,0.0,0.0,0.0,0.0,0.0,0.0,0.0,0.0,0.0,0.0,0.0,-1.5415614,-0.15540066,-0.20186183,-5.264564,0.0,0.0,0.0,0.0,0.0,0.0,0.0,0.0
-3.6424062,0.0,-1.6271869,0.0,0.0,-0.023257487,0.0,0.0,0.0,0.0,0.0,0.0,0.0,0.0,0.0,0.0,0.105810985,-0.089379326,0.14738955,-0.12285965,0.0,0.0,0.0,0.0,0.0,0.0,0.0,0.0,0.018172232,0.0,-0.11993132,0.0,0.0,0.0,0.0,0.0060807792,0.003149665,-0.3905421,-1.6748254,0.0,0.0,0.0,0.0,0.0,0.0,0.0,0.0,-0.26020104,-0.1384481,0.0,0.0,0.0,0.0,0.0,0.0,0.0,0.0,0.0,0.0,0.0,0.0,0.0,0.0,0.0,0.0,0.0,-1.6229231,0.118511975,-0.20186183,-3.901936,0.0,0.0,0.0,0.0,0.0,0.0,0.0,0.0
-4.883086,0.0,0.0014946812,0.0,0.0,-0.023257487,0.0,0.0,0.0,0.0,0.0,0.0,0.0,0.0,0.0,0.0,0.22088169,0.0012546185,-0.117360875,0.00032037217,0.0,0.0,0.0,0.0,0.0,0.0,0.0,0.0,-0.031050395,0.0,0.0017642535,0.0,0.0,0.0,0.0,-0.028543388,0.003149665,-0.15619947,-1.316435,0.0,0.0,0.0,0.0,0.0,0.0,0.0,0.0,0.29686287,-0.1384481,0.0,0.0,0.0,0.0,0.0,0.0,0.0,0.0,0.0,0.0,0.0,0.0,0.0,0.0,0.0,0.0,0.0,-1.6229231,-0.15540066,-0.20186183,-5.315678,0.0,0.0,0.0,0.0,0.0,0.0,0.0,0.0
-3.6424062,0.0,-1.6271869,0.0,0.0,-0.023257487,0.0,0.0,0.0,0.0,0.0,0.0,0.0,0.0,0.0,0.0,0.105810985,-0.10930079,0.14738955,-0.12285965,0.0,0.0,0.0,0.0,0.0,0.0,0.0,0.0,-0.031050395,0.0,0.0011707973,0.0,0.0,0.0,0.0,0.0060807792,0.003149665,-0.45053715,-1.6748254,0.0,0.0,0.0,0.0,0.0,0.0,0.0,0.0,-0.26020104,-0.1384481,0.0,0.0,0.0,0.0,0.0,0.0,0.0,0.0,0.0,0.0,0.0,0.0,0.0,0.0,0.0,0.0,0.0,-1.6229231,-0.15540066,-0.20186183,-3.8938994,0.0,0.0,0.0,0.0,0.0,0.0,0.0,0.0
-4.5061283,0.0,0.0014946812,0.0,0.0,-0.023257487,0.0,0.0,0.0,0.0,0.0,0.0,0.0,0.0,0.0,0.0,0.11801937,-0.10930079,-0.117360875,0.00032037217,0.0,0.0,0.0,0.0,0.0,0.0,0.0,0.0,-0.031050395,0.0,0.0011707973,0.0,0.0,0.0,0.0,-0.018336069,0.003149665,-0.45053715,-1.6748254,0.0,0.0,0.0,0.0,0.0,0.0,0.0,0.0,0.29686287,0.13651976,0.0,0.0,0.0,0.0,0.0,0.0,0.0,0.0,0.0,0.0,0.0,0.0,0.0,0.0,0.0,0.0,0.0,-1.5415614,0.118511975,-0.20186183,-4.7698293,0.0,0.0,0.0,0.0,0.0,0.0,0.0,0.0
-4.5061283,0.0,0.0014946812,0.0,0.0,-0.023257487,0.0,0.0,0.0,0.0,0.0,0.0,0.0,0.0,0.0,0.0,0.11801937,0.0012546185,-0.117360875,0.00032037217,0.0,0.0,0.0,0.0,0.0,0.0,0.0,0.0,-0.031050395,0.0,0.0014535065,0.0,0.0,0.0,0.0,-0.018336069,0.003149665,-0.3329435,-1.6748254,0.0,0.0,0.0,0.0,0.0,0.0,0.0,0.0,0.29686287,-0.1384481,0.0,0.0,0.0,0.0,0.0,0.0,0.0,0.0,0.0,0.0,0.0,0.0,0.0,0.0,0.0,0.0,0.0,-1.6229231,-0.15540066,-0.20186183,-4.998261,0.0,0.0,0.0,0.0,0.0,0.0,0.0,0.0
1.7505748,0.0,0.007221514,0.0,0.0,-0.01826588,0.0,0.0,0.0,0.0,0.0,0.0,0.0,0.0,0.0,0.0,-0.2165885,0.0038599444,-0.117360875,0.001491507,0.0,0.0,0.0,0.0,0.0,0.0,0.0,0.0,-0.024085382,0.0,0.005423653,0.0,0.0,0.0,0.0,0.028020248,0.009567602,0.23362368,1.7269845,0.0,0.0,0.0,0.0,0.0,0.0,0.0,0.0,-0.26020104,-0.048740946,0.0,0.0,0.0,0.0,0.0,0.0,0.0,0.0,0.0,0.0,0.0,0.0,0.0,0.0,0.0,0.0,0.0,1.3057003,-0.15540066,-0.07689339,9.868058,0.0,0.0,0.0,0.0,0.0,0.0,0.0,0.0
1.7505748,0.0,0.007221514,0.0,0.0,-0.01826588,0.0,0.0,0.0,0.0,0.0,0.0,0.0,0.0,0.0,0.0,-0.2165885,0.0038599444,-0.117360875,0.001491507,0.0,0.0,0.0,0.0,0.0,0.0,0.0,0.0,-0.024085382,0.0,0.005423653,0.0,0.0,0.0,0.0,0.028020248,0.009567602,0.23362368,1.7269845,0.0,0.0,0.0,0.0,0.0,0.0,0.0,0.0,-0.26020104,-0.048740946,0.0,0.0,0.0,0.0,0.0,0.0,0.0,0.0,0.0,0.0,0.0,0.0,0.0,0.0,0.0,0.0,0.0,1.3057003,-0.15540066,-0.07689339,9.868058,0.0,0.0,0.0,0.0,0.0,0.0,0.0,0.0
1.7505748,0.0,0.007221514,0.0,0.0,-0.01826588,0.0,0.0,0.0,0.0,0.0,0.0,0.0,0.0,0.0,0.0,-0.2165885,0.0038599444,-0.117360875,0.001491507,0.0,0.0,0.0,0.0,0.0,0.0,0.0,0.0,-0.024085382,0.0,0.005423653,0.0,0.0,0.0,0.0,0.028020248,0.009567602,0.23362368,1.7269845,0.0,0.0,0.0,0.0,0.0,0.0,0.0,0.0,-0.26020104,-0.048740946,0.0,0.0,0.0,0.0,0.0,0.0,0.0,0.0,0.0,0.0,0.0,0.0,0.0,0.0,0.0,0.0,0.0,1.3057003,-0.15540066,-0.07689339,9.868058,0.0,0.0,0.0,0.0,0.0,0.0,0.0,0.0
-3.5303988,0.0,-1.6271869,0.0,0.0,-0.023257487,0.0,0.0,0.0,0.0,0.0,0.0,0.0,0.0,0.0,0.0,0.105810985,-0.10930079,-0.117360875,-0.12285965,0.0,0.0,0.0,0.0,0.0,0.0,0.0,0.0,-0.031050395,0.0,0.0011707973,0.0,0.0,0.0,0.0,0.0060807792,-0.10885771,-0.45053715,-1.6748254,0.0,0.0,0.0,0.0,0.0,0.0,0.0,0.0,0.29686287,0.13651976,0.0,0.0,0.0,0.0,0.0,0.0,0.0,0.0,0.0,0.0,0.0,0.0,0.0,0.0,0.0,0.0,0.0,-1.5415614,-0.15540066,-0.20186183,-3.8938994,0.0,0.0,0.0,0.0,0.0,0.0,0.0,0.0
-4.883086,0.0,0.0014946812,0.0,0.0,-0.023257487,0.0,0.0,0.0,0.0,0.0,0.0,0.0,0.0,0.0,0.0,0.22088169,0.0012546185,-0.117360875,0.00032037217,0.0,0.0,0.0,0.0,0.0,0.0,0.0,0.0,-0.031050395,0.0,0.0017642535,0.0,0.0,0.0,0.0,-0.028543388,0.003149665,-0.15619947,-1.316435,0.0,0.0,0.0,0.0,0.0,0.0,0.0,0.0,0.29686287,-0.1384481,0.0,0.0,0.0,0.0,0.0,0.0,0.0,0.0,0.0,0.0,0.0,0.0,0.0,0.0,0.0,0.0,0.0,-1.6229231,-0.15540066,-0.20186183,-5.315678,0.0,0.0,0.0,0.0,0.0,0.0,0.0,0.0
-4.922479,0.0,0.0014946812,0.0,0.0,-0.023257487,0.0,0.0,0.0,0.0,0.0,0.0,0.0,0.0,0.0,0.0,0.22226559,0.0012546185,0.14738955,0.00032037217,0.0,0.0,0.0,0.0,0.0,0.0,0.0,0.0,-0.031050395,0.0,0.0017642535,0.0,0.0,0.0,0.0,0.009465825,0.003149665,-0.15619947,-1.316435,0.0,0.0,0.0,0.0,0.0,0.0,0.0,0.0,-0.26020104,-0.1384481,0.0,0.0,0.0,0.0,0.0,0.0,0.0,0.0,0.0,0.0,0.0,0.0,0.0,0.0,0.0,0.0,0.0,-1.6229231,-0.15540066,-0.20186183,-5.315678,0.0,0.0,0.0,0.0,0.0,0.0,0.0,0.0
-4.518337,0.0,0.0014946812,0.0,0.0,-0.023257487,0.0,0.0,0.0,0.0,0.0,0.0,0.0,0.0,0.0,0.0,0.105810985,0.0012546185,0.14738955,0.00032037217,0.0,0.0,0.0,0.0,0.0,0.0,0.0,0.0,0.018172232,0.0,0.0017642535,0.0,0.0,0.0,0.0,0.0060807792,0.003149665,-0.07056004,-1.6748254,0.0,0.0,0.0,0.0,0.0,0.0,0.0,0.0,-0.26020104,-0.1384481,0.0,0.0,0.0,0.0,0.0,0.0,0.0,0.0,0.0,0.0,0.0,0.0,0.0,0.0,0.0,0.0,0.0,-1.6229231,0.118511975,-0.20186183,-5.3101783,0.0,0.0,0.0,0.0,0.0,0.0,0.0,0.0
1.7505748,0.0,0.007221514,0.0,0.0,-0.01826588,0.0,0.0,0.0,0.0,0.0,0.0,0.0,0.0,0.0,0.0,-0.2165885,0.0038599444,-0.117360875,0.001491507,0.0,0.0,0.0,0.0,0.0,0.0,0.0,0.0,-0.024085382,0.0,0.005423653,0.0,0.0,0.0,0.0,0.028020248,0.009567602,0.23362368,1.7269845,0.0,0.0,0.0,0.0,0.0,0.0,0.0,0.0,-0.26020104,-0.048740946,0.0,0.0,0.0,0.0,0.0,0.0,0.0,0.0,0.0,0.0,0.0,0.0,0.0,0.0,0.0,0.0,0.0,1.3057003,-0.15540066,-0.07689339,9.868058,0.0,0.0,0.0,0.0,0.0,0.0,0.0,0.0
-4.883086,0.0,0.0014946812,0.0,0.0,-0.023257487,0.0,0.0,0.0,0.0,0.0,0.0,0.0,0.0,0.0,0.0,0.22088169,0.0012546185,-0.117360875,0.00032037217,0.0,0.0,0.0,0.0,0.0,0.0,0.0,0.0,-0.031050395,0.0,0.0017642535,0.0,0.0,0.0,0.0,-0.028543388,0.003149665,-0.15619947,-1.316435,0.0,0.0,0.0,0.0,0.0,0.0,0.0,0.0,0.29686287,-0.1384481,0.0,0.0,0.0,0.0,0.0,0.0,0.0,0.0,0.0,0.0,0.0,0.0,0.0,0.0,0.0,0.0,0.0,-1.6229231,-0.15540066,-0.20186183,-5.315678,0.0,0.0,0.0,0.0,0.0,0.0,0.0,0.0
-3.6424062,0.0,-1.6271869,0.0,0.0,-0.023257487,0.0,0.0,0.0,0.0,0.0,0.0,0.0,0.0,0.0,0.0,0.105810985,-0.10930079,0.14738955,-0.12285965,0.0,0.0,0.0,0.0,0.0,0.0,0.0,0.0,0.018172232,0.0,0.0011707973,0.0,0.0,0.0,0.0,0.0060807792,0.003149665,-0.43117172,-1.6748254,0.0,0.0,0.0,0.0,0.0,0.0,0.0,0.0,-0.26020104,-0.1384481,0.0,0.0,0.0,0.0,0.0,0.0,0.0,0.0,0.0,0.0,0.0,0.0,0.0,0.0,0.0,0.0,0.0,-1.6229231,-0.15540066,-0.20186183,-3.9624875,0.0,0.0,0.0,0.0,0.0,0.0,0.0,0.0
-4.5031953,0.0,0.0014946812,0.0,0.0,-0.023257487,0.0,0.0,0.0,0.0,0.0,0.0,0.0,0.0,0.0,0.0,0.22226559,0.0012546185,-0.117360875,0.00032037217,0.0,0.0,0.0,0.0,0.0,0.0,0.0,0.0,-0.031050395,0.0,0.0017642535,0.0,0.0,0.0,0.0,0.009465825,-0.10885771,-0.15619947,-1.6748254,0.0,0.0,0.0,0.0,0.0,0.0,0.0,0.0,0.29686287,0.13651976,0.0,0.0,0.0,0.0,0.0,0.0,0.0,0.0,0.0,0.0,0.0,0.0,0.0,0.0,0.0,0.0,0.0,-1.5415614,-0.15540066,-0.20186183,-5.264564,0.0,0.0,0.0,0.0,0.0,0.0,0.0,0.0
-3.6424062,0.0,-1.6271869,0.0,0.0,-0.023257487,0.0,0.0,0.0,0.0,0.0,0.0,0.0,0.0,0.0,0.0,0.105810985,-0.089379326,0.14738955,-0.12285965,0.0,0.0,0.0,0.0,0.0,0.0,0.0,0.0,0.018172232,0.0,-0.11993132,0.0,0.0,0.0,0.0,0.0060807792,0.003149665,-0.3905421,-1.6748254,0.0,0.0,0.0,0.0,0.0,0.0,0.0,0.0,-0.26020104,-0.1384481,0.0,0.0,0.0,0.0,0.0,0.0,0.0,0.0,0.0,0.0,0.0,0.0,0.0,0.0,0.0,0.0,0.0,-1.6229231,0.118511975,-0.20186183,-3.901936,0.0,0.0,0.0,0.0,0.0,0.0,0.0,0.0
-4.922479,0.0,0.0014946812,0.0,0.0,-0.023257487,0.0,0.0,0.0,0.0,0.0,0.0,0.0,0.0,0.0,0.0,0.22226559,0.0010259486,0.14738955,0.00032037217,0.0,0.0,0.0,0.0,0.0,0.0,0.0,0.0,-0.031050395,0.0,-0.18059574,0.0,0.0,0.0,0.0,0.009465825,0.003149665,-0.15667762,-1.316435,0.0,0.0,0.0,0.0,0.0,0.0,0.0,0.0,-0.26020104,-0.1384481,0.0,0.0,0.0,0.0,0.0,0.0,0.0,0.0,0.0,0.0,0.0,0.0,0.0,0.0,0.0,0.0,0.0,-1.6229231,-0.15540066,-0.20186183,-5.132611,0.0,0.0,0.0,0.0,0.0,0.0,0.0,0.0
1.7505748,0.0,0.007221514,0.0,0.0,-0.07818855,0.0,0.0,0.0,0.0,0.0,0.0,0.0,0.0,0.0,0.0,0.23856746,0.0038599444,0.14738955,0.001491507,0.0,0.0,0.0,0.0,0.0,0.0,0.0,0.0,0.06467286,0.0,0.005423653,0.0,0.0,0.0,0.0,0.028020248,0.009567602,-0.18978627,-0.9718683,0.0,0.0,0.0,0.0,0.0,0.0,0.0,0.0,-0.26020104,-0.048740946,0.0,0.0,0.0,0.0,0.0,0.0,0.0,0.0,0.0,0.0,0.0,0.0,0.0,0.0,0.0,0.0,0.0,1.5063707,0.118511975,0.49909496,9.784328,0.0,0.0,0.0,0.0,0.0,0.0,0.0,0.0
-3.5303988,0.0,-1.6271869,0.0,0.0,-0.023257487,0.0,0.0,0.0,0.0,0.0,0.0,0.0,0.0,0.0,0.0,0.105810985,-0.10930079,-0.117360875,-0.12285965,0.0,0.0,0.0,0.0,0.0,0.0,0.0,0.0,-0.031050395,0.0,0.0011707973,0.0,0.0,0.0,0.0,0.0060807792,-0.10885771,-0.45053715,-1.6748254,0.0,0.0,0.0,0.0,0.0,0.0,0.0,0.0,0.29686287,0.13651976,0.0,0.0,0.0,0.0,0.0,0.0,0.0,0.0,0.0,0.0,0.0,0.0,0.0,0.0,0.0,0.0,0.0,-1.5415614,-0.15540066,-0.20186183,-3.8938994,0.0,0.0,0.0,0.0,0.0,0.0,0.0,0.0
-4.5031953,0.0,0.0014946812,0.0,0.0,-0.023257487,0.0,0.0,0.0,0.0,0.0,0.0,0.0,0.0,0.0,0.0,0.22226559,0.0012546185,0.14738955,0.00032037217,0.0,0.0,0.0,0.0,0.0,0.0,0.0,0.0,-0.031050395,0.0,0.0017642535,0.0,0.0,0.0,0.0,0.009465825,-0.10885771,-0.15619947,-1.6748254,0.0,0.0,0.0,0.0,0.0,0.0,0.0,0.0,0.29686287,0.13651976,0.0,0.0,0.0,0.0,0.0,0.0,0.0,0.0,0.0,0.0,0.0,0.0,0.0,0.0,0.0,0.0,0.0,-1.5415614,-0.15540066,-0.20186183,-5.264564,0.0,0.0,0.0,0.0,0.0,0.0,0.0,0.0
-4.883086,0.0,0.0014946812,0.0,0.0,-0.023257487,0.0,0.0,0.0,0.0,0.0,0.0,0.0,0.0,0.0,0.0,0.22088169,0.0012546185,-0.117360875,0.00032037217,0.0,0.0,0.0,0.0,0.0,0.0,0.0,0.0,-0.031050395,0.0,0.0017642535,0.0,0.0,0.0,0.0,-0.028543388,0.003149665,-0.2297843,-1.316435,0.0,0.0,0.0,0.0,0.0,0.0,0.0,0.0,0.29686287,-0.1384481,0.0,0.0,0.0,0.0,0.0,0.0,0.0,0.0,0.0,0.0,0.0,0.0,0.0,0.0,0.0,0.0,0.0,-1.6229231,-0.15540066,-0.20186183,-5.175819,0.0,0.0,0.0,0.0,0.0,0.0,0.0,0.0
-3.6424062,0.0,-1.6271869,0.0,0.0,-0.023257487,0.0,0.0,0.0,0.0,0.0,0.0,0.0,0.0,0.0,0.0,0.105810985,-0.089379326,0.14738955,-0.12285965,0.0,0.0,0.0,0.0,0.0,0.0,0.0,0.0,0.018172232,0.0,-0.11993132,0.0,0.0,0.0,0.0,0.0060807792,0.003149665,-0.3905421,-1.6748254,0.0,0.0,0.0,0.0,0.0,0.0,0.0,0.0,-0.26020104,-0.1384481,0.0,0.0,0.0,0.0,0.0,0.0,0.0,0.0,0.0,0.0,0.0,0.0,0.0,0.0,0.0,0.0,0.0,-1.6229231,-0.15540066,-0.20186183,-3.901936,0.0,0.0,0.0,0.0,0.0,0.0,0.0,0.0
-4.518337,0.0,0.0014946812,0.0,0.0,-0.023257487,0.0,0.0,0.0,0.0,0.0,0.0,0.0,0.0,0.0,0.0,0.105810985,-0.10930079,0.14738955,0.00032037217,0.0,0.0,0.0,0.0,0.0,0.0,0.0,0.0,-0.031050395,0.0,0.0011707973,0.0,0.0,0.0,0.0,0.0060807792,0.003149665,-0.45053715,-1.6748254,0.0,0.0,0.0,0.0,0.0,0.0,0.0,0.0,-0.26020104,-0.1384481,0.0,0.0,0.0,0.0,0.0,0.0,0.0,0.0,0.0,0.0,0.0,0.0,0.0,0.0,0.0,0.0,0.0,-1.6229231,0.118511975,-0.20186183,-4.7698293,0.0,0.0,0.0,0.0,0.0,0.0,0.0,0.0
-4.922479,0.0,0.0014946812,0.0,0.0,-0.023257487,0.0,0.0,0.0,0.0,0.0,0.0,0.0,0.0,0.0,0.0,0.22226559,0.0010259486,0.14738955,0.00032037217,0.0,0.0,0.0,0.0,0.0,0.0,0.0,0.0,-0.031050395,0.0,-0.11358853,0.0,0.0,0.0,0.0,0.009465825,0.003149665,-0.15651359,-1.316435,0.0,0.0,0.0,0.0,0.0,0.0,0.0,0.0,-0.26020104,-0.1384481,0.0,0.0,0.0,0.0,0.0,0.0,0.0,0.0,0.0,0.0,0.0,0.0,0.0,0.0,0.0,0.0,0.0,-1.6229231,-0.15540066,-0.20186183,-5.199783,0.0,0.0,0.0,0.0,0.0,0.0,0.0,0.0
1.7505748,0.0,0.007221514,0.0,0.0,-0.07818855,0.0,0.0,0.0,0.0,0.0,0.0,0.0,0.0,0.0,0.0,0.23856746,0.0038599444,0.14738955,0.001491507,0.0,0.0,0.0,0.0,0.0,0.0,0.0,0.0,-0.11050473,0.0,0.005423653,0.0,0.0,0.0,0.0,0.028020248,0.009567602,-0.280277,-0.9718683,0.0,0.0,0.0,0.0,0.0,0.0,0.0,0.0,-0.26020104,-0.048740946,0.0,0.0,0.0,0.0,0.0,0.0,0.0,0.0,0.0,0.0,0.0,0.0,0.0,0.0,0.0,0.0,0.0,1.5063707,0.118511975,0.49909496,9.726961,0.0,0.0,0.0,0.0,0.0,0.0,0.0,0.0
1.7505748,0.0,0.007221514,0.0,0.0,-0.01826588,0.0,0.0,0.0,0.0,0.0,0.0,0.0,0.0,0.0,0.0,-0.2165885,0.0038599444,-0.117360875,0.001491507,0.0,0.0,0.0,0.0,0.0,0.0,0.0,0.0,-0.024085382,0.0,0.005423653,0.0,0.0,0.0,0.0,0.028020248,0.009567602,0.23362368,1.7269845,0.0,0.0,0.0,0.0,0.0,0.0,0.0,0.0,-0.26020104,-0.048740946,0.0,0.0,0.0,0.0,0.0,0.0,0.0,0.0,0.0,0.0,0.0,0.0,0.0,0.0,0.0,0.0,0.0,1.3057003,-0.15540066,-0.07689339,9.868058,0.0,0.0,0.0,0.0,0.0,0.0,0.0,0.0
-3.6424062,0.0,-1.6271869,0.0,0.0,-0.023257487,0.0,0.0,0.0,0.0,0.0,0.0,0.0,0.0,0.0,0.0,0.105810985,-0.089379326,0.14738955,-0.12285965,0.0,0.0,0.0,0.0,0.0,0.0,0.0,0.0,0.018172232,0.0,-0.11993132,0.0,0.0,0.0,0.0,0.0060807792,0.003149665,-0.3905421,-1.6748254,0.0,0.0,0.0,0.0,0.0,0.0,0.0,0.0,-0.26020104,-0.1384481,0.0,0.0,0.0,0.0,0.0,0.0,0.0,0.0,0.0,0.0,0.0,0.0,0.0,0.0,0.0,0.0,0.0,-1.6229231,-0.15540066,-0.20186183,-3.901936,0.0,0.0,0.0,0.0,0.0,0.0,0.0,0.0
-4.883086,0.0,0.0014946812,0.0,0.0,-0.023257487,0.0,0.0,0.0,0.0,0.0,0.0,0.0,0.0,0.0,0.0,0.22088169,0.0012546185,-0.117360875,0.00032037217,0.0,0.0,0.0,0.0,0.0,0.0,0.0,0.0,-0.031050395,0.0,0.0017642535,0.0,0.0,0.0,0.0,-0.028543388,0.003149665,-0.15619947,-1.316435,0.0,0.0,0.0,0.0,0.0,0.0,0.0,0.0,0.29686287,-0.1384481,0.0,0.0,0.0,0.0,0.0,0.0,0.0,0.0,0.0,0.0,0.0,0.0,0.0,0.0,0.0,0.0,0.0,-1.6229231,-0.15540066,-0.20186183,-5.315678,0.0,0.0,0.0,0.0,0.0,0.0,0.0,0.0
-3.6424062,0.0,-1.6271869,0.0,0.0,-0.023257487,0.0,0.0,0.0,0.0,0.0,0.0,0.0,0.0,0.0,0.0,0.105810985,-0.10930079,0.14738955,-0.12285965,0.0,0.0,0.0,0.0,0.0,0.0,0.0,0.0,-0.031050395,0.0,0.0011707973,0.0,0.0,0.0,0.0,0.0060807792,0.003149665,-0.45053715,-1.6748254,0.0,0.0,0.0,0.0,0.0,0.0,0.0,0.0,0.29686287,0.13651976,0.0,0.0,0.0,0.0,0.0,0.0,0.0,0.0,0.0,0.0,0.0,0.0,0.0,0.0,0.0,0.0,0.0,-1.5415614,-0.15540066,-0.20186183,-3.8938994,0.0,0.0,0.0,0.0,0.0,0.0,0.0,0.0
1.7505748,0.0,0.007221514,0.0,0.0,0.07304284,0.0,0.0,0.0,0.0,0.0,0.0,0.0,0.0,0.0,0.0,0.23856746,0.0038599444,0.14738955,0.001491507,0.0,0.0,0.0,0.0,0.0,0.0,0.0,0.0,-0.11050473,0.0,0.005423653,0.0,0.0,0.0,0.0,0.028020248,0.009567602,-0.20659481,-0.9718683,0.0,0.0,0.0,0.0,0.0,0.0,0.0,0.0,-0.26020104,-0.048740946,0.0,0.0,0.0,0.0,0.0,0.0,0.0,0.0,0.0,0.0,0.0,0.0,0.0,0.0,0.0,0.0,0.0,1.5063707,0.118511975,0.49909496,9.771679,0.0,0.0,0.0,0.0,0.0,0.0,0.0,0.0
1.7505748,0.0,0.007221514,0.0,0.0,-0.01826588,0.0,0.0,0.0,0.0,0.0,0.0,0.0,0.0,0.0,0.0,-0.2165885,0.0038599444,-0.117360875,0.001491507,0.0,0.0,0.0,0.0,0.0,0.0,0.0,0.0,-0.024085382,0.0,0.005423653,0.0,0.0,0.0,0.0,0.028020248,0.009567602,0.23362368,1.7269845,0.0,0.0,0.0,0.0,0.0,0.0,0.0,0.0,-0.26020104,-0.048740946,0.0,0.0,0.0,0.0,0.0,0.0,0.0,0.0,0.0,0.0,0.0,0.0,0.0,0.0,0.0,0.0,0.0,1.3057003,-0.15540066,-0.07689339,9.868058,0.0,0.0,0.0,0.0,0.0,0.0,0.0,0.0
-4.883086,0.0,0.0014946812,0.0,0.0,-0.023257487,0.0,0.0,0.0,0.0,0.0,0.0,0.0,0.0,0.0,0.0,0.22088169,0.0012546185,-0.117360875,0.00032037217,0.0,0.0,0.0,0.0,0.0,0.0,0.0,0.0,-0.031050395,0.0,0.0017642535,0.0,0.0,0.0,0.0,-0.028543388,0.003149665,-0.15619947,-1.316435,0.0,0.0,0.0,0.0,0.0,0.0,0.0,0.0,0.29686287,-0.1384481,0.0,0.0,0.0,0.0,0.0,0.0,0.0,0.0,0.0,0.0,0.0,0.0,0.0,0.0,0.0,0.0,0.0,-1.6229231,-0.15540066,-0.20186183,-5.315678,0.0,0.0,0.0,0.0,0.0,0.0,0.0,0.0
-3.6424062,0.0,-1.6271869,0.0,0.0,-0.023257487,0.0,0.0,0.0,0.0,0.0,0.0,0.0,0.0,0.0,0.0,0.105810985,-0.10930079,0.14738955,-0.12285965,0.0,0.0,0.0,0.0,0.0,0.0,0.0,0.0,0.018172232,0.0,0.0011707973,0.0,0.0,0.0,0.0,0.0060807792,0.003149665,-0.43117172,-1.507992,0.0,0.0,0.0,0.0,0.0,0.0,0.0,0.0,-0.26020104,-0.1384481,0.0,0.0,0.0,0.0,0.0,0.0,0.0,0.0,0.0,0.0,0.0,0.0,0.0,0.0,0.0,0.0,0.0,-1.6229231,0.118511975,0.49909496,-3.9624875,0.0,0.0,0.0,0.0,0.0,0.0,0.0,0.0
-3.6424062,0.0,-1.6271869,0.0,0.0,-0.023257487,0.0,0.0,0.0,0.0,0.0,0.0,0.0,0.0,0.0,0.0,0.105810985,-0.089379326,0.14738955,-0.12285965,0.0,0.0,0.0,0.0,0.0,0.0,0.0,0.0,0.018172232,0.0,-0.11993132,0.0,0.0,0.0,0.0,0.0060807792,0.003149665,-0.3905421,-1.6748254,0.0,0.0,0.0,0.0,0.0,0.0,0.0,0.0,-0.26020104,-0.1384481,0.0,0.0,0.0,0.0,0.0,0.0,0.0,0.0,0.0,0.0,0.0,0.0,0.0,0.0,0.0,0.0,0.0,-1.6229231,0.118511975,-0.20186183,-3.901936,0.0,0.0,0.0,0.0,0.0,0.0,0.0,0.0
-4.883086,0.0,0.0014946812,0.0,0.0,-0.023257487,0.0,0.0,0.0,0.0,0.0,0.0,0.0,0.0,0.0,0.0,0.22088169,0.0012546185,-0.117360875,0.00032037217,0.0,0.0,0.0,0.0,0.0,0.0,0.0,0.0,-0.031050395,0.0,0.0017642535,0.0,0.0,0.0,0.0,-0.028543388,0.003149665,-0.15619947,-1.316435,0.0,0.0,0.0,0.0,0.0,0.0,0.0,0.0,0.29686287,-0.1384481,0.0,0.0,0.0,0.0,0.0,0.0,0.0,0.0,0.0,0.0,0.0,0.0,0.0,0.0,0.0,0.0,0.0,-1.6229231,-0.15540066,-0.20186183,-5.315678,0.0,0.0,0.0,0.0,0.0,0.0,0.0,0.0
-4.883086,0.0,0.0014946812,0.0,0.0,-0.023257487,0.0,0.0,0.0,0.0,0.0,0.0,0.0,0.0,0.0,0.0,0.22088169,0.0012546185,-0.117360875,0.00032037217,0.0,0.0,0.0,0.0,0.0,0.0,0.0,0.0,-0.031050395,0.0,0.0017642535,0.0,0.0,0.0,0.0,-0.028543388,0.003149665,-0.08992548,-1.316435,0.0,0.0,0.0,0.0,0.0,0.0,0.0,0.0,0.29686287,-0.1384481,0.0,0.0,0.0,0.0,0.0,0.0,0.0,0.0,0.0,0.0,0.0,0.0,0.0,0.0,0.0,0.0,0.0,-1.6229231,-0.15540066,-0.20186183,-5.315678,0.0,0.0,0.0,0.0,0.0,0.0,0.0,0.0
-3.6424062,0.0,-1.6271869,0.0,0.0,0.02172687,0.0,0.0,0.0,0.0,0.0,0.0,0.0,0.0,0.0,0.0,0.105810985,-0.10930079,0.14738955,-0.12285965,0.0,0.0,0.0,0.0,0.0,0.0,0.0,0.0,0.018172232,0.0,0.0011707973,0.0,0.0,0.0,0.0,0.0060807792,0.003149665,-0.41462713,-1.6748254,0.0,0.0,0.0,0.0,0.0,0.0,0.0,0.0,-0.26020104,-0.1384481,0.0,0.0,0.0,0.0,0.0,0.0,0.0,0.0,0.0,0.0,0.0,0.0,0.0,0.0,0.0,0.0,0.0,-1.6229231,-0.15540066,-0.20186183,-4.0240164,0.0,0.0,0.0,0.0,0.0,0.0,0.0,0.0
-4.922479,0.0,0.0014946812,0.0,0.0,-0.023257487,0.0,0.0,0.0,0.0,0.0,0.0,0.0,0.0,0.0,0.0,0.22226559,0.0010259486,0.14738955,0.00032037217,0.0,0.0,0.0,0.0,0.0,0.0,0.0,0.0,-0.031050395,0.0,-0.18059574,0.0,0.0,0.0,0.0,0.009465825,0.003149665,-0.15667762,-1.316435,0.0,0.0,0.0,0.0,0.0,0.0,0.0,0.0,-0.26020104,-0.1384481,0.0,0.0,0.0,0.0,0.0,0.0,0.0,0.0,0.0,0.0,0.0,0.0,0.0,0.0,0.0,0.0,0.0,-1.6229231,-0.15540066,-0.20186183,-5.132611,0.0,0.0,0.0,0.0,0.0,0.0,0.0,0.0
1.7505748,0.0,0.007221514,0.0,0.0,-0.07818855,0.0,0.0,0.0,0.0,0.0,0.0,0.0,0.0,0.0,0.0,0.23856746,0.0038599444,0.14738955,0.001491507,0.0,0.0,0.0,0.0,0.0,0.0,0.0,0.0,0.06467286,0.0,0.005423653,0.0,0.0,0.0,0.0,0.028020248,0.009567602,-0.18978627,-0.9718683,0.0,0.0,0.0,0.0,0.0,0.0,0.0,0.0,-0.26020104,-0.048740946,0.0,0.0,0.0,0.0,0.0,0.0,0.0,0.0,0.0,0.0,0.0,0.0,0.0,0.0,0.0,0.0,0.0,1.5063707,0.118511975,0.49909496,9.784328,0.0,0.0,0.0,0.0,0.0,0.0,0.0,0.0
-3.6424062,0.0,-1.6271869,0.0,0.0,-0.023257487,0.0,0.0,0.0,0.0,0.0,0.0,0.0,0.0,0.0,0.0,0.105810985,-0.089379326,0.14738955,-0.12285965,0.0,0.0,0.0,0.0,0.0,0.0,0.0,0.0,0.018172232,0.0,-0.11993132,0.0,0.0,0.0,0.0,0.0060807792,0.003149665,-0.3905421,-1.6748254,0.0,0.0,0.0,0.0,0.0,0.0,0.0,0.0,-0.26020104,-0.1384481,0.0,0.0,0.0,0.0,0.0,0.0,0.0,0.0,0.0,0.0,0.0,0.0,0.0,0.0,0.0,0.0,0.0,-1.6229231,0.118511975,-0.20186183,-3.901936,0.0,0.0,0.0,0.0,0.0,0.0,0.0,0.0
-4.5031953,0.0,0.0014946812,0.0,0.0,-0.023257487,0.0,0.0,0.0,0.0,0.0,0.0,0.0,0.0,0.0,0.0,0.22226559,0.0012546185,-0.117360875,0.00032037217,0.0,0.0,0.0,0.0,0.0,0.0,0.0,0.0,-0.031050395,0.0,0.0017642535,0.0,0.0,0.0,0.0,0.009465825,-0.10885771,-0.15619947,-1.6748254,0.0,0.0,0.0,0.0,0.0,0.0,0.0,0.0,0.29686287,0.13651976,0.0,0.0,0.0,0.0,0.0,0.0,0.0,0.0,0.0,0.0,0.0,0.0,0.0,0.0,0.0,0.0,0.0,-1.5415614,-0.15540066,-0.20186183,-5.264564,0.0,0.0,0.0,0.0,0.0,0.0,0.0,0.0
1.7505748,0.0,0.007221514,0.0,0.0,-0.01826588,0.0,0.0,0.0,0.0,0.0,0.0,0.0,0.0,0.0,0.0,-0.2165885,0.0038599444,-0.117360875,0.001491507,0.0,0.0,0.0,0.0,0.0,0.0,0.0,0.0,-0.024085382,0.0,0.005423653,0.0,0.0,0.0,0.0,0.028020248,0.009567602,0.23362368,1.7269845,0.0,0.0,0.0,0.0,0.0,0.0,0.0,0.0,-0.26020104,-0.048740946,0.0,0.0,0.0,0.0,0.0,0.0,0.0,0.0,0.0,0.0,0.0,0.0,0.0,0.0,0.0,0.0,0.0,1.3057003,-0.15540066,-0.07689339,9.868058,0.0,0.0,0.0,0.0,0.0,0.0,0.0,0.0
1.7505748,0.0,0.007221514,0.0,0.0,0.07304284,0.0,0.0,0.0,0.0,0.0,0.0,0.0,0.0,0.0,0.0,0.23856746,0.0038599444,0.14738955,0.001491507,0.0,0.0,0.0,0.0,0.0,0.0,0.0,0.0,0.06467286,0.0,0.005423653,0.0,0.0,0.0,0.0,0.028020248,0.009567602,-0.11610402,-0.9718683,0.0,0.0,0.0,0.0,0.0,0.0,0.0,0.0,-0.26020104,-0.048740946,0.0,0.0,0.0,0.0,0.0,0.0,0.0,0.0,0.0,0.0,0.0,0.0,0.0,0.0,0.0,0.0,0.0,1.5063707,0.118511975,0.49909496,9.829046,0.0,0.0,0.0,0.0,0.0,0.0,0.0,0.0
1.616559,0.0,0.007221514,0.0,0.0,-0.07818855,0.0,0.0,0.0,0.0,0.0,0.0,0.0,0.0,0.0,0.0,0.028311476,0.0038599444,0.14738955,0.001491507,0.0,0.0,0.0,0.0,0.0,0.0,0.0,0.0,0.06467286,0.0,0.005423653,0.0,0.0,0.0,0.0,0.011831022,0.009567602,-0.37073654,-1.1855079,0.0,0.0,0.0,0.0,0.0,0.0,0.0,0.0,-0.26020104,-0.048740946,0.0,0.0,0.0,0.0,0.0,0.0,0.0,0.0,0.0,0.0,0.0,0.0,0.0,0.0,0.0,0.0,0.0,1.5063707,0.118511975,0.49909496,9.725439,0.0,0.0,0.0,0.0,0.0,0.0,0.0,0.0
1.6226876,0.0,0.007221514,0.0,0.0,-0.01826588,0.0,0.0,0.0,0.0,0.0,0.0,0.0,0.0,0.0,0.0,-0.2232073,0.0038599444,-0.117360875,0.001491507,0.0,0.0,0.0,0.0,0.0,0.0,0.0,0.0,-0.024085382,0.0,0.005423653,0.0,0.0,0.0,0.0,-0.08449265,0.009567602,0.23362368,1.9590354,0.0,0.0,0.0,0.0,0.0,0.0,0.0,0.0,0.29686287,0.13651976,0.0,0.0,0.0,0.0,0.0,0.0,0.0,0.0,0.0,0.0,0.0,0.0,0.0,0.0,0.0,0.0,0.0,-1.5177667,0.118511975,-0.07689339,9.868058,0.0,0.0,0.0,0.0,0.0,0.0,0.0,0.0
-4.883086,0.0,0.0014946812,0.0,0.0,-0.023257487,0.0,0.0,0.0,0.0,0.0,0.0,0.0,0.0,0.0,0.0,0.22088169,0.0012546185,-0.117360875,0.00032037217,0.0,0.0,0.0,0.0,0.0,0.0,0.0,0.0,-0.031050395,0.0,0.0017642535,0.0,0.0,0.0,0.0,-0.028543388,0.003149665,-0.15619947,-1.316435,0.0,0.0,0.0,0.0,0.0,0.0,0.0,0.0,0.29686287,-0.1384481,0.0,0.0,0.0,0.0,0.0,0.0,0.0,0.0,0.0,0.0,0.0,0.0,0.0,0.0,0.0,0.0,0.0,-1.6229231,-0.15540066,-0.20186183,-5.315678,0.0,0.0,0.0,0.0,0.0,0.0,0.0,0.0
1.7505748,0.0,0.007221514,0.0,0.0,-0.01826588,0.0,0.0,0.0,0.0,0.0,0.0,0.0,0.0,0.0,0.0,-0.2165885,0.0038599444,-0.117360875,0.001491507,0.0,0.0,0.0,0.0,0.0,0.0,0.0,0.0,-0.024085382,0.0,0.005423653,0.0,0.0,0.0,0.0,0.028020248,0.009567602,0.23362368,1.7269845,0.0,0.0,0.0,0.0,0.0,0.0,0.0,0.0,-0.26020104,-0.048740946,0.0,0.0,0.0,0.0,0.0,0.0,0.0,0.0,0.0,0.0,0.0,0.0,0.0,0.0,0.0,0.0,0.0,1.3057003,-0.15540066,-0.07689339,9.868058,0.0,0.0,0.0,0.0,0.0,0.0,0.0,0.0
-3.5303988,0.0,-1.6271869,0.0,0.0,-0.023257487,0.0,0.0,0.0,0.0,0.0,0.0,0.0,0.0,0.0,0.0,0.105810985,-0.10930079,-0.117360875,-0.12285965,0.0,0.0,0.0,0.0,0.0,0.0,0.0,0.0,-0.031050395,0.0,0.0011707973,0.0,0.0,0.0,0.0,0.0060807792,-0.10885771,-0.45053715,-1.6748254,0.0,0.0,0.0,0.0,0.0,0.0,0.0,0.0,0.29686287,0.13651976,0.0,0.0,0.0,0.0,0.0,0.0,0.0,0.0,0.0,0.0,0.0,0.0,0.0,0.0,0.0,0.0,0.0,-1.5415614,-0.15540066,-0.20186183,-3.8938994,0.0,0.0,0.0,0.0,0.0,0.0,0.0,0.0
-4.883086,0.0,0.0014946812,0.0,0.0,-0.023257487,0.0,0.0,0.0,0.0,0.0,0.0,0.0,0.0,0.0,0.0,0.22088169,0.0012546185,-0.117360875,0.00032037217,0.0,0.0,0.0,0.0,0.0,0.0,0.0,0.0,-0.031050395,0.0,0.0017642535,0.0,0.0,0.0,0.0,-0.028543388,0.003149665,-0.15619947,-1.316435,0.0,0.0,0.0,0.0,0.0,0.0,0.0,0.0,0.29686287,-0.1384481,0.0,0.0,0.0,0.0,0.0,0.0,0.0,0.0,0.0,0.0,0.0,0.0,0.0,0.0,0.0,0.0,0.0,-1.6229231,-0.15540066,-0.20186183,-5.315678,0.0,0.0,0.0,0.0,0.0,0.0,0.0,0.0
-3.6424062,0.0,-1.6271869,0.0,0.0,-0.023257487,0.0,0.0,0.0,0.0,0.0,0.0,0.0,0.0,0.0,0.0,0.105810985,-0.089379326,0.14738955,-0.12285965,0.0,0.0,0.0,0.0,0.0,0.0,0.0,0.0,0.018172232,0.0,-0.11993132,0.0,0.0,0.0,0.0,0.0060807792,0.003149665,-0.3905421,-1.6748254,0.0,0.0,0.0,0.0,0.0,0.0,0.0,0.0,-0.26020104,-0.1384481,0.0,0.0,0.0,0.0,0.0,0.0,0.0,0.0,0.0,0.0,0.0,0.0,0.0,0.0,0.0,0.0,0.0,-1.6229231,0.118511975,-0.20186183,-3.901936,0.0,0.0,0.0,0.0,0.0,0.0,0.0,0.0
1.7505748,0.0,0.007221514,0.0,0.0,-0.01826588,0.0,0.0,0.0,0.0,0.0,0.0,0.0,0.0,0.0,0.0,-0.2165885,0.0038599444,-0.117360875,0.001491507,0.0,0.0,0.0,0.0,0.0,0.0,0.0,0.0,-0.024085382,0.0,0.005423653,0.0,0.0,0.0,0.0,0.028020248,0.009567602,0.23362368,1.7269845,0.0,0.0,0.0,0.0,0.0,0.0,0.0,0.0,-0.26020104,-0.048740946,0.0,0.0,0.0,0.0,0.0,0.0,0.0,0.0,0.0,0.0,0.0,0.0,0.0,0.0,0.0,0.0,0.0,1.3057003,-0.15540066,-0.07689339,9.868058,0.0,0.0,0.0,0.0,0.0,0.0,0.0,0.0
-3.7039962,0.0,-1.6271869,0.0,0.0,-0.023257487,0.0,0.0,0.0,0.0,0.0,0.0,0.0,0.0,0.0,0.0,0.105810985,-0.089379326,0.14738955,0.00032037217,0.0,0.0,0.0,0.0,0.0,0.0,0.0,0.0,-0.031050395,0.0,-0.11993132,0.0,0.0,0.0,0.0,0.0060807792,0.003149665,-0.40990752,-1.6748254,0.0,0.0,0.0,0.0,0.0,0.0,0.0,0.0,-0.26020104,-0.1384481,0.0,0.0,0.0,0.0,0.0,0.0,0.0,0.0,0.0,0.0,0.0,0.0,0.0,0.0,0.0,0.0,0.0,-1.6229231,0.118511975,-0.20186183,-3.894938,0.0,0.0,0.0,0.0,0.0,0.0,0.0,0.0
-4.518337,0.0,0.0014946812,0.0,0.0,-0.023257487,0.0,0.0,0.0,0.0,0.0,0.0,0.0,0.0,0.0,0.0,0.105810985,-0.10930079,0.14738955,0.00032037217,0.0,0.0,0.0,0.0,0.0,0.0,0.0,0.0,-0.031050395,0.0,0.0011707973,0.0,0.0,0.0,0.0,0.0060807792,0.003149665,-0.45053715,-1.6748254,0.0,0.0,0.0,0.0,0.0,0.0,0.0,0.0,0.29686287,0.13651976,0.0,0.0,0.0,0.0,0.0,0.0,0.0,0.0,0.0,0.0,0.0,0.0,0.0,0.0,0.0,0.0,0.0,-1.5415614,-0.15540066,-0.20186183,-4.7698293,0.0,0.0,0.0,0.0,0.0,0.0,0.0,0.0
1.6226876,0.0,0.007221514,0.0,0.0,-0.01826588,0.0,0.0,0.0,0.0,0.0,0.0,0.0,0.0,0.0,0.0,-0.2232073,0.0038599444,-0.117360875,0.001491507,0.0,0.0,0.0,0.0,0.0,0.0,0.0,0.0,-0.024085382,0.0,0.005423653,0.0,0.0,0.0,0.0,-0.08449265,0.009567602,0.23362368,1.9590354,0.0,0.0,0.0,0.0,0.0,0.0,0.0,0.0,0.29686287,0.13651976,0.0,0.0,0.0,0.0,0.0,0.0,0.0,0.0,0.0,0.0,0.0,0.0,0.0,0.0,0.0,0.0,0.0,-1.5177667,0.118511975,-0.07689339,9.868058,0.0,0.0,0.0,0.0,0.0,0.0,0.0,0.0
-3.6424062,0.0,-1.6271869,0.0,0.0,-0.023257487,0.0,0.0,0.0,0.0,0.0,0.0,0.0,0.0,0.0,0.0,0.105810985,-0.089379326,0.14738955,-0.12285965,0.0,0.0,0.0,0.0,0.0,0.0,0.0,0.0,0.018172232,0.0,-0.11993132,0.0,0.0,0.0,0.0,0.0060807792,0.003149665,-0.3905421,-1.6748254,0.0,0.0,0.0,0.0,0.0,0.0,0.0,0.0,-0.26020104,-0.1384481,0.0,0.0,0.0,0.0,0.0,0.0,0.0,0.0,0.0,0.0,0.0,0.0,0.0,0.0,0.0,0.0,0.0,-1.6229231,0.118511975,-0.20186183,-3.901936,0.0,0.0,0.0,0.0,0.0,0.0,0.0,0.0
1.168005,0.0,-2.444837,0.0,0.0,-0.023257487,0.0,0.0,0.0,0.0,0.0,0.0,0.0,0.0,0.0,0.0,0.015672505,-0.10930079,0.14738955,-0.18466517,0.0,0.0,0.0,0.0,0.0,0.0,0.0,0.0,-0.031050395,0.0,0.0011707973,0.0,0.0,0.0,0.0,-0.035675433,-0.3306724,-0.45053715,-2.205464,0.0,0.0,0.0,0.0,0.0,0.0,0.0,0.0,0.29686287,-0.1384481,0.0,0.0,0.0,0.0,0.0,0.0,0.0,0.0,0.0,0.0,0.0,0.0,0.0,0.0,0.0,0.0,0.0,-1.7770548,-0.15540066,-0.20186183,-5.1932445,0.0,0.0,0.0,0.0,0.0,0.0,0.0,0.0
-3.6424062,0.0,-1.6271869,0.0,0.0,-0.023257487,0.0,0.0,0.0,0.0,0.0,0.0,0.0,0.0,0.0,0.0,0.105810985,-0.089379326,0.14738955,-0.12285965,0.0,0.0,0.0,0.0,0.0,0.0,0.0,0.0,0.018172232,0.0,-0.11993132,0.0,0.0,0.0,0.0,0.0060807792,0.003149665,-0.3905421,-1.6748254,0.0,0.0,0.0,0.0,0.0,0.0,0.0,0.0,-0.26020104,-0.1384481,0.0,0.0,0.0,0.0,0.0,0.0,0.0,0.0,0.0,0.0,0.0,0.0,0.0,0.0,0.0,0.0,0.0,-1.6229231,0.118511975,-0.20186183,-3.901936,0.0,0.0,0.0,0.0,0.0,0.0,0.0,0.0
-4.4567466,0.0,0.0014946812,0.0,0.0,-0.023257487,0.0,0.0,0.0,0.0,0.0,0.0,0.0,0.0,0.0,0.0,0.105810985,-0.10930079,0.14738955,-0.12285965,0.0,0.0,0.0,0.0,0.0,0.0,0.0,0.0,-0.031050395,0.0,0.0011707973,0.0,0.0,0.0,0.0,0.0060807792,0.003149665,-0.45053715,-1.6748254,0.0,0.0,0.0,0.0,0.0,0.0,0.0,0.0,-0.26020104,-0.1384481,0.0,0.0,0.0,0.0,0.0,0.0,0.0,0.0,0.0,0.0,0.0,0.0,0.0,0.0,0.0,0.0,0.0,-1.6229231,0.118511975,-0.20186183,-4.7082396,0.0,0.0,0.0,0.0,0.0,0.0,0.0,0.0
1.6226876,0.0,0.007221514,0.0,0.0,-0.01826588,0.0,0.0,0.0,0.0,0.0,0.0,0.0,0.0,0.0,0.0,-0.2232073,0.0038599444,-0.117360875,0.001491507,0.0,0.0,0.0,0.0,0.0,0.0,0.0,0.0,-0.024085382,0.0,0.005423653,0.0,0.0,0.0,0.0,-0.08449265,0.009567602,0.23362368,1.9590354,0.0,0.0,0.0,0.0,0.0,0.0,0.0,0.0,0.29686287,0.13651976,0.0,0.0,0.0,0.0,0.0,0.0,0.0,0.0,0.0,0.0,0.0,0.0,0.0,0.0,0.0,0.0,0.0,-1.5177667,0.118511975,-0.07689339,9.868058,0.0,0.0,0.0,0.0,0.0,0.0,0.0,0.0
1.7505748,0.0,0.007221514,0.0,0.0,-0.01826588,0.0,0.0,0.0,0.0,0.0,0.0,0.0,0.0,0.0,0.0,-0.2165885,0.0038599444,-0.117360875,0.001491507,0.0,0.0,0.0,0.0,0.0,0.0,0.0,0.0,-0.024085382,0.0,0.005423653,0.0,0.0,0.0,0.0,0.028020248,0.009567602,0.23362368,1.7269845,0.0,0.0,0.0,0.0,0.0,0.0,0.0,0.0,-0.26020104,-0.048740946,0.0,0.0,0.0,0.0,0.0,0.0,0.0,0.0,0.0,0.0,0.0,0.0,0.0,0.0,0.0,0.0,0.0,1.3057003,-0.15540066,-0.07689339,9.868058,0.0,0.0,0.0,0.0,0.0,0.0,0.0,0.0
-4.883086,0.0,0.0014946812,0.0,0.0,-0.023257487,0.0,0.0,0.0,0.0,0.0,0.0,0.0,0.0,0.0,0.0,0.22088169,0.0012546185,-0.117360875,0.00032037217,0.0,0.0,0.0,0.0,0.0,0.0,0.0,0.0,-0.031050395,0.0,0.0017642535,0.0,0.0,0.0,0.0,-0.028543388,0.003149665,-0.08992548,-1.316435,0.0,0.0,0.0,0.0,0.0,0.0,0.0,0.0,0.29686287,-0.1384481,0.0,0.0,0.0,0.0,0.0,0.0,0.0,0.0,0.0,0.0,0.0,0.0,0.0,0.0,0.0,0.0,0.0,-1.6229231,-0.15540066,-0.20186183,-5.315678,0.0,0.0,0.0,0.0,0.0,0.0,0.0,0.0
-4.5031953,0.0,0.0014946812,0.0,0.0,-0.023257487,0.0,0.0,0.0,0.0,0.0,0.0,0.0,0.0,0.0,0.0,0.22226559,0.0012546185,-0.117360875,0.00032037217,0.0,0.0,0.0,0.0,0.0,0.0,0.0,0.0,-0.031050395,0.0,0.0017642535,0.0,0.0,0.0,0.0,0.009465825,-0.10885771,-0.15619947,-1.6748254,0.0,0.0,0.0,0.0,0.0,0.0,0.0,0.0,0.29686287,0.13651976,0.0,0.0,0.0,0.0,0.0,0.0,0.0,0.0,0.0,0.0,0.0,0.0,0.0,0.0,0.0,0.0,0.0,-1.5415614,-0.15540066,-0.20186183,-5.264564,0.0,0.0,0.0,0.0,0.0,0.0,0.0,0.0
-3.6424062,0.0,-1.6271869,0.0,0.0,-0.023257487,0.0,0.0,0.0,0.0,0.0,0.0,0.0,0.0,0.0,0.0,0.105810985,-0.089379326,0.14738955,-0.12285965,0.0,0.0,0.0,0.0,0.0,0.0,0.0,0.0,0.018172232,0.0,-0.11993132,0.0,0.0,0.0,0.0,0.0060807792,0.003149665,-0.3905421,-1.6748254,0.0,0.0,0.0,0.0,0.0,0.0,0.0,0.0,-0.26020104,-0.1384481,0.0,0.0,0.0,0.0,0.0,0.0,0.0,0.0,0.0,0.0,0.0,0.0,0.0,0.0,0.0,0.0,0.0,-1.6229231,0.118511975,-0.20186183,-3.901936,0.0,0.0,0.0,0.0,0.0,0.0,0.0,0.0
-3.5303988,0.0,-1.6271869,0.0,0.0,-0.023257487,0.0,0.0,0.0,0.0,0.0,0.0,0.0,0.0,0.0,0.0,0.105810985,-0.10930079,-0.117360875,-0.12285965,0.0,0.0,0.0,0.0,0.0,0.0,0.0,0.0,-0.031050395,0.0,0.0011707973,0.0,0.0,0.0,0.0,0.0060807792,-0.10885771,-0.45053715,-1.6748254,0.0,0.0,0.0,0.0,0.0,0.0,0.0,0.0,0.29686287,0.13651976,0.0,0.0,0.0,0.0,0.0,0.0,0.0,0.0,0.0,0.0,0.0,0.0,0.0,0.0,0.0,0.0,0.0,-1.5415614,-0.15540066,-0.20186183,-3.8938994,0.0,0.0,0.0,0.0,0.0,0.0,0.0,0.0
-3.6424062,0.0,-1.6271869,0.0,0.0,-0.023257487,0.0,0.0,0.0,0.0,0.0,0.0,0.0,0.0,0.0,0.0,0.105810985,-0.10930079,0.14738955,-0.12285965,0.0,0.0,0.0,0.0,0.0,0.0,0.0,0.0,0.018172232,0.0,0.0011707973,0.0,0.0,0.0,0.0,0.0060807792,0.003149665,-0.43117172,-1.6748254,0.0,0.0,0.0,0.0,0.0,0.0,0.0,0.0,-0.26020104,-0.1384481,0.0,0.0,0.0,0.0,0.0,0.0,0.0,0.0,0.0,0.0,0.0,0.0,0.0,0.0,0.0,0.0,0.0,-1.6229231,-0.15540066,-0.20186183,-3.9624875,0.0,0.0,0.0,0.0,0.0,0.0,0.0,0.0
1.7505748,0.0,0.007221514,0.0,0.0,0.07304284,0.0,0.0,0.0,0.0,0.0,0.0,0.0,0.0,0.0,0.0,0.23856746,0.0038599444,0.14738955,0.001491507,0.0,0.0,0.0,0.0,0.0,0.0,0.0,0.0,0.06467286,0.0,0.005423653,0.0,0.0,0.0,0.0,0.028020248,0.009567602,-0.5357874,-0.9718683,0.0,0.0,0.0,0.0,0.0,0.0,0.0,0.0,-0.26020104,-0.048740946,0.0,0.0,0.0,0.0,0.0,0.0,0.0,0.0,0.0,0.0,0.0,0.0,0.0,0.0,0.0,0.0,0.0,1.5063707,0.118511975,0.49909496,9.689081,0.0,0.0,0.0,0.0,0.0,0.0,0.0,0.0
-4.922479,0.0,0.0014946812,0.0,0.0,-0.023257487,0.0,0.0,0.0,0.0,0.0,0.0,0.0,0.0,0.0,0.0,0.22226559,0.0012546185,0.14738955,0.00032037217,0.0,0.0,0.0,0.0,0.0,0.0,0.0,0.0,-0.031050395,0.0,0.0017642535,0.0,0.0,0.0,0.0,0.009465825,0.003149665,-0.15619947,-1.316435,0.0,0.0,0.0,0.0,0.0,0.0,0.0,0.0,0.29686287,0.13651976,0.0,0.0,0.0,0.0,0.0,0.0,0.0,0.0,0.0,0.0,0.0,0.0,0.0,0.0,0.0,0.0,0.0,-1.5415614,-0.15540066,-0.20186183,-5.315678,0.0,0.0,0.0,0.0,0.0,0.0,0.0,0.0
-4.5031953,0.0,0.0014946812,0.0,0.0,-0.023257487,0.0,0.0,0.0,0.0,0.0,0.0,0.0,0.0,0.0,0.0,0.22226559,0.0012546185,0.14738955,0.00032037217,0.0,0.0,0.0,0.0,0.0,0.0,0.0,0.0,-0.031050395,0.0,0.0017642535,0.0,0.0,0.0,0.0,0.009465825,-0.10885771,-0.15619947,-1.6748254,0.0,0.0,0.0,0.0,0.0,0.0,0.0,0.0,0.29686287,0.13651976,0.0,0.0,0.0,0.0,0.0,0.0,0.0,0.0,0.0,0.0,0.0,0.0,0.0,0.0,0.0,0.0,0.0,-1.5415614,-0.15540066,-0.20186183,-5.264564,0.0,0.0,0.0,0.0,0.0,0.0,0.0,0.0
-3.6424062,0.0,-1.6271869,0.0,0.0,-0.023257487,0.0,0.0,0.0,0.0,0.0,0.0,0.0,0.0,0.0,0.0,0.105810985,-0.089379326,0.14738955,-0.12285965,0.0,0.0,0.0,0.0,0.0,0.0,0.0,0.0,0.018172232,0.0,-0.11993132,0.0,0.0,0.0,0.0,0.0060807792,0.003149665,-0.3905421,-1.6748254,0.0,0.0,0.0,0.0,0.0,0.0,0.0,0.0,-0.26020104,-0.1384481,0.0,0.0,0.0,0.0,0.0,0.0,0.0,0.0,0.0,0.0,0.0,0.0,0.0,0.0,0.0,0.0,0.0,-1.6229231,0.118511975,-0.20186183,-3.901936,0.0,0.0,0.0,0.0,0.0,0.0,0.0,0.0
-3.6424062,0.0,-1.6271869,0.0,0.0,-0.023257487,0.0,0.0,0.0,0.0,0.0,0.0,0.0,0.0,0.0,0.0,0.105810985,-0.089379326,0.14738955,-0.12285965,0.0,0.0,0.0,0.0,0.0,0.0,0.0,0.0,-0.031050395,0.0,-0.11993132,0.0,0.0,0.0,0.0,0.0060807792,0.003149665,-0.40990752,-1.6748254,0.0,0.0,0.0,0.0,0.0,0.0,0.0,0.0,-0.26020104,-0.1384481,0.0,0.0,0.0,0.0,0.0,0.0,0.0,0.0,0.0,0.0,0.0,0.0,0.0,0.0,0.0,0.0,0.0,-1.6229231,-0.15540066,-0.20186183,-3.833348,0.0,0.0,0.0,0.0,0.0,0.0,0.0,0.0
-3.5303988,0.0,-1.6271869,0.0,0.0,-0.023257487,0.0,0.0,0.0,0.0,0.0,0.0,0.0,0.0,0.0,0.0,0.105810985,-0.10930079,-0.117360875,-0.12285965,0.0,0.0,0.0,0.0,0.0,0.0,0.0,0.0,-0.031050395,0.0,0.0011707973,0.0,0.0,0.0,0.0,0.0060807792,-0.10885771,-0.45053715,-1.6748254,0.0,0.0,0.0,0.0,0.0,0.0,0.0,0.0,0.29686287,0.13651976,0.0,0.0,0.0,0.0,0.0,0.0,0.0,0.0,0.0,0.0,0.0,0.0,0.0,0.0,0.0,0.0,0.0,-1.5415614,-0.15540066,-0.20186183,-3.8938994,0.0,0.0,0.0,0.0,0.0,0.0,0.0,0.0
1.7505748,0.0,0.007221514,0.0,0.0,-0.01826588,0.0,0.0,0.0,0.0,0.0,0.0,0.0,0.0,0.0,0.0,-0.2165885,0.0038599444,-0.117360875,0.001491507,0.0,0.0,0.0,0.0,0.0,0.0,0.0,0.0,-0.024085382,0.0,0.005423653,0.0,0.0,0.0,0.0,0.028020248,0.009567602,0.23362368,1.5555501,0.0,0.0,0.0,0.0,0.0,0.0,0.0,0.0,-0.26020104,-0.048740946,0.0,0.0,0.0,0.0,0.0,0.0,0.0,0.0,0.0,0.0,0.0,0.0,0.0,0.0,0.0,0.0,0.0,1.3985182,-0.15540066,-0.07689339,9.868058,0.0,0.0,0.0,0.0,0.0,0.0,0.0,0.0
-3.6424062,0.0,-1.6271869,0.0,0.0,-0.023257487,0.0,0.0,0.0,0.0,0.0,0.0,0.0,0.0,0.0,0.0,0.105810985,-0.089379326,0.14738955,-0.12285965,0.0,0.0,0.0,0.0,0.0,0.0,0.0,0.0,0.018172232,0.0,-0.11993132,0.0,0.0,0.0,0.0,0.0060807792,0.003149665,-0.3905421,-1.6748254,0.0,0.0,0.0,0.0,0.0,0.0,0.0,0.0,-0.26020104,-0.1384481,0.0,0.0,0.0,0.0,0.0,0.0,0.0,0.0,0.0,0.0,0.0,0.0,0.0,0.0,0.0,0.0,0.0,-1.6229231,0.118511975,-0.20186183,-3.901936,0.0,0.0,0.0,0.0,0.0,0.0,0.0,0.0
1.7505748,0.0,0.007221514,0.0,0.0,-0.07818855,0.0,0.0,0.0,0.0,0.0,0.0,0.0,0.0,0.0,0.0,0.23856746,0.0038599444,0.14738955,0.001491507,0.0,0.0,0.0,0.0,0.0,0.0,0.0,0.0,0.06467286,0.0,0.005423653,0.0,0.0,0.0,0.0,0.028020248,0.009567602,-0.60946965,-0.9718683,0.0,0.0,0.0,0.0,0.0,0.0,0.0,0.0,-0.26020104,-0.048740946,0.0,0.0,0.0,0.0,0.0,0.0,0.0,0.0,0.0,0.0,0.0,0.0,0.0,0.0,0.0,0.0,0.0,1.5063707,0.118511975,0.49909496,9.644363,0.0,0.0,0.0,0.0,0.0,0.0,0.0,0.0
-4.883086,0.0,0.0014946812,0.0,0.0,-0.023257487,0.0,0.0,0.0,0.0,0.0,0.0,0.0,0.0,0.0,0.0,0.22088169,0.0012546185,-0.117360875,0.00032037217,0.0,0.0,0.0,0.0,0.0,0.0,0.0,0.0,-0.031050395,0.0,0.0017642535,0.0,0.0,0.0,0.0,-0.028543388,0.003149665,-0.15619947,-1.316435,0.0,0.0,0.0,0.0,0.0,0.0,0.0,0.0,0.29686287,-0.1384481,0.0,0.0,0.0,0.0,0.0,0.0,0.0,0.0,0.0,0.0,0.0,0.0,0.0,0.0,0.0,0.0,0.0,-1.6229231,-0.15540066,-0.20186183,-5.315678,0.0,0.0,0.0,0.0,0.0,0.0,0.0,0.0
-3.6424062,0.0,-1.6271869,0.0,0.0,0.02172687,0.0,0.0,0.0,0.0,0.0,0.0,0.0,0.0,0.0,0.0,0.105810985,-0.10930079,0.14738955,-0.12285965,0.0,0.0,0.0,0.0,0.0,0.0,0.0,0.0,0.018172232,0.0,0.0011707973,0.0,0.0,0.0,0.0,0.0060807792,0.003149665,-0.41462713,-1.6748254,0.0,0.0,0.0,0.0,0.0,0.0,0.0,0.0,-0.26020104,-0.1384481,0.0,0.0,0.0,0.0,0.0,0.0,0.0,0.0,0.0,0.0,0.0,0.0,0.0,0.0,0.0,0.0,0.0,-1.6229231,0.118511975,-0.20186183,-4.0240164,0.0,0.0,0.0,0.0,0.0,0.0,0.0,0.0
1.6226876,0.0,0.007221514,0.0,0.0,-0.01826588,0.0,0.0,0.0,0.0,0.0,0.0,0.0,0.0,0.0,0.0,-0.2232073,0.0038599444,-0.117360875,0.001491507,0.0,0.0,0.0,0.0,0.0,0.0,0.0,0.0,-0.024085382,0.0,0.005423653,0.0,0.0,0.0,0.0,-0.08449265,0.009567602,0.23362368,1.9590354,0.0,0.0,0.0,0.0,0.0,0.0,0.0,0.0,0.29686287,0.13651976,0.0,0.0,0.0,0.0,0.0,0.0,0.0,0.0,0.0,0.0,0.0,0.0,0.0,0.0,0.0,0.0,0.0,-1.5177667,0.118511975,-0.07689339,9.868058,0.0,0.0,0.0,0.0,0.0,0.0,0.0,0.0
-3.6424062,0.0,-1.6271869,0.0,0.0,-0.023257487,0.0,0.0,0.0,0.0,0.0,0.0,0.0,0.0,0.0,0.0,0.105810985,-0.089379326,0.14738955,-0.12285965,0.0,0.0,0.0,0.0,0.0,0.0,0.0,0.0,0.018172232,0.0,-0.11993132,0.0,0.0,0.0,0.0,0.0060807792,0.003149665,-0.3905421,-1.6748254,0.0,0.0,0.0,0.0,0.0,0.0,0.0,0.0,-0.26020104,-0.1384481,0.0,0.0,0.0,0.0,0.0,0.0,0.0,0.0,0.0,0.0,0.0,0.0,0.0,0.0,0.0,0.0,0.0,-1.6229231,0.118511975,-0.20186183,-3.901936,0.0,0.0,0.0,0.0,0.0,0.0,0.0,0.0
-4.5031953,0.0,0.0014946812,0.0,0.0,-0.009802495,0.0,0.0,0.0,0.0,0.0,0.0,0.0,0.0,0.0,0.0,0.22226559,0.0012546185,-0.117360875,0.00032037217,0.0,0.0,0.0,0.0,0.0,0.0,0.0,0.0,-0.012556249,0.0,0.0017642535,0.0,0.0,0.0,0.0,0.009465825,-0.10885771,0.10223992,-1.6748254,0.0,0.0,0.0,0.0,0.0,0.0,0.0,0.0,0.29686287,0.13651976,0.0,0.0,0.0,0.0,0.0,0.0,0.0,0.0,0.0,0.0,0.0,0.0,0.0,0.0,0.0,0.0,0.0,-1.5415614,-0.15540066,-0.20186183,-5.445202,0.0,0.0,0.0,0.0,0.0,0.0,0.0,0.0
1.6226876,0.0,0.007221514,0.0,0.0,-0.01826588,0.0,0.0,0.0,0.0,0.0,0.0,0.0,0.0,0.0,0.0,-0.2232073,0.0038599444,-0.117360875,0.001491507,0.0,0.0,0.0,0.0,0.0,0.0,0.0,0.0,-0.024085382,0.0,0.005423653,0.0,0.0,0.0,0.0,-0.08449265,0.009567602,0.23362368,1.9590354,0.0,0.0,0.0,0.0,0.0,0.0,0.0,0.0,0.29686287,0.13651976,0.0,0.0,0.0,0.0,0.0,0.0,0.0,0.0,0.0,0.0,0.0,0.0,0.0,0.0,0.0,0.0,0.0,-1.5177667,0.118511975,-0.07689339,9.868058,0.0,0.0,0.0,0.0,0.0,0.0,0.0,0.0
-3.6424062,0.0,-1.6271869,0.0,0.0,0.02172687,0.0,0.0,0.0,0.0,0.0,0.0,0.0,0.0,0.0,0.0,0.105810985,-0.10930079,0.14738955,-0.12285965,0.0,0.0,0.0,0.0,0.0,0.0,0.0,0.0,0.018172232,0.0,0.0011707973,0.0,0.0,0.0,0.0,0.0060807792,0.003149665,-0.41462713,-1.6748254,0.0,0.0,0.0,0.0,0.0,0.0,0.0,0.0,-0.26020104,-0.1384481,0.0,0.0,0.0,0.0,0.0,0.0,0.0,0.0,0.0,0.0,0.0,0.0,0.0,0.0,0.0,0.0,0.0,-1.6229231,0.118511975,-0.20186183,-4.0240164,0.0,0.0,0.0,0.0,0.0,0.0,0.0,0.0
-4.922479,0.0,0.0014946812,0.0,0.0,-0.023257487,0.0,0.0,0.0,0.0,0.0,0.0,0.0,0.0,0.0,0.0,0.22226559,0.0012546185,0.14738955,0.00032037217,0.0,0.0,0.0,0.0,0.0,0.0,0.0,0.0,-0.031050395,0.0,0.0017642535,0.0,0.0,0.0,0.0,0.009465825,0.003149665,-0.15619947,-1.316435,0.0,0.0,0.0,0.0,0.0,0.0,0.0,0.0,-0.26020104,-0.1384481,0.0,0.0,0.0,0.0,0.0,0.0,0.0,0.0,0.0,0.0,0.0,0.0,0.0,0.0,0.0,0.0,0.0,-1.6229231,-0.15540066,-0.20186183,-5.315678,0.0,0.0,0.0,0.0,0.0,0.0,0.0,0.0
-4.518337,0.0,0.0014946812,0.0,0.0,-0.023257487,0.0,0.0,0.0,0.0,0.0,0.0,0.0,0.0,0.0,0.0,0.105810985,-0.10930079,0.14738955,0.00032037217,0.0,0.0,0.0,0.0,0.0,0.0,0.0,0.0,-0.031050395,0.0,0.0011707973,0.0,0.0,0.0,0.0,0.0060807792,0.003149665,-0.45053715,-1.6748254,0.0,0.0,0.0,0.0,0.0,0.0,0.0,0.0,-0.26020104,-0.1384481,0.0,0.0,0.0,0.0,0.0,0.0,0.0,0.0,0.0,0.0,0.0,0.0,0.0,0.0,0.0,0.0,0.0,-1.6229231,0.118511975,-0.20186183,-4.7698293,0.0,0.0,0.0,0.0,0.0,0.0,0.0,0.0
-3.6424062,0.0,-1.6271869,0.0,0.0,-0.023257487,0.0,0.0,0.0,0.0,0.0,0.0,0.0,0.0,0.0,0.0,0.105810985,-0.10930079,0.14738955,-0.12285965,0.0,0.0,0.0,0.0,0.0,0.0,0.0,0.0,0.018172232,0.0,0.0011707973,0.0,0.0,0.0,0.0,0.0060807792,0.003149665,-0.43117172,-1.6748254,0.0,0.0,0.0,0.0,0.0,0.0,0.0,0.0,-0.26020104,-0.1384481,0.0,0.0,0.0,0.0,0.0,0.0,0.0,0.0,0.0,0.0,0.0,0.0,0.0,0.0,0.0,0.0,0.0,-1.6229231,-0.15540066,-0.20186183,-3.9624875,0.0,0.0,0.0,0.0,0.0,0.0,0.0,0.0
1.7505748,0.0,0.007221514,0.0,0.0,-0.01826588,0.0,0.0,0.0,0.0,0.0,0.0,0.0,0.0,0.0,0.0,-0.2165885,0.0038599444,-0.117360875,0.001491507,0.0,0.0,0.0,0.0,0.0,0.0,0.0,0.0,-0.024085382,0.0,0.005423653,0.0,0.0,0.0,0.0,0.028020248,0.009567602,0.23362368,1.7269845,0.0,0.0,0.0,0.0,0.0,0.0,0.0,0.0,-0.26020104,-0.048740946,0.0,0.0,0.0,0.0,0.0,0.0,0.0,0.0,0.0,0.0,0.0,0.0,0.0,0.0,0.0,0.0,0.0,1.3057003,-0.15540066,-0.07689339,9.868058,0.0,0.0,0.0,0.0,0.0,0.0,0.0,0.0
-4.5031953,0.0,0.0014946812,0.0,0.0,-0.023257487,0.0,0.0,0.0,0.0,0.0,0.0,0.0,0.0,0.0,0.0,0.22226559,0.0012546185,-0.117360875,0.00032037217,0.0,0.0,0.0,0.0,0.0,0.0,0.0,0.0,-0.031050395,0.0,0.0017642535,0.0,0.0,0.0,0.0,0.009465825,-0.10885771,-0.15619947,-1.6748254,0.0,0.0,0.0,0.0,0.0,0.0,0.0,0.0,0.29686287,0.13651976,0.0,0.0,0.0,0.0,0.0,0.0,0.0,0.0,0.0,0.0,0.0,0.0,0.0,0.0,0.0,0.0,0.0,-1.5415614,-0.15540066,-0.20186183,-5.264564,0.0,0.0,0.0,0.0,0.0,0.0,0.0,0.0
-4.922479,0.0,0.0014946812,0.0,0.0,-0.009802495,0.0,0.0,0.0,0.0,0.0,0.0,0.0,0.0,0.0,0.0,0.22226559,0.0012546185,0.14738955,0.00032037217,0.0,0.0,0.0,0.0,0.0,0.0,0.0,0.0,-0.012556249,0.0,0.0017642535,0.0,0.0,0.0,0.0,0.009465825,0.003149665,0.10223992,-1.316435,0.0,0.0,0.0,0.0,0.0,0.0,0.0,0.0,0.29686287,0.13651976,0.0,0.0,0.0,0.0,0.0,0.0,0.0,0.0,0.0,0.0,0.0,0.0,0.0,0.0,0.0,0.0,0.0,-1.5415614,-0.15540066,-0.20186183,-5.496316,0.0,0.0,0.0,0.0,0.0,0.0,0.0,0.0
1.7505748,0.0,0.007221514,0.0,0.0,-0.07818855,0.0,0.0,0.0,0.0,0.0,0.0,0.0,0.0,0.0,0.0,0.23856746,0.0038599444,0.14738955,0.001491507,0.0,0.0,0.0,0.0,0.0,0.0,0.0,0.0,-0.11050473,0.0,0.005423653,0.0,0.0,0.0,0.0,0.028020248,0.009567602,-0.280277,-0.9718683,0.0,0.0,0.0,0.0,0.0,0.0,0.0,0.0,-0.26020104,-0.048740946,0.0,0.0,0.0,0.0,0.0,0.0,0.0,0.0,0.0,0.0,0.0,0.0,0.0,0.0,0.0,0.0,0.0,1.5063707,0.118511975,0.49909496,9.726961,0.0,0.0,0.0,0.0,0.0,0.0,0.0,0.0
-6.4318447,0.0,-3.4264832,0.0,0.0,-0.07818855,0.0,0.0,0.0,0.0,0.0,0.0,0.0,0.0,0.0,0.0,0.07121317,-0.23375544,0.14738955,-0.25144517,0.0,0.0,0.0,0.0,0.0,0.0,0.0,0.0,0.06467286,0.0,-0.24422783,0.0,0.0,0.0,0.0,-0.018336069,0.003149665,-1.0794072,-1.7805892,0.0,0.0,0.0,0.0,0.0,0.0,0.0,0.0,-0.26020104,-0.1384481,0.0,0.0,0.0,0.0,0.0,0.0,0.0,0.0,0.0,0.0,0.0,0.0,0.0,0.0,0.0,0.0,0.0,-1.6229231,-0.15540066,-0.20186183,4.2911634,0.0,0.0,0.0,0.0,0.0,0.0,0.0,0.0
-4.922479,0.0,0.0014946812,0.0,0.0,-0.009802495,0.0,0.0,0.0,0.0,0.0,0.0,0.0,0.0,0.0,0.0,0.22226559,0.0012546185,0.14738955,0.00032037217,0.0,0.0,0.0,0.0,0.0,0.0,0.0,0.0,-0.012556249,0.0,0.0017642535,0.0,0.0,0.0,0.0,0.009465825,0.003149665,0.10223992,-1.316435,0.0,0.0,0.0,0.0,0.0,0.0,0.0,0.0,0.29686287,0.13651976,0.0,0.0,0.0,0.0,0.0,0.0,0.0,0.0,0.0,0.0,0.0,0.0,0.0,0.0,0.0,0.0,0.0,-1.5415614,-0.15540066,-0.20186183,-5.496316,0.0,0.0,0.0,0.0,0.0,0.0,0.0,0.0
-3.5303988,0.0,-1.6271869,0.0,0.0,-0.023257487,0.0,0.0,0.0,0.0,0.0,0.0,0.0,0.0,0.0,0.0,0.105810985,-0.10930079,0.14738955,-0.12285965,0.0,0.0,0.0,0.0,0.0,0.0,0.0,0.0,-0.031050395,0.0,0.0011707973,0.0,0.0,0.0,0.0,0.0060807792,-0.10885771,-0.45053715,-1.6748254,0.0,0.0,0.0,0.0,0.0,0.0,0.0,0.0,0.29686287,-0.1384481,0.0,0.0,0.0,0.0,0.0,0.0,0.0,0.0,0.0,0.0,0.0,0.0,0.0,0.0,0.0,0.0,0.0,-1.6229231,-0.15540066,-0.20186183,-3.8938994,0.0,0.0,0.0,0.0,0.0,0.0,0.0,0.0
1.7505748,0.0,0.007221514,0.0,0.0,-0.01826588,0.0,0.0,0.0,0.0,0.0,0.0,0.0,0.0,0.0,0.0,-0.2165885,0.0038599444,-0.117360875,0.001491507,0.0,0.0,0.0,0.0,0.0,0.0,0.0,0.0,-0.024085382,0.0,0.005423653,0.0,0.0,0.0,0.0,0.028020248,0.009567602,0.23362368,1.5555501,0.0,0.0,0.0,0.0,0.0,0.0,0.0,0.0,-0.26020104,-0.048740946,0.0,0.0,0.0,0.0,0.0,0.0,0.0,0.0,0.0,0.0,0.0,0.0,0.0,0.0,0.0,0.0,0.0,1.3985182,-0.15540066,-0.07689339,9.868058,0.0,0.0,0.0,0.0,0.0,0.0,0.0,0.0
1.7505748,0.0,0.007221514,0.0,0.0,-0.01826588,0.0,0.0,0.0,0.0,0.0,0.0,0.0,0.0,0.0,0.0,-0.2165885,0.0038599444,-0.117360875,0.001491507,0.0,0.0,0.0,0.0,0.0,0.0,0.0,0.0,-0.024085382,0.0,0.005423653,0.0,0.0,0.0,0.0,0.028020248,0.009567602,0.23362368,1.7269845,0.0,0.0,0.0,0.0,0.0,0.0,0.0,0.0,-0.26020104,-0.048740946,0.0,0.0,0.0,0.0,0.0,0.0,0.0,0.0,0.0,0.0,0.0,0.0,0.0,0.0,0.0,0.0,0.0,1.3057003,-0.15540066,-0.07689339,9.868058,0.0,0.0,0.0,0.0,0.0,0.0,0.0,0.0
1.7505748,0.0,0.007221514,0.0,0.0,-0.01826588,0.0,0.0,0.0,0.0,0.0,0.0,0.0,0.0,0.0,0.0,-0.2165885,0.0038599444,-0.117360875,0.001491507,0.0,0.0,0.0,0.0,0.0,0.0,0.0,0.0,-0.024085382,0.0,0.005423653,0.0,0.0,0.0,0.0,0.028020248,0.009567602,0.23362368,1.7269845,0.0,0.0,0.0,0.0,0.0,0.0,0.0,0.0,-0.26020104,-0.048740946,0.0,0.0,0.0,0.0,0.0,0.0,0.0,0.0,0.0,0.0,0.0,0.0,0.0,0.0,0.0,0.0,0.0,1.3057003,-0.15540066,-0.07689339,9.868058,0.0,0.0,0.0,0.0,0.0,0.0,0.0,0.0
-4.883086,0.0,0.0014946812,0.0,0.0,-0.023257487,0.0,0.0,0.0,0.0,0.0,0.0,0.0,0.0,0.0,0.0,0.22088169,0.0012546185,-0.117360875,0.00032037217,0.0,0.0,0.0,0.0,0.0,0.0,0.0,0.0,-0.031050395,0.0,0.0017642535,0.0,0.0,0.0,0.0,-0.028543388,0.003149665,-0.15619947,-1.316435,0.0,0.0,0.0,0.0,0.0,0.0,0.0,0.0,0.29686287,-0.1384481,0.0,0.0,0.0,0.0,0.0,0.0,0.0,0.0,0.0,0.0,0.0,0.0,0.0,0.0,0.0,0.0,0.0,-1.6229231,-0.15540066,-0.20186183,-5.315678,0.0,0.0,0.0,0.0,0.0,0.0,0.0,0.0
1.7505748,0.0,0.007221514,0.0,0.0,-0.01826588,0.0,0.0,0.0,0.0,0.0,0.0,0.0,0.0,0.0,0.0,-0.2165885,0.0038599444,-0.117360875,0.001491507,0.0,0.0,0.0,0.0,0.0,0.0,0.0,0.0,-0.024085382,0.0,0.005423653,0.0,0.0,0.0,0.0,0.028020248,0.009567602,0.23362368,1.7269845,0.0,0.0,0.0,0.0,0.0,0.0,0.0,0.0,-0.26020104,-0.048740946,0.0,0.0,0.0,0.0,0.0,0.0,0.0,0.0,0.0,0.0,0.0,0.0,0.0,0.0,0.0,0.0,0.0,1.3057003,-0.15540066,-0.07689339,9.868058,0.0,0.0,0.0,0.0,0.0,0.0,0.0,0.0
-3.6424062,0.0,-1.6271869,0.0,0.0,-0.023257487,0.0,0.0,0.0,0.0,0.0,0.0,0.0,0.0,0.0,0.0,0.105810985,-0.089379326,0.14738955,-0.12285965,0.0,0.0,0.0,0.0,0.0,0.0,0.0,0.0,0.018172232,0.0,-0.11993132,0.0,0.0,0.0,0.0,0.0060807792,0.003149665,-0.3905421,-1.6748254,0.0,0.0,0.0,0.0,0.0,0.0,0.0,0.0,-0.26020104,-0.1384481,0.0,0.0,0.0,0.0,0.0,0.0,0.0,0.0,0.0,0.0,0.0,0.0,0.0,0.0,0.0,0.0,0.0,-1.6229231,0.118511975,-0.20186183,-3.901936,0.0,0.0,0.0,0.0,0.0,0.0,0.0,0.0
-4.883086,0.0,0.0014946812,0.0,0.0,-0.023257487,0.0,0.0,0.0,0.0,0.0,0.0,0.0,0.0,0.0,0.0,0.22088169,0.0012546185,-0.117360875,0.00032037217,0.0,0.0,0.0,0.0,0.0,0.0,0.0,0.0,-0.031050395,0.0,0.0017642535,0.0,0.0,0.0,0.0,-0.028543388,0.003149665,-0.08992548,-1.316435,0.0,0.0,0.0,0.0,0.0,0.0,0.0,0.0,0.29686287,-0.1384481,0.0,0.0,0.0,0.0,0.0,0.0,0.0,0.0,0.0,0.0,0.0,0.0,0.0,0.0,0.0,0.0,0.0,-1.6229231,-0.15540066,-0.20186183,-5.315678,0.0,0.0,0.0,0.0,0.0,0.0,0.0,0.0
1.6226876,0.0,0.007221514,0.0,0.0,-0.01826588,0.0,0.0,0.0,0.0,0.0,0.0,0.0,0.0,0.0,0.0,-0.2232073,0.0038599444,-0.117360875,0.001491507,0.0,0.0,0.0,0.0,0.0,0.0,0.0,0.0,-0.024085382,0.0,0.005423653,0.0,0.0,0.0,0.0,-0.08449265,0.009567602,0.23362368,1.9590354,0.0,0.0,0.0,0.0,0.0,0.0,0.0,0.0,0.29686287,0.13651976,0.0,0.0,0.0,0.0,0.0,0.0,0.0,0.0,0.0,0.0,0.0,0.0,0.0,0.0,0.0,0.0,0.0,-1.5177667,0.118511975,-0.07689339,9.868058,0.0,0.0,0.0,0.0,0.0,0.0,0.0,0.0
-4.4063296,0.0,0.0014946812,0.0,0.0,-0.023257487,0.0,0.0,0.0,0.0,0.0,0.0,0.0,0.0,0.0,0.0,0.105810985,-0.10930079,-0.117360875,0.00032037217,0.0,0.0,0.0,0.0,0.0,0.0,0.0,0.0,-0.031050395,0.0,0.0015759123,0.0,0.0,0.0,0.0,0.0060807792,-0.10885771,-0.2297843,-1.6748254,0.0,0.0,0.0,0.0,0.0,0.0,0.0,0.0,0.29686287,0.13651976,0.0,0.0,0.0,0.0,0.0,0.0,0.0,0.0,0.0,0.0,0.0,0.0,0.0,0.0,0.0,0.0,0.0,-1.5415614,-0.15540066,-0.20186183,-4.9909873,0.0,0.0,0.0,0.0,0.0,0.0,0.0,0.0
1.7505748,0.0,0.007221514,0.0,0.0,-0.07818855,0.0,0.0,0.0,0.0,0.0,0.0,0.0,0.0,0.0,0.0,0.23856746,0.0038599444,0.14738955,0.001491507,0.0,0.0,0.0,0.0,0.0,0.0,0.0,0.0,0.06467286,0.0,0.005423653,0.0,0.0,0.0,0.0,0.028020248,0.009567602,-0.18978627,-0.9718683,0.0,0.0,0.0,0.0,0.0,0.0,0.0,0.0,-0.26020104,-0.048740946,0.0,0.0,0.0,0.0,0.0,0.0,0.0,0.0,0.0,0.0,0.0,0.0,0.0,0.0,0.0,0.0,0.0,1.5063707,0.118511975,0.49909496,9.784328,0.0,0.0,0.0,0.0,0.0,0.0,0.0,0.0
-3.7700164,0.0,-1.6271869,0.0,0.0,-0.023257487,0.0,0.0,0.0,0.0,0.0,0.0,0.0,0.0,0.0,0.0,0.105810985,-0.089379326,0.14738955,-0.12285965,0.0,0.0,0.0,0.0,0.0,0.0,0.0,0.0,0.018172232,0.0,-0.11993132,0.0,0.0,0.0,0.0,0.0060807792,0.003149665,-0.3905421,-1.5282797,0.0,0.0,0.0,0.0,0.0,0.0,0.0,0.0,-0.26020104,-0.048740946,0.0,0.0,0.0,0.0,0.0,0.0,0.0,0.0,0.0,0.0,0.0,0.0,0.0,0.0,0.0,0.0,0.0,1.4401152,0.118511975,-0.20186183,-3.901936,0.0,0.0,0.0,0.0,0.0,0.0,0.0,0.0
-4.922479,0.0,0.0014946812,0.0,0.0,-0.023257487,0.0,0.0,0.0,0.0,0.0,0.0,0.0,0.0,0.0,0.0,0.22226559,0.0012546185,0.14738955,0.00032037217,0.0,0.0,0.0,0.0,0.0,0.0,0.0,0.0,-0.031050395,0.0,0.0017642535,0.0,0.0,0.0,0.0,0.009465825,0.003149665,-0.15619947,-1.316435,0.0,0.0,0.0,0.0,0.0,0.0,0.0,0.0,-0.26020104,-0.1384481,0.0,0.0,0.0,0.0,0.0,0.0,0.0,0.0,0.0,0.0,0.0,0.0,0.0,0.0,0.0,0.0,0.0,-1.6229231,-0.15540066,-0.20186183,-5.315678,0.0,0.0,0.0,0.0,0.0,0.0,0.0,0.0
1.7505748,0.0,0.007221514,0.0,0.0,-0.01826588,0.0,0.0,0.0,0.0,0.0,0.0,0.0,0.0,0.0,0.0,-0.2165885,0.0038599444,-0.117360875,0.001491507,0.0,0.0,0.0,0.0,0.0,0.0,0.0,0.0,-0.024085382,0.0,0.005423653,0.0,0.0,0.0,0.0,0.028020248,0.009567602,0.23362368,1.7269845,0.0,0.0,0.0,0.0,0.0,0.0,0.0,0.0,-0.26020104,-0.048740946,0.0,0.0,0.0,0.0,0.0,0.0,0.0,0.0,0.0,0.0,0.0,0.0,0.0,0.0,0.0,0.0,0.0,1.3057003,-0.15540066,-0.07689339,9.868058,0.0,0.0,0.0,0.0,0.0,0.0,0.0,0.0
1.6226876,0.0,0.007221514,0.0,0.0,-0.01826588,0.0,0.0,0.0,0.0,0.0,0.0,0.0,0.0,0.0,0.0,-0.2232073,0.0038599444,-0.117360875,0.001491507,0.0,0.0,0.0,0.0,0.0,0.0,0.0,0.0,-0.024085382,0.0,0.005423653,0.0,0.0,0.0,0.0,-0.08449265,0.009567602,0.23362368,1.9590354,0.0,0.0,0.0,0.0,0.0,0.0,0.0,0.0,0.29686287,0.13651976,0.0,0.0,0.0,0.0,0.0,0.0,0.0,0.0,0.0,0.0,0.0,0.0,0.0,0.0,0.0,0.0,0.0,-1.5177667,0.118511975,-0.07689339,9.868058,0.0,0.0,0.0,0.0,0.0,0.0,0.0,0.0
1.7505748,0.0,0.007221514,0.0,0.0,-0.01826588,0.0,0.0,0.0,0.0,0.0,0.0,0.0,0.0,0.0,0.0,-0.2165885,0.0038599444,-0.117360875,0.001491507,0.0,0.0,0.0,0.0,0.0,0.0,0.0,0.0,-0.024085382,0.0,0.005423653,0.0,0.0,0.0,0.0,0.028020248,0.009567602,0.23362368,1.7269845,0.0,0.0,0.0,0.0,0.0,0.0,0.0,0.0,-0.26020104,-0.048740946,0.0,0.0,0.0,0.0,0.0,0.0,0.0,0.0,0.0,0.0,0.0,0.0,0.0,0.0,0.0,0.0,0.0,1.3057003,-0.15540066,-0.07689339,9.868058,0.0,0.0,0.0,0.0,0.0,0.0,0.0,0.0
1.7505748,0.0,0.007221514,0.0,0.0,0.07304284,0.0,0.0,0.0,0.0,0.0,0.0,0.0,0.0,0.0,0.0,0.23856746,0.0038599444,0.14738955,0.001491507,0.0,0.0,0.0,0.0,0.0,0.0,0.0,0.0,0.06467286,0.0,0.005423653,0.0,0.0,0.0,0.0,0.028020248,0.009567602,-0.11610402,-0.9718683,0.0,0.0,0.0,0.0,0.0,0.0,0.0,0.0,-0.26020104,-0.048740946,0.0,0.0,0.0,0.0,0.0,0.0,0.0,0.0,0.0,0.0,0.0,0.0,0.0,0.0,0.0,0.0,0.0,1.5063707,0.118511975,0.49909496,9.829046,0.0,0.0,0.0,0.0,0.0,0.0,0.0,0.0
-3.6424062,0.0,-1.6271869,0.0,0.0,-0.023257487,0.0,0.0,0.0,0.0,0.0,0.0,0.0,0.0,0.0,0.0,0.105810985,-0.089379326,0.14738955,-0.12285965,0.0,0.0,0.0,0.0,0.0,0.0,0.0,0.0,0.018172232,0.0,-0.11993132,0.0,0.0,0.0,0.0,0.0060807792,0.003149665,-0.3905421,-1.6748254,0.0,0.0,0.0,0.0,0.0,0.0,0.0,0.0,-0.26020104,-0.1384481,0.0,0.0,0.0,0.0,0.0,0.0,0.0,0.0,0.0,0.0,0.0,0.0,0.0,0.0,0.0,0.0,0.0,-1.6229231,0.118511975,-0.20186183,-3.901936,0.0,0.0,0.0,0.0,0.0,0.0,0.0,0.0
1.7505748,0.0,0.007221514,0.0,0.0,-0.01826588,0.0,0.0,0.0,0.0,0.0,0.0,0.0,0.0,0.0,0.0,-0.2165885,0.0038599444,-0.117360875,0.001491507,0.0,0.0,0.0,0.0,0.0,0.0,0.0,0.0,-0.024085382,0.0,0.005423653,0.0,0.0,0.0,0.0,0.028020248,0.009567602,0.23362368,1.7269845,0.0,0.0,0.0,0.0,0.0,0.0,0.0,0.0,-0.26020104,-0.048740946,0.0,0.0,0.0,0.0,0.0,0.0,0.0,0.0,0.0,0.0,0.0,0.0,0.0,0.0,0.0,0.0,0.0,1.3057003,-0.15540066,-0.07689339,9.868058,0.0,0.0,0.0,0.0,0.0,0.0,0.0,0.0
-3.6424062,0.0,-1.6271869,0.0,0.0,-0.023257487,0.0,0.0,0.0,0.0,0.0,0.0,0.0,0.0,0.0,0.0,0.105810985,-0.089379326,0.14738955,-0.12285965,0.0,0.0,0.0,0.0,0.0,0.0,0.0,0.0,0.018172232,0.0,-0.11993132,0.0,0.0,0.0,0.0,0.0060807792,0.003149665,-0.3905421,-1.6748254,0.0,0.0,0.0,0.0,0.0,0.0,0.0,0.0,-0.26020104,-0.1384481,0.0,0.0,0.0,0.0,0.0,0.0,0.0,0.0,0.0,0.0,0.0,0.0,0.0,0.0,0.0,0.0,0.0,-1.6229231,0.118511975,-0.20186183,-3.901936,0.0,0.0,0.0,0.0,0.0,0.0,0.0,0.0
-3.5303988,0.0,-1.6271869,0.0,0.0,-0.023257487,0.0,0.0,0.0,0.0,0.0,0.0,0.0,0.0,0.0,0.0,0.105810985,-0.10930079,-0.117360875,-0.12285965,0.0,0.0,0.0,0.0,0.0,0.0,0.0,0.0,-0.031050395,0.0,0.0011707973,0.0,0.0,0.0,0.0,0.0060807792,-0.10885771,-0.45053715,-1.6748254,0.0,0.0,0.0,0.0,0.0,0.0,0.0,0.0,0.29686287,0.13651976,0.0,0.0,0.0,0.0,0.0,0.0,0.0,0.0,0.0,0.0,0.0,0.0,0.0,0.0,0.0,0.0,0.0,-1.5415614,-0.15540066,-0.20186183,-3.8938994,0.0,0.0,0.0,0.0,0.0,0.0,0.0,0.0
-3.6424062,0.0,-1.6271869,0.0,0.0,-0.023257487,0.0,0.0,0.0,0.0,0.0,0.0,0.0,0.0,0.0,0.0,0.105810985,-0.089379326,0.14738955,-0.12285965,0.0,0.0,0.0,0.0,0.0,0.0,0.0,0.0,0.018172232,0.0,-0.11993132,0.0,0.0,0.0,0.0,0.0060807792,0.003149665,-0.3905421,-1.6748254,0.0,0.0,0.0,0.0,0.0,0.0,0.0,0.0,-0.26020104,-0.1384481,0.0,0.0,0.0,0.0,0.0,0.0,0.0,0.0,0.0,0.0,0.0,0.0,0.0,0.0,0.0,0.0,0.0,-1.6229231,0.118511975,-0.20186183,-3.901936,0.0,0.0,0.0,0.0,0.0,0.0,0.0,0.0
-4.5031953,0.0,0.0014946812,0.0,0.0,-0.023257487,0.0,0.0,0.0,0.0,0.0,0.0,0.0,0.0,0.0,0.0,0.22226559,0.0012546185,-0.117360875,0.00032037217,0.0,0.0,0.0,0.0,0.0,0.0,0.0,0.0,-0.031050395,0.0,0.0017642535,0.0,0.0,0.0,0.0,0.009465825,-0.10885771,-0.15619947,-1.6748254,0.0,0.0,0.0,0.0,0.0,0.0,0.0,0.0,0.29686287,0.13651976,0.0,0.0,0.0,0.0,0.0,0.0,0.0,0.0,0.0,0.0,0.0,0.0,0.0,0.0,0.0,0.0,0.0,-1.5415614,-0.15540066,-0.20186183,-5.264564,0.0,0.0,0.0,0.0,0.0,0.0,0.0,0.0
-4.4567466,0.0,0.0014946812,0.0,0.0,-0.023257487,0.0,0.0,0.0,0.0,0.0,0.0,0.0,0.0,0.0,0.0,0.105810985,-0.10930079,0.14738955,-0.12285965,0.0,0.0,0.0,0.0,0.0,0.0,0.0,0.0,-0.031050395,0.0,0.0011707973,0.0,0.0,0.0,0.0,0.0060807792,0.003149665,-0.45053715,-1.6748254,0.0,0.0,0.0,0.0,0.0,0.0,0.0,0.0,-0.26020104,-0.1384481,0.0,0.0,0.0,0.0,0.0,0.0,0.0,0.0,0.0,0.0,0.0,0.0,0.0,0.0,0.0,0.0,0.0,-1.6229231,0.118511975,-0.20186183,-4.7082396,0.0,0.0,0.0,0.0,0.0,0.0,0.0,0.0
-4.883086,0.0,0.0014946812,0.0,0.0,-0.023257487,0.0,0.0,0.0,0.0,0.0,0.0,0.0,0.0,0.0,0.0,0.22088169,0.0012546185,-0.117360875,0.00032037217,0.0,0.0,0.0,0.0,0.0,0.0,0.0,0.0,-0.031050395,0.0,0.0017642535,0.0,0.0,0.0,0.0,-0.028543388,0.003149665,-0.15619947,-1.316435,0.0,0.0,0.0,0.0,0.0,0.0,0.0,0.0,0.29686287,-0.1384481,0.0,0.0,0.0,0.0,0.0,0.0,0.0,0.0,0.0,0.0,0.0,0.0,0.0,0.0,0.0,0.0,0.0,-1.6229231,-0.15540066,-0.20186183,-5.315678,0.0,0.0,0.0,0.0,0.0,0.0,0.0,0.0
-3.6424062,0.0,-1.6271869,0.0,0.0,-0.023257487,0.0,0.0,0.0,0.0,0.0,0.0,0.0,0.0,0.0,0.0,0.105810985,-0.10930079,0.14738955,-0.12285965,0.0,0.0,0.0,0.0,0.0,0.0,0.0,0.0,0.018172232,0.0,0.0011707973,0.0,0.0,0.0,0.0,0.0060807792,0.003149665,-0.43117172,-1.6748254,0.0,0.0,0.0,0.0,0.0,0.0,0.0,0.0,-0.26020104,-0.1384481,0.0,0.0,0.0,0.0,0.0,0.0,0.0,0.0,0.0,0.0,0.0,0.0,0.0,0.0,0.0,0.0,0.0,-1.6229231,0.118511975,-0.20186183,-3.9624875,0.0,0.0,0.0,0.0,0.0,0.0,0.0,0.0
-3.7039962,0.0,-1.6271869,0.0,0.0,-0.023257487,0.0,0.0,0.0,0.0,0.0,0.0,0.0,0.0,0.0,0.0,0.105810985,-0.089379326,0.14738955,0.00032037217,0.0,0.0,0.0,0.0,0.0,0.0,0.0,0.0,-0.031050395,0.0,-0.11993132,0.0,0.0,0.0,0.0,0.0060807792,0.003149665,-0.40990752,-1.6748254,0.0,0.0,0.0,0.0,0.0,0.0,0.0,0.0,-0.26020104,-0.1384481,0.0,0.0,0.0,0.0,0.0,0.0,0.0,0.0,0.0,0.0,0.0,0.0,0.0,0.0,0.0,0.0,0.0,-1.6229231,-0.15540066,-0.20186183,-3.894938,0.0,0.0,0.0,0.0,0.0,0.0,0.0,0.0
-5.05009,0.0,0.0014946812,0.0,0.0,-0.009802495,0.0,0.0,0.0,0.0,0.0,0.0,0.0,0.0,0.0,0.0,-0.23289037,0.0012546185,-0.117360875,0.00032037217,0.0,0.0,0.0,0.0,0.0,0.0,0.0,0.0,-0.012556249,0.0,0.0017642535,0.0,0.0,0.0,0.0,0.009465825,0.003149665,0.10223992,-1.1698893,0.0,0.0,0.0,0.0,0.0,0.0,0.0,0.0,0.29686287,0.04806206,0.0,0.0,0.0,0.0,0.0,0.0,0.0,0.0,0.0,0.0,0.0,0.0,0.0,0.0,0.0,0.0,0.0,1.3433123,-0.15540066,-0.20186183,-5.496316,0.0,0.0,0.0,0.0,0.0,0.0,0.0,0.0
1.7505748,0.0,0.007221514,0.0,0.0,0.07304284,0.0,0.0,0.0,0.0,0.0,0.0,0.0,0.0,0.0,0.0,0.23856746,0.0038599444,0.14738955,0.001491507,0.0,0.0,0.0,0.0,0.0,0.0,0.0,0.0,0.06467286,0.0,0.005423653,0.0,0.0,0.0,0.0,0.028020248,0.009567602,-0.29705435,-0.9718683,0.0,0.0,0.0,0.0,0.0,0.0,0.0,0.0,-0.26020104,-0.048740946,0.0,0.0,0.0,0.0,0.0,0.0,0.0,0.0,0.0,0.0,0.0,0.0,0.0,0.0,0.0,0.0,0.0,1.5063707,0.118511975,0.49909496,9.770157,0.0,0.0,0.0,0.0,0.0,0.0,0.0,0.0
1.7505748,0.0,0.007221514,0.0,0.0,-0.07818855,0.0,0.0,0.0,0.0,0.0,0.0,0.0,0.0,0.0,0.0,0.23856746,0.0038599444,0.14738955,0.001491507,0.0,0.0,0.0,0.0,0.0,0.0,0.0,0.0,0.06467286,0.0,0.005423653,0.0,0.0,0.0,0.0,0.028020248,0.009567602,-0.18978627,-0.9718683,0.0,0.0,0.0,0.0,0.0,0.0,0.0,0.0,-0.26020104,-0.048740946,0.0,0.0,0.0,0.0,0.0,0.0,0.0,0.0,0.0,0.0,0.0,0.0,0.0,0.0,0.0,0.0,0.0,1.5063707,0.118511975,0.49909496,9.784328,0.0,0.0,0.0,0.0,0.0,0.0,0.0,0.0
-4.883086,0.0,0.0014946812,0.0,0.0,-0.023257487,0.0,0.0,0.0,0.0,0.0,0.0,0.0,0.0,0.0,0.0,0.22088169,0.0012546185,-0.117360875,0.00032037217,0.0,0.0,0.0,0.0,0.0,0.0,0.0,0.0,-0.031050395,0.0,0.0017642535,0.0,0.0,0.0,0.0,-0.028543388,0.003149665,-0.15619947,-1.316435,0.0,0.0,0.0,0.0,0.0,0.0,0.0,0.0,0.29686287,-0.1384481,0.0,0.0,0.0,0.0,0.0,0.0,0.0,0.0,0.0,0.0,0.0,0.0,0.0,0.0,0.0,0.0,0.0,-1.6229231,-0.15540066,-0.20186183,-5.315678,0.0,0.0,0.0,0.0,0.0,0.0,0.0,0.0
-3.6424062,0.0,-1.6271869,0.0,0.0,-0.023257487,0.0,0.0,0.0,0.0,0.0,0.0,0.0,0.0,0.0,0.0,0.105810985,-0.089379326,0.14738955,-0.12285965,0.0,0.0,0.0,0.0,0.0,0.0,0.0,0.0,0.018172232,0.0,-0.11993132,0.0,0.0,0.0,0.0,0.0060807792,0.003149665,-0.3905421,-1.6748254,0.0,0.0,0.0,0.0,0.0,0.0,0.0,0.0,-0.26020104,-0.1384481,0.0,0.0,0.0,0.0,0.0,0.0,0.0,0.0,0.0,0.0,0.0,0.0,0.0,0.0,0.0,0.0,0.0,-1.6229231,0.118511975,-0.20186183,-3.901936,0.0,0.0,0.0,0.0,0.0,0.0,0.0,0.0
1.7505748,0.0,0.007221514,0.0,0.0,-0.01826588,0.0,0.0,0.0,0.0,0.0,0.0,0.0,0.0,0.0,0.0,-0.2165885,0.0038599444,-0.117360875,0.001491507,0.0,0.0,0.0,0.0,0.0,0.0,0.0,0.0,-0.024085382,0.0,0.005423653,0.0,0.0,0.0,0.0,0.028020248,0.009567602,0.23362368,1.7269845,0.0,0.0,0.0,0.0,0.0,0.0,0.0,0.0,-0.26020104,-0.048740946,0.0,0.0,0.0,0.0,0.0,0.0,0.0,0.0,0.0,0.0,0.0,0.0,0.0,0.0,0.0,0.0,0.0,1.3057003,-0.15540066,-0.07689339,9.868058,0.0,0.0,0.0,0.0,0.0,0.0,0.0,0.0
1.7505748,0.0,0.007221514,0.0,0.0,0.07304284,0.0,0.0,0.0,0.0,0.0,0.0,0.0,0.0,0.0,0.0,0.23856746,0.0038599444,0.14738955,0.001491507,0.0,0.0,0.0,0.0,0.0,0.0,0.0,0.0,0.06467286,0.0,0.005423653,0.0,0.0,0.0,0.0,0.028020248,0.009567602,-0.11610402,-0.9718683,0.0,0.0,0.0,0.0,0.0,0.0,0.0,0.0,-0.26020104,-0.048740946,0.0,0.0,0.0,0.0,0.0,0.0,0.0,0.0,0.0,0.0,0.0,0.0,0.0,0.0,0.0,0.0,0.0,1.5063707,0.118511975,0.49909496,9.829046,0.0,0.0,0.0,0.0,0.0,0.0,0.0,0.0
-4.5031953,0.0,0.0014946812,0.0,0.0,-0.023257487,0.0,0.0,0.0,0.0,0.0,0.0,0.0,0.0,0.0,0.0,0.22226559,0.0012546185,-0.117360875,0.00032037217,0.0,0.0,0.0,0.0,0.0,0.0,0.0,0.0,-0.031050395,0.0,0.0013591386,0.0,0.0,0.0,0.0,0.009465825,-0.10885771,-0.45053715,-1.6748254,0.0,0.0,0.0,0.0,0.0,0.0,0.0,0.0,0.29686287,0.13651976,0.0,0.0,0.0,0.0,0.0,0.0,0.0,0.0,0.0,0.0,0.0,0.0,0.0,0.0,0.0,0.0,0.0,-1.5415614,-0.15540066,-0.20186183,-4.9035473,0.0,0.0,0.0,0.0,0.0,0.0,0.0,0.0
1.7505748,0.0,0.007221514,0.0,0.0,-0.01826588,0.0,0.0,0.0,0.0,0.0,0.0,0.0,0.0,0.0,0.0,-0.2165885,0.0038599444,-0.117360875,0.001491507,0.0,0.0,0.0,0.0,0.0,0.0,0.0,0.0,-0.024085382,0.0,0.005423653,0.0,0.0,0.0,0.0,0.028020248,0.009567602,0.23362368,1.7269845,0.0,0.0,0.0,0.0,0.0,0.0,0.0,0.0,-0.26020104,-0.048740946,0.0,0.0,0.0,0.0,0.0,0.0,0.0,0.0,0.0,0.0,0.0,0.0,0.0,0.0,0.0,0.0,0.0,1.3057003,-0.15540066,-0.07689339,9.868058,0.0,0.0,0.0,0.0,0.0,0.0,0.0,0.0
1.6226876,0.0,0.007221514,0.0,0.0,-0.01826588,0.0,0.0,0.0,0.0,0.0,0.0,0.0,0.0,0.0,0.0,-0.2232073,0.0038599444,-0.117360875,0.001491507,0.0,0.0,0.0,0.0,0.0,0.0,0.0,0.0,-0.024085382,0.0,0.005423653,0.0,0.0,0.0,0.0,-0.08449265,0.009567602,0.23362368,1.6033576,0.0,0.0,0.0,0.0,0.0,0.0,0.0,0.0,0.29686287,0.13651976,0.0,0.0,0.0,0.0,0.0,0.0,0.0,0.0,0.0,0.0,0.0,0.0,0.0,0.0,0.0,0.0,0.0,-1.6091921,0.118511975,-0.07689339,9.868058,0.0,0.0,0.0,0.0,0.0,0.0,0.0,0.0
-4.883086,0.0,0.0014946812,0.0,0.0,-0.023257487,0.0,0.0,0.0,0.0,0.0,0.0,0.0,0.0,0.0,0.0,0.22088169,0.0012546185,-0.117360875,0.00032037217,0.0,0.0,0.0,0.0,0.0,0.0,0.0,0.0,-0.031050395,0.0,0.0017642535,0.0,0.0,0.0,0.0,-0.028543388,0.003149665,-0.15619947,-1.316435,0.0,0.0,0.0,0.0,0.0,0.0,0.0,0.0,0.29686287,-0.1384481,0.0,0.0,0.0,0.0,0.0,0.0,0.0,0.0,0.0,0.0,0.0,0.0,0.0,0.0,0.0,0.0,0.0,-1.6229231,-0.15540066,-0.20186183,-5.315678,0.0,0.0,0.0,0.0,0.0,0.0,0.0,0.0
-3.6424062,0.0,-1.6271869,0.0,0.0,-0.023257487,0.0,0.0,0.0,0.0,0.0,0.0,0.0,0.0,0.0,0.0,0.105810985,-0.089379326,0.14738955,-0.12285965,0.0,0.0,0.0,0.0,0.0,0.0,0.0,0.0,0.018172232,0.0,-0.11993132,0.0,0.0,0.0,0.0,0.0060807792,0.003149665,-0.3905421,-1.6748254,0.0,0.0,0.0,0.0,0.0,0.0,0.0,0.0,-0.26020104,-0.1384481,0.0,0.0,0.0,0.0,0.0,0.0,0.0,0.0,0.0,0.0,0.0,0.0,0.0,0.0,0.0,0.0,0.0,-1.6229231,-0.15540066,-0.20186183,-3.901936,0.0,0.0,0.0,0.0,0.0,0.0,0.0,0.0
-4.5031953,0.0,0.0014946812,0.0,0.0,-0.023257487,0.0,0.0,0.0,0.0,0.0,0.0,0.0,0.0,0.0,0.0,0.22226559,0.0012546185,-0.117360875,0.00032037217,0.0,0.0,0.0,0.0,0.0,0.0,0.0,0.0,-0.031050395,0.0,0.0017642535,0.0,0.0,0.0,0.0,0.009465825,-0.10885771,-0.15619947,-1.6748254,0.0,0.0,0.0,0.0,0.0,0.0,0.0,0.0,0.29686287,0.13651976,0.0,0.0,0.0,0.0,0.0,0.0,0.0,0.0,0.0,0.0,0.0,0.0,0.0,0.0,0.0,0.0,0.0,-1.5415614,-0.15540066,-0.20186183,-5.264564,0.0,0.0,0.0,0.0,0.0,0.0,0.0,0.0
1.6226876,0.0,0.007221514,0.0,0.0,-0.01826588,0.0,0.0,0.0,0.0,0.0,0.0,0.0,0.0,0.0,0.0,-0.2232073,0.0038599444,-0.117360875,0.001491507,0.0,0.0,0.0,0.0,0.0,0.0,0.0,0.0,-0.024085382,0.0,0.005423653,0.0,0.0,0.0,0.0,-0.08449265,0.009567602,0.23362368,1.9590354,0.0,0.0,0.0,0.0,0.0,0.0,0.0,0.0,0.29686287,0.13651976,0.0,0.0,0.0,0.0,0.0,0.0,0.0,0.0,0.0,0.0,0.0,0.0,0.0,0.0,0.0,0.0,0.0,-1.5177667,0.118511975,-0.07689339,9.868058,0.0,0.0,0.0,0.0,0.0,0.0,0.0,0.0
-4.5031953,0.0,0.0014946812,0.0,0.0,-0.023257487,0.0,0.0,0.0,0.0,0.0,0.0,0.0,0.0,0.0,0.0,0.22226559,0.0012546185,-0.117360875,0.00032037217,0.0,0.0,0.0,0.0,0.0,0.0,0.0,0.0,-0.031050395,0.0,0.0017642535,0.0,0.0,0.0,0.0,0.009465825,-0.10885771,-0.15619947,-1.6748254,0.0,0.0,0.0,0.0,0.0,0.0,0.0,0.0,0.29686287,0.13651976,0.0,0.0,0.0,0.0,0.0,0.0,0.0,0.0,0.0,0.0,0.0,0.0,0.0,0.0,0.0,0.0,0.0,-1.5415614,-0.15540066,-0.20186183,-5.264564,0.0,0.0,0.0,0.0,0.0,0.0,0.0,0.0
1.7505748,0.0,0.007221514,0.0,0.0,0.07304284,0.0,0.0,0.0,0.0,0.0,0.0,0.0,0.0,0.0,0.0,0.23856746,0.0038599444,0.14738955,0.001491507,0.0,0.0,0.0,0.0,0.0,0.0,0.0,0.0,0.06467286,0.0,0.005423653,0.0,0.0,0.0,0.0,0.028020248,0.009567602,-0.11610402,-0.9718683,0.0,0.0,0.0,0.0,0.0,0.0,0.0,0.0,-0.26020104,-0.048740946,0.0,0.0,0.0,0.0,0.0,0.0,0.0,0.0,0.0,0.0,0.0,0.0,0.0,0.0,0.0,0.0,0.0,1.5063707,0.118511975,0.49909496,9.829046,0.0,0.0,0.0,0.0,0.0,0.0,0.0,0.0
-3.6424062,0.0,-1.6271869,0.0,0.0,-0.023257487,0.0,0.0,0.0,0.0,0.0,0.0,0.0,0.0,0.0,0.0,0.105810985,-0.10930079,0.14738955,-0.12285965,0.0,0.0,0.0,0.0,0.0,0.0,0.0,0.0,0.018172232,0.0,0.0011707973,0.0,0.0,0.0,0.0,0.0060807792,0.003149665,-0.43117172,-1.6748254,0.0,0.0,0.0,0.0,0.0,0.0,0.0,0.0,-0.26020104,-0.1384481,0.0,0.0,0.0,0.0,0.0,0.0,0.0,0.0,0.0,0.0,0.0,0.0,0.0,0.0,0.0,0.0,0.0,-1.6229231,-0.15540066,-0.20186183,-3.9624875,0.0,0.0,0.0,0.0,0.0,0.0,0.0,0.0
-4.883086,0.0,0.0014946812,0.0,0.0,-0.023257487,0.0,0.0,0.0,0.0,0.0,0.0,0.0,0.0,0.0,0.0,0.22088169,0.0012546185,-0.117360875,0.00032037217,0.0,0.0,0.0,0.0,0.0,0.0,0.0,0.0,-0.031050395,0.0,0.0017642535,0.0,0.0,0.0,0.0,-0.028543388,0.003149665,-0.15619947,-1.316435,0.0,0.0,0.0,0.0,0.0,0.0,0.0,0.0,0.29686287,0.13651976,0.0,0.0,0.0,0.0,0.0,0.0,0.0,0.0,0.0,0.0,0.0,0.0,0.0,0.0,0.0,0.0,0.0,-1.5415614,0.118511975,-0.20186183,-5.315678,0.0,0.0,0.0,0.0,0.0,0.0,0.0,0.0
1.7505748,0.0,0.007221514,0.0,0.0,-0.01826588,0.0,0.0,0.0,0.0,0.0,0.0,0.0,0.0,0.0,0.0,-0.2165885,0.0038599444,-0.117360875,0.001491507,0.0,0.0,0.0,0.0,0.0,0.0,0.0,0.0,-0.024085382,0.0,0.005423653,0.0,0.0,0.0,0.0,0.028020248,0.009567602,0.23362368,1.7269845,0.0,0.0,0.0,0.0,0.0,0.0,0.0,0.0,-0.26020104,-0.048740946,0.0,0.0,0.0,0.0,0.0,0.0,0.0,0.0,0.0,0.0,0.0,0.0,0.0,0.0,0.0,0.0,0.0,1.3057003,-0.15540066,-0.07689339,9.868058,0.0,0.0,0.0,0.0,0.0,0.0,0.0,0.0
1.7505748,0.0,0.007221514,0.0,0.0,-0.01826588,0.0,0.0,0.0,0.0,0.0,0.0,0.0,0.0,0.0,0.0,-0.2165885,0.0038599444,-0.117360875,0.001491507,0.0,0.0,0.0,0.0,0.0,0.0,0.0,0.0,-0.024085382,0.0,0.005423653,0.0,0.0,0.0,0.0,0.028020248,0.009567602,0.23362368,1.7269845,0.0,0.0,0.0,0.0,0.0,0.0,0.0,0.0,-0.26020104,-0.048740946,0.0,0.0,0.0,0.0,0.0,0.0,0.0,0.0,0.0,0.0,0.0,0.0,0.0,0.0,0.0,0.0,0.0,1.3057003,-0.15540066,-0.07689339,9.868058,0.0,0.0,0.0,0.0,0.0,0.0,0.0,0.0
-4.883086,0.0,0.0014946812,0.0,0.0,-0.023257487,0.0,0.0,0.0,0.0,0.0,0.0,0.0,0.0,0.0,0.0,0.22088169,0.0012546185,-0.117360875,0.00032037217,0.0,0.0,0.0,0.0,0.0,0.0,0.0,0.0,-0.031050395,0.0,0.0017642535,0.0,0.0,0.0,0.0,-0.028543388,0.003149665,-0.15619947,-1.316435,0.0,0.0,0.0,0.0,0.0,0.0,0.0,0.0,0.29686287,-0.1384481,0.0,0.0,0.0,0.0,0.0,0.0,0.0,0.0,0.0,0.0,0.0,0.0,0.0,0.0,0.0,0.0,0.0,-1.6229231,-0.15540066,-0.20186183,-5.315678,0.0,0.0,0.0,0.0,0.0,0.0,0.0,0.0
-4.3447394,0.0,0.0014946812,0.0,0.0,-0.023257487,0.0,0.0,0.0,0.0,0.0,0.0,0.0,0.0,0.0,0.0,0.105810985,-0.10930079,-0.117360875,-0.12285965,0.0,0.0,0.0,0.0,0.0,0.0,0.0,0.0,-0.031050395,0.0,0.0011707973,0.0,0.0,0.0,0.0,0.0060807792,-0.10885771,-0.45053715,-1.6748254,0.0,0.0,0.0,0.0,0.0,0.0,0.0,0.0,0.29686287,0.13651976,0.0,0.0,0.0,0.0,0.0,0.0,0.0,0.0,0.0,0.0,0.0,0.0,0.0,0.0,0.0,0.0,0.0,-1.5415614,-0.15540066,-0.20186183,-4.7082396,0.0,0.0,0.0,0.0,0.0,0.0,0.0,0.0
-3.6424062,0.0,-1.6271869,0.0,0.0,-0.023257487,0.0,0.0,0.0,0.0,0.0,0.0,0.0,0.0,0.0,0.0,0.105810985,-0.10930079,0.14738955,-0.12285965,0.0,0.0,0.0,0.0,0.0,0.0,0.0,0.0,0.018172232,0.0,0.0011707973,0.0,0.0,0.0,0.0,0.0060807792,0.003149665,-0.43117172,-1.6748254,0.0,0.0,0.0,0.0,0.0,0.0,0.0,0.0,-0.26020104,-0.1384481,0.0,0.0,0.0,0.0,0.0,0.0,0.0,0.0,0.0,0.0,0.0,0.0,0.0,0.0,0.0,0.0,0.0,-1.6229231,0.118511975,-0.20186183,-3.9624875,0.0,0.0,0.0,0.0,0.0,0.0,0.0,0.0
-4.5061283,0.0,0.0014946812,0.0,0.0,-0.023257487,0.0,0.0,0.0,0.0,0.0,0.0,0.0,0.0,0.0,0.0,0.11801937,0.0010259486,0.14738955,0.00032037217,0.0,0.0,0.0,0.0,0.0,0.0,0.0,0.0,-0.031050395,0.0,-0.13989311,0.0,0.0,0.0,0.0,-0.018336069,0.003149665,-0.40990752,-1.6748254,0.0,0.0,0.0,0.0,0.0,0.0,0.0,0.0,0.29686287,-0.1384481,0.0,0.0,0.0,0.0,0.0,0.0,0.0,0.0,0.0,0.0,0.0,0.0,0.0,0.0,0.0,0.0,0.0,-1.6229231,-0.15540066,-0.20186183,-4.7797217,0.0,0.0,0.0,0.0,0.0,0.0,0.0,0.0
-3.6424062,0.0,-1.6271869,0.0,0.0,-0.023257487,0.0,0.0,0.0,0.0,0.0,0.0,0.0,0.0,0.0,0.0,0.105810985,-0.089379326,0.14738955,-0.12285965,0.0,0.0,0.0,0.0,0.0,0.0,0.0,0.0,0.018172232,0.0,-0.11993132,0.0,0.0,0.0,0.0,0.0060807792,0.003149665,-0.3905421,-1.6748254,0.0,0.0,0.0,0.0,0.0,0.0,0.0,0.0,0.29686287,0.13651976,0.0,0.0,0.0,0.0,0.0,0.0,0.0,0.0,0.0,0.0,0.0,0.0,0.0,0.0,0.0,0.0,0.0,-1.5415614,-0.15540066,-0.20186183,-3.901936,0.0,0.0,0.0,0.0,0.0,0.0,0.0,0.0
-3.6424062,0.0,-1.6271869,0.0,0.0,-0.023257487,0.0,0.0,0.0,0.0,0.0,0.0,0.0,0.0,0.0,0.0,0.105810985,-0.10930079,0.14738955,-0.12285965,0.0,0.0,0.0,0.0,0.0,0.0,0.0,0.0,0.018172232,0.0,0.0011707973,0.0,0.0,0.0,0.0,0.0060807792,0.003149665,-0.43117172,-1.6748254,0.0,0.0,0.0,0.0,0.0,0.0,0.0,0.0,-0.26020104,-0.1384481,0.0,0.0,0.0,0.0,0.0,0.0,0.0,0.0,0.0,0.0,0.0,0.0,0.0,0.0,0.0,0.0,0.0,-1.6229231,-0.15540066,-0.20186183,-3.9624875,0.0,0.0,0.0,0.0,0.0,0.0,0.0,0.0
1.7505748,0.0,0.007221514,0.0,0.0,-0.01826588,0.0,0.0,0.0,0.0,0.0,0.0,0.0,0.0,0.0,0.0,-0.2165885,0.0038599444,-0.117360875,0.001491507,0.0,0.0,0.0,0.0,0.0,0.0,0.0,0.0,-0.024085382,0.0,0.005423653,0.0,0.0,0.0,0.0,0.028020248,0.009567602,0.23362368,1.7269845,0.0,0.0,0.0,0.0,0.0,0.0,0.0,0.0,-0.26020104,-0.048740946,0.0,0.0,0.0,0.0,0.0,0.0,0.0,0.0,0.0,0.0,0.0,0.0,0.0,0.0,0.0,0.0,0.0,1.3057003,-0.15540066,-0.07689339,9.868058,0.0,0.0,0.0,0.0,0.0,0.0,0.0,0.0
1.7505748,0.0,0.007221514,0.0,0.0,-0.01826588,0.0,0.0,0.0,0.0,0.0,0.0,0.0,0.0,0.0,0.0,-0.2165885,0.0038599444,-0.117360875,0.001491507,0.0,0.0,0.0,0.0,0.0,0.0,0.0,0.0,-0.024085382,0.0,0.005423653,0.0,0.0,0.0,0.0,0.028020248,0.009567602,0.23362368,1.7269845,0.0,0.0,0.0,0.0,0.0,0.0,0.0,0.0,-0.26020104,-0.048740946,0.0,0.0,0.0,0.0,0.0,0.0,0.0,0.0,0.0,0.0,0.0,0.0,0.0,0.0,0.0,0.0,0.0,1.3057003,-0.15540066,-0.07689339,9.868058,0.0,0.0,0.0,0.0,0.0,0.0,0.0,0.0
-4.5031953,0.0,0.0014946812,0.0,0.0,-0.023257487,0.0,0.0,0.0,0.0,0.0,0.0,0.0,0.0,0.0,0.0,0.22226559,0.0012546185,-0.117360875,0.00032037217,0.0,0.0,0.0,0.0,0.0,0.0,0.0,0.0,-0.031050395,0.0,0.0017642535,0.0,0.0,0.0,0.0,0.009465825,-0.10885771,-0.15619947,-1.6748254,0.0,0.0,0.0,0.0,0.0,0.0,0.0,0.0,0.29686287,0.13651976,0.0,0.0,0.0,0.0,0.0,0.0,0.0,0.0,0.0,0.0,0.0,0.0,0.0,0.0,0.0,0.0,0.0,-1.5415614,-0.15540066,-0.20186183,-5.264564,0.0,0.0,0.0,0.0,0.0,0.0,0.0,0.0
-4.883086,0.0,0.0014946812,0.0,0.0,-0.023257487,0.0,0.0,0.0,0.0,0.0,0.0,0.0,0.0,0.0,0.0,0.22088169,0.0012546185,-0.117360875,0.00032037217,0.0,0.0,0.0,0.0,0.0,0.0,0.0,0.0,-0.031050395,0.0,0.0017642535,0.0,0.0,0.0,0.0,-0.028543388,0.003149665,-0.15619947,-1.316435,0.0,0.0,0.0,0.0,0.0,0.0,0.0,0.0,0.29686287,-0.1384481,0.0,0.0,0.0,0.0,0.0,0.0,0.0,0.0,0.0,0.0,0.0,0.0,0.0,0.0,0.0,0.0,0.0,-1.6229231,-0.15540066,-0.20186183,-5.315678,0.0,0.0,0.0,0.0,0.0,0.0,0.0,0.0
1.7505748,0.0,0.007221514,0.0,0.0,0.07304284,0.0,0.0,0.0,0.0,0.0,0.0,0.0,0.0,0.0,0.0,0.23856746,0.0038599444,0.14738955,0.001491507,0.0,0.0,0.0,0.0,0.0,0.0,0.0,0.0,-0.11050473,0.0,0.005423653,0.0,0.0,0.0,0.0,0.028020248,0.009567602,-0.20659481,-0.9718683,0.0,0.0,0.0,0.0,0.0,0.0,0.0,0.0,-0.26020104,-0.048740946,0.0,0.0,0.0,0.0,0.0,0.0,0.0,0.0,0.0,0.0,0.0,0.0,0.0,0.0,0.0,0.0,0.0,1.5063707,0.118511975,0.49909496,9.771679,0.0,0.0,0.0,0.0,0.0,0.0,0.0,0.0
1.6226876,0.0,0.007221514,0.0,0.0,-0.01826588,0.0,0.0,0.0,0.0,0.0,0.0,0.0,0.0,0.0,0.0,-0.2232073,0.0038599444,-0.117360875,0.001491507,0.0,0.0,0.0,0.0,0.0,0.0,0.0,0.0,-0.024085382,0.0,0.005423653,0.0,0.0,0.0,0.0,-0.08449265,0.009567602,0.23362368,1.9590354,0.0,0.0,0.0,0.0,0.0,0.0,0.0,0.0,0.29686287,0.13651976,0.0,0.0,0.0,0.0,0.0,0.0,0.0,0.0,0.0,0.0,0.0,0.0,0.0,0.0,0.0,0.0,0.0,-1.5177667,0.118511975,-0.07689339,9.868058,0.0,0.0,0.0,0.0,0.0,0.0,0.0,0.0
1.6226876,0.0,0.007221514,0.0,0.0,-0.01826588,0.0,0.0,0.0,0.0,0.0,0.0,0.0,0.0,0.0,0.0,-0.2232073,0.0038599444,-0.117360875,0.001491507,0.0,0.0,0.0,0.0,0.0,0.0,0.0,0.0,-0.024085382,0.0,0.005423653,0.0,0.0,0.0,0.0,-0.08449265,0.009567602,0.23362368,1.9590354,0.0,0.0,0.0,0.0,0.0,0.0,0.0,0.0,0.29686287,0.13651976,0.0,0.0,0.0,0.0,0.0,0.0,0.0,0.0,0.0,0.0,0.0,0.0,0.0,0.0,0.0,0.0,0.0,-1.5177667,0.118511975,-0.07689339,9.868058,0.0,0.0,0.0,0.0,0.0,0.0,0.0,0.0
-3.6424062,0.0,-1.6271869,0.0,0.0,-0.023257487,0.0,0.0,0.0,0.0,0.0,0.0,0.0,0.0,0.0,0.0,0.105810985,-0.10930079,0.14738955,-0.12285965,0.0,0.0,0.0,0.0,0.0,0.0,0.0,0.0,-0.031050395,0.0,0.0011707973,0.0,0.0,0.0,0.0,0.0060807792,0.003149665,-0.45053715,-1.6748254,0.0,0.0,0.0,0.0,0.0,0.0,0.0,0.0,0.29686287,0.13651976,0.0,0.0,0.0,0.0,0.0,0.0,0.0,0.0,0.0,0.0,0.0,0.0,0.0,0.0,0.0,0.0,0.0,-1.5415614,0.118511975,-0.20186183,-3.8938994,0.0,0.0,0.0,0.0,0.0,0.0,0.0,0.0
-4.5031953,0.0,0.0014946812,0.0,0.0,-0.023257487,0.0,0.0,0.0,0.0,0.0,0.0,0.0,0.0,0.0,0.0,0.22226559,0.0012546185,-0.117360875,0.00032037217,0.0,0.0,0.0,0.0,0.0,0.0,0.0,0.0,-0.031050395,0.0,0.0017642535,0.0,0.0,0.0,0.0,0.009465825,-0.10885771,-0.15619947,-1.6748254,0.0,0.0,0.0,0.0,0.0,0.0,0.0,0.0,0.29686287,0.13651976,0.0,0.0,0.0,0.0,0.0,0.0,0.0,0.0,0.0,0.0,0.0,0.0,0.0,0.0,0.0,0.0,0.0,-1.5415614,-0.15540066,-0.20186183,-5.264564,0.0,0.0,0.0,0.0,0.0,0.0,0.0,0.0
-3.6424062,0.0,-1.6271869,0.0,0.0,-0.023257487,0.0,0.0,0.0,0.0,0.0,0.0,0.0,0.0,0.0,0.0,0.105810985,-0.089379326,0.14738955,-0.12285965,0.0,0.0,0.0,0.0,0.0,0.0,0.0,0.0,0.018172232,0.0,-0.11993132,0.0,0.0,0.0,0.0,0.0060807792,0.003149665,-0.3905421,-1.6748254,0.0,0.0,0.0,0.0,0.0,0.0,0.0,0.0,-0.26020104,-0.1384481,0.0,0.0,0.0,0.0,0.0,0.0,0.0,0.0,0.0,0.0,0.0,0.0,0.0,0.0,0.0,0.0,0.0,-1.6229231,0.118511975,-0.20186183,-3.901936,0.0,0.0,0.0,0.0,0.0,0.0,0.0,0.0
-4.518337,0.0,0.0014946812,0.0,0.0,-0.023257487,0.0,0.0,0.0,0.0,0.0,0.0,0.0,0.0,0.0,0.0,0.105810985,-0.089379326,0.14738955,0.00032037217,0.0,0.0,0.0,0.0,0.0,0.0,0.0,0.0,-0.031050395,0.0,-0.11993132,0.0,0.0,0.0,0.0,0.0060807792,0.003149665,-0.40990752,-1.6748254,0.0,0.0,0.0,0.0,0.0,0.0,0.0,0.0,-0.26020104,-0.1384481,0.0,0.0,0.0,0.0,0.0,0.0,0.0,0.0,0.0,0.0,0.0,0.0,0.0,0.0,0.0,0.0,0.0,-1.6229231,-0.15540066,-0.20186183,-4.709278,0.0,0.0,0.0,0.0,0.0,0.0,0.0,0.0
-4.4063296,0.0,0.0014946812,0.0,0.0,-0.023257487,0.0,0.0,0.0,0.0,0.0,0.0,0.0,0.0,0.0,0.0,0.105810985,-0.10930079,-0.117360875,0.00032037217,0.0,0.0,0.0,0.0,0.0,0.0,0.0,0.0,-0.031050395,0.0,0.0011707973,0.0,0.0,0.0,0.0,0.0060807792,-0.10885771,-0.45053715,-1.6748254,0.0,0.0,0.0,0.0,0.0,0.0,0.0,0.0,0.29686287,0.13651976,0.0,0.0,0.0,0.0,0.0,0.0,0.0,0.0,0.0,0.0,0.0,0.0,0.0,0.0,0.0,0.0,0.0,-1.5415614,-0.15540066,-0.20186183,-4.7698293,0.0,0.0,0.0,0.0,0.0,0.0,0.0,0.0
1.6226876,0.0,0.007221514,0.0,0.0,-0.01826588,0.0,0.0,0.0,0.0,0.0,0.0,0.0,0.0,0.0,0.0,-0.2232073,0.0038599444,-0.117360875,0.001491507,0.0,0.0,0.0,0.0,0.0,0.0,0.0,0.0,-0.024085382,0.0,0.005423653,0.0,0.0,0.0,0.0,-0.08449265,0.009567602,0.23362368,1.9590354,0.0,0.0,0.0,0.0,0.0,0.0,0.0,0.0,0.29686287,0.13651976,0.0,0.0,0.0,0.0,0.0,0.0,0.0,0.0,0.0,0.0,0.0,0.0,0.0,0.0,0.0,0.0,0.0,-1.5177667,0.118511975,-0.07689339,9.868058,0.0,0.0,0.0,0.0,0.0,0.0,0.0,0.0
1.7505748,0.0,0.007221514,0.0,0.0,0.07304284,0.0,0.0,0.0,0.0,0.0,0.0,0.0,0.0,0.0,0.0,0.23856746,0.0038599444,0.14738955,0.001491507,0.0,0.0,0.0,0.0,0.0,0.0,0.0,0.0,0.06467286,0.0,0.005423653,0.0,0.0,0.0,0.0,0.028020248,0.009567602,-0.29705435,-0.9718683,0.0,0.0,0.0,0.0,0.0,0.0,0.0,0.0,-0.26020104,-0.048740946,0.0,0.0,0.0,0.0,0.0,0.0,0.0,0.0,0.0,0.0,0.0,0.0,0.0,0.0,0.0,0.0,0.0,1.5063707,0.118511975,0.49909496,9.770157,0.0,0.0,0.0,0.0,0.0,0.0,0.0,0.0
1.6226876,0.0,0.007221514,0.0,0.0,-0.01826588,0.0,0.0,0.0,0.0,0.0,0.0,0.0,0.0,0.0,0.0,-0.2232073,0.0038599444,-0.117360875,0.001491507,0.0,0.0,0.0,0.0,0.0,0.0,0.0,0.0,-0.024085382,0.0,0.005423653,0.0,0.0,0.0,0.0,-0.08449265,0.009567602,0.23362368,1.9590354,0.0,0.0,0.0,0.0,0.0,0.0,0.0,0.0,0.29686287,0.13651976,0.0,0.0,0.0,0.0,0.0,0.0,0.0,0.0,0.0,0.0,0.0,0.0,0.0,0.0,0.0,0.0,0.0,-1.5177667,0.118511975,-0.07689339,9.868058,0.0,0.0,0.0,0.0,0.0,0.0,0.0,0.0
1.6226876,0.0,0.007221514,0.0,0.0,-0.01826588,0.0,0.0,0.0,0.0,0.0,0.0,0.0,0.0,0.0,0.0,-0.2232073,0.0038599444,-0.117360875,0.001491507,0.0,0.0,0.0,0.0,0.0,0.0,0.0,0.0,-0.024085382,0.0,0.005423653,0.0,0.0,0.0,0.0,-0.08449265,0.009567602,0.23362368,1.9590354,0.0,0.0,0.0,0.0,0.0,0.0,0.0,0.0,0.29686287,0.13651976,0.0,0.0,0.0,0.0,0.0,0.0,0.0,0.0,0.0,0.0,0.0,0.0,0.0,0.0,0.0,0.0,0.0,-1.5177667,0.118511975,-0.07689339,9.868058,0.0,0.0,0.0,0.0,0.0,0.0,0.0,0.0
-4.5031953,0.0,0.0014946812,0.0,0.0,-0.023257487,0.0,0.0,0.0,0.0,0.0,0.0,0.0,0.0,0.0,0.0,0.22226559,0.0012546185,-0.117360875,0.00032037217,0.0,0.0,0.0,0.0,0.0,0.0,0.0,0.0,-0.031050395,0.0,0.0017642535,0.0,0.0,0.0,0.0,0.009465825,-0.10885771,-0.15619947,-1.6748254,0.0,0.0,0.0,0.0,0.0,0.0,0.0,0.0,0.29686287,0.13651976,0.0,0.0,0.0,0.0,0.0,0.0,0.0,0.0,0.0,0.0,0.0,0.0,0.0,0.0,0.0,0.0,0.0,-1.5415614,-0.15540066,-0.20186183,-5.264564,0.0,0.0,0.0,0.0,0.0,0.0,0.0,0.0
-4.883086,0.0,0.0014946812,0.0,0.0,-0.023257487,0.0,0.0,0.0,0.0,0.0,0.0,0.0,0.0,0.0,0.0,0.22088169,0.0012546185,-0.117360875,0.00032037217,0.0,0.0,0.0,0.0,0.0,0.0,0.0,0.0,-0.031050395,0.0,0.0017642535,0.0,0.0,0.0,0.0,-0.028543388,0.003149665,-0.15619947,-1.316435,0.0,0.0,0.0,0.0,0.0,0.0,0.0,0.0,0.29686287,-0.1384481,0.0,0.0,0.0,0.0,0.0,0.0,0.0,0.0,0.0,0.0,0.0,0.0,0.0,0.0,0.0,0.0,0.0,-1.6229231,-0.15540066,-0.20186183,-5.315678,0.0,0.0,0.0,0.0,0.0,0.0,0.0,0.0
-4.813405,0.0,0.0014946812,0.0,0.0,-0.023257487,0.0,0.0,0.0,0.0,0.0,0.0,0.0,0.0,0.0,0.0,0.11801937,0.0010259486,0.14738955,0.00032037217,0.0,0.0,0.0,0.0,0.0,0.0,0.0,0.0,-0.031050395,0.0,-0.18059574,0.0,0.0,0.0,0.0,-0.018336069,0.003149665,-0.23026247,-1.316435,0.0,0.0,0.0,0.0,0.0,0.0,0.0,0.0,0.29686287,-0.1384481,0.0,0.0,0.0,0.0,0.0,0.0,0.0,0.0,0.0,0.0,0.0,0.0,0.0,0.0,0.0,0.0,0.0,-1.6229231,-0.15540066,-0.20186183,-4.969778,0.0,0.0,0.0,0.0,0.0,0.0,0.0,0.0
1.7505748,0.0,0.007221514,0.0,0.0,-0.01826588,0.0,0.0,0.0,0.0,0.0,0.0,0.0,0.0,0.0,0.0,-0.2165885,0.0038599444,-0.117360875,0.001491507,0.0,0.0,0.0,0.0,0.0,0.0,0.0,0.0,-0.024085382,0.0,0.005423653,0.0,0.0,0.0,0.0,0.028020248,0.009567602,0.23362368,1.7269845,0.0,0.0,0.0,0.0,0.0,0.0,0.0,0.0,-0.26020104,-0.048740946,0.0,0.0,0.0,0.0,0.0,0.0,0.0,0.0,0.0,0.0,0.0,0.0,0.0,0.0,0.0,0.0,0.0,1.3057003,-0.15540066,-0.07689339,9.868058,0.0,0.0,0.0,0.0,0.0,0.0,0.0,0.0
-4.5031953,0.0,0.0014946812,0.0,0.0,-0.023257487,0.0,0.0,0.0,0.0,0.0,0.0,0.0,0.0,0.0,0.0,0.22226559,0.0012546185,-0.117360875,0.00032037217,0.0,0.0,0.0,0.0,0.0,0.0,0.0,0.0,-0.031050395,0.0,0.0017642535,0.0,0.0,0.0,0.0,0.009465825,-0.10885771,-0.42815942,-1.6748254,0.0,0.0,0.0,0.0,0.0,0.0,0.0,0.0,0.29686287,0.13651976,0.0,0.0,0.0,0.0,0.0,0.0,0.0,0.0,0.0,0.0,0.0,0.0,0.0,0.0,0.0,0.0,0.0,-1.5415614,-0.15540066,-0.20186183,-5.264564,0.0,0.0,0.0,0.0,0.0,0.0,0.0,0.0
-4.883086,0.0,0.0014946812,0.0,0.0,-0.023257487,0.0,0.0,0.0,0.0,0.0,0.0,0.0,0.0,0.0,0.0,0.22088169,0.0012546185,-0.117360875,0.00032037217,0.0,0.0,0.0,0.0,0.0,0.0,0.0,0.0,-0.031050395,0.0,0.0017642535,0.0,0.0,0.0,0.0,-0.028543388,0.003149665,-0.15619947,-1.316435,0.0,0.0,0.0,0.0,0.0,0.0,0.0,0.0,0.29686287,0.13651976,0.0,0.0,0.0,0.0,0.0,0.0,0.0,0.0,0.0,0.0,0.0,0.0,0.0,0.0,0.0,0.0,0.0,-1.5415614,0.118511975,-0.20186183,-5.315678,0.0,0.0,0.0,0.0,0.0,0.0,0.0,0.0
1.7505748,0.0,0.007221514,0.0,0.0,0.07304284,0.0,0.0,0.0,0.0,0.0,0.0,0.0,0.0,0.0,0.0,0.23856746,0.0038599444,0.14738955,0.001491507,0.0,0.0,0.0,0.0,0.0,0.0,0.0,0.0,0.06467286,0.0,0.005423653,0.0,0.0,0.0,0.0,0.028020248,0.009567602,-0.11610402,-0.9718683,0.0,0.0,0.0,0.0,0.0,0.0,0.0,0.0,-0.26020104,-0.048740946,0.0,0.0,0.0,0.0,0.0,0.0,0.0,0.0,0.0,0.0,0.0,0.0,0.0,0.0,0.0,0.0,0.0,1.5063707,0.118511975,0.49909496,9.829046,0.0,0.0,0.0,0.0,0.0,0.0,0.0,0.0
-3.6424062,0.0,-1.6271869,0.0,0.0,-0.023257487,0.0,0.0,0.0,0.0,0.0,0.0,0.0,0.0,0.0,0.0,0.105810985,-0.089379326,0.14738955,-0.12285965,0.0,0.0,0.0,0.0,0.0,0.0,0.0,0.0,0.018172232,0.0,-0.11993132,0.0,0.0,0.0,0.0,0.0060807792,0.003149665,-0.3905421,-1.6748254,0.0,0.0,0.0,0.0,0.0,0.0,0.0,0.0,-0.26020104,-0.1384481,0.0,0.0,0.0,0.0,0.0,0.0,0.0,0.0,0.0,0.0,0.0,0.0,0.0,0.0,0.0,0.0,0.0,-1.6229231,-0.15540066,-0.20186183,-3.901936,0.0,0.0,0.0,0.0,0.0,0.0,0.0,0.0
-4.883086,0.0,0.0014946812,0.0,0.0,-0.023257487,0.0,0.0,0.0,0.0,0.0,0.0,0.0,0.0,0.0,0.0,0.22088169,0.0012546185,-0.117360875,0.00032037217,0.0,0.0,0.0,0.0,0.0,0.0,0.0,0.0,-0.031050395,0.0,0.0017642535,0.0,0.0,0.0,0.0,-0.028543388,0.003149665,-0.15095578,-1.316435,0.0,0.0,0.0,0.0,0.0,0.0,0.0,0.0,0.29686287,-0.1384481,0.0,0.0,0.0,0.0,0.0,0.0,0.0,0.0,0.0,0.0,0.0,0.0,0.0,0.0,0.0,0.0,0.0,-1.6229231,-0.15540066,-0.20186183,-5.2546477,0.0,0.0,0.0,0.0,0.0,0.0,0.0,0.0
-4.883086,0.0,0.0014946812,0.0,0.0,-0.023257487,0.0,0.0,0.0,0.0,0.0,0.0,0.0,0.0,0.0,0.0,0.22088169,0.0012546185,-0.117360875,0.00032037217,0.0,0.0,0.0,0.0,0.0,0.0,0.0,0.0,-0.031050395,0.0,0.0017642535,0.0,0.0,0.0,0.0,-0.028543388,0.003149665,-0.15619947,-1.316435,0.0,0.0,0.0,0.0,0.0,0.0,0.0,0.0,0.29686287,-0.1384481,0.0,0.0,0.0,0.0,0.0,0.0,0.0,0.0,0.0,0.0,0.0,0.0,0.0,0.0,0.0,0.0,0.0,-1.6229231,-0.15540066,-0.20186183,-5.315678,0.0,0.0,0.0,0.0,0.0,0.0,0.0,0.0
1.6226876,0.0,0.007221514,0.0,0.0,-0.01826588,0.0,0.0,0.0,0.0,0.0,0.0,0.0,0.0,0.0,0.0,-0.2232073,0.0038599444,-0.117360875,0.001491507,0.0,0.0,0.0,0.0,0.0,0.0,0.0,0.0,-0.024085382,0.0,0.005423653,0.0,0.0,0.0,0.0,-0.08449265,0.009567602,0.23362368,1.9590354,0.0,0.0,0.0,0.0,0.0,0.0,0.0,0.0,0.29686287,0.13651976,0.0,0.0,0.0,0.0,0.0,0.0,0.0,0.0,0.0,0.0,0.0,0.0,0.0,0.0,0.0,0.0,0.0,-1.5177667,0.118511975,-0.07689339,9.868058,0.0,0.0,0.0,0.0,0.0,0.0,0.0,0.0
-4.922479,0.0,0.0014946812,0.0,0.0,-0.023257487,0.0,0.0,0.0,0.0,0.0,0.0,0.0,0.0,0.0,0.0,0.22226559,0.0012546185,0.14738955,0.00032037217,0.0,0.0,0.0,0.0,0.0,0.0,0.0,0.0,-0.031050395,0.0,0.0017642535,0.0,0.0,0.0,0.0,0.009465825,0.003149665,-0.08992548,-1.316435,0.0,0.0,0.0,0.0,0.0,0.0,0.0,0.0,-0.26020104,-0.1384481,0.0,0.0,0.0,0.0,0.0,0.0,0.0,0.0,0.0,0.0,0.0,0.0,0.0,0.0,0.0,0.0,0.0,-1.6229231,-0.15540066,-0.20186183,-5.315678,0.0,0.0,0.0,0.0,0.0,0.0,0.0,0.0
-3.6424062,0.0,-1.6271869,0.0,0.0,-0.023257487,0.0,0.0,0.0,0.0,0.0,0.0,0.0,0.0,0.0,0.0,0.105810985,-0.089379326,0.14738955,-0.12285965,0.0,0.0,0.0,0.0,0.0,0.0,0.0,0.0,0.018172232,0.0,-0.11993132,0.0,0.0,0.0,0.0,0.0060807792,0.003149665,-0.3905421,-1.6748254,0.0,0.0,0.0,0.0,0.0,0.0,0.0,0.0,-0.26020104,-0.1384481,0.0,0.0,0.0,0.0,0.0,0.0,0.0,0.0,0.0,0.0,0.0,0.0,0.0,0.0,0.0,0.0,0.0,-1.6229231,-0.15540066,-0.20186183,-3.901936,0.0,0.0,0.0,0.0,0.0,0.0,0.0,0.0
-4.5031953,0.0,0.0014946812,0.0,0.0,-0.023257487,0.0,0.0,0.0,0.0,0.0,0.0,0.0,0.0,0.0,0.0,0.22226559,0.0012546185,-0.117360875,0.00032037217,0.0,0.0,0.0,0.0,0.0,0.0,0.0,0.0,-0.031050395,0.0,0.0017642535,0.0,0.0,0.0,0.0,0.009465825,-0.10885771,-0.15619947,-1.6748254,0.0,0.0,0.0,0.0,0.0,0.0,0.0,0.0,0.29686287,0.13651976,0.0,0.0,0.0,0.0,0.0,0.0,0.0,0.0,0.0,0.0,0.0,0.0,0.0,0.0,0.0,0.0,0.0,-1.5415614,-0.15540066,-0.20186183,-5.264564,0.0,0.0,0.0,0.0,0.0,0.0,0.0,0.0
1.7505748,0.0,0.007221514,0.0,0.0,-0.07818855,0.0,0.0,0.0,0.0,0.0,0.0,0.0,0.0,0.0,0.0,-0.88025254,0.0038599444,-0.117360875,0.001491507,0.0,0.0,0.0,0.0,0.0,0.0,0.0,0.0,-0.11050473,0.0,0.005423653,0.0,0.0,0.0,0.0,0.028020248,0.009567602,-0.8910928,-1.1387018,0.0,0.0,0.0,0.0,0.0,0.0,0.0,0.0,-0.26020104,-0.048740946,0.0,0.0,0.0,0.0,0.0,0.0,0.0,0.0,0.0,0.0,0.0,0.0,0.0,0.0,0.0,0.0,0.0,1.5063707,-0.15540066,-0.20186183,9.726961,0.0,0.0,0.0,0.0,0.0,0.0,0.0,0.0
-4.4567466,0.0,0.0014946812,0.0,0.0,-0.023257487,0.0,0.0,0.0,0.0,0.0,0.0,0.0,0.0,0.0,0.0,0.105810985,-0.10930079,0.14738955,-0.12285965,0.0,0.0,0.0,0.0,0.0,0.0,0.0,0.0,0.018172232,0.0,0.0011707973,0.0,0.0,0.0,0.0,0.0060807792,0.003149665,-0.43117172,-1.6748254,0.0,0.0,0.0,0.0,0.0,0.0,0.0,0.0,-0.26020104,-0.1384481,0.0,0.0,0.0,0.0,0.0,0.0,0.0,0.0,0.0,0.0,0.0,0.0,0.0,0.0,0.0,0.0,0.0,-1.6229231,-0.15540066,-0.20186183,-4.776828,0.0,0.0,0.0,0.0,0.0,0.0,0.0,0.0
-4.922479,0.0,0.0014946812,0.0,0.0,-0.023257487,0.0,0.0,0.0,0.0,0.0,0.0,0.0,0.0,0.0,0.0,0.22226559,0.0010259486,0.14738955,0.00032037217,0.0,0.0,0.0,0.0,0.0,0.0,0.0,0.0,-0.031050395,0.0,-0.18059574,0.0,0.0,0.0,0.0,0.009465825,0.003149665,-0.090403646,-1.316435,0.0,0.0,0.0,0.0,0.0,0.0,0.0,0.0,-0.26020104,-0.1384481,0.0,0.0,0.0,0.0,0.0,0.0,0.0,0.0,0.0,0.0,0.0,0.0,0.0,0.0,0.0,0.0,0.0,-1.6229231,0.118511975,-0.20186183,-5.132611,0.0,0.0,0.0,0.0,0.0,0.0,0.0,0.0
1.7505748,0.0,0.007221514,0.0,0.0,-0.01826588,0.0,0.0,0.0,0.0,0.0,0.0,0.0,0.0,0.0,0.0,-0.2165885,0.0038599444,-0.117360875,0.001491507,0.0,0.0,0.0,0.0,0.0,0.0,0.0,0.0,-0.024085382,0.0,0.005423653,0.0,0.0,0.0,0.0,0.028020248,0.009567602,0.23362368,1.7269845,0.0,0.0,0.0,0.0,0.0,0.0,0.0,0.0,-0.26020104,-0.048740946,0.0,0.0,0.0,0.0,0.0,0.0,0.0,0.0,0.0,0.0,0.0,0.0,0.0,0.0,0.0,0.0,0.0,1.3057003,-0.15540066,-0.07689339,9.868058,0.0,0.0,0.0,0.0,0.0,0.0,0.0,0.0
-4.922479,0.0,0.0014946812,0.0,0.0,-0.023257487,0.0,0.0,0.0,0.0,0.0,0.0,0.0,0.0,0.0,0.0,0.22226559,0.0010259486,0.14738955,0.00032037217,0.0,0.0,0.0,0.0,0.0,0.0,0.0,0.0,-0.031050395,0.0,-0.11358853,0.0,0.0,0.0,0.0,0.009465825,0.003149665,-0.090239614,-1.316435,0.0,0.0,0.0,0.0,0.0,0.0,0.0,0.0,-0.26020104,-0.1384481,0.0,0.0,0.0,0.0,0.0,0.0,0.0,0.0,0.0,0.0,0.0,0.0,0.0,0.0,0.0,0.0,0.0,-1.6229231,-0.15540066,-0.20186183,-5.199783,0.0,0.0,0.0,0.0,0.0,0.0,0.0,0.0
-3.6424062,0.0,-1.6271869,0.0,0.0,-0.023257487,0.0,0.0,0.0,0.0,0.0,0.0,0.0,0.0,0.0,0.0,0.105810985,-0.089379326,0.14738955,-0.12285965,0.0,0.0,0.0,0.0,0.0,0.0,0.0,0.0,-0.031050395,0.0,-0.11993132,0.0,0.0,0.0,0.0,0.0060807792,0.003149665,-0.40990752,-1.6748254,0.0,0.0,0.0,0.0,0.0,0.0,0.0,0.0,-0.26020104,-0.1384481,0.0,0.0,0.0,0.0,0.0,0.0,0.0,0.0,0.0,0.0,0.0,0.0,0.0,0.0,0.0,0.0,0.0,-1.6229231,-0.15540066,-0.20186183,-3.833348,0.0,0.0,0.0,0.0,0.0,0.0,0.0,0.0
-3.6424062,0.0,-1.6271869,0.0,0.0,-0.023257487,0.0,0.0,0.0,0.0,0.0,0.0,0.0,0.0,0.0,0.0,0.105810985,-0.089379326,0.14738955,-0.12285965,0.0,0.0,0.0,0.0,0.0,0.0,0.0,0.0,-0.031050395,0.0,-0.11993132,0.0,0.0,0.0,0.0,0.0060807792,0.003149665,-0.40990752,-1.6748254,0.0,0.0,0.0,0.0,0.0,0.0,0.0,0.0,-0.26020104,-0.1384481,0.0,0.0,0.0,0.0,0.0,0.0,0.0,0.0,0.0,0.0,0.0,0.0,0.0,0.0,0.0,0.0,0.0,-1.6229231,-0.15540066,-0.20186183,-3.833348,0.0,0.0,0.0,0.0,0.0,0.0,0.0,0.0
-4.883086,0.0,0.0014946812,0.0,0.0,-0.023257487,0.0,0.0,0.0,0.0,0.0,0.0,0.0,0.0,0.0,0.0,0.22088169,0.0012546185,-0.117360875,0.00032037217,0.0,0.0,0.0,0.0,0.0,0.0,0.0,0.0,-0.031050395,0.0,0.0017642535,0.0,0.0,0.0,0.0,-0.028543388,0.003149665,-0.15619947,-1.316435,0.0,0.0,0.0,0.0,0.0,0.0,0.0,0.0,0.29686287,-0.1384481,0.0,0.0,0.0,0.0,0.0,0.0,0.0,0.0,0.0,0.0,0.0,0.0,0.0,0.0,0.0,0.0,0.0,-1.6229231,-0.15540066,-0.20186183,-5.315678,0.0,0.0,0.0,0.0,0.0,0.0,0.0,0.0
-4.922479,0.0,0.0014946812,0.0,0.0,-0.023257487,0.0,0.0,0.0,0.0,0.0,0.0,0.0,0.0,0.0,0.0,0.22226559,0.0012546185,0.14738955,0.00032037217,0.0,0.0,0.0,0.0,0.0,0.0,0.0,0.0,-0.031050395,0.0,0.0017642535,0.0,0.0,0.0,0.0,0.009465825,0.003149665,-0.08992548,-1.316435,0.0,0.0,0.0,0.0,0.0,0.0,0.0,0.0,-0.26020104,-0.1384481,0.0,0.0,0.0,0.0,0.0,0.0,0.0,0.0,0.0,0.0,0.0,0.0,0.0,0.0,0.0,0.0,0.0,-1.6229231,-0.15540066,-0.20186183,-5.315678,0.0,0.0,0.0,0.0,0.0,0.0,0.0,0.0
-3.6424062,0.0,-1.6271869,0.0,0.0,-0.023257487,0.0,0.0,0.0,0.0,0.0,0.0,0.0,0.0,0.0,0.0,0.105810985,-0.089379326,0.14738955,-0.12285965,0.0,0.0,0.0,0.0,0.0,0.0,0.0,0.0,0.018172232,0.0,-0.11993132,0.0,0.0,0.0,0.0,0.0060807792,0.003149665,-0.3905421,-1.6748254,0.0,0.0,0.0,0.0,0.0,0.0,0.0,0.0,-0.26020104,-0.1384481,0.0,0.0,0.0,0.0,0.0,0.0,0.0,0.0,0.0,0.0,0.0,0.0,0.0,0.0,0.0,0.0,0.0,-1.6229231,-0.15540066,-0.20186183,-3.901936,0.0,0.0,0.0,0.0,0.0,0.0,0.0,0.0
1.7505748,0.0,0.007221514,0.0,0.0,-0.01826588,0.0,0.0,0.0,0.0,0.0,0.0,0.0,0.0,0.0,0.0,-0.2165885,0.0038599444,-0.117360875,0.001491507,0.0,0.0,0.0,0.0,0.0,0.0,0.0,0.0,-0.024085382,0.0,0.005423653,0.0,0.0,0.0,0.0,0.028020248,0.009567602,0.23362368,1.7269845,0.0,0.0,0.0,0.0,0.0,0.0,0.0,0.0,-0.26020104,-0.048740946,0.0,0.0,0.0,0.0,0.0,0.0,0.0,0.0,0.0,0.0,0.0,0.0,0.0,0.0,0.0,0.0,0.0,1.3057003,-0.15540066,-0.07689339,9.868058,0.0,0.0,0.0,0.0,0.0,0.0,0.0,0.0
-4.444538,0.0,0.0014946812,0.0,0.0,-0.023257487,0.0,0.0,0.0,0.0,0.0,0.0,0.0,0.0,0.0,0.0,0.11801937,-0.089379326,0.14738955,-0.12285965,0.0,0.0,0.0,0.0,0.0,0.0,0.0,0.0,-0.031050395,0.0,-0.11993132,0.0,0.0,0.0,0.0,-0.018336069,0.003149665,-0.40990752,-1.6748254,0.0,0.0,0.0,0.0,0.0,0.0,0.0,0.0,0.29686287,-0.1384481,0.0,0.0,0.0,0.0,0.0,0.0,0.0,0.0,0.0,0.0,0.0,0.0,0.0,0.0,0.0,0.0,0.0,-1.6229231,-0.15540066,-0.20186183,-4.6476884,0.0,0.0,0.0,0.0,0.0,0.0,0.0,0.0
1.7505748,0.0,0.007221514,0.0,0.0,0.07304284,0.0,0.0,0.0,0.0,0.0,0.0,0.0,0.0,0.0,0.0,0.23856746,0.0038599444,0.14738955,0.001491507,0.0,0.0,0.0,0.0,0.0,0.0,0.0,0.0,0.06467286,0.0,0.005423653,0.0,0.0,0.0,0.0,0.028020248,0.009567602,-0.11610402,-0.9718683,0.0,0.0,0.0,0.0,0.0,0.0,0.0,0.0,-0.26020104,-0.048740946,0.0,0.0,0.0,0.0,0.0,0.0,0.0,0.0,0.0,0.0,0.0,0.0,0.0,0.0,0.0,0.0,0.0,1.5063707,0.118511975,0.49909496,9.829046,0.0,0.0,0.0,0.0,0.0,0.0,0.0,0.0
-3.6424062,0.0,-1.6271869,0.0,0.0,-0.023257487,0.0,0.0,0.0,0.0,0.0,0.0,0.0,0.0,0.0,0.0,0.105810985,-0.10930079,0.14738955,-0.12285965,0.0,0.0,0.0,0.0,0.0,0.0,0.0,0.0,0.018172232,0.0,0.0011707973,0.0,0.0,0.0,0.0,0.0060807792,0.003149665,-0.43117172,-1.6748254,0.0,0.0,0.0,0.0,0.0,0.0,0.0,0.0,-0.26020104,-0.1384481,0.0,0.0,0.0,0.0,0.0,0.0,0.0,0.0,0.0,0.0,0.0,0.0,0.0,0.0,0.0,0.0,0.0,-1.6229231,0.118511975,-0.20186183,-3.9624875,0.0,0.0,0.0,0.0,0.0,0.0,0.0,0.0
-3.6424062,0.0,-1.6271869,0.0,0.0,0.02172687,0.0,0.0,0.0,0.0,0.0,0.0,0.0,0.0,0.0,0.0,0.105810985,-0.10930079,0.14738955,-0.12285965,0.0,0.0,0.0,0.0,0.0,0.0,0.0,0.0,0.018172232,0.0,0.0011707973,0.0,0.0,0.0,0.0,0.0060807792,0.003149665,-0.41462713,-1.507992,0.0,0.0,0.0,0.0,0.0,0.0,0.0,0.0,-0.26020104,-0.1384481,0.0,0.0,0.0,0.0,0.0,0.0,0.0,0.0,0.0,0.0,0.0,0.0,0.0,0.0,0.0,0.0,0.0,-1.6229231,0.118511975,0.49909496,-4.0240164,0.0,0.0,0.0,0.0,0.0,0.0,0.0,0.0
-4.883086,0.0,0.0014946812,0.0,0.0,-0.023257487,0.0,0.0,0.0,0.0,0.0,0.0,0.0,0.0,0.0,0.0,0.22088169,0.0012546185,-0.117360875,0.00032037217,0.0,0.0,0.0,0.0,0.0,0.0,0.0,0.0,-0.031050395,0.0,0.0017642535,0.0,0.0,0.0,0.0,-0.028543388,0.003149665,-0.15619947,-1.316435,0.0,0.0,0.0,0.0,0.0,0.0,0.0,0.0,0.29686287,-0.1384481,0.0,0.0,0.0,0.0,0.0,0.0,0.0,0.0,0.0,0.0,0.0,0.0,0.0,0.0,0.0,0.0,0.0,-1.6229231,-0.15540066,-0.20186183,-5.315678,0.0,0.0,0.0,0.0,0.0,0.0,0.0,0.0
-3.5303988,0.0,-1.6271869,0.0,0.0,-0.023257487,0.0,0.0,0.0,0.0,0.0,0.0,0.0,0.0,0.0,0.0,0.105810985,-0.10930079,-0.117360875,-0.12285965,0.0,0.0,0.0,0.0,0.0,0.0,0.0,0.0,-0.031050395,0.0,0.0011707973,0.0,0.0,0.0,0.0,0.0060807792,-0.10885771,-0.45053715,-1.6748254,0.0,0.0,0.0,0.0,0.0,0.0,0.0,0.0,0.29686287,0.13651976,0.0,0.0,0.0,0.0,0.0,0.0,0.0,0.0,0.0,0.0,0.0,0.0,0.0,0.0,0.0,0.0,0.0,-1.5415614,-0.15540066,-0.20186183,-3.8938994,0.0,0.0,0.0,0.0,0.0,0.0,0.0,0.0
1.6149149,0.0,0.007221514,0.0,0.0,0.07304284,0.0,0.0,0.0,0.0,0.0,0.0,0.0,0.0,0.0,0.0,-0.18444064,0.0038599444,0.14738955,0.001491507,0.0,0.0,0.0,0.0,0.0,0.0,0.0,0.0,0.06467286,0.0,0.005423653,0.0,0.0,0.0,0.0,0.011831022,0.009567602,-0.5357874,-1.1855079,0.0,0.0,0.0,0.0,0.0,0.0,0.0,0.0,-0.26020104,-0.048740946,0.0,0.0,0.0,0.0,0.0,0.0,0.0,0.0,0.0,0.0,0.0,0.0,0.0,0.0,0.0,0.0,0.0,1.5063707,0.118511975,0.49909496,9.615137,0.0,0.0,0.0,0.0,0.0,0.0,0.0,0.0
-3.6424062,0.0,-1.6271869,0.0,0.0,-0.023257487,0.0,0.0,0.0,0.0,0.0,0.0,0.0,0.0,0.0,0.0,0.105810985,-0.089379326,0.14738955,-0.12285965,0.0,0.0,0.0,0.0,0.0,0.0,0.0,0.0,0.018172232,0.0,-0.11993132,0.0,0.0,0.0,0.0,0.0060807792,0.003149665,-0.3905421,-1.6748254,0.0,0.0,0.0,0.0,0.0,0.0,0.0,0.0,-0.26020104,-0.1384481,0.0,0.0,0.0,0.0,0.0,0.0,0.0,0.0,0.0,0.0,0.0,0.0,0.0,0.0,0.0,0.0,0.0,-1.6229231,0.118511975,-0.20186183,-3.901936,0.0,0.0,0.0,0.0,0.0,0.0,0.0,0.0
-4.883086,0.0,0.0014946812,0.0,0.0,-0.023257487,0.0,0.0,0.0,0.0,0.0,0.0,0.0,0.0,0.0,0.0,0.22088169,0.0012546185,-0.117360875,0.00032037217,0.0,0.0,0.0,0.0,0.0,0.0,0.0,0.0,-0.031050395,0.0,0.0017642535,0.0,0.0,0.0,0.0,-0.028543388,0.003149665,-0.15619947,-1.316435,0.0,0.0,0.0,0.0,0.0,0.0,0.0,0.0,0.29686287,-0.1384481,0.0,0.0,0.0,0.0,0.0,0.0,0.0,0.0,0.0,0.0,0.0,0.0,0.0,0.0,0.0,0.0,0.0,-1.6229231,-0.15540066,-0.20186183,-5.315678,0.0,0.0,0.0,0.0,0.0,0.0,0.0,0.0
1.7505748,0.0,0.007221514,0.0,0.0,-0.01826588,0.0,0.0,0.0,0.0,0.0,0.0,0.0,0.0,0.0,0.0,-0.2165885,0.0038599444,-0.117360875,0.001491507,0.0,0.0,0.0,0.0,0.0,0.0,0.0,0.0,-0.024085382,0.0,0.005423653,0.0,0.0,0.0,0.0,0.028020248,0.009567602,0.23362368,1.7269845,0.0,0.0,0.0,0.0,0.0,0.0,0.0,0.0,-0.26020104,-0.048740946,0.0,0.0,0.0,0.0,0.0,0.0,0.0,0.0,0.0,0.0,0.0,0.0,0.0,0.0,0.0,0.0,0.0,1.3057003,-0.15540066,-0.07689339,9.868058,0.0,0.0,0.0,0.0,0.0,0.0,0.0,0.0
-3.6424062,0.0,-1.6271869,0.0,0.0,-0.023257487,0.0,0.0,0.0,0.0,0.0,0.0,0.0,0.0,0.0,0.0,0.105810985,-0.10930079,0.14738955,-0.12285965,0.0,0.0,0.0,0.0,0.0,0.0,0.0,0.0,0.018172232,0.0,0.0011707973,0.0,0.0,0.0,0.0,0.0060807792,0.003149665,-0.43117172,-1.6748254,0.0,0.0,0.0,0.0,0.0,0.0,0.0,0.0,-0.26020104,-0.1384481,0.0,0.0,0.0,0.0,0.0,0.0,0.0,0.0,0.0,0.0,0.0,0.0,0.0,0.0,0.0,0.0,0.0,-1.6229231,-0.15540066,-0.20186183,-3.9624875,0.0,0.0,0.0,0.0,0.0,0.0,0.0,0.0
1.7505748,0.0,0.007221514,0.0,0.0,-0.01826588,0.0,0.0,0.0,0.0,0.0,0.0,0.0,0.0,0.0,0.0,-0.2165885,0.0038599444,-0.117360875,0.001491507,0.0,0.0,0.0,0.0,0.0,0.0,0.0,0.0,-0.024085382,0.0,0.005423653,0.0,0.0,0.0,0.0,0.028020248,0.009567602,0.23362368,1.7269845,0.0,0.0,0.0,0.0,0.0,0.0,0.0,0.0,-0.26020104,-0.048740946,0.0,0.0,0.0,0.0,0.0,0.0,0.0,0.0,0.0,0.0,0.0,0.0,0.0,0.0,0.0,0.0,0.0,1.3057003,-0.15540066,-0.07689339,9.868058,0.0,0.0,0.0,0.0,0.0,0.0,0.0,0.0
-3.6424062,0.0,-1.6271869,0.0,0.0,-0.023257487,0.0,0.0,0.0,0.0,0.0,0.0,0.0,0.0,0.0,0.0,0.105810985,-0.10930079,0.14738955,-0.12285965,0.0,0.0,0.0,0.0,0.0,0.0,0.0,0.0,0.018172232,0.0,0.0011707973,0.0,0.0,0.0,0.0,0.0060807792,0.003149665,-0.43117172,-1.6748254,0.0,0.0,0.0,0.0,0.0,0.0,0.0,0.0,-0.26020104,-0.1384481,0.0,0.0,0.0,0.0,0.0,0.0,0.0,0.0,0.0,0.0,0.0,0.0,0.0,0.0,0.0,0.0,0.0,-1.6229231,-0.15540066,-0.20186183,-3.9624875,0.0,0.0,0.0,0.0,0.0,0.0,0.0,0.0
-4.3447394,0.0,0.0014946812,0.0,0.0,-0.023257487,0.0,0.0,0.0,0.0,0.0,0.0,0.0,0.0,0.0,0.0,0.105810985,-0.10930079,-0.117360875,-0.12285965,0.0,0.0,0.0,0.0,0.0,0.0,0.0,0.0,-0.031050395,0.0,0.0011707973,0.0,0.0,0.0,0.0,0.0060807792,-0.10885771,-0.45053715,-1.6748254,0.0,0.0,0.0,0.0,0.0,0.0,0.0,0.0,0.29686287,0.13651976,0.0,0.0,0.0,0.0,0.0,0.0,0.0,0.0,0.0,0.0,0.0,0.0,0.0,0.0,0.0,0.0,0.0,-1.5415614,-0.15540066,-0.20186183,-4.7082396,0.0,0.0,0.0,0.0,0.0,0.0,0.0,0.0
1.6226876,0.0,0.007221514,0.0,0.0,-0.01826588,0.0,0.0,0.0,0.0,0.0,0.0,0.0,0.0,0.0,0.0,-0.2232073,0.0038599444,-0.117360875,0.001491507,0.0,0.0,0.0,0.0,0.0,0.0,0.0,0.0,-0.024085382,0.0,0.005423653,0.0,0.0,0.0,0.0,-0.08449265,0.009567602,0.23362368,1.9590354,0.0,0.0,0.0,0.0,0.0,0.0,0.0,0.0,0.29686287,0.13651976,0.0,0.0,0.0,0.0,0.0,0.0,0.0,0.0,0.0,0.0,0.0,0.0,0.0,0.0,0.0,0.0,0.0,-1.5177667,0.118511975,-0.07689339,9.868058,0.0,0.0,0.0,0.0,0.0,0.0,0.0,0.0
1.6226876,0.0,0.007221514,0.0,0.0,-0.01826588,0.0,0.0,0.0,0.0,0.0,0.0,0.0,0.0,0.0,0.0,-0.2232073,0.0038599444,-0.117360875,0.001491507,0.0,0.0,0.0,0.0,0.0,0.0,0.0,0.0,-0.024085382,0.0,0.005423653,0.0,0.0,0.0,0.0,-0.08449265,0.009567602,0.23362368,1.9590354,0.0,0.0,0.0,0.0,0.0,0.0,0.0,0.0,0.29686287,0.13651976,0.0,0.0,0.0,0.0,0.0,0.0,0.0,0.0,0.0,0.0,0.0,0.0,0.0,0.0,0.0,0.0,0.0,-1.5177667,0.118511975,-0.07689339,9.868058,0.0,0.0,0.0,0.0,0.0,0.0,0.0,0.0
1.7505748,0.0,0.007221514,0.0,0.0,-0.01826588,0.0,0.0,0.0,0.0,0.0,0.0,0.0,0.0,0.0,0.0,-0.2165885,0.0038599444,-0.117360875,0.001491507,0.0,0.0,0.0,0.0,0.0,0.0,0.0,0.0,-0.024085382,0.0,0.005423653,0.0,0.0,0.0,0.0,0.028020248,0.009567602,0.23362368,1.5555501,0.0,0.0,0.0,0.0,0.0,0.0,0.0,0.0,-0.26020104,-0.048740946,0.0,0.0,0.0,0.0,0.0,0.0,0.0,0.0,0.0,0.0,0.0,0.0,0.0,0.0,0.0,0.0,0.0,1.3985182,-0.15540066,-0.07689339,9.868058,0.0,0.0,0.0,0.0,0.0,0.0,0.0,0.0
-4.883086,0.0,0.0014946812,0.0,0.0,-0.023257487,0.0,0.0,0.0,0.0,0.0,0.0,0.0,0.0,0.0,0.0,-0.89793825,0.0012546185,-0.117360875,0.00032037217,0.0,0.0,0.0,0.0,0.0,0.0,0.0,0.0,-0.031050395,0.0,0.0017642535,0.0,0.0,0.0,0.0,-0.028543388,0.003149665,-0.7007413,-1.316435,0.0,0.0,0.0,0.0,0.0,0.0,0.0,0.0,0.29686287,0.13651976,0.0,0.0,0.0,0.0,0.0,0.0,0.0,0.0,0.0,0.0,0.0,0.0,0.0,0.0,0.0,0.0,0.0,-1.5415614,0.118511975,-0.20186183,-5.315678,0.0,0.0,0.0,0.0,0.0,0.0,0.0,0.0
-3.6424062,0.0,-1.6271869,0.0,0.0,-0.023257487,0.0,0.0,0.0,0.0,0.0,0.0,0.0,0.0,0.0,0.0,0.105810985,-0.089379326,0.14738955,-0.12285965,0.0,0.0,0.0,0.0,0.0,0.0,0.0,0.0,0.018172232,0.0,-0.11993132,0.0,0.0,0.0,0.0,0.0060807792,0.003149665,-0.3905421,-1.6748254,0.0,0.0,0.0,0.0,0.0,0.0,0.0,0.0,-0.26020104,-0.1384481,0.0,0.0,0.0,0.0,0.0,0.0,0.0,0.0,0.0,0.0,0.0,0.0,0.0,0.0,0.0,0.0,0.0,-1.6229231,0.118511975,-0.20186183,-3.901936,0.0,0.0,0.0,0.0,0.0,0.0,0.0,0.0
1.6226876,0.0,0.007221514,0.0,0.0,-0.01826588,0.0,0.0,0.0,0.0,0.0,0.0,0.0,0.0,0.0,0.0,-0.2232073,0.0038599444,-0.117360875,0.001491507,0.0,0.0,0.0,0.0,0.0,0.0,0.0,0.0,-0.024085382,0.0,0.005423653,0.0,0.0,0.0,0.0,-0.08449265,0.009567602,0.23362368,1.9590354,0.0,0.0,0.0,0.0,0.0,0.0,0.0,0.0,0.29686287,0.13651976,0.0,0.0,0.0,0.0,0.0,0.0,0.0,0.0,0.0,0.0,0.0,0.0,0.0,0.0,0.0,0.0,0.0,-1.5177667,0.118511975,-0.07689339,9.868058,0.0,0.0,0.0,0.0,0.0,0.0,0.0,0.0
-3.5303988,0.0,-1.6271869,0.0,0.0,-0.023257487,0.0,0.0,0.0,0.0,0.0,0.0,0.0,0.0,0.0,0.0,0.105810985,-0.10930079,-0.117360875,-0.12285965,0.0,0.0,0.0,0.0,0.0,0.0,0.0,0.0,-0.031050395,0.0,0.0011707973,0.0,0.0,0.0,0.0,0.0060807792,-0.10885771,-0.45053715,-1.6748254,0.0,0.0,0.0,0.0,0.0,0.0,0.0,0.0,0.29686287,0.13651976,0.0,0.0,0.0,0.0,0.0,0.0,0.0,0.0,0.0,0.0,0.0,0.0,0.0,0.0,0.0,0.0,0.0,-1.5415614,-0.15540066,-0.20186183,-3.8938994,0.0,0.0,0.0,0.0,0.0,0.0,0.0,0.0
-4.883086,0.0,0.0014946812,0.0,0.0,-0.023257487,0.0,0.0,0.0,0.0,0.0,0.0,0.0,0.0,0.0,0.0,0.22088169,0.0012546185,-0.117360875,0.00032037217,0.0,0.0,0.0,0.0,0.0,0.0,0.0,0.0,-0.031050395,0.0,0.0017642535,0.0,0.0,0.0,0.0,-0.028543388,0.003149665,-0.15619947,-1.316435,0.0,0.0,0.0,0.0,0.0,0.0,0.0,0.0,0.29686287,-0.1384481,0.0,0.0,0.0,0.0,0.0,0.0,0.0,0.0,0.0,0.0,0.0,0.0,0.0,0.0,0.0,0.0,0.0,-1.6229231,-0.15540066,-0.20186183,-5.315678,0.0,0.0,0.0,0.0,0.0,0.0,0.0,0.0
-4.883086,0.0,0.0014946812,0.0,0.0,-0.023257487,0.0,0.0,0.0,0.0,0.0,0.0,0.0,0.0,0.0,0.0,0.22088169,0.0012546185,-0.117360875,0.00032037217,0.0,0.0,0.0,0.0,0.0,0.0,0.0,0.0,-0.031050395,0.0,0.0017642535,0.0,0.0,0.0,0.0,-0.028543388,0.003149665,-0.15619947,-1.316435,0.0,0.0,0.0,0.0,0.0,0.0,0.0,0.0,0.29686287,0.13651976,0.0,0.0,0.0,0.0,0.0,0.0,0.0,0.0,0.0,0.0,0.0,0.0,0.0,0.0,0.0,0.0,0.0,-1.5415614,0.118511975,-0.20186183,-5.315678,0.0,0.0,0.0,0.0,0.0,0.0,0.0,0.0
-3.6424062,0.0,-1.6271869,0.0,0.0,-0.023257487,0.0,0.0,0.0,0.0,0.0,0.0,0.0,0.0,0.0,0.0,0.105810985,-0.10930079,0.14738955,-0.12285965,0.0,0.0,0.0,0.0,0.0,0.0,0.0,0.0,0.018172232,0.0,0.0011707973,0.0,0.0,0.0,0.0,0.0060807792,0.003149665,-0.43117172,-1.6748254,0.0,0.0,0.0,0.0,0.0,0.0,0.0,0.0,-0.26020104,-0.1384481,0.0,0.0,0.0,0.0,0.0,0.0,0.0,0.0,0.0,0.0,0.0,0.0,0.0,0.0,0.0,0.0,0.0,-1.6229231,-0.15540066,-0.20186183,-3.9624875,0.0,0.0,0.0,0.0,0.0,0.0,0.0,0.0
-4.883086,0.0,0.0014946812,0.0,0.0,-0.023257487,0.0,0.0,0.0,0.0,0.0,0.0,0.0,0.0,0.0,0.0,0.22088169,0.0012546185,-0.117360875,0.00032037217,0.0,0.0,0.0,0.0,0.0,0.0,0.0,0.0,-0.031050395,0.0,0.0017642535,0.0,0.0,0.0,0.0,-0.028543388,0.003149665,-0.08992548,-1.316435,0.0,0.0,0.0,0.0,0.0,0.0,0.0,0.0,0.29686287,-0.1384481,0.0,0.0,0.0,0.0,0.0,0.0,0.0,0.0,0.0,0.0,0.0,0.0,0.0,0.0,0.0,0.0,0.0,-1.6229231,-0.15540066,-0.20186183,-5.315678,0.0,0.0,0.0,0.0,0.0,0.0,0.0,0.0
-3.6424062,0.0,-1.6271869,0.0,0.0,-0.023257487,0.0,0.0,0.0,0.0,0.0,0.0,0.0,0.0,0.0,0.0,0.105810985,-0.089379326,0.14738955,-0.12285965,0.0,0.0,0.0,0.0,0.0,0.0,0.0,0.0,0.018172232,0.0,-0.11993132,0.0,0.0,0.0,0.0,0.0060807792,0.003149665,-0.3905421,-1.6748254,0.0,0.0,0.0,0.0,0.0,0.0,0.0,0.0,-0.26020104,-0.1384481,0.0,0.0,0.0,0.0,0.0,0.0,0.0,0.0,0.0,0.0,0.0,0.0,0.0,0.0,0.0,0.0,0.0,-1.6229231,0.118511975,-0.20186183,-3.901936,0.0,0.0,0.0,0.0,0.0,0.0,0.0,0.0
1.7505748,0.0,0.007221514,0.0,0.0,0.07304284,0.0,0.0,0.0,0.0,0.0,0.0,0.0,0.0,0.0,0.0,0.23856746,0.0038599444,0.14738955,0.001491507,0.0,0.0,0.0,0.0,0.0,0.0,0.0,0.0,0.06467286,0.0,0.005423653,0.0,0.0,0.0,0.0,0.028020248,0.009567602,-0.11610402,-0.9718683,0.0,0.0,0.0,0.0,0.0,0.0,0.0,0.0,-0.26020104,-0.048740946,0.0,0.0,0.0,0.0,0.0,0.0,0.0,0.0,0.0,0.0,0.0,0.0,0.0,0.0,0.0,0.0,0.0,1.5063707,0.118511975,0.49909496,9.829046,0.0,0.0,0.0,0.0,0.0,0.0,0.0,0.0
-4.5031953,0.0,0.0014946812,0.0,0.0,-0.023257487,0.0,0.0,0.0,0.0,0.0,0.0,0.0,0.0,0.0,0.0,0.22226559,0.0012546185,-0.117360875,0.00032037217,0.0,0.0,0.0,0.0,0.0,0.0,0.0,0.0,-0.031050395,0.0,0.0017642535,0.0,0.0,0.0,0.0,0.009465825,-0.10885771,-0.15619947,-1.6748254,0.0,0.0,0.0,0.0,0.0,0.0,0.0,0.0,0.29686287,0.13651976,0.0,0.0,0.0,0.0,0.0,0.0,0.0,0.0,0.0,0.0,0.0,0.0,0.0,0.0,0.0,0.0,0.0,-1.5415614,-0.15540066,-0.20186183,-5.264564,0.0,0.0,0.0,0.0,0.0,0.0,0.0,0.0
1.7505748,0.0,0.007221514,0.0,0.0,0.07304284,0.0,0.0,0.0,0.0,0.0,0.0,0.0,0.0,0.0,0.0,0.23856746,0.0038599444,0.14738955,0.001491507,0.0,0.0,0.0,0.0,0.0,0.0,0.0,0.0,0.06467286,0.0,0.005423653,0.0,0.0,0.0,0.0,0.028020248,0.009567602,-0.11610402,-0.9718683,0.0,0.0,0.0,0.0,0.0,0.0,0.0,0.0,-0.26020104,-0.048740946,0.0,0.0,0.0,0.0,0.0,0.0,0.0,0.0,0.0,0.0,0.0,0.0,0.0,0.0,0.0,0.0,0.0,1.5063707,0.118511975,0.49909496,9.829046,0.0,0.0,0.0,0.0,0.0,0.0,0.0,0.0
-4.332531,0.0,0.0014946812,0.0,0.0,-0.023257487,0.0,0.0,0.0,0.0,0.0,0.0,0.0,0.0,0.0,0.0,0.11801937,-0.10930079,-0.117360875,-0.12285965,0.0,0.0,0.0,0.0,0.0,0.0,0.0,0.0,-0.031050395,0.0,0.0011707973,0.0,0.0,0.0,0.0,-0.018336069,-0.10885771,-0.45053715,-1.6748254,0.0,0.0,0.0,0.0,0.0,0.0,0.0,0.0,0.29686287,-0.1384481,0.0,0.0,0.0,0.0,0.0,0.0,0.0,0.0,0.0,0.0,0.0,0.0,0.0,0.0,0.0,0.0,0.0,-1.6229231,-0.15540066,-0.20186183,-4.7082396,0.0,0.0,0.0,0.0,0.0,0.0,0.0,0.0
-3.6424062,0.0,-1.6271869,0.0,0.0,-0.023257487,0.0,0.0,0.0,0.0,0.0,0.0,0.0,0.0,0.0,0.0,0.105810985,-0.089379326,0.14738955,-0.12285965,0.0,0.0,0.0,0.0,0.0,0.0,0.0,0.0,0.018172232,0.0,-0.11993132,0.0,0.0,0.0,0.0,0.0060807792,0.003149665,-0.3905421,-1.6748254,0.0,0.0,0.0,0.0,0.0,0.0,0.0,0.0,-0.26020104,-0.1384481,0.0,0.0,0.0,0.0,0.0,0.0,0.0,0.0,0.0,0.0,0.0,0.0,0.0,0.0,0.0,0.0,0.0,-1.6229231,0.118511975,-0.20186183,-3.901936,0.0,0.0,0.0,0.0,0.0,0.0,0.0,0.0
-4.883086,0.0,0.0014946812,0.0,0.0,-0.023257487,0.0,0.0,0.0,0.0,0.0,0.0,0.0,0.0,0.0,0.0,0.22088169,0.0012546185,-0.117360875,0.00032037217,0.0,0.0,0.0,0.0,0.0,0.0,0.0,0.0,-0.031050395,0.0,0.0017642535,0.0,0.0,0.0,0.0,-0.028543388,0.003149665,-0.08992548,-1.316435,0.0,0.0,0.0,0.0,0.0,0.0,0.0,0.0,0.29686287,-0.1384481,0.0,0.0,0.0,0.0,0.0,0.0,0.0,0.0,0.0,0.0,0.0,0.0,0.0,0.0,0.0,0.0,0.0,-1.6229231,-0.15540066,-0.20186183,-5.315678,0.0,0.0,0.0,0.0,0.0,0.0,0.0,0.0
-4.5031953,0.0,0.0014946812,0.0,0.0,-0.009802495,0.0,0.0,0.0,0.0,0.0,0.0,0.0,0.0,0.0,0.0,0.22226559,0.0012546185,-0.117360875,0.00032037217,0.0,0.0,0.0,0.0,0.0,0.0,0.0,0.0,-0.012556249,0.0,0.0017642535,0.0,0.0,0.0,0.0,0.009465825,-0.10885771,0.10223992,-1.6748254,0.0,0.0,0.0,0.0,0.0,0.0,0.0,0.0,0.29686287,0.13651976,0.0,0.0,0.0,0.0,0.0,0.0,0.0,0.0,0.0,0.0,0.0,0.0,0.0,0.0,0.0,0.0,0.0,-1.5415614,-0.15540066,-0.20186183,-5.445202,0.0,0.0,0.0,0.0,0.0,0.0,0.0,0.0
-4.883086,0.0,0.0014946812,0.0,0.0,-0.009802495,0.0,0.0,0.0,0.0,0.0,0.0,0.0,0.0,0.0,0.0,-0.23427427,0.0012546185,-0.117360875,0.00032037217,0.0,0.0,0.0,0.0,0.0,0.0,0.0,0.0,-0.012556249,0.0,0.0017642535,0.0,0.0,0.0,0.0,-0.028543388,0.003149665,0.10223992,1.57217,0.0,0.0,0.0,0.0,0.0,0.0,0.0,0.0,0.29686287,0.13651976,0.0,0.0,0.0,0.0,0.0,0.0,0.0,0.0,0.0,0.0,0.0,0.0,0.0,0.0,0.0,0.0,0.0,-1.4550607,0.118511975,-0.07689339,-5.496316,0.0,0.0,0.0,0.0,0.0,0.0,0.0,0.0
-4.883086,0.0,0.0014946812,0.0,0.0,-0.023257487,0.0,0.0,0.0,0.0,0.0,0.0,0.0,0.0,0.0,0.0,0.22088169,0.0012546185,-0.117360875,0.00032037217,0.0,0.0,0.0,0.0,0.0,0.0,0.0,0.0,-0.031050395,0.0,0.0017642535,0.0,0.0,0.0,0.0,-0.028543388,0.003149665,-0.15619947,-1.316435,0.0,0.0,0.0,0.0,0.0,0.0,0.0,0.0,0.29686287,-0.1384481,0.0,0.0,0.0,0.0,0.0,0.0,0.0,0.0,0.0,0.0,0.0,0.0,0.0,0.0,0.0,0.0,0.0,-1.6229231,-0.15540066,-0.20186183,-5.315678,0.0,0.0,0.0,0.0,0.0,0.0,0.0,0.0
1.168005,0.0,-2.444837,0.0,0.0,-0.023257487,0.0,0.0,0.0,0.0,0.0,0.0,0.0,0.0,0.0,0.0,0.015672505,-0.10930079,0.14738955,-0.18466517,0.0,0.0,0.0,0.0,0.0,0.0,0.0,0.0,-0.031050395,0.0,0.0011707973,0.0,0.0,0.0,0.0,-0.035675433,-0.3306724,-0.45053715,-2.205464,0.0,0.0,0.0,0.0,0.0,0.0,0.0,0.0,0.29686287,-0.1384481,0.0,0.0,0.0,0.0,0.0,0.0,0.0,0.0,0.0,0.0,0.0,0.0,0.0,0.0,0.0,0.0,0.0,-1.7770548,-0.15540066,-0.20186183,-5.1932445,0.0,0.0,0.0,0.0,0.0,0.0,0.0,0.0
1.7505748,0.0,0.007221514,0.0,0.0,-0.01826588,0.0,0.0,0.0,0.0,0.0,0.0,0.0,0.0,0.0,0.0,-0.2165885,0.0038599444,-0.117360875,0.001491507,0.0,0.0,0.0,0.0,0.0,0.0,0.0,0.0,-0.024085382,0.0,0.005423653,0.0,0.0,0.0,0.0,0.028020248,0.009567602,0.23362368,1.7269845,0.0,0.0,0.0,0.0,0.0,0.0,0.0,0.0,-0.26020104,-0.048740946,0.0,0.0,0.0,0.0,0.0,0.0,0.0,0.0,0.0,0.0,0.0,0.0,0.0,0.0,0.0,0.0,0.0,1.3057003,-0.15540066,-0.07689339,9.868058,0.0,0.0,0.0,0.0,0.0,0.0,0.0,0.0
-4.883086,0.0,0.0014946812,0.0,0.0,-0.023257487,0.0,0.0,0.0,0.0,0.0,0.0,0.0,0.0,0.0,0.0,0.22088169,0.0012546185,-0.117360875,0.00032037217,0.0,0.0,0.0,0.0,0.0,0.0,0.0,0.0,-0.031050395,0.0,0.0017642535,0.0,0.0,0.0,0.0,-0.028543388,0.003149665,-0.08992548,-1.316435,0.0,0.0,0.0,0.0,0.0,0.0,0.0,0.0,0.29686287,-0.1384481,0.0,0.0,0.0,0.0,0.0,0.0,0.0,0.0,0.0,0.0,0.0,0.0,0.0,0.0,0.0,0.0,0.0,-1.6229231,-0.15540066,-0.20186183,-5.315678,0.0,0.0,0.0,0.0,0.0,0.0,0.0,0.0
-4.5031953,0.0,0.0014946812,0.0,0.0,-0.009802495,0.0,0.0,0.0,0.0,0.0,0.0,0.0,0.0,0.0,0.0,-0.23289037,0.0012546185,-0.117360875,0.00032037217,0.0,0.0,0.0,0.0,0.0,0.0,0.0,0.0,-0.012556249,0.0,0.0017642535,0.0,0.0,0.0,0.0,0.009465825,-0.10885771,0.10223992,-1.6748254,0.0,0.0,0.0,0.0,0.0,0.0,0.0,0.0,0.29686287,0.13651976,0.0,0.0,0.0,0.0,0.0,0.0,0.0,0.0,0.0,0.0,0.0,0.0,0.0,0.0,0.0,0.0,0.0,-1.5415614,-0.15540066,-0.20186183,-5.445202,0.0,0.0,0.0,0.0,0.0,0.0,0.0,0.0
1.7505748,0.0,0.007221514,0.0,0.0,-0.01826588,0.0,0.0,0.0,0.0,0.0,0.0,0.0,0.0,0.0,0.0,-0.2165885,0.0038599444,-0.117360875,0.001491507,0.0,0.0,0.0,0.0,0.0,0.0,0.0,0.0,-0.024085382,0.0,0.005423653,0.0,0.0,0.0,0.0,0.028020248,0.009567602,0.23362368,1.7269845,0.0,0.0,0.0,0.0,0.0,0.0,0.0,0.0,-0.26020104,-0.048740946,0.0,0.0,0.0,0.0,0.0,0.0,0.0,0.0,0.0,0.0,0.0,0.0,0.0,0.0,0.0,0.0,0.0,1.3057003,-0.15540066,-0.07689339,9.868058,0.0,0.0,0.0,0.0,0.0,0.0,0.0,0.0
-4.883086,0.0,0.0014946812,0.0,0.0,-0.023257487,0.0,0.0,0.0,0.0,0.0,0.0,0.0,0.0,0.0,0.0,0.22088169,0.0012546185,-0.117360875,0.00032037217,0.0,0.0,0.0,0.0,0.0,0.0,0.0,0.0,-0.031050395,0.0,0.0017642535,0.0,0.0,0.0,0.0,-0.028543388,0.003149665,-0.08992548,-1.316435,0.0,0.0,0.0,0.0,0.0,0.0,0.0,0.0,0.29686287,-0.1384481,0.0,0.0,0.0,0.0,0.0,0.0,0.0,0.0,0.0,0.0,0.0,0.0,0.0,0.0,0.0,0.0,0.0,-1.6229231,-0.15540066,-0.20186183,-5.315678,0.0,0.0,0.0,0.0,0.0,0.0,0.0,0.0
1.7505748,0.0,0.007221514,0.0,0.0,-0.01826588,0.0,0.0,0.0,0.0,0.0,0.0,0.0,0.0,0.0,0.0,-0.2165885,0.0038599444,-0.117360875,0.001491507,0.0,0.0,0.0,0.0,0.0,0.0,0.0,0.0,-0.024085382,0.0,0.005423653,0.0,0.0,0.0,0.0,0.028020248,0.009567602,0.23362368,1.7269845,0.0,0.0,0.0,0.0,0.0,0.0,0.0,0.0,-0.26020104,-0.048740946,0.0,0.0,0.0,0.0,0.0,0.0,0.0,0.0,0.0,0.0,0.0,0.0,0.0,0.0,0.0,0.0,0.0,1.3057003,-0.15540066,-0.07689339,9.868058,0.0,0.0,0.0,0.0,0.0,0.0,0.0,0.0
-4.5031953,0.0,0.0014946812,0.0,0.0,-0.009802495,0.0,0.0,0.0,0.0,0.0,0.0,0.0,0.0,0.0,0.0,-0.23289037,0.0012546185,-0.117360875,0.00032037217,0.0,0.0,0.0,0.0,0.0,0.0,0.0,0.0,-0.012556249,0.0,0.0017642535,0.0,0.0,0.0,0.0,0.009465825,-0.10885771,0.10223992,-1.6748254,0.0,0.0,0.0,0.0,0.0,0.0,0.0,0.0,0.29686287,0.13651976,0.0,0.0,0.0,0.0,0.0,0.0,0.0,0.0,0.0,0.0,0.0,0.0,0.0,0.0,0.0,0.0,0.0,-1.5415614,-0.15540066,-0.20186183,-5.445202,0.0,0.0,0.0,0.0,0.0,0.0,0.0,0.0
1.6226876,0.0,0.007221514,0.0,0.0,-0.01826588,0.0,0.0,0.0,0.0,0.0,0.0,0.0,0.0,0.0,0.0,-0.2232073,0.0038599444,-0.117360875,0.001491507,0.0,0.0,0.0,0.0,0.0,0.0,0.0,0.0,-0.024085382,0.0,0.005423653,0.0,0.0,0.0,0.0,-0.08449265,0.009567602,0.23362368,1.9590354,0.0,0.0,0.0,0.0,0.0,0.0,0.0,0.0,0.29686287,0.13651976,0.0,0.0,0.0,0.0,0.0,0.0,0.0,0.0,0.0,0.0,0.0,0.0,0.0,0.0,0.0,0.0,0.0,-1.5177667,0.118511975,-0.07689339,9.868058,0.0,0.0,0.0,0.0,0.0,0.0,0.0,0.0
-4.883086,0.0,0.0014946812,0.0,0.0,-0.009802495,0.0,0.0,0.0,0.0,0.0,0.0,0.0,0.0,0.0,0.0,-0.45953783,0.0012546185,-0.117360875,0.00032037217,0.0,0.0,0.0,0.0,0.0,0.0,0.0,0.0,-0.012556249,0.0,0.0017642535,0.0,0.0,0.0,0.0,-0.028543388,0.003149665,0.10223992,1.0625366,0.0,0.0,0.0,0.0,0.0,0.0,0.0,0.0,0.29686287,0.13651976,0.0,0.0,0.0,0.0,0.0,0.0,0.0,0.0,0.0,0.0,0.0,0.0,0.0,0.0,0.0,0.0,0.0,-1.4550607,0.118511975,-0.07689339,-5.496316,0.0,0.0,0.0,0.0,0.0,0.0,0.0,0.0
-4.883086,0.0,0.0014946812,0.0,0.0,-0.023257487,0.0,0.0,0.0,0.0,0.0,0.0,0.0,0.0,0.0,0.0,0.22088169,0.0012546185,-0.117360875,0.00032037217,0.0,0.0,0.0,0.0,0.0,0.0,0.0,0.0,-0.031050395,0.0,0.0017642535,0.0,0.0,0.0,0.0,-0.028543388,0.003149665,-0.15619947,-1.316435,0.0,0.0,0.0,0.0,0.0,0.0,0.0,0.0,0.29686287,-0.1384481,0.0,0.0,0.0,0.0,0.0,0.0,0.0,0.0,0.0,0.0,0.0,0.0,0.0,0.0,0.0,0.0,0.0,-1.6229231,-0.15540066,-0.20186183,-5.315678,0.0,0.0,0.0,0.0,0.0,0.0,0.0,0.0
-4.883086,0.0,0.0014946812,0.0,0.0,-0.023257487,0.0,0.0,0.0,0.0,0.0,0.0,0.0,0.0,0.0,0.0,0.22088169,0.0012546185,-0.117360875,0.00032037217,0.0,0.0,0.0,0.0,0.0,0.0,0.0,0.0,-0.031050395,0.0,0.0017642535,0.0,0.0,0.0,0.0,-0.028543388,0.003149665,-0.15619947,-1.316435,0.0,0.0,0.0,0.0,0.0,0.0,0.0,0.0,0.29686287,-0.1384481,0.0,0.0,0.0,0.0,0.0,0.0,0.0,0.0,0.0,0.0,0.0,0.0,0.0,0.0,0.0,0.0,0.0,-1.6229231,-0.15540066,-0.20186183,-5.315678,0.0,0.0,0.0,0.0,0.0,0.0,0.0,0.0
1.6226876,0.0,0.007221514,0.0,0.0,-0.01826588,0.0,0.0,0.0,0.0,0.0,0.0,0.0,0.0,0.0,0.0,-0.2232073,0.0038599444,-0.117360875,0.001491507,0.0,0.0,0.0,0.0,0.0,0.0,0.0,0.0,-0.024085382,0.0,0.005423653,0.0,0.0,0.0,0.0,-0.08449265,0.009567602,0.23362368,1.9590354,0.0,0.0,0.0,0.0,0.0,0.0,0.0,0.0,0.29686287,0.13651976,0.0,0.0,0.0,0.0,0.0,0.0,0.0,0.0,0.0,0.0,0.0,0.0,0.0,0.0,0.0,0.0,0.0,-1.5177667,0.118511975,-0.07689339,9.868058,0.0,0.0,0.0,0.0,0.0,0.0,0.0,0.0
-4.518337,0.0,0.0014946812,0.0,0.0,-0.023257487,0.0,0.0,0.0,0.0,0.0,0.0,0.0,0.0,0.0,0.0,0.105810985,0.0012546185,0.14738955,0.00032037217,0.0,0.0,0.0,0.0,0.0,0.0,0.0,0.0,0.018172232,0.0,0.0017642535,0.0,0.0,0.0,0.0,0.0060807792,0.003149665,-0.21041887,-1.6748254,0.0,0.0,0.0,0.0,0.0,0.0,0.0,0.0,-0.26020104,-0.1384481,0.0,0.0,0.0,0.0,0.0,0.0,0.0,0.0,0.0,0.0,0.0,0.0,0.0,0.0,0.0,0.0,0.0,-1.6229231,0.118511975,-0.20186183,-5.170319,0.0,0.0,0.0,0.0,0.0,0.0,0.0,0.0
-3.6424062,0.0,-1.6271869,0.0,0.0,-0.023257487,0.0,0.0,0.0,0.0,0.0,0.0,0.0,0.0,0.0,0.0,0.105810985,-0.10930079,0.14738955,-0.12285965,0.0,0.0,0.0,0.0,0.0,0.0,0.0,0.0,0.018172232,0.0,0.0011707973,0.0,0.0,0.0,0.0,0.0060807792,0.003149665,-0.43117172,-1.6748254,0.0,0.0,0.0,0.0,0.0,0.0,0.0,0.0,-0.26020104,-0.1384481,0.0,0.0,0.0,0.0,0.0,0.0,0.0,0.0,0.0,0.0,0.0,0.0,0.0,0.0,0.0,0.0,0.0,-1.6229231,-0.15540066,-0.20186183,-3.9624875,0.0,0.0,0.0,0.0,0.0,0.0,0.0,0.0
-3.6424062,0.0,-1.6271869,0.0,0.0,-0.023257487,0.0,0.0,0.0,0.0,0.0,0.0,0.0,0.0,0.0,0.0,0.105810985,-0.10930079,0.14738955,-0.12285965,0.0,0.0,0.0,0.0,0.0,0.0,0.0,0.0,-0.031050395,0.0,0.0011707973,0.0,0.0,0.0,0.0,0.0060807792,0.003149665,-0.45053715,-1.6748254,0.0,0.0,0.0,0.0,0.0,0.0,0.0,0.0,0.29686287,0.13651976,0.0,0.0,0.0,0.0,0.0,0.0,0.0,0.0,0.0,0.0,0.0,0.0,0.0,0.0,0.0,0.0,0.0,-1.5415614,-0.15540066,-0.20186183,-3.8938994,0.0,0.0,0.0,0.0,0.0,0.0,0.0,0.0
1.6226876,0.0,0.007221514,0.0,0.0,-0.01826588,0.0,0.0,0.0,0.0,0.0,0.0,0.0,0.0,0.0,0.0,-0.2232073,0.0038599444,-0.117360875,0.001491507,0.0,0.0,0.0,0.0,0.0,0.0,0.0,0.0,-0.024085382,0.0,0.005423653,0.0,0.0,0.0,0.0,-0.08449265,0.009567602,0.23362368,1.9590354,0.0,0.0,0.0,0.0,0.0,0.0,0.0,0.0,0.29686287,0.13651976,0.0,0.0,0.0,0.0,0.0,0.0,0.0,0.0,0.0,0.0,0.0,0.0,0.0,0.0,0.0,0.0,0.0,-1.5177667,0.118511975,-0.07689339,9.868058,0.0,0.0,0.0,0.0,0.0,0.0,0.0,0.0
-3.6424062,0.0,-1.6271869,0.0,0.0,-0.023257487,0.0,0.0,0.0,0.0,0.0,0.0,0.0,0.0,0.0,0.0,0.105810985,-0.089379326,0.14738955,-0.12285965,0.0,0.0,0.0,0.0,0.0,0.0,0.0,0.0,0.018172232,0.0,-0.11993132,0.0,0.0,0.0,0.0,0.0060807792,0.003149665,-0.3905421,-1.6748254,0.0,0.0,0.0,0.0,0.0,0.0,0.0,0.0,-0.26020104,-0.1384481,0.0,0.0,0.0,0.0,0.0,0.0,0.0,0.0,0.0,0.0,0.0,0.0,0.0,0.0,0.0,0.0,0.0,-1.6229231,0.118511975,-0.20186183,-3.901936,0.0,0.0,0.0,0.0,0.0,0.0,0.0,0.0
1.6226876,0.0,0.007221514,0.0,0.0,-0.01826588,0.0,0.0,0.0,0.0,0.0,0.0,0.0,0.0,0.0,0.0,-0.2232073,0.0038599444,-0.117360875,0.001491507,0.0,0.0,0.0,0.0,0.0,0.0,0.0,0.0,-0.024085382,0.0,0.005423653,0.0,0.0,0.0,0.0,-0.08449265,0.009567602,0.23362368,1.9590354,0.0,0.0,0.0,0.0,0.0,0.0,0.0,0.0,0.29686287,0.13651976,0.0,0.0,0.0,0.0,0.0,0.0,0.0,0.0,0.0,0.0,0.0,0.0,0.0,0.0,0.0,0.0,0.0,-1.5177667,0.118511975,-0.07689339,9.868058,0.0,0.0,0.0,0.0,0.0,0.0,0.0,0.0
1.7505748,0.0,0.007221514,0.0,0.0,-0.01826588,0.0,0.0,0.0,0.0,0.0,0.0,0.0,0.0,0.0,0.0,-0.2165885,0.0038599444,-0.117360875,0.001491507,0.0,0.0,0.0,0.0,0.0,0.0,0.0,0.0,-0.024085382,0.0,0.005423653,0.0,0.0,0.0,0.0,0.028020248,0.009567602,0.23362368,1.7269845,0.0,0.0,0.0,0.0,0.0,0.0,0.0,0.0,-0.26020104,-0.048740946,0.0,0.0,0.0,0.0,0.0,0.0,0.0,0.0,0.0,0.0,0.0,0.0,0.0,0.0,0.0,0.0,0.0,1.3057003,-0.15540066,-0.07689339,9.868058,0.0,0.0,0.0,0.0,0.0,0.0,0.0,0.0
1.7505748,0.0,0.007221514,0.0,0.0,-0.01826588,0.0,0.0,0.0,0.0,0.0,0.0,0.0,0.0,0.0,0.0,-0.2165885,0.0038599444,-0.117360875,0.001491507,0.0,0.0,0.0,0.0,0.0,0.0,0.0,0.0,-0.024085382,0.0,0.005423653,0.0,0.0,0.0,0.0,0.028020248,0.009567602,0.23362368,1.7269845,0.0,0.0,0.0,0.0,0.0,0.0,0.0,0.0,-0.26020104,-0.048740946,0.0,0.0,0.0,0.0,0.0,0.0,0.0,0.0,0.0,0.0,0.0,0.0,0.0,0.0,0.0,0.0,0.0,1.3057003,-0.15540066,-0.07689339,9.868058,0.0,0.0,0.0,0.0,0.0,0.0,0.0,0.0
1.7505748,0.0,0.007221514,0.0,0.0,0.07304284,0.0,0.0,0.0,0.0,0.0,0.0,0.0,0.0,0.0,0.0,0.23856746,0.0026831832,0.14738955,0.001491507,0.0,0.0,0.0,0.0,0.0,0.0,0.0,0.0,-0.11050473,0.0,-0.34902942,0.0,0.0,0.0,0.0,0.028020248,0.009567602,-0.2081983,-0.9718683,0.0,0.0,0.0,0.0,0.0,0.0,0.0,0.0,-0.26020104,-0.048740946,0.0,0.0,0.0,0.0,0.0,0.0,0.0,0.0,0.0,0.0,0.0,0.0,0.0,0.0,0.0,0.0,0.0,1.5063707,0.118511975,0.49909496,9.648475,0.0,0.0,0.0,0.0,0.0,0.0,0.0,0.0
1.7505748,0.0,0.007221514,0.0,0.0,-0.01826588,0.0,0.0,0.0,0.0,0.0,0.0,0.0,0.0,0.0,0.0,-0.2165885,0.0038599444,-0.117360875,0.001491507,0.0,0.0,0.0,0.0,0.0,0.0,0.0,0.0,-0.024085382,0.0,0.005423653,0.0,0.0,0.0,0.0,0.028020248,0.009567602,0.23362368,1.7269845,0.0,0.0,0.0,0.0,0.0,0.0,0.0,0.0,-0.26020104,-0.048740946,0.0,0.0,0.0,0.0,0.0,0.0,0.0,0.0,0.0,0.0,0.0,0.0,0.0,0.0,0.0,0.0,0.0,1.3057003,-0.15540066,-0.07689339,9.868058,0.0,0.0,0.0,0.0,0.0,0.0,0.0,0.0
1.7505748,0.0,0.007221514,0.0,0.0,-0.01826588,0.0,0.0,0.0,0.0,0.0,0.0,0.0,0.0,0.0,0.0,-0.2165885,0.0038599444,-0.117360875,0.001491507,0.0,0.0,0.0,0.0,0.0,0.0,0.0,0.0,-0.024085382,0.0,0.005423653,0.0,0.0,0.0,0.0,0.028020248,0.009567602,0.23362368,1.5555501,0.0,0.0,0.0,0.0,0.0,0.0,0.0,0.0,-0.26020104,-0.048740946,0.0,0.0,0.0,0.0,0.0,0.0,0.0,0.0,0.0,0.0,0.0,0.0,0.0,0.0,0.0,0.0,0.0,1.3985182,-0.15540066,-0.07689339,9.868058,0.0,0.0,0.0,0.0,0.0,0.0,0.0,0.0
-4.922479,0.0,0.0014946812,0.0,0.0,-0.023257487,0.0,0.0,0.0,0.0,0.0,0.0,0.0,0.0,0.0,0.0,0.22226559,0.0012546185,0.14738955,0.00032037217,0.0,0.0,0.0,0.0,0.0,0.0,0.0,0.0,-0.031050395,0.0,0.0017642535,0.0,0.0,0.0,0.0,0.009465825,0.003149665,-0.15619947,-1.316435,0.0,0.0,0.0,0.0,0.0,0.0,0.0,0.0,-0.26020104,-0.1384481,0.0,0.0,0.0,0.0,0.0,0.0,0.0,0.0,0.0,0.0,0.0,0.0,0.0,0.0,0.0,0.0,0.0,-1.6229231,-0.15540066,-0.20186183,-5.315678,0.0,0.0,0.0,0.0,0.0,0.0,0.0,0.0
-3.6424062,0.0,-1.6271869,0.0,0.0,-0.023257487,0.0,0.0,0.0,0.0,0.0,0.0,0.0,0.0,0.0,0.0,0.105810985,-0.089379326,0.14738955,-0.12285965,0.0,0.0,0.0,0.0,0.0,0.0,0.0,0.0,0.018172232,0.0,-0.11993132,0.0,0.0,0.0,0.0,0.0060807792,0.003149665,-0.3905421,-1.6748254,0.0,0.0,0.0,0.0,0.0,0.0,0.0,0.0,-0.26020104,-0.1384481,0.0,0.0,0.0,0.0,0.0,0.0,0.0,0.0,0.0,0.0,0.0,0.0,0.0,0.0,0.0,0.0,0.0,-1.6229231,0.118511975,-0.20186183,-3.901936,0.0,0.0,0.0,0.0,0.0,0.0,0.0,0.0
-3.6424062,0.0,-1.6271869,0.0,0.0,-0.023257487,0.0,0.0,0.0,0.0,0.0,0.0,0.0,0.0,0.0,0.0,0.105810985,-0.10930079,0.14738955,-0.12285965,0.0,0.0,0.0,0.0,0.0,0.0,0.0,0.0,-0.031050395,0.0,0.0011707973,0.0,0.0,0.0,0.0,0.0060807792,0.003149665,-0.45053715,-1.6748254,0.0,0.0,0.0,0.0,0.0,0.0,0.0,0.0,-0.26020104,-0.1384481,0.0,0.0,0.0,0.0,0.0,0.0,0.0,0.0,0.0,0.0,0.0,0.0,0.0,0.0,0.0,0.0,0.0,-1.6229231,0.118511975,-0.20186183,-3.8938994,0.0,0.0,0.0,0.0,0.0,0.0,0.0,0.0
-4.883086,0.0,0.0014946812,0.0,0.0,-0.023257487,0.0,0.0,0.0,0.0,0.0,0.0,0.0,0.0,0.0,0.0,0.22088169,0.0012546185,-0.117360875,0.00032037217,0.0,0.0,0.0,0.0,0.0,0.0,0.0,0.0,-0.031050395,0.0,0.0017642535,0.0,0.0,0.0,0.0,-0.028543388,0.003149665,-0.15619947,-1.316435,0.0,0.0,0.0,0.0,0.0,0.0,0.0,0.0,0.29686287,-0.1384481,0.0,0.0,0.0,0.0,0.0,0.0,0.0,0.0,0.0,0.0,0.0,0.0,0.0,0.0,0.0,0.0,0.0,-1.6229231,-0.15540066,-0.20186183,-5.315678,0.0,0.0,0.0,0.0,0.0,0.0,0.0,0.0
1.7505748,0.0,0.007221514,0.0,0.0,-0.01826588,0.0,0.0,0.0,0.0,0.0,0.0,0.0,0.0,0.0,0.0,-0.2165885,0.0038599444,-0.117360875,0.001491507,0.0,0.0,0.0,0.0,0.0,0.0,0.0,0.0,-0.024085382,0.0,0.005423653,0.0,0.0,0.0,0.0,0.028020248,0.009567602,0.23362368,1.5555501,0.0,0.0,0.0,0.0,0.0,0.0,0.0,0.0,-0.26020104,-0.048740946,0.0,0.0,0.0,0.0,0.0,0.0,0.0,0.0,0.0,0.0,0.0,0.0,0.0,0.0,0.0,0.0,0.0,1.3985182,-0.15540066,-0.07689339,9.868058,0.0,0.0,0.0,0.0,0.0,0.0,0.0,0.0
-3.6424062,0.0,-1.6271869,0.0,0.0,0.02172687,0.0,0.0,0.0,0.0,0.0,0.0,0.0,0.0,0.0,0.0,0.105810985,-0.10930079,0.14738955,-0.12285965,0.0,0.0,0.0,0.0,0.0,0.0,0.0,0.0,0.018172232,0.0,0.0011707973,0.0,0.0,0.0,0.0,0.0060807792,0.003149665,-0.41462713,-1.6748254,0.0,0.0,0.0,0.0,0.0,0.0,0.0,0.0,-0.26020104,-0.1384481,0.0,0.0,0.0,0.0,0.0,0.0,0.0,0.0,0.0,0.0,0.0,0.0,0.0,0.0,0.0,0.0,0.0,-1.6229231,-0.15540066,-0.20186183,-4.0240164,0.0,0.0,0.0,0.0,0.0,0.0,0.0,0.0
-3.6424062,0.0,-1.6271869,0.0,0.0,-0.023257487,0.0,0.0,0.0,0.0,0.0,0.0,0.0,0.0,0.0,0.0,0.105810985,-0.10930079,0.14738955,-0.12285965,0.0,0.0,0.0,0.0,0.0,0.0,0.0,0.0,-0.031050395,0.0,0.0011707973,0.0,0.0,0.0,0.0,0.0060807792,0.003149665,-0.45053715,-1.6748254,0.0,0.0,0.0,0.0,0.0,0.0,0.0,0.0,0.29686287,0.13651976,0.0,0.0,0.0,0.0,0.0,0.0,0.0,0.0,0.0,0.0,0.0,0.0,0.0,0.0,0.0,0.0,0.0,-1.5415614,-0.15540066,-0.20186183,-3.8938994,0.0,0.0,0.0,0.0,0.0,0.0,0.0,0.0
-3.6424062,0.0,-1.6271869,0.0,0.0,-0.023257487,0.0,0.0,0.0,0.0,0.0,0.0,0.0,0.0,0.0,0.0,0.105810985,-0.089379326,0.14738955,-0.12285965,0.0,0.0,0.0,0.0,0.0,0.0,0.0,0.0,0.018172232,0.0,-0.11993132,0.0,0.0,0.0,0.0,0.0060807792,0.003149665,-0.3905421,-1.6748254,0.0,0.0,0.0,0.0,0.0,0.0,0.0,0.0,-0.26020104,-0.1384481,0.0,0.0,0.0,0.0,0.0,0.0,0.0,0.0,0.0,0.0,0.0,0.0,0.0,0.0,0.0,0.0,0.0,-1.6229231,-0.15540066,-0.20186183,-3.901936,0.0,0.0,0.0,0.0,0.0,0.0,0.0,0.0
1.7505748,0.0,0.007221514,0.0,0.0,0.07304284,0.0,0.0,0.0,0.0,0.0,0.0,0.0,0.0,0.0,0.0,0.23856746,0.0038599444,0.14738955,0.001491507,0.0,0.0,0.0,0.0,0.0,0.0,0.0,0.0,0.06467286,0.0,0.005423653,0.0,0.0,0.0,0.0,0.028020248,0.009567602,-0.11610402,-0.9718683,0.0,0.0,0.0,0.0,0.0,0.0,0.0,0.0,-0.26020104,-0.048740946,0.0,0.0,0.0,0.0,0.0,0.0,0.0,0.0,0.0,0.0,0.0,0.0,0.0,0.0,0.0,0.0,0.0,1.5063707,0.118511975,0.49909496,9.829046,0.0,0.0,0.0,0.0,0.0,0.0,0.0,0.0
-3.5303988,0.0,-1.6271869,0.0,0.0,-0.023257487,0.0,0.0,0.0,0.0,0.0,0.0,0.0,0.0,0.0,0.0,0.105810985,-0.10930079,-0.117360875,-0.12285965,0.0,0.0,0.0,0.0,0.0,0.0,0.0,0.0,-0.031050395,0.0,0.0011707973,0.0,0.0,0.0,0.0,0.0060807792,-0.10885771,-0.45053715,-1.6748254,0.0,0.0,0.0,0.0,0.0,0.0,0.0,0.0,0.29686287,0.13651976,0.0,0.0,0.0,0.0,0.0,0.0,0.0,0.0,0.0,0.0,0.0,0.0,0.0,0.0,0.0,0.0,0.0,-1.5415614,-0.15540066,-0.20186183,-3.8938994,0.0,0.0,0.0,0.0,0.0,0.0,0.0,0.0
-4.5061283,0.0,0.0014946812,0.0,0.0,-0.023257487,0.0,0.0,0.0,0.0,0.0,0.0,0.0,0.0,0.0,0.0,0.11801937,-0.089379326,0.14738955,0.00032037217,0.0,0.0,0.0,0.0,0.0,0.0,0.0,0.0,-0.031050395,0.0,-0.11993132,0.0,0.0,0.0,0.0,-0.018336069,0.003149665,-0.40990752,-1.6748254,0.0,0.0,0.0,0.0,0.0,0.0,0.0,0.0,0.29686287,-0.1384481,0.0,0.0,0.0,0.0,0.0,0.0,0.0,0.0,0.0,0.0,0.0,0.0,0.0,0.0,0.0,0.0,0.0,-1.6229231,-0.15540066,-0.20186183,-4.709278,0.0,0.0,0.0,0.0,0.0,0.0,0.0,0.0
-4.5031953,0.0,0.0014946812,0.0,0.0,-0.023257487,0.0,0.0,0.0,0.0,0.0,0.0,0.0,0.0,0.0,0.0,0.22226559,0.0012546185,-0.117360875,0.00032037217,0.0,0.0,0.0,0.0,0.0,0.0,0.0,0.0,-0.031050395,0.0,0.0017642535,0.0,0.0,0.0,0.0,0.009465825,-0.10885771,-0.15619947,-1.6748254,0.0,0.0,0.0,0.0,0.0,0.0,0.0,0.0,0.29686287,0.13651976,0.0,0.0,0.0,0.0,0.0,0.0,0.0,0.0,0.0,0.0,0.0,0.0,0.0,0.0,0.0,0.0,0.0,-1.5415614,-0.15540066,-0.20186183,-5.264564,0.0,0.0,0.0,0.0,0.0,0.0,0.0,0.0
-3.658009,0.0,-1.6271869,0.0,0.0,-0.023257487,0.0,0.0,0.0,0.0,0.0,0.0,0.0,0.0,0.0,0.0,0.105810985,-0.10930079,-0.117360875,-0.12285965,0.0,0.0,0.0,0.0,0.0,0.0,0.0,0.0,-0.031050395,0.0,0.0011707973,0.0,0.0,0.0,0.0,0.0060807792,-0.10885771,-0.45053715,-1.5282797,0.0,0.0,0.0,0.0,0.0,0.0,0.0,0.0,0.29686287,0.04806206,0.0,0.0,0.0,0.0,0.0,0.0,0.0,0.0,0.0,0.0,0.0,0.0,0.0,0.0,0.0,0.0,0.0,1.3433123,-0.15540066,-0.20186183,-3.8938994,0.0,0.0,0.0,0.0,0.0,0.0,0.0,0.0
1.7505748,0.0,0.007221514,0.0,0.0,-0.07818855,0.0,0.0,0.0,0.0,0.0,0.0,0.0,0.0,0.0,0.0,0.23856746,0.0038599444,0.14738955,0.001491507,0.0,0.0,0.0,0.0,0.0,0.0,0.0,0.0,0.06467286,0.0,0.005423653,0.0,0.0,0.0,0.0,0.028020248,0.009567602,-0.37073654,-0.9718683,0.0,0.0,0.0,0.0,0.0,0.0,0.0,0.0,-0.26020104,-0.048740946,0.0,0.0,0.0,0.0,0.0,0.0,0.0,0.0,0.0,0.0,0.0,0.0,0.0,0.0,0.0,0.0,0.0,1.5063707,0.118511975,0.49909496,9.725439,0.0,0.0,0.0,0.0,0.0,0.0,0.0,0.0
-3.7039962,0.0,-1.6271869,0.0,0.0,-0.023257487,0.0,0.0,0.0,0.0,0.0,0.0,0.0,0.0,0.0,0.0,0.105810985,-0.089379326,0.14738955,0.00032037217,0.0,0.0,0.0,0.0,0.0,0.0,0.0,0.0,-0.031050395,0.0,-0.11993132,0.0,0.0,0.0,0.0,0.0060807792,0.003149665,-0.40990752,-1.6748254,0.0,0.0,0.0,0.0,0.0,0.0,0.0,0.0,-0.26020104,-0.1384481,0.0,0.0,0.0,0.0,0.0,0.0,0.0,0.0,0.0,0.0,0.0,0.0,0.0,0.0,0.0,0.0,0.0,-1.6229231,0.118511975,-0.20186183,-3.894938,0.0,0.0,0.0,0.0,0.0,0.0,0.0,0.0
-4.883086,0.0,0.0014946812,0.0,0.0,-0.023257487,0.0,0.0,0.0,0.0,0.0,0.0,0.0,0.0,0.0,0.0,0.22088169,0.0012546185,-0.117360875,0.00032037217,0.0,0.0,0.0,0.0,0.0,0.0,0.0,0.0,-0.031050395,0.0,0.0017642535,0.0,0.0,0.0,0.0,-0.028543388,0.003149665,-0.15619947,-1.316435,0.0,0.0,0.0,0.0,0.0,0.0,0.0,0.0,0.29686287,-0.1384481,0.0,0.0,0.0,0.0,0.0,0.0,0.0,0.0,0.0,0.0,0.0,0.0,0.0,0.0,0.0,0.0,0.0,-1.6229231,-0.15540066,-0.20186183,-5.315678,0.0,0.0,0.0,0.0,0.0,0.0,0.0,0.0
-4.5031953,0.0,0.0014946812,0.0,0.0,-0.009802495,0.0,0.0,0.0,0.0,0.0,0.0,0.0,0.0,0.0,0.0,0.22226559,0.0012546185,-0.117360875,0.00032037217,0.0,0.0,0.0,0.0,0.0,0.0,0.0,0.0,-0.012556249,0.0,0.0017642535,0.0,0.0,0.0,0.0,0.009465825,-0.10885771,0.10223992,-1.6748254,0.0,0.0,0.0,0.0,0.0,0.0,0.0,0.0,0.29686287,0.13651976,0.0,0.0,0.0,0.0,0.0,0.0,0.0,0.0,0.0,0.0,0.0,0.0,0.0,0.0,0.0,0.0,0.0,-1.5415614,-0.15540066,-0.20186183,-5.445202,0.0,0.0,0.0,0.0,0.0,0.0,0.0,0.0
1.7505748,0.0,0.007221514,0.0,0.0,-0.01826588,0.0,0.0,0.0,0.0,0.0,0.0,0.0,0.0,0.0,0.0,-0.2165885,0.0038599444,-0.117360875,0.001491507,0.0,0.0,0.0,0.0,0.0,0.0,0.0,0.0,-0.024085382,0.0,0.005423653,0.0,0.0,0.0,0.0,0.028020248,0.009567602,0.23362368,1.7269845,0.0,0.0,0.0,0.0,0.0,0.0,0.0,0.0,-0.26020104,-0.048740946,0.0,0.0,0.0,0.0,0.0,0.0,0.0,0.0,0.0,0.0,0.0,0.0,0.0,0.0,0.0,0.0,0.0,1.3057003,-0.15540066,-0.07689339,9.868058,0.0,0.0,0.0,0.0,0.0,0.0,0.0,0.0
1.7505748,0.0,0.007221514,0.0,0.0,-0.01826588,0.0,0.0,0.0,0.0,0.0,0.0,0.0,0.0,0.0,0.0,-0.2165885,0.0038599444,-0.117360875,0.001491507,0.0,0.0,0.0,0.0,0.0,0.0,0.0,0.0,-0.024085382,0.0,0.005423653,0.0,0.0,0.0,0.0,0.028020248,0.009567602,0.23362368,1.7269845,0.0,0.0,0.0,0.0,0.0,0.0,0.0,0.0,-0.26020104,-0.048740946,0.0,0.0,0.0,0.0,0.0,0.0,0.0,0.0,0.0,0.0,0.0,0.0,0.0,0.0,0.0,0.0,0.0,1.3057003,-0.15540066,-0.07689339,9.868058,0.0,0.0,0.0,0.0,0.0,0.0,0.0,0.0
1.1724422,0.0,0.0022458031,0.0,0.0,-0.023257487,0.0,0.0,0.0,0.0,0.0,0.0,0.0,0.0,0.0,0.0,0.015672505,-0.10930079,0.14738955,0.0004815425,0.0,0.0,0.0,0.0,0.0,0.0,0.0,0.0,-0.031050395,0.0,0.0015759123,0.0,0.0,0.0,0.0,-0.035675433,-0.3306724,-0.2297843,-2.205464,0.0,0.0,0.0,0.0,0.0,0.0,0.0,0.0,0.29686287,-0.1384481,0.0,0.0,0.0,0.0,0.0,0.0,0.0,0.0,0.0,0.0,0.0,0.0,0.0,0.0,0.0,0.0,0.0,-1.7770548,-0.15540066,-0.20186183,-8.051068,0.0,0.0,0.0,0.0,0.0,0.0,0.0,0.0
-3.5303988,0.0,-1.6271869,0.0,0.0,-0.023257487,0.0,0.0,0.0,0.0,0.0,0.0,0.0,0.0,0.0,0.0,0.105810985,-0.10930079,-0.117360875,-0.12285965,0.0,0.0,0.0,0.0,0.0,0.0,0.0,0.0,-0.031050395,0.0,0.0011707973,0.0,0.0,0.0,0.0,0.0060807792,-0.10885771,-0.45053715,-1.6748254,0.0,0.0,0.0,0.0,0.0,0.0,0.0,0.0,0.29686287,0.13651976,0.0,0.0,0.0,0.0,0.0,0.0,0.0,0.0,0.0,0.0,0.0,0.0,0.0,0.0,0.0,0.0,0.0,-1.5415614,-0.15540066,-0.20186183,-3.8938994,0.0,0.0,0.0,0.0,0.0,0.0,0.0,0.0
1.7505748,0.0,0.007221514,0.0,0.0,0.07304284,0.0,0.0,0.0,0.0,0.0,0.0,0.0,0.0,0.0,0.0,0.23856746,0.0038599444,0.14738955,0.001491507,0.0,0.0,0.0,0.0,0.0,0.0,0.0,0.0,-0.11050473,0.0,0.005423653,0.0,0.0,0.0,0.0,0.028020248,0.009567602,-0.20659481,-0.9718683,0.0,0.0,0.0,0.0,0.0,0.0,0.0,0.0,-0.26020104,-0.048740946,0.0,0.0,0.0,0.0,0.0,0.0,0.0,0.0,0.0,0.0,0.0,0.0,0.0,0.0,0.0,0.0,0.0,1.5063707,0.118511975,0.49909496,9.771679,0.0,0.0,0.0,0.0,0.0,0.0,0.0,0.0
1.6226876,0.0,0.007221514,0.0,0.0,-0.01826588,0.0,0.0,0.0,0.0,0.0,0.0,0.0,0.0,0.0,0.0,-0.2232073,0.0038599444,-0.117360875,0.001491507,0.0,0.0,0.0,0.0,0.0,0.0,0.0,0.0,-0.024085382,0.0,0.005423653,0.0,0.0,0.0,0.0,-0.08449265,0.009567602,0.23362368,1.9590354,0.0,0.0,0.0,0.0,0.0,0.0,0.0,0.0,0.29686287,0.13651976,0.0,0.0,0.0,0.0,0.0,0.0,0.0,0.0,0.0,0.0,0.0,0.0,0.0,0.0,0.0,0.0,0.0,-1.5177667,0.118511975,-0.07689339,9.868058,0.0,0.0,0.0,0.0,0.0,0.0,0.0,0.0
-4.883086,0.0,0.0014946812,0.0,0.0,-0.023257487,0.0,0.0,0.0,0.0,0.0,0.0,0.0,0.0,0.0,0.0,0.22088169,0.0010259486,0.14738955,0.00032037217,0.0,0.0,0.0,0.0,0.0,0.0,0.0,0.0,-0.031050395,0.0,-0.18059574,0.0,0.0,0.0,0.0,-0.028543388,0.003149665,-0.090403646,-1.316435,0.0,0.0,0.0,0.0,0.0,0.0,0.0,0.0,0.29686287,-0.1384481,0.0,0.0,0.0,0.0,0.0,0.0,0.0,0.0,0.0,0.0,0.0,0.0,0.0,0.0,0.0,0.0,0.0,-1.6229231,-0.15540066,-0.20186183,-5.132611,0.0,0.0,0.0,0.0,0.0,0.0,0.0,0.0
-3.6424062,0.0,-1.6271869,0.0,0.0,-0.023257487,0.0,0.0,0.0,0.0,0.0,0.0,0.0,0.0,0.0,0.0,0.105810985,-0.089379326,0.14738955,-0.12285965,0.0,0.0,0.0,0.0,0.0,0.0,0.0,0.0,0.018172232,0.0,-0.11993132,0.0,0.0,0.0,0.0,0.0060807792,0.003149665,-0.3905421,-1.6748254,0.0,0.0,0.0,0.0,0.0,0.0,0.0,0.0,-0.26020104,-0.1384481,0.0,0.0,0.0,0.0,0.0,0.0,0.0,0.0,0.0,0.0,0.0,0.0,0.0,0.0,0.0,0.0,0.0,-1.6229231,0.118511975,-0.20186183,-3.901936,0.0,0.0,0.0,0.0,0.0,0.0,0.0,0.0
-4.8363795,0.0,0.0014946812,0.0,0.0,-0.023257487,0.0,0.0,0.0,0.0,0.0,0.0,0.0,0.0,0.0,0.0,0.16396768,0.0012546185,-0.117360875,0.00032037217,0.0,0.0,0.0,0.0,0.0,0.0,0.0,0.0,-0.031050395,0.0,0.0017642535,0.0,0.0,0.0,0.0,-0.018336069,0.003149665,-0.2297843,-1.316435,0.0,0.0,0.0,0.0,0.0,0.0,0.0,0.0,0.29686287,-0.1384481,0.0,0.0,0.0,0.0,0.0,0.0,0.0,0.0,0.0,0.0,0.0,0.0,0.0,0.0,0.0,0.0,0.0,-1.6229231,-0.15540066,-0.20186183,-5.175819,0.0,0.0,0.0,0.0,0.0,0.0,0.0,0.0
-4.883086,0.0,0.0014946812,0.0,0.0,-0.023257487,0.0,0.0,0.0,0.0,0.0,0.0,0.0,0.0,0.0,0.0,0.22088169,0.0012546185,-0.117360875,0.00032037217,0.0,0.0,0.0,0.0,0.0,0.0,0.0,0.0,-0.031050395,0.0,0.0017642535,0.0,0.0,0.0,0.0,-0.028543388,0.003149665,-0.15619947,-1.316435,0.0,0.0,0.0,0.0,0.0,0.0,0.0,0.0,0.29686287,-0.1384481,0.0,0.0,0.0,0.0,0.0,0.0,0.0,0.0,0.0,0.0,0.0,0.0,0.0,0.0,0.0,0.0,0.0,-1.6229231,-0.15540066,-0.20186183,-5.315678,0.0,0.0,0.0,0.0,0.0,0.0,0.0,0.0
-3.5303988,0.0,-1.6271869,0.0,0.0,-0.023257487,0.0,0.0,0.0,0.0,0.0,0.0,0.0,0.0,0.0,0.0,0.105810985,-0.10930079,0.14738955,-0.12285965,0.0,0.0,0.0,0.0,0.0,0.0,0.0,0.0,-0.031050395,0.0,0.0011707973,0.0,0.0,0.0,0.0,0.0060807792,-0.10885771,-0.45053715,-1.6748254,0.0,0.0,0.0,0.0,0.0,0.0,0.0,0.0,0.29686287,-0.1384481,0.0,0.0,0.0,0.0,0.0,0.0,0.0,0.0,0.0,0.0,0.0,0.0,0.0,0.0,0.0,0.0,0.0,-1.6229231,-0.15540066,-0.20186183,-3.8938994,0.0,0.0,0.0,0.0,0.0,0.0,0.0,0.0
-4.518337,0.0,0.0014946812,0.0,0.0,-0.023257487,0.0,0.0,0.0,0.0,0.0,0.0,0.0,0.0,0.0,0.0,0.105810985,-0.10930079,0.14738955,0.00032037217,0.0,0.0,0.0,0.0,0.0,0.0,0.0,0.0,-0.031050395,0.0,0.0011707973,0.0,0.0,0.0,0.0,0.0060807792,0.003149665,-0.45053715,-1.6748254,0.0,0.0,0.0,0.0,0.0,0.0,0.0,0.0,-0.26020104,-0.1384481,0.0,0.0,0.0,0.0,0.0,0.0,0.0,0.0,0.0,0.0,0.0,0.0,0.0,0.0,0.0,0.0,0.0,-1.6229231,0.118511975,-0.20186183,-4.7698293,0.0,0.0,0.0,0.0,0.0,0.0,0.0,0.0
1.7505748,0.0,0.007221514,0.0,0.0,-0.01826588,0.0,0.0,0.0,0.0,0.0,0.0,0.0,0.0,0.0,0.0,-0.2165885,0.0038599444,-0.117360875,0.001491507,0.0,0.0,0.0,0.0,0.0,0.0,0.0,0.0,-0.024085382,0.0,0.005423653,0.0,0.0,0.0,0.0,0.028020248,0.009567602,0.23362368,1.7269845,0.0,0.0,0.0,0.0,0.0,0.0,0.0,0.0,-0.26020104,-0.048740946,0.0,0.0,0.0,0.0,0.0,0.0,0.0,0.0,0.0,0.0,0.0,0.0,0.0,0.0,0.0,0.0,0.0,1.3057003,-0.15540066,-0.07689339,9.868058,0.0,0.0,0.0,0.0,0.0,0.0,0.0,0.0
1.168005,0.0,-2.444837,0.0,0.0,-0.023257487,0.0,0.0,0.0,0.0,0.0,0.0,0.0,0.0,0.0,0.0,0.015672505,-0.10930079,0.14738955,-0.18466517,0.0,0.0,0.0,0.0,0.0,0.0,0.0,0.0,-0.031050395,0.0,0.0011707973,0.0,0.0,0.0,0.0,-0.035675433,-0.3306724,-0.45053715,-2.205464,0.0,0.0,0.0,0.0,0.0,0.0,0.0,0.0,0.29686287,-0.1384481,0.0,0.0,0.0,0.0,0.0,0.0,0.0,0.0,0.0,0.0,0.0,0.0,0.0,0.0,0.0,0.0,0.0,-1.7770548,-0.15540066,-0.20186183,-5.1932445,0.0,0.0,0.0,0.0,0.0,0.0,0.0,0.0
1.7505748,0.0,0.007221514,0.0,0.0,-0.07818855,0.0,0.0,0.0,0.0,0.0,0.0,0.0,0.0,0.0,0.0,0.23856746,0.0038599444,0.14738955,0.001491507,0.0,0.0,0.0,0.0,0.0,0.0,0.0,0.0,0.06467286,0.0,0.005423653,0.0,0.0,0.0,0.0,0.028020248,0.009567602,-0.18978627,-0.9718683,0.0,0.0,0.0,0.0,0.0,0.0,0.0,0.0,-0.26020104,-0.048740946,0.0,0.0,0.0,0.0,0.0,0.0,0.0,0.0,0.0,0.0,0.0,0.0,0.0,0.0,0.0,0.0,0.0,1.5063707,0.118511975,0.49909496,9.784328,0.0,0.0,0.0,0.0,0.0,0.0,0.0,0.0
-4.5061283,0.0,0.0014946812,0.0,0.0,-0.023257487,0.0,0.0,0.0,0.0,0.0,0.0,0.0,0.0,0.0,0.0,0.11801937,-0.10930079,-0.117360875,0.00032037217,0.0,0.0,0.0,0.0,0.0,0.0,0.0,0.0,-0.031050395,0.0,0.0011707973,0.0,0.0,0.0,0.0,-0.018336069,0.003149665,-0.45053715,-1.6748254,0.0,0.0,0.0,0.0,0.0,0.0,0.0,0.0,0.29686287,-0.1384481,0.0,0.0,0.0,0.0,0.0,0.0,0.0,0.0,0.0,0.0,0.0,0.0,0.0,0.0,0.0,0.0,0.0,-1.6229231,-0.15540066,-0.20186183,-4.7698293,0.0,0.0,0.0,0.0,0.0,0.0,0.0,0.0
1.7505748,0.0,0.007221514,0.0,0.0,0.07304284,0.0,0.0,0.0,0.0,0.0,0.0,0.0,0.0,0.0,0.0,0.23856746,0.0038599444,0.14738955,0.001491507,0.0,0.0,0.0,0.0,0.0,0.0,0.0,0.0,0.06467286,0.0,0.005423653,0.0,0.0,0.0,0.0,0.028020248,0.009567602,-0.11610402,-0.9718683,0.0,0.0,0.0,0.0,0.0,0.0,0.0,0.0,-0.26020104,-0.048740946,0.0,0.0,0.0,0.0,0.0,0.0,0.0,0.0,0.0,0.0,0.0,0.0,0.0,0.0,0.0,0.0,0.0,1.5063707,0.118511975,0.49909496,9.829046,0.0,0.0,0.0,0.0,0.0,0.0,0.0,0.0
1.7505748,0.0,0.007221514,0.0,0.0,-0.07818855,0.0,0.0,0.0,0.0,0.0,0.0,0.0,0.0,0.0,0.0,0.23856746,0.0038599444,0.14738955,0.001491507,0.0,0.0,0.0,0.0,0.0,0.0,0.0,0.0,0.06467286,0.0,0.005423653,0.0,0.0,0.0,0.0,0.028020248,0.009567602,-0.18978627,-0.9718683,0.0,0.0,0.0,0.0,0.0,0.0,0.0,0.0,-0.26020104,-0.048740946,0.0,0.0,0.0,0.0,0.0,0.0,0.0,0.0,0.0,0.0,0.0,0.0,0.0,0.0,0.0,0.0,0.0,1.5063707,0.118511975,0.49909496,9.784328,0.0,0.0,0.0,0.0,0.0,0.0,0.0,0.0
-4.883086,0.0,0.0014946812,0.0,0.0,-0.023257487,0.0,0.0,0.0,0.0,0.0,0.0,0.0,0.0,0.0,0.0,0.22088169,0.0012546185,-0.117360875,0.00032037217,0.0,0.0,0.0,0.0,0.0,0.0,0.0,0.0,-0.031050395,0.0,0.0017642535,0.0,0.0,0.0,0.0,-0.028543388,0.003149665,-0.15619947,-1.316435,0.0,0.0,0.0,0.0,0.0,0.0,0.0,0.0,0.29686287,-0.1384481,0.0,0.0,0.0,0.0,0.0,0.0,0.0,0.0,0.0,0.0,0.0,0.0,0.0,0.0,0.0,0.0,0.0,-1.6229231,-0.15540066,-0.20186183,-5.315678,0.0,0.0,0.0,0.0,0.0,0.0,0.0,0.0
1.168005,0.0,-2.444837,0.0,0.0,-0.023257487,0.0,0.0,0.0,0.0,0.0,0.0,0.0,0.0,0.0,0.0,0.015672505,-0.10930079,0.14738955,-0.18466517,0.0,0.0,0.0,0.0,0.0,0.0,0.0,0.0,-0.031050395,0.0,0.0011707973,0.0,0.0,0.0,0.0,-0.035675433,-0.3306724,-0.45053715,-2.205464,0.0,0.0,0.0,0.0,0.0,0.0,0.0,0.0,0.29686287,-0.1384481,0.0,0.0,0.0,0.0,0.0,0.0,0.0,0.0,0.0,0.0,0.0,0.0,0.0,0.0,0.0,0.0,0.0,-1.7770548,-0.15540066,-0.20186183,-5.1932445,0.0,0.0,0.0,0.0,0.0,0.0,0.0,0.0
-4.922479,0.0,0.0014946812,0.0,0.0,-0.023257487,0.0,0.0,0.0,0.0,0.0,0.0,0.0,0.0,0.0,0.0,0.22226559,0.0010259486,0.14738955,0.00032037217,0.0,0.0,0.0,0.0,0.0,0.0,0.0,0.0,-0.031050395,0.0,-0.18059574,0.0,0.0,0.0,0.0,0.009465825,0.003149665,-0.15667762,-1.316435,0.0,0.0,0.0,0.0,0.0,0.0,0.0,0.0,-0.26020104,-0.1384481,0.0,0.0,0.0,0.0,0.0,0.0,0.0,0.0,0.0,0.0,0.0,0.0,0.0,0.0,0.0,0.0,0.0,-1.6229231,-0.15540066,-0.20186183,-5.132611,0.0,0.0,0.0,0.0,0.0,0.0,0.0,0.0
-4.5061283,0.0,0.0014946812,0.0,0.0,-0.023257487,0.0,0.0,0.0,0.0,0.0,0.0,0.0,0.0,0.0,0.0,0.11801937,0.0010259486,0.14738955,0.00032037217,0.0,0.0,0.0,0.0,0.0,0.0,0.0,0.0,-0.031050395,0.0,-0.16224383,0.0,0.0,0.0,0.0,-0.018336069,0.003149665,-0.31475902,-1.6748254,0.0,0.0,0.0,0.0,0.0,0.0,0.0,0.0,0.29686287,-0.1384481,0.0,0.0,0.0,0.0,0.0,0.0,0.0,0.0,0.0,0.0,0.0,0.0,0.0,0.0,0.0,0.0,0.0,-1.6229231,-0.15540066,-0.20186183,-4.8525195,0.0,0.0,0.0,0.0,0.0,0.0,0.0,0.0
-4.883086,0.0,0.0014946812,0.0,0.0,-0.023257487,0.0,0.0,0.0,0.0,0.0,0.0,0.0,0.0,0.0,0.0,0.22088169,0.0012546185,-0.117360875,0.00032037217,0.0,0.0,0.0,0.0,0.0,0.0,0.0,0.0,-0.031050395,0.0,0.0017642535,0.0,0.0,0.0,0.0,-0.028543388,0.003149665,-0.15619947,-1.316435,0.0,0.0,0.0,0.0,0.0,0.0,0.0,0.0,0.29686287,-0.1384481,0.0,0.0,0.0,0.0,0.0,0.0,0.0,0.0,0.0,0.0,0.0,0.0,0.0,0.0,0.0,0.0,0.0,-1.6229231,-0.15540066,-0.20186183,-5.315678,0.0,0.0,0.0,0.0,0.0,0.0,0.0,0.0
-4.5031953,0.0,0.0014946812,0.0,0.0,-0.023257487,0.0,0.0,0.0,0.0,0.0,0.0,0.0,0.0,0.0,0.0,0.22226559,0.0012546185,-0.117360875,0.00032037217,0.0,0.0,0.0,0.0,0.0,0.0,0.0,0.0,-0.031050395,0.0,0.0017642535,0.0,0.0,0.0,0.0,0.009465825,-0.10885771,-0.15619947,-1.6748254,0.0,0.0,0.0,0.0,0.0,0.0,0.0,0.0,0.29686287,0.13651976,0.0,0.0,0.0,0.0,0.0,0.0,0.0,0.0,0.0,0.0,0.0,0.0,0.0,0.0,0.0,0.0,0.0,-1.5415614,-0.15540066,-0.20186183,-5.264564,0.0,0.0,0.0,0.0,0.0,0.0,0.0,0.0
1.6226876,0.0,0.007221514,0.0,0.0,-0.01826588,0.0,0.0,0.0,0.0,0.0,0.0,0.0,0.0,0.0,0.0,-0.2232073,0.0038599444,-0.117360875,0.001491507,0.0,0.0,0.0,0.0,0.0,0.0,0.0,0.0,-0.024085382,0.0,0.005423653,0.0,0.0,0.0,0.0,-0.08449265,0.009567602,0.23362368,1.9590354,0.0,0.0,0.0,0.0,0.0,0.0,0.0,0.0,0.29686287,0.13651976,0.0,0.0,0.0,0.0,0.0,0.0,0.0,0.0,0.0,0.0,0.0,0.0,0.0,0.0,0.0,0.0,0.0,-1.5177667,0.118511975,-0.07689339,9.868058,0.0,0.0,0.0,0.0,0.0,0.0,0.0,0.0
-3.6424062,0.0,-1.6271869,0.0,0.0,-0.023257487,0.0,0.0,0.0,0.0,0.0,0.0,0.0,0.0,0.0,0.0,0.105810985,-0.089379326,0.14738955,-0.12285965,0.0,0.0,0.0,0.0,0.0,0.0,0.0,0.0,0.018172232,0.0,-0.11993132,0.0,0.0,0.0,0.0,0.0060807792,0.003149665,-0.3905421,-1.6748254,0.0,0.0,0.0,0.0,0.0,0.0,0.0,0.0,-0.26020104,-0.1384481,0.0,0.0,0.0,0.0,0.0,0.0,0.0,0.0,0.0,0.0,0.0,0.0,0.0,0.0,0.0,0.0,0.0,-1.6229231,0.118511975,-0.20186183,-3.901936,0.0,0.0,0.0,0.0,0.0,0.0,0.0,0.0
-4.5031953,0.0,0.0014946812,0.0,0.0,-0.023257487,0.0,0.0,0.0,0.0,0.0,0.0,0.0,0.0,0.0,0.0,0.22226559,0.0012546185,-0.117360875,0.00032037217,0.0,0.0,0.0,0.0,0.0,0.0,0.0,0.0,-0.031050395,0.0,0.0017642535,0.0,0.0,0.0,0.0,0.009465825,-0.10885771,-0.15619947,-1.6748254,0.0,0.0,0.0,0.0,0.0,0.0,0.0,0.0,0.29686287,0.13651976,0.0,0.0,0.0,0.0,0.0,0.0,0.0,0.0,0.0,0.0,0.0,0.0,0.0,0.0,0.0,0.0,0.0,-1.5415614,-0.15540066,-0.20186183,-5.264564,0.0,0.0,0.0,0.0,0.0,0.0,0.0,0.0
1.7505748,0.0,0.007221514,0.0,0.0,-0.07818855,0.0,0.0,0.0,0.0,0.0,0.0,0.0,0.0,0.0,0.0,0.23856746,0.0038599444,0.14738955,0.001491507,0.0,0.0,0.0,0.0,0.0,0.0,0.0,0.0,0.06467286,0.0,0.005423653,0.0,0.0,0.0,0.0,0.028020248,0.009567602,-0.18978627,-0.9718683,0.0,0.0,0.0,0.0,0.0,0.0,0.0,0.0,-0.26020104,-0.048740946,0.0,0.0,0.0,0.0,0.0,0.0,0.0,0.0,0.0,0.0,0.0,0.0,0.0,0.0,0.0,0.0,0.0,1.5063707,0.118511975,0.49909496,9.784328,0.0,0.0,0.0,0.0,0.0,0.0,0.0,0.0
-3.6424062,0.0,-1.6271869,0.0,0.0,-0.023257487,0.0,0.0,0.0,0.0,0.0,0.0,0.0,0.0,0.0,0.0,0.105810985,-0.10930079,0.14738955,-0.12285965,0.0,0.0,0.0,0.0,0.0,0.0,0.0,0.0,-0.031050395,0.0,0.0011707973,0.0,0.0,0.0,0.0,0.0060807792,0.003149665,-0.45053715,-1.6748254,0.0,0.0,0.0,0.0,0.0,0.0,0.0,0.0,-0.26020104,-0.1384481,0.0,0.0,0.0,0.0,0.0,0.0,0.0,0.0,0.0,0.0,0.0,0.0,0.0,0.0,0.0,0.0,0.0,-1.6229231,0.118511975,-0.20186183,-3.8938994,0.0,0.0,0.0,0.0,0.0,0.0,0.0,0.0
-3.6424062,0.0,-1.6271869,0.0,0.0,-0.023257487,0.0,0.0,0.0,0.0,0.0,0.0,0.0,0.0,0.0,0.0,0.105810985,-0.10930079,0.14738955,-0.12285965,0.0,0.0,0.0,0.0,0.0,0.0,0.0,0.0,-0.031050395,0.0,0.0011707973,0.0,0.0,0.0,0.0,0.0060807792,0.003149665,-0.45053715,-1.6748254,0.0,0.0,0.0,0.0,0.0,0.0,0.0,0.0,-0.26020104,-0.1384481,0.0,0.0,0.0,0.0,0.0,0.0,0.0,0.0,0.0,0.0,0.0,0.0,0.0,0.0,0.0,0.0,0.0,-1.6229231,0.118511975,-0.20186183,-3.8938994,0.0,0.0,0.0,0.0,0.0,0.0,0.0,0.0
-4.5031953,0.0,0.0014946812,0.0,0.0,-0.023257487,0.0,0.0,0.0,0.0,0.0,0.0,0.0,0.0,0.0,0.0,0.22226559,0.0012546185,0.14738955,0.00032037217,0.0,0.0,0.0,0.0,0.0,0.0,0.0,0.0,-0.031050395,0.0,0.0017642535,0.0,0.0,0.0,0.0,0.009465825,-0.10885771,-0.15619947,-1.6748254,0.0,0.0,0.0,0.0,0.0,0.0,0.0,0.0,0.29686287,0.13651976,0.0,0.0,0.0,0.0,0.0,0.0,0.0,0.0,0.0,0.0,0.0,0.0,0.0,0.0,0.0,0.0,0.0,-1.5415614,-0.15540066,-0.20186183,-5.264564,0.0,0.0,0.0,0.0,0.0,0.0,0.0,0.0
1.7505748,0.0,0.007221514,0.0,0.0,-0.01826588,0.0,0.0,0.0,0.0,0.0,0.0,0.0,0.0,0.0,0.0,-0.2165885,0.0038599444,-0.117360875,0.001491507,0.0,0.0,0.0,0.0,0.0,0.0,0.0,0.0,-0.024085382,0.0,0.005423653,0.0,0.0,0.0,0.0,0.028020248,0.009567602,0.23362368,1.7269845,0.0,0.0,0.0,0.0,0.0,0.0,0.0,0.0,-0.26020104,-0.048740946,0.0,0.0,0.0,0.0,0.0,0.0,0.0,0.0,0.0,0.0,0.0,0.0,0.0,0.0,0.0,0.0,0.0,1.3057003,-0.15540066,-0.07689339,9.868058,0.0,0.0,0.0,0.0,0.0,0.0,0.0,0.0
-4.883086,0.0,0.0014946812,0.0,0.0,-0.023257487,0.0,0.0,0.0,0.0,0.0,0.0,0.0,0.0,0.0,0.0,0.22088169,0.0012546185,-0.117360875,0.00032037217,0.0,0.0,0.0,0.0,0.0,0.0,0.0,0.0,-0.031050395,0.0,0.0017642535,0.0,0.0,0.0,0.0,-0.028543388,0.003149665,-0.15095578,-1.316435,0.0,0.0,0.0,0.0,0.0,0.0,0.0,0.0,0.29686287,-0.1384481,0.0,0.0,0.0,0.0,0.0,0.0,0.0,0.0,0.0,0.0,0.0,0.0,0.0,0.0,0.0,0.0,0.0,-1.6229231,-0.15540066,-0.20186183,-5.2546477,0.0,0.0,0.0,0.0,0.0,0.0,0.0,0.0
-3.6424062,0.0,-1.6271869,0.0,0.0,-0.023257487,0.0,0.0,0.0,0.0,0.0,0.0,0.0,0.0,0.0,0.0,0.105810985,-0.089379326,0.14738955,-0.12285965,0.0,0.0,0.0,0.0,0.0,0.0,0.0,0.0,0.018172232,0.0,-0.11993132,0.0,0.0,0.0,0.0,0.0060807792,0.003149665,-0.3905421,-1.6748254,0.0,0.0,0.0,0.0,0.0,0.0,0.0,0.0,-0.26020104,-0.1384481,0.0,0.0,0.0,0.0,0.0,0.0,0.0,0.0,0.0,0.0,0.0,0.0,0.0,0.0,0.0,0.0,0.0,-1.6229231,-0.15540066,-0.20186183,-3.901936,0.0,0.0,0.0,0.0,0.0,0.0,0.0,0.0
1.6226876,0.0,0.007221514,0.0,0.0,-0.01826588,0.0,0.0,0.0,0.0,0.0,0.0,0.0,0.0,0.0,0.0,-0.2232073,0.0038599444,-0.117360875,0.001491507,0.0,0.0,0.0,0.0,0.0,0.0,0.0,0.0,-0.024085382,0.0,0.005423653,0.0,0.0,0.0,0.0,-0.08449265,0.009567602,0.23362368,1.9590354,0.0,0.0,0.0,0.0,0.0,0.0,0.0,0.0,0.29686287,0.13651976,0.0,0.0,0.0,0.0,0.0,0.0,0.0,0.0,0.0,0.0,0.0,0.0,0.0,0.0,0.0,0.0,0.0,-1.5177667,0.118511975,-0.07689339,9.868058,0.0,0.0,0.0,0.0,0.0,0.0,0.0,0.0
1.7505748,0.0,0.007221514,0.0,0.0,0.07304284,0.0,0.0,0.0,0.0,0.0,0.0,0.0,0.0,0.0,0.0,0.23856746,0.0038599444,0.14738955,0.001491507,0.0,0.0,0.0,0.0,0.0,0.0,0.0,0.0,0.06467286,0.0,0.005423653,0.0,0.0,0.0,0.0,0.028020248,0.009567602,-0.11610402,-0.9718683,0.0,0.0,0.0,0.0,0.0,0.0,0.0,0.0,-0.26020104,-0.048740946,0.0,0.0,0.0,0.0,0.0,0.0,0.0,0.0,0.0,0.0,0.0,0.0,0.0,0.0,0.0,0.0,0.0,1.5063707,0.118511975,0.49909496,9.829046,0.0,0.0,0.0,0.0,0.0,0.0,0.0,0.0
-4.883086,0.0,0.0014946812,0.0,0.0,-0.023257487,0.0,0.0,0.0,0.0,0.0,0.0,0.0,0.0,0.0,0.0,0.22088169,0.0012546185,-0.117360875,0.00032037217,0.0,0.0,0.0,0.0,0.0,0.0,0.0,0.0,-0.031050395,0.0,0.0017642535,0.0,0.0,0.0,0.0,-0.028543388,0.003149665,-0.15619947,-1.316435,0.0,0.0,0.0,0.0,0.0,0.0,0.0,0.0,0.29686287,-0.1384481,0.0,0.0,0.0,0.0,0.0,0.0,0.0,0.0,0.0,0.0,0.0,0.0,0.0,0.0,0.0,0.0,0.0,-1.6229231,-0.15540066,-0.20186183,-5.315678,0.0,0.0,0.0,0.0,0.0,0.0,0.0,0.0
1.7505748,0.0,0.007221514,0.0,0.0,-0.01826588,0.0,0.0,0.0,0.0,0.0,0.0,0.0,0.0,0.0,0.0,-0.2165885,0.0038599444,-0.117360875,0.001491507,0.0,0.0,0.0,0.0,0.0,0.0,0.0,0.0,-0.024085382,0.0,0.005423653,0.0,0.0,0.0,0.0,0.028020248,0.009567602,0.23362368,1.7269845,0.0,0.0,0.0,0.0,0.0,0.0,0.0,0.0,-0.26020104,-0.048740946,0.0,0.0,0.0,0.0,0.0,0.0,0.0,0.0,0.0,0.0,0.0,0.0,0.0,0.0,0.0,0.0,0.0,1.3057003,-0.15540066,-0.07689339,9.868058,0.0,0.0,0.0,0.0,0.0,0.0,0.0,0.0
-3.6424062,0.0,-1.6271869,0.0,0.0,-0.023257487,0.0,0.0,0.0,0.0,0.0,0.0,0.0,0.0,0.0,0.0,0.105810985,-0.089379326,0.14738955,-0.12285965,0.0,0.0,0.0,0.0,0.0,0.0,0.0,0.0,-0.031050395,0.0,-0.11993132,0.0,0.0,0.0,0.0,0.0060807792,0.003149665,-0.40990752,-1.6748254,0.0,0.0,0.0,0.0,0.0,0.0,0.0,0.0,-0.26020104,-0.1384481,0.0,0.0,0.0,0.0,0.0,0.0,0.0,0.0,0.0,0.0,0.0,0.0,0.0,0.0,0.0,0.0,0.0,-1.6229231,0.118511975,-0.20186183,-3.833348,0.0,0.0,0.0,0.0,0.0,0.0,0.0,0.0
1.6226876,0.0,0.007221514,0.0,0.0,-0.01826588,0.0,0.0,0.0,0.0,0.0,0.0,0.0,0.0,0.0,0.0,-0.2232073,0.0038599444,-0.117360875,0.001491507,0.0,0.0,0.0,0.0,0.0,0.0,0.0,0.0,-0.024085382,0.0,0.005423653,0.0,0.0,0.0,0.0,-0.08449265,0.009567602,0.23362368,1.9590354,0.0,0.0,0.0,0.0,0.0,0.0,0.0,0.0,0.29686287,0.13651976,0.0,0.0,0.0,0.0,0.0,0.0,0.0,0.0,0.0,0.0,0.0,0.0,0.0,0.0,0.0,0.0,0.0,-1.5177667,0.118511975,-0.07689339,9.868058,0.0,0.0,0.0,0.0,0.0,0.0,0.0,0.0
-4.883086,0.0,0.0014946812,0.0,0.0,-0.023257487,0.0,0.0,0.0,0.0,0.0,0.0,0.0,0.0,0.0,0.0,0.22088169,0.0012546185,-0.117360875,0.00032037217,0.0,0.0,0.0,0.0,0.0,0.0,0.0,0.0,-0.031050395,0.0,0.0017642535,0.0,0.0,0.0,0.0,-0.028543388,0.003149665,-0.15619947,-1.316435,0.0,0.0,0.0,0.0,0.0,0.0,0.0,0.0,0.29686287,-0.1384481,0.0,0.0,0.0,0.0,0.0,0.0,0.0,0.0,0.0,0.0,0.0,0.0,0.0,0.0,0.0,0.0,0.0,-1.6229231,-0.15540066,-0.20186183,-5.315678,0.0,0.0,0.0,0.0,0.0,0.0,0.0,0.0
-4.5031953,0.0,0.0014946812,0.0,0.0,-0.023257487,0.0,0.0,0.0,0.0,0.0,0.0,0.0,0.0,0.0,0.0,0.22226559,0.0012546185,-0.117360875,0.00032037217,0.0,0.0,0.0,0.0,0.0,0.0,0.0,0.0,-0.031050395,0.0,0.0017642535,0.0,0.0,0.0,0.0,0.009465825,-0.10885771,-0.15619947,-1.6748254,0.0,0.0,0.0,0.0,0.0,0.0,0.0,0.0,0.29686287,0.13651976,0.0,0.0,0.0,0.0,0.0,0.0,0.0,0.0,0.0,0.0,0.0,0.0,0.0,0.0,0.0,0.0,0.0,-1.5415614,-0.15540066,-0.20186183,-5.264564,0.0,0.0,0.0,0.0,0.0,0.0,0.0,0.0
-3.6424062,0.0,-1.6271869,0.0,0.0,-0.023257487,0.0,0.0,0.0,0.0,0.0,0.0,0.0,0.0,0.0,0.0,0.105810985,-0.10930079,0.14738955,-0.12285965,0.0,0.0,0.0,0.0,0.0,0.0,0.0,0.0,0.018172232,0.0,0.0011707973,0.0,0.0,0.0,0.0,0.0060807792,0.003149665,-0.43117172,-1.6748254,0.0,0.0,0.0,0.0,0.0,0.0,0.0,0.0,0.29686287,0.13651976,0.0,0.0,0.0,0.0,0.0,0.0,0.0,0.0,0.0,0.0,0.0,0.0,0.0,0.0,0.0,0.0,0.0,-1.5415614,0.118511975,-0.20186183,-3.9624875,0.0,0.0,0.0,0.0,0.0,0.0,0.0,0.0
-4.5061283,0.0,0.0014946812,0.0,0.0,-0.023257487,0.0,0.0,0.0,0.0,0.0,0.0,0.0,0.0,0.0,0.0,0.11801937,0.0012546185,0.14738955,0.00032037217,0.0,0.0,0.0,0.0,0.0,0.0,0.0,0.0,-0.031050395,0.0,0.0013591386,0.0,0.0,0.0,0.0,-0.018336069,0.003149665,-0.45053715,-1.6748254,0.0,0.0,0.0,0.0,0.0,0.0,0.0,0.0,0.29686287,-0.1384481,0.0,0.0,0.0,0.0,0.0,0.0,0.0,0.0,0.0,0.0,0.0,0.0,0.0,0.0,0.0,0.0,0.0,-1.6229231,-0.15540066,-0.20186183,-4.8805733,0.0,0.0,0.0,0.0,0.0,0.0,0.0,0.0
1.7505748,0.0,0.007221514,0.0,0.0,-0.01826588,0.0,0.0,0.0,0.0,0.0,0.0,0.0,0.0,0.0,0.0,-0.2165885,0.0038599444,-0.117360875,0.001491507,0.0,0.0,0.0,0.0,0.0,0.0,0.0,0.0,-0.024085382,0.0,0.005423653,0.0,0.0,0.0,0.0,0.028020248,0.009567602,0.23362368,1.7269845,0.0,0.0,0.0,0.0,0.0,0.0,0.0,0.0,-0.26020104,-0.048740946,0.0,0.0,0.0,0.0,0.0,0.0,0.0,0.0,0.0,0.0,0.0,0.0,0.0,0.0,0.0,0.0,0.0,1.3057003,-0.15540066,-0.07689339,9.868058,0.0,0.0,0.0,0.0,0.0,0.0,0.0,0.0
-4.922479,0.0,0.0014946812,0.0,0.0,-0.023257487,0.0,0.0,0.0,0.0,0.0,0.0,0.0,0.0,0.0,0.0,0.22226559,0.0012546185,0.14738955,0.00032037217,0.0,0.0,0.0,0.0,0.0,0.0,0.0,0.0,-0.031050395,0.0,0.0017642535,0.0,0.0,0.0,0.0,0.009465825,0.003149665,-0.15619947,-1.316435,0.0,0.0,0.0,0.0,0.0,0.0,0.0,0.0,0.29686287,0.13651976,0.0,0.0,0.0,0.0,0.0,0.0,0.0,0.0,0.0,0.0,0.0,0.0,0.0,0.0,0.0,0.0,0.0,-1.5415614,-0.15540066,-0.20186183,-5.315678,0.0,0.0,0.0,0.0,0.0,0.0,0.0,0.0
1.7505748,0.0,0.007221514,0.0,0.0,-0.07818855,0.0,0.0,0.0,0.0,0.0,0.0,0.0,0.0,0.0,0.0,0.23856746,0.0038599444,0.14738955,0.001491507,0.0,0.0,0.0,0.0,0.0,0.0,0.0,0.0,0.06467286,0.0,0.005423653,0.0,0.0,0.0,0.0,0.028020248,0.009567602,-0.18978627,-0.9718683,0.0,0.0,0.0,0.0,0.0,0.0,0.0,0.0,-0.26020104,-0.048740946,0.0,0.0,0.0,0.0,0.0,0.0,0.0,0.0,0.0,0.0,0.0,0.0,0.0,0.0,0.0,0.0,0.0,1.5063707,0.118511975,0.49909496,9.784328,0.0,0.0,0.0,0.0,0.0,0.0,0.0,0.0
-4.5031953,0.0,0.0014946812,0.0,0.0,-0.009802495,0.0,0.0,0.0,0.0,0.0,0.0,0.0,0.0,0.0,0.0,0.22226559,0.0012546185,-0.117360875,0.00032037217,0.0,0.0,0.0,0.0,0.0,0.0,0.0,0.0,-0.012556249,0.0,0.0017642535,0.0,0.0,0.0,0.0,0.009465825,-0.10885771,0.10223992,-1.6748254,0.0,0.0,0.0,0.0,0.0,0.0,0.0,0.0,0.29686287,0.13651976,0.0,0.0,0.0,0.0,0.0,0.0,0.0,0.0,0.0,0.0,0.0,0.0,0.0,0.0,0.0,0.0,0.0,-1.5415614,-0.15540066,-0.20186183,-5.445202,0.0,0.0,0.0,0.0,0.0,0.0,0.0,0.0
-3.6424062,0.0,-1.6271869,0.0,0.0,-0.023257487,0.0,0.0,0.0,0.0,0.0,0.0,0.0,0.0,0.0,0.0,0.105810985,-0.089379326,0.14738955,-0.12285965,0.0,0.0,0.0,0.0,0.0,0.0,0.0,0.0,0.018172232,0.0,-0.11993132,0.0,0.0,0.0,0.0,0.0060807792,0.003149665,-0.3905421,-1.6748254,0.0,0.0,0.0,0.0,0.0,0.0,0.0,0.0,-0.26020104,-0.1384481,0.0,0.0,0.0,0.0,0.0,0.0,0.0,0.0,0.0,0.0,0.0,0.0,0.0,0.0,0.0,0.0,0.0,-1.6229231,0.118511975,-0.20186183,-3.901936,0.0,0.0,0.0,0.0,0.0,0.0,0.0,0.0
1.6226876,0.0,0.007221514,0.0,0.0,-0.01826588,0.0,0.0,0.0,0.0,0.0,0.0,0.0,0.0,0.0,0.0,-0.2232073,0.0038599444,-0.117360875,0.001491507,0.0,0.0,0.0,0.0,0.0,0.0,0.0,0.0,-0.024085382,0.0,0.005423653,0.0,0.0,0.0,0.0,-0.08449265,0.009567602,0.23362368,1.9590354,0.0,0.0,0.0,0.0,0.0,0.0,0.0,0.0,0.29686287,0.13651976,0.0,0.0,0.0,0.0,0.0,0.0,0.0,0.0,0.0,0.0,0.0,0.0,0.0,0.0,0.0,0.0,0.0,-1.5177667,0.118511975,-0.07689339,9.868058,0.0,0.0,0.0,0.0,0.0,0.0,0.0,0.0
-4.883086,0.0,0.0014946812,0.0,0.0,-0.023257487,0.0,0.0,0.0,0.0,0.0,0.0,0.0,0.0,0.0,0.0,0.22088169,0.0012546185,-0.117360875,0.00032037217,0.0,0.0,0.0,0.0,0.0,0.0,0.0,0.0,-0.031050395,0.0,0.0017642535,0.0,0.0,0.0,0.0,-0.028543388,0.003149665,-0.15619947,-1.316435,0.0,0.0,0.0,0.0,0.0,0.0,0.0,0.0,0.29686287,0.13651976,0.0,0.0,0.0,0.0,0.0,0.0,0.0,0.0,0.0,0.0,0.0,0.0,0.0,0.0,0.0,0.0,0.0,-1.5415614,0.118511975,-0.20186183,-5.315678,0.0,0.0,0.0,0.0,0.0,0.0,0.0,0.0
-4.883086,0.0,0.0014946812,0.0,0.0,-0.009802495,0.0,0.0,0.0,0.0,0.0,0.0,0.0,0.0,0.0,0.0,-0.45953783,0.0012546185,-0.117360875,0.00032037217,0.0,0.0,0.0,0.0,0.0,0.0,0.0,0.0,-0.012556249,0.0,0.0017642535,0.0,0.0,0.0,0.0,-0.028543388,0.003149665,0.10223992,1.0625366,0.0,0.0,0.0,0.0,0.0,0.0,0.0,0.0,0.29686287,0.13651976,0.0,0.0,0.0,0.0,0.0,0.0,0.0,0.0,0.0,0.0,0.0,0.0,0.0,0.0,0.0,0.0,0.0,-1.4550607,0.118511975,-0.07689339,-5.496316,0.0,0.0,0.0,0.0,0.0,0.0,0.0,0.0
1.7505748,0.0,0.007221514,0.0,0.0,0.07304284,0.0,0.0,0.0,0.0,0.0,0.0,0.0,0.0,0.0,0.0,0.23856746,0.0038599444,0.14738955,0.001491507,0.0,0.0,0.0,0.0,0.0,0.0,0.0,0.0,-0.11050473,0.0,0.005423653,0.0,0.0,0.0,0.0,0.028020248,0.009567602,-0.20659481,-0.9718683,0.0,0.0,0.0,0.0,0.0,0.0,0.0,0.0,-0.26020104,-0.048740946,0.0,0.0,0.0,0.0,0.0,0.0,0.0,0.0,0.0,0.0,0.0,0.0,0.0,0.0,0.0,0.0,0.0,1.5063707,0.118511975,0.49909496,9.771679,0.0,0.0,0.0,0.0,0.0,0.0,0.0,0.0
1.7505748,0.0,0.007221514,0.0,0.0,-0.01826588,0.0,0.0,0.0,0.0,0.0,0.0,0.0,0.0,0.0,0.0,-0.2165885,0.0038599444,-0.117360875,0.001491507,0.0,0.0,0.0,0.0,0.0,0.0,0.0,0.0,-0.024085382,0.0,0.005423653,0.0,0.0,0.0,0.0,0.028020248,0.009567602,0.23362368,1.7269845,0.0,0.0,0.0,0.0,0.0,0.0,0.0,0.0,-0.26020104,-0.048740946,0.0,0.0,0.0,0.0,0.0,0.0,0.0,0.0,0.0,0.0,0.0,0.0,0.0,0.0,0.0,0.0,0.0,1.3057003,-0.15540066,-0.07689339,9.868058,0.0,0.0,0.0,0.0,0.0,0.0,0.0,0.0
-4.883086,0.0,0.0014946812,0.0,0.0,-0.023257487,0.0,0.0,0.0,0.0,0.0,0.0,0.0,0.0,0.0,0.0,0.22088169,0.0012546185,-0.117360875,0.00032037217,0.0,0.0,0.0,0.0,0.0,0.0,0.0,0.0,-0.031050395,0.0,0.0017642535,0.0,0.0,0.0,0.0,-0.028543388,0.003149665,-0.15619947,-1.316435,0.0,0.0,0.0,0.0,0.0,0.0,0.0,0.0,0.29686287,-0.1384481,0.0,0.0,0.0,0.0,0.0,0.0,0.0,0.0,0.0,0.0,0.0,0.0,0.0,0.0,0.0,0.0,0.0,-1.6229231,-0.15540066,-0.20186183,-5.315678,0.0,0.0,0.0,0.0,0.0,0.0,0.0,0.0
-4.849738,0.0,0.0014946812,0.0,0.0,-0.023257487,0.0,0.0,0.0,0.0,0.0,0.0,0.0,0.0,0.0,0.0,0.22226559,0.0010259486,0.14738955,0.00032037217,0.0,0.0,0.0,0.0,0.0,0.0,0.0,0.0,-0.031050395,0.0,-0.18059574,0.0,0.0,0.0,0.0,0.009465825,0.003149665,-0.090403646,-1.3891759,0.0,0.0,0.0,0.0,0.0,0.0,0.0,0.0,-0.26020104,-0.1384481,0.0,0.0,0.0,0.0,0.0,0.0,0.0,0.0,0.0,0.0,0.0,0.0,0.0,0.0,0.0,0.0,0.0,-1.6229231,0.118511975,-0.20186183,-5.132611,0.0,0.0,0.0,0.0,0.0,0.0,0.0,0.0
1.7505748,0.0,0.007221514,0.0,0.0,-0.01826588,0.0,0.0,0.0,0.0,0.0,0.0,0.0,0.0,0.0,0.0,-0.2165885,0.0038599444,-0.117360875,0.001491507,0.0,0.0,0.0,0.0,0.0,0.0,0.0,0.0,-0.024085382,0.0,0.005423653,0.0,0.0,0.0,0.0,0.028020248,0.009567602,0.23362368,1.7269845,0.0,0.0,0.0,0.0,0.0,0.0,0.0,0.0,-0.26020104,-0.048740946,0.0,0.0,0.0,0.0,0.0,0.0,0.0,0.0,0.0,0.0,0.0,0.0,0.0,0.0,0.0,0.0,0.0,1.3057003,-0.15540066,-0.07689339,9.868058,0.0,0.0,0.0,0.0,0.0,0.0,0.0,0.0
-4.883086,0.0,0.0014946812,0.0,0.0,-0.009802495,0.0,0.0,0.0,0.0,0.0,0.0,0.0,0.0,0.0,0.0,-0.23427427,0.0012546185,-0.117360875,0.00032037217,0.0,0.0,0.0,0.0,0.0,0.0,0.0,0.0,-0.012556249,0.0,0.0017642535,0.0,0.0,0.0,0.0,-0.028543388,0.003149665,0.10223992,1.57217,0.0,0.0,0.0,0.0,0.0,0.0,0.0,0.0,0.29686287,0.13651976,0.0,0.0,0.0,0.0,0.0,0.0,0.0,0.0,0.0,0.0,0.0,0.0,0.0,0.0,0.0,0.0,0.0,-1.4550607,0.118511975,-0.07689339,-5.496316,0.0,0.0,0.0,0.0,0.0,0.0,0.0,0.0
1.4285626,0.0,0.007221514,0.0,0.0,0.07304284,0.0,0.0,0.0,0.0,0.0,0.0,0.0,0.0,0.0,0.0,-0.18444064,0.0038599444,0.14738955,0.001491507,0.0,0.0,0.0,0.0,0.0,0.0,0.0,0.0,0.06467286,0.0,0.005423653,0.0,0.0,0.0,0.0,0.011831022,0.009567602,-0.5357874,-2.2112968,0.0,0.0,0.0,0.0,0.0,0.0,0.0,0.0,-0.26020104,-0.048740946,0.0,0.0,0.0,0.0,0.0,0.0,0.0,0.0,0.0,0.0,0.0,0.0,0.0,0.0,0.0,0.0,0.0,1.5063707,0.118511975,0.49909496,9.448223,0.0,0.0,0.0,0.0,0.0,0.0,0.0,0.0
1.7505748,0.0,0.007221514,0.0,0.0,-0.07818855,0.0,0.0,0.0,0.0,0.0,0.0,0.0,0.0,0.0,0.0,0.23856746,0.0038599444,0.14738955,0.001491507,0.0,0.0,0.0,0.0,0.0,0.0,0.0,0.0,0.06467286,0.0,0.005423653,0.0,0.0,0.0,0.0,0.028020248,0.009567602,-0.18978627,-0.9718683,0.0,0.0,0.0,0.0,0.0,0.0,0.0,0.0,-0.26020104,-0.048740946,0.0,0.0,0.0,0.0,0.0,0.0,0.0,0.0,0.0,0.0,0.0,0.0,0.0,0.0,0.0,0.0,0.0,1.5063707,0.118511975,0.49909496,9.784328,0.0,0.0,0.0,0.0,0.0,0.0,0.0,0.0
-4.922479,0.0,0.0014946812,0.0,0.0,-0.023257487,0.0,0.0,0.0,0.0,0.0,0.0,0.0,0.0,0.0,0.0,0.22226559,0.0012546185,0.14738955,0.00032037217,0.0,0.0,0.0,0.0,0.0,0.0,0.0,0.0,-0.031050395,0.0,0.0017642535,0.0,0.0,0.0,0.0,0.009465825,0.003149665,-0.15619947,-1.316435,0.0,0.0,0.0,0.0,0.0,0.0,0.0,0.0,-0.26020104,-0.1384481,0.0,0.0,0.0,0.0,0.0,0.0,0.0,0.0,0.0,0.0,0.0,0.0,0.0,0.0,0.0,0.0,0.0,-1.6229231,-0.15540066,-0.20186183,-5.315678,0.0,0.0,0.0,0.0,0.0,0.0,0.0,0.0
-4.883086,0.0,0.0014946812,0.0,0.0,-0.023257487,0.0,0.0,0.0,0.0,0.0,0.0,0.0,0.0,0.0,0.0,0.22088169,0.0012546185,-0.117360875,0.00032037217,0.0,0.0,0.0,0.0,0.0,0.0,0.0,0.0,-0.031050395,0.0,0.0017642535,0.0,0.0,0.0,0.0,-0.028543388,0.003149665,-0.15619947,-1.316435,0.0,0.0,0.0,0.0,0.0,0.0,0.0,0.0,0.29686287,0.13651976,0.0,0.0,0.0,0.0,0.0,0.0,0.0,0.0,0.0,0.0,0.0,0.0,0.0,0.0,0.0,0.0,0.0,-1.5415614,0.118511975,-0.20186183,-5.315678,0.0,0.0,0.0,0.0,0.0,0.0,0.0,0.0
-4.883086,0.0,0.0014946812,0.0,0.0,-0.023257487,0.0,0.0,0.0,0.0,0.0,0.0,0.0,0.0,0.0,0.0,0.22088169,0.0012546185,-0.117360875,0.00032037217,0.0,0.0,0.0,0.0,0.0,0.0,0.0,0.0,-0.031050395,0.0,0.0017642535,0.0,0.0,0.0,0.0,-0.028543388,0.003149665,-0.15619947,-1.316435,0.0,0.0,0.0,0.0,0.0,0.0,0.0,0.0,0.29686287,-0.1384481,0.0,0.0,0.0,0.0,0.0,0.0,0.0,0.0,0.0,0.0,0.0,0.0,0.0,0.0,0.0,0.0,0.0,-1.6229231,-0.15540066,-0.20186183,-5.315678,0.0,0.0,0.0,0.0,0.0,0.0,0.0,0.0
1.7505748,0.0,0.007221514,0.0,0.0,-0.07818855,0.0,0.0,0.0,0.0,0.0,0.0,0.0,0.0,0.0,0.0,0.23856746,0.0026831832,0.14738955,0.001491507,0.0,0.0,0.0,0.0,0.0,0.0,0.0,0.0,0.06467286,0.0,-0.34902942,0.0,0.0,0.0,0.0,0.028020248,0.009567602,-0.19138978,-0.9718683,0.0,0.0,0.0,0.0,0.0,0.0,0.0,0.0,-0.26020104,-0.048740946,0.0,0.0,0.0,0.0,0.0,0.0,0.0,0.0,0.0,0.0,0.0,0.0,0.0,0.0,0.0,0.0,0.0,1.5063707,0.118511975,0.49909496,9.661124,0.0,0.0,0.0,0.0,0.0,0.0,0.0,0.0
-4.5031953,0.0,0.0014946812,0.0,0.0,-0.023257487,0.0,0.0,0.0,0.0,0.0,0.0,0.0,0.0,0.0,0.0,0.22226559,0.0012546185,-0.117360875,0.00032037217,0.0,0.0,0.0,0.0,0.0,0.0,0.0,0.0,-0.031050395,0.0,0.0017642535,0.0,0.0,0.0,0.0,0.009465825,-0.10885771,-0.15619947,-1.6748254,0.0,0.0,0.0,0.0,0.0,0.0,0.0,0.0,0.29686287,0.13651976,0.0,0.0,0.0,0.0,0.0,0.0,0.0,0.0,0.0,0.0,0.0,0.0,0.0,0.0,0.0,0.0,0.0,-1.5415614,-0.15540066,-0.20186183,-5.264564,0.0,0.0,0.0,0.0,0.0,0.0,0.0,0.0
-4.922479,0.0,0.0014946812,0.0,0.0,-0.023257487,0.0,0.0,0.0,0.0,0.0,0.0,0.0,0.0,0.0,0.0,0.22226559,0.0012546185,0.14738955,0.00032037217,0.0,0.0,0.0,0.0,0.0,0.0,0.0,0.0,-0.031050395,0.0,0.0017642535,0.0,0.0,0.0,0.0,0.009465825,0.003149665,-0.15619947,-1.316435,0.0,0.0,0.0,0.0,0.0,0.0,0.0,0.0,0.29686287,0.13651976,0.0,0.0,0.0,0.0,0.0,0.0,0.0,0.0,0.0,0.0,0.0,0.0,0.0,0.0,0.0,0.0,0.0,-1.5415614,-0.15540066,-0.20186183,-5.315678,0.0,0.0,0.0,0.0,0.0,0.0,0.0,0.0
-4.922479,0.0,0.0014946812,0.0,0.0,-0.023257487,0.0,0.0,0.0,0.0,0.0,0.0,0.0,0.0,0.0,0.0,0.22226559,0.0010259486,0.14738955,0.00032037217,0.0,0.0,0.0,0.0,0.0,0.0,0.0,0.0,-0.031050395,0.0,-0.11358853,0.0,0.0,0.0,0.0,0.009465825,0.003149665,-0.15651359,-1.316435,0.0,0.0,0.0,0.0,0.0,0.0,0.0,0.0,-0.26020104,-0.1384481,0.0,0.0,0.0,0.0,0.0,0.0,0.0,0.0,0.0,0.0,0.0,0.0,0.0,0.0,0.0,0.0,0.0,-1.6229231,-0.15540066,-0.20186183,-5.199783,0.0,0.0,0.0,0.0,0.0,0.0,0.0,0.0
-3.6424062,0.0,-1.6271869,0.0,0.0,-0.023257487,0.0,0.0,0.0,0.0,0.0,0.0,0.0,0.0,0.0,0.0,0.105810985,-0.089379326,0.14738955,-0.12285965,0.0,0.0,0.0,0.0,0.0,0.0,0.0,0.0,0.018172232,0.0,-0.11993132,0.0,0.0,0.0,0.0,0.0060807792,0.003149665,-0.3905421,-1.6748254,0.0,0.0,0.0,0.0,0.0,0.0,0.0,0.0,-0.26020104,-0.1384481,0.0,0.0,0.0,0.0,0.0,0.0,0.0,0.0,0.0,0.0,0.0,0.0,0.0,0.0,0.0,0.0,0.0,-1.6229231,0.118511975,-0.20186183,-3.901936,0.0,0.0,0.0,0.0,0.0,0.0,0.0,0.0
-4.922479,0.0,0.0014946812,0.0,0.0,-0.023257487,0.0,0.0,0.0,0.0,0.0,0.0,0.0,0.0,0.0,0.0,0.22226559,0.0010259486,0.14738955,0.00032037217,0.0,0.0,0.0,0.0,0.0,0.0,0.0,0.0,-0.031050395,0.0,-0.11358853,0.0,0.0,0.0,0.0,0.009465825,0.003149665,-0.15651359,-1.316435,0.0,0.0,0.0,0.0,0.0,0.0,0.0,0.0,-0.26020104,-0.1384481,0.0,0.0,0.0,0.0,0.0,0.0,0.0,0.0,0.0,0.0,0.0,0.0,0.0,0.0,0.0,0.0,0.0,-1.6229231,-0.15540066,-0.20186183,-5.199783,0.0,0.0,0.0,0.0,0.0,0.0,0.0,0.0
-3.6424062,0.0,-1.6271869,0.0,0.0,-0.023257487,0.0,0.0,0.0,0.0,0.0,0.0,0.0,0.0,0.0,0.0,0.105810985,-0.089379326,0.14738955,-0.12285965,0.0,0.0,0.0,0.0,0.0,0.0,0.0,0.0,0.018172232,0.0,-0.11993132,0.0,0.0,0.0,0.0,0.0060807792,0.003149665,-0.3905421,-1.6748254,0.0,0.0,0.0,0.0,0.0,0.0,0.0,0.0,-0.26020104,-0.1384481,0.0,0.0,0.0,0.0,0.0,0.0,0.0,0.0,0.0,0.0,0.0,0.0,0.0,0.0,0.0,0.0,0.0,-1.6229231,0.118511975,-0.20186183,-3.901936,0.0,0.0,0.0,0.0,0.0,0.0,0.0,0.0
-4.5031953,0.0,0.0014946812,0.0,0.0,-0.009802495,0.0,0.0,0.0,0.0,0.0,0.0,0.0,0.0,0.0,0.0,0.22226559,0.0012546185,-0.117360875,0.00032037217,0.0,0.0,0.0,0.0,0.0,0.0,0.0,0.0,-0.012556249,0.0,0.0017642535,0.0,0.0,0.0,0.0,0.009465825,-0.10885771,0.10223992,-1.6748254,0.0,0.0,0.0,0.0,0.0,0.0,0.0,0.0,0.29686287,0.13651976,0.0,0.0,0.0,0.0,0.0,0.0,0.0,0.0,0.0,0.0,0.0,0.0,0.0,0.0,0.0,0.0,0.0,-1.5415614,-0.15540066,-0.20186183,-5.445202,0.0,0.0,0.0,0.0,0.0,0.0,0.0,0.0
-4.883086,0.0,0.0014946812,0.0,0.0,-0.023257487,0.0,0.0,0.0,0.0,0.0,0.0,0.0,0.0,0.0,0.0,0.22088169,0.0012546185,-0.117360875,0.00032037217,0.0,0.0,0.0,0.0,0.0,0.0,0.0,0.0,-0.031050395,0.0,0.0017642535,0.0,0.0,0.0,0.0,-0.028543388,0.003149665,-0.15619947,-1.316435,0.0,0.0,0.0,0.0,0.0,0.0,0.0,0.0,0.29686287,-0.1384481,0.0,0.0,0.0,0.0,0.0,0.0,0.0,0.0,0.0,0.0,0.0,0.0,0.0,0.0,0.0,0.0,0.0,-1.6229231,-0.15540066,-0.20186183,-5.315678,0.0,0.0,0.0,0.0,0.0,0.0,0.0,0.0
1.7505748,0.0,0.007221514,0.0,0.0,-0.07818855,0.0,0.0,0.0,0.0,0.0,0.0,0.0,0.0,0.0,0.0,0.23856746,0.0038599444,0.14738955,0.001491507,0.0,0.0,0.0,0.0,0.0,0.0,0.0,0.0,0.06467286,0.0,0.005423653,0.0,0.0,0.0,0.0,0.028020248,0.009567602,-0.18978627,-0.9718683,0.0,0.0,0.0,0.0,0.0,0.0,0.0,0.0,-0.26020104,-0.048740946,0.0,0.0,0.0,0.0,0.0,0.0,0.0,0.0,0.0,0.0,0.0,0.0,0.0,0.0,0.0,0.0,0.0,1.5063707,0.118511975,0.49909496,9.784328,0.0,0.0,0.0,0.0,0.0,0.0,0.0,0.0
1.7505748,0.0,0.007221514,0.0,0.0,-0.01826588,0.0,0.0,0.0,0.0,0.0,0.0,0.0,0.0,0.0,0.0,-0.2165885,0.0038599444,-0.117360875,0.001491507,0.0,0.0,0.0,0.0,0.0,0.0,0.0,0.0,-0.024085382,0.0,0.005423653,0.0,0.0,0.0,0.0,0.028020248,0.009567602,0.23362368,1.7269845,0.0,0.0,0.0,0.0,0.0,0.0,0.0,0.0,-0.26020104,-0.048740946,0.0,0.0,0.0,0.0,0.0,0.0,0.0,0.0,0.0,0.0,0.0,0.0,0.0,0.0,0.0,0.0,0.0,1.3057003,-0.15540066,-0.07689339,9.868058,0.0,0.0,0.0,0.0,0.0,0.0,0.0,0.0
1.7505748,0.0,0.007221514,0.0,0.0,0.07304284,0.0,0.0,0.0,0.0,0.0,0.0,0.0,0.0,0.0,0.0,0.23856746,0.0038599444,0.14738955,0.001491507,0.0,0.0,0.0,0.0,0.0,0.0,0.0,0.0,0.06467286,0.0,0.005423653,0.0,0.0,0.0,0.0,0.028020248,0.009567602,-0.11610402,-0.9718683,0.0,0.0,0.0,0.0,0.0,0.0,0.0,0.0,-0.26020104,-0.048740946,0.0,0.0,0.0,0.0,0.0,0.0,0.0,0.0,0.0,0.0,0.0,0.0,0.0,0.0,0.0,0.0,0.0,1.5063707,0.118511975,0.49909496,9.829046,0.0,0.0,0.0,0.0,0.0,0.0,0.0,0.0
-3.6424062,0.0,-1.6271869,0.0,0.0,-0.023257487,0.0,0.0,0.0,0.0,0.0,0.0,0.0,0.0,0.0,0.0,0.105810985,-0.089379326,0.14738955,-0.12285965,0.0,0.0,0.0,0.0,0.0,0.0,0.0,0.0,0.018172232,0.0,-0.11993132,0.0,0.0,0.0,0.0,0.0060807792,0.003149665,-0.3905421,-1.6748254,0.0,0.0,0.0,0.0,0.0,0.0,0.0,0.0,-0.26020104,-0.1384481,0.0,0.0,0.0,0.0,0.0,0.0,0.0,0.0,0.0,0.0,0.0,0.0,0.0,0.0,0.0,0.0,0.0,-1.6229231,0.118511975,-0.20186183,-3.901936,0.0,0.0,0.0,0.0,0.0,0.0,0.0,0.0
-3.6424062,0.0,-1.6271869,0.0,0.0,-0.023257487,0.0,0.0,0.0,0.0,0.0,0.0,0.0,0.0,0.0,0.0,0.105810985,-0.10930079,0.14738955,-0.12285965,0.0,0.0,0.0,0.0,0.0,0.0,0.0,0.0,0.018172232,0.0,0.0011707973,0.0,0.0,0.0,0.0,0.0060807792,0.003149665,-0.43117172,-1.6748254,0.0,0.0,0.0,0.0,0.0,0.0,0.0,0.0,-0.26020104,-0.1384481,0.0,0.0,0.0,0.0,0.0,0.0,0.0,0.0,0.0,0.0,0.0,0.0,0.0,0.0,0.0,0.0,0.0,-1.6229231,-0.15540066,-0.20186183,-3.9624875,0.0,0.0,0.0,0.0,0.0,0.0,0.0,0.0
-4.5031953,0.0,0.0014946812,0.0,0.0,-0.023257487,0.0,0.0,0.0,0.0,0.0,0.0,0.0,0.0,0.0,0.0,0.22226559,0.0012546185,0.14738955,0.00032037217,0.0,0.0,0.0,0.0,0.0,0.0,0.0,0.0,-0.031050395,0.0,0.0017642535,0.0,0.0,0.0,0.0,0.009465825,-0.10885771,-0.15619947,-1.6748254,0.0,0.0,0.0,0.0,0.0,0.0,0.0,0.0,0.29686287,0.13651976,0.0,0.0,0.0,0.0,0.0,0.0,0.0,0.0,0.0,0.0,0.0,0.0,0.0,0.0,0.0,0.0,0.0,-1.5415614,-0.15540066,-0.20186183,-5.264564,0.0,0.0,0.0,0.0,0.0,0.0,0.0,0.0
-4.518337,0.0,0.0014946812,0.0,0.0,-0.023257487,0.0,0.0,0.0,0.0,0.0,0.0,0.0,0.0,0.0,0.0,0.105810985,0.0012546185,0.14738955,0.00032037217,0.0,0.0,0.0,0.0,0.0,0.0,0.0,0.0,0.018172232,0.0,0.0013591386,0.0,0.0,0.0,0.0,0.0060807792,0.003149665,-0.43117172,-1.6748254,0.0,0.0,0.0,0.0,0.0,0.0,0.0,0.0,-0.26020104,-0.1384481,0.0,0.0,0.0,0.0,0.0,0.0,0.0,0.0,0.0,0.0,0.0,0.0,0.0,0.0,0.0,0.0,0.0,-1.6229231,-0.15540066,-0.20186183,-4.9491615,0.0,0.0,0.0,0.0,0.0,0.0,0.0,0.0
1.7505748,0.0,0.007221514,0.0,0.0,-0.01826588,0.0,0.0,0.0,0.0,0.0,0.0,0.0,0.0,0.0,0.0,-0.2165885,0.0038599444,-0.117360875,0.001491507,0.0,0.0,0.0,0.0,0.0,0.0,0.0,0.0,-0.024085382,0.0,0.005423653,0.0,0.0,0.0,0.0,0.028020248,0.009567602,0.23362368,1.7269845,0.0,0.0,0.0,0.0,0.0,0.0,0.0,0.0,-0.26020104,-0.048740946,0.0,0.0,0.0,0.0,0.0,0.0,0.0,0.0,0.0,0.0,0.0,0.0,0.0,0.0,0.0,0.0,0.0,1.3057003,-0.15540066,-0.07689339,9.868058,0.0,0.0,0.0,0.0,0.0,0.0,0.0,0.0
1.7505748,0.0,0.007221514,0.0,0.0,-0.01826588,0.0,0.0,0.0,0.0,0.0,0.0,0.0,0.0,0.0,0.0,-0.2165885,0.0038599444,-0.117360875,0.001491507,0.0,0.0,0.0,0.0,0.0,0.0,0.0,0.0,-0.024085382,0.0,0.005423653,0.0,0.0,0.0,0.0,0.028020248,0.009567602,0.23362368,1.7269845,0.0,0.0,0.0,0.0,0.0,0.0,0.0,0.0,-0.26020104,-0.048740946,0.0,0.0,0.0,0.0,0.0,0.0,0.0,0.0,0.0,0.0,0.0,0.0,0.0,0.0,0.0,0.0,0.0,1.3057003,-0.15540066,-0.07689339,9.868058,0.0,0.0,0.0,0.0,0.0,0.0,0.0,0.0
1.6226876,0.0,0.007221514,0.0,0.0,-0.01826588,0.0,0.0,0.0,0.0,0.0,0.0,0.0,0.0,0.0,0.0,-0.2232073,0.0038599444,-0.117360875,0.001491507,0.0,0.0,0.0,0.0,0.0,0.0,0.0,0.0,-0.024085382,0.0,0.005423653,0.0,0.0,0.0,0.0,-0.08449265,0.009567602,0.23362368,1.9590354,0.0,0.0,0.0,0.0,0.0,0.0,0.0,0.0,0.29686287,0.13651976,0.0,0.0,0.0,0.0,0.0,0.0,0.0,0.0,0.0,0.0,0.0,0.0,0.0,0.0,0.0,0.0,0.0,-1.5177667,0.118511975,-0.07689339,9.868058,0.0,0.0,0.0,0.0,0.0,0.0,0.0,0.0
-4.5061283,0.0,0.0014946812,0.0,0.0,-0.023257487,0.0,0.0,0.0,0.0,0.0,0.0,0.0,0.0,0.0,0.0,0.11801937,0.0010259486,0.14738955,0.00032037217,0.0,0.0,0.0,0.0,0.0,0.0,0.0,0.0,-0.031050395,0.0,-0.09523661,0.0,0.0,0.0,0.0,-0.018336069,0.003149665,-0.31459498,-1.6748254,0.0,0.0,0.0,0.0,0.0,0.0,0.0,0.0,0.29686287,-0.1384481,0.0,0.0,0.0,0.0,0.0,0.0,0.0,0.0,0.0,0.0,0.0,0.0,0.0,0.0,0.0,0.0,0.0,-1.6229231,-0.15540066,-0.20186183,-4.9196906,0.0,0.0,0.0,0.0,0.0,0.0,0.0,0.0
1.7505748,0.0,0.007221514,0.0,0.0,-0.01826588,0.0,0.0,0.0,0.0,0.0,0.0,0.0,0.0,0.0,0.0,-0.2165885,0.0038599444,-0.117360875,0.001491507,0.0,0.0,0.0,0.0,0.0,0.0,0.0,0.0,-0.024085382,0.0,0.005423653,0.0,0.0,0.0,0.0,0.028020248,0.009567602,0.23362368,1.7269845,0.0,0.0,0.0,0.0,0.0,0.0,0.0,0.0,-0.26020104,-0.048740946,0.0,0.0,0.0,0.0,0.0,0.0,0.0,0.0,0.0,0.0,0.0,0.0,0.0,0.0,0.0,0.0,0.0,1.3057003,-0.15540066,-0.07689339,9.868058,0.0,0.0,0.0,0.0,0.0,0.0,0.0,0.0
-4.922479,0.0,0.0014946812,0.0,0.0,-0.023257487,0.0,0.0,0.0,0.0,0.0,0.0,0.0,0.0,0.0,0.0,0.22226559,0.0012546185,0.14738955,0.00032037217,0.0,0.0,0.0,0.0,0.0,0.0,0.0,0.0,-0.031050395,0.0,0.0017642535,0.0,0.0,0.0,0.0,0.009465825,0.003149665,-0.15619947,-1.316435,0.0,0.0,0.0,0.0,0.0,0.0,0.0,0.0,-0.26020104,-0.1384481,0.0,0.0,0.0,0.0,0.0,0.0,0.0,0.0,0.0,0.0,0.0,0.0,0.0,0.0,0.0,0.0,0.0,-1.6229231,-0.15540066,-0.20186183,-5.315678,0.0,0.0,0.0,0.0,0.0,0.0,0.0,0.0
1.7505748,0.0,0.007221514,0.0,0.0,-0.01826588,0.0,0.0,0.0,0.0,0.0,0.0,0.0,0.0,0.0,0.0,-0.2165885,0.0038599444,-0.117360875,0.001491507,0.0,0.0,0.0,0.0,0.0,0.0,0.0,0.0,-0.024085382,0.0,0.005423653,0.0,0.0,0.0,0.0,0.028020248,0.009567602,0.23362368,1.7269845,0.0,0.0,0.0,0.0,0.0,0.0,0.0,0.0,-0.26020104,-0.048740946,0.0,0.0,0.0,0.0,0.0,0.0,0.0,0.0,0.0,0.0,0.0,0.0,0.0,0.0,0.0,0.0,0.0,1.3057003,-0.15540066,-0.07689339,9.868058,0.0,0.0,0.0,0.0,0.0,0.0,0.0,0.0
-4.922479,0.0,0.0014946812,0.0,0.0,-0.009802495,0.0,0.0,0.0,0.0,0.0,0.0,0.0,0.0,0.0,0.0,0.22226559,0.0012546185,-0.117360875,0.00032037217,0.0,0.0,0.0,0.0,0.0,0.0,0.0,0.0,-0.012556249,0.0,0.0017642535,0.0,0.0,0.0,0.0,0.009465825,0.003149665,0.10223992,-1.316435,0.0,0.0,0.0,0.0,0.0,0.0,0.0,0.0,0.29686287,0.13651976,0.0,0.0,0.0,0.0,0.0,0.0,0.0,0.0,0.0,0.0,0.0,0.0,0.0,0.0,0.0,0.0,0.0,-1.5415614,-0.15540066,-0.20186183,-5.496316,0.0,0.0,0.0,0.0,0.0,0.0,0.0,0.0
-4.883086,0.0,0.0014946812,0.0,0.0,-0.023257487,0.0,0.0,0.0,0.0,0.0,0.0,0.0,0.0,0.0,0.0,0.22088169,0.0012546185,-0.117360875,0.00032037217,0.0,0.0,0.0,0.0,0.0,0.0,0.0,0.0,-0.031050395,0.0,0.0017642535,0.0,0.0,0.0,0.0,-0.028543388,0.003149665,-0.15619947,-1.316435,0.0,0.0,0.0,0.0,0.0,0.0,0.0,0.0,0.29686287,-0.1384481,0.0,0.0,0.0,0.0,0.0,0.0,0.0,0.0,0.0,0.0,0.0,0.0,0.0,0.0,0.0,0.0,0.0,-1.6229231,-0.15540066,-0.20186183,-5.315678,0.0,0.0,0.0,0.0,0.0,0.0,0.0,0.0
-4.922479,0.0,0.0014946812,0.0,0.0,-0.023257487,0.0,0.0,0.0,0.0,0.0,0.0,0.0,0.0,0.0,0.0,0.22226559,0.0012546185,0.14738955,0.00032037217,0.0,0.0,0.0,0.0,0.0,0.0,0.0,0.0,-0.031050395,0.0,0.0017642535,0.0,0.0,0.0,0.0,0.009465825,0.003149665,-0.08992548,-1.316435,0.0,0.0,0.0,0.0,0.0,0.0,0.0,0.0,-0.26020104,-0.1384481,0.0,0.0,0.0,0.0,0.0,0.0,0.0,0.0,0.0,0.0,0.0,0.0,0.0,0.0,0.0,0.0,0.0,-1.6229231,-0.15540066,-0.20186183,-5.315678,0.0,0.0,0.0,0.0,0.0,0.0,0.0,0.0
1.6226876,0.0,0.007221514,0.0,0.0,-0.01826588,0.0,0.0,0.0,0.0,0.0,0.0,0.0,0.0,0.0,0.0,-0.2232073,0.0038599444,-0.117360875,0.001491507,0.0,0.0,0.0,0.0,0.0,0.0,0.0,0.0,-0.024085382,0.0,0.005423653,0.0,0.0,0.0,0.0,-0.08449265,0.009567602,0.23362368,1.9590354,0.0,0.0,0.0,0.0,0.0,0.0,0.0,0.0,0.29686287,0.13651976,0.0,0.0,0.0,0.0,0.0,0.0,0.0,0.0,0.0,0.0,0.0,0.0,0.0,0.0,0.0,0.0,0.0,-1.5177667,0.118511975,-0.07689339,9.868058,0.0,0.0,0.0,0.0,0.0,0.0,0.0,0.0
1.6226876,0.0,0.007221514,0.0,0.0,-0.01826588,0.0,0.0,0.0,0.0,0.0,0.0,0.0,0.0,0.0,0.0,-0.2232073,0.0038599444,-0.117360875,0.001491507,0.0,0.0,0.0,0.0,0.0,0.0,0.0,0.0,-0.024085382,0.0,0.005423653,0.0,0.0,0.0,0.0,-0.08449265,0.009567602,0.23362368,1.9590354,0.0,0.0,0.0,0.0,0.0,0.0,0.0,0.0,0.29686287,0.13651976,0.0,0.0,0.0,0.0,0.0,0.0,0.0,0.0,0.0,0.0,0.0,0.0,0.0,0.0,0.0,0.0,0.0,-1.5177667,0.118511975,-0.07689339,9.868058,0.0,0.0,0.0,0.0,0.0,0.0,0.0,0.0
1.6226876,0.0,0.007221514,0.0,0.0,-0.01826588,0.0,0.0,0.0,0.0,0.0,0.0,0.0,0.0,0.0,0.0,-0.2232073,0.0038599444,-0.117360875,0.001491507,0.0,0.0,0.0,0.0,0.0,0.0,0.0,0.0,-0.024085382,0.0,0.005423653,0.0,0.0,0.0,0.0,-0.08449265,0.009567602,0.23362368,1.9590354,0.0,0.0,0.0,0.0,0.0,0.0,0.0,0.0,0.29686287,0.13651976,0.0,0.0,0.0,0.0,0.0,0.0,0.0,0.0,0.0,0.0,0.0,0.0,0.0,0.0,0.0,0.0,0.0,-1.5177667,0.118511975,-0.07689339,9.868058,0.0,0.0,0.0,0.0,0.0,0.0,0.0,0.0
1.7505748,0.0,0.007221514,0.0,0.0,-0.07818855,0.0,0.0,0.0,0.0,0.0,0.0,0.0,0.0,0.0,0.0,0.23856746,0.0038599444,0.14738955,0.001491507,0.0,0.0,0.0,0.0,0.0,0.0,0.0,0.0,-0.11050473,0.0,0.005423653,0.0,0.0,0.0,0.0,0.028020248,0.009567602,-0.280277,-0.9718683,0.0,0.0,0.0,0.0,0.0,0.0,0.0,0.0,-0.26020104,-0.048740946,0.0,0.0,0.0,0.0,0.0,0.0,0.0,0.0,0.0,0.0,0.0,0.0,0.0,0.0,0.0,0.0,0.0,1.5063707,0.118511975,0.49909496,9.726961,0.0,0.0,0.0,0.0,0.0,0.0,0.0,0.0
-4.5031953,0.0,0.0014946812,0.0,0.0,-0.023257487,0.0,0.0,0.0,0.0,0.0,0.0,0.0,0.0,0.0,0.0,0.22226559,0.0012546185,-0.117360875,0.00032037217,0.0,0.0,0.0,0.0,0.0,0.0,0.0,0.0,-0.031050395,0.0,0.0017642535,0.0,0.0,0.0,0.0,0.009465825,-0.10885771,-0.15619947,-1.6748254,0.0,0.0,0.0,0.0,0.0,0.0,0.0,0.0,0.29686287,0.13651976,0.0,0.0,0.0,0.0,0.0,0.0,0.0,0.0,0.0,0.0,0.0,0.0,0.0,0.0,0.0,0.0,0.0,-1.5415614,-0.15540066,-0.20186183,-5.264564,0.0,0.0,0.0,0.0,0.0,0.0,0.0,0.0
1.6226876,0.0,0.007221514,0.0,0.0,-0.01826588,0.0,0.0,0.0,0.0,0.0,0.0,0.0,0.0,0.0,0.0,-0.2232073,0.0038599444,-0.117360875,0.001491507,0.0,0.0,0.0,0.0,0.0,0.0,0.0,0.0,-0.024085382,0.0,0.005423653,0.0,0.0,0.0,0.0,-0.08449265,0.009567602,0.23362368,1.9590354,0.0,0.0,0.0,0.0,0.0,0.0,0.0,0.0,0.29686287,0.13651976,0.0,0.0,0.0,0.0,0.0,0.0,0.0,0.0,0.0,0.0,0.0,0.0,0.0,0.0,0.0,0.0,0.0,-1.5177667,0.118511975,-0.07689339,9.868058,0.0,0.0,0.0,0.0,0.0,0.0,0.0,0.0
-4.5061283,0.0,0.0014946812,0.0,0.0,-0.023257487,0.0,0.0,0.0,0.0,0.0,0.0,0.0,0.0,0.0,0.0,0.11801937,-0.10930079,0.14738955,0.00032037217,0.0,0.0,0.0,0.0,0.0,0.0,0.0,0.0,-0.031050395,0.0,0.0011707973,0.0,0.0,0.0,0.0,-0.018336069,0.003149665,-0.45053715,-1.6748254,0.0,0.0,0.0,0.0,0.0,0.0,0.0,0.0,0.29686287,-0.1384481,0.0,0.0,0.0,0.0,0.0,0.0,0.0,0.0,0.0,0.0,0.0,0.0,0.0,0.0,0.0,0.0,0.0,-1.6229231,-0.15540066,-0.20186183,-4.7698293,0.0,0.0,0.0,0.0,0.0,0.0,0.0,0.0
-3.6424062,0.0,-1.6271869,0.0,0.0,0.02172687,0.0,0.0,0.0,0.0,0.0,0.0,0.0,0.0,0.0,0.0,0.105810985,-0.089379326,0.14738955,-0.12285965,0.0,0.0,0.0,0.0,0.0,0.0,0.0,0.0,0.018172232,0.0,-0.11993132,0.0,0.0,0.0,0.0,0.0060807792,0.003149665,-0.3739975,-1.6748254,0.0,0.0,0.0,0.0,0.0,0.0,0.0,0.0,-0.26020104,-0.1384481,0.0,0.0,0.0,0.0,0.0,0.0,0.0,0.0,0.0,0.0,0.0,0.0,0.0,0.0,0.0,0.0,0.0,-1.6229231,0.118511975,-0.20186183,-3.9634647,0.0,0.0,0.0,0.0,0.0,0.0,0.0,0.0
1.6226876,0.0,0.007221514,0.0,0.0,-0.01826588,0.0,0.0,0.0,0.0,0.0,0.0,0.0,0.0,0.0,0.0,-0.2232073,0.0038599444,-0.117360875,0.001491507,0.0,0.0,0.0,0.0,0.0,0.0,0.0,0.0,-0.024085382,0.0,0.005423653,0.0,0.0,0.0,0.0,-0.08449265,0.009567602,0.23362368,1.9590354,0.0,0.0,0.0,0.0,0.0,0.0,0.0,0.0,0.29686287,0.13651976,0.0,0.0,0.0,0.0,0.0,0.0,0.0,0.0,0.0,0.0,0.0,0.0,0.0,0.0,0.0,0.0,0.0,-1.5177667,0.118511975,-0.07689339,9.868058,0.0,0.0,0.0,0.0,0.0,0.0,0.0,0.0
-4.883086,0.0,0.0014946812,0.0,0.0,-0.023257487,0.0,0.0,0.0,0.0,0.0,0.0,0.0,0.0,0.0,0.0,0.22088169,0.0012546185,-0.117360875,0.00032037217,0.0,0.0,0.0,0.0,0.0,0.0,0.0,0.0,-0.031050395,0.0,0.0017642535,0.0,0.0,0.0,0.0,-0.028543388,0.003149665,-0.15619947,-1.316435,0.0,0.0,0.0,0.0,0.0,0.0,0.0,0.0,0.29686287,0.13651976,0.0,0.0,0.0,0.0,0.0,0.0,0.0,0.0,0.0,0.0,0.0,0.0,0.0,0.0,0.0,0.0,0.0,-1.5415614,0.118511975,-0.20186183,-5.315678,0.0,0.0,0.0,0.0,0.0,0.0,0.0,0.0
-4.883086,0.0,0.0014946812,0.0,0.0,-0.009802495,0.0,0.0,0.0,0.0,0.0,0.0,0.0,0.0,0.0,0.0,-0.23427427,0.0012546185,-0.117360875,0.00032037217,0.0,0.0,0.0,0.0,0.0,0.0,0.0,0.0,-0.012556249,0.0,0.0017642535,0.0,0.0,0.0,0.0,-0.028543388,0.003149665,0.10223992,1.57217,0.0,0.0,0.0,0.0,0.0,0.0,0.0,0.0,0.29686287,0.13651976,0.0,0.0,0.0,0.0,0.0,0.0,0.0,0.0,0.0,0.0,0.0,0.0,0.0,0.0,0.0,0.0,0.0,-1.4550607,0.118511975,-0.07689339,-5.496316,0.0,0.0,0.0,0.0,0.0,0.0,0.0,0.0
1.7505748,0.0,0.007221514,0.0,0.0,-0.01826588,0.0,0.0,0.0,0.0,0.0,0.0,0.0,0.0,0.0,0.0,-0.2165885,0.0038599444,-0.117360875,0.001491507,0.0,0.0,0.0,0.0,0.0,0.0,0.0,0.0,-0.024085382,0.0,0.005423653,0.0,0.0,0.0,0.0,0.028020248,0.009567602,0.23362368,1.7269845,0.0,0.0,0.0,0.0,0.0,0.0,0.0,0.0,-0.26020104,-0.048740946,0.0,0.0,0.0,0.0,0.0,0.0,0.0,0.0,0.0,0.0,0.0,0.0,0.0,0.0,0.0,0.0,0.0,1.3057003,-0.15540066,-0.07689339,9.868058,0.0,0.0,0.0,0.0,0.0,0.0,0.0,0.0
-3.6424062,0.0,-1.6271869,0.0,0.0,-0.023257487,0.0,0.0,0.0,0.0,0.0,0.0,0.0,0.0,0.0,0.0,0.105810985,-0.089379326,0.14738955,-0.12285965,0.0,0.0,0.0,0.0,0.0,0.0,0.0,0.0,0.018172232,0.0,-0.11993132,0.0,0.0,0.0,0.0,0.0060807792,0.003149665,-0.3905421,-1.6748254,0.0,0.0,0.0,0.0,0.0,0.0,0.0,0.0,-0.26020104,-0.1384481,0.0,0.0,0.0,0.0,0.0,0.0,0.0,0.0,0.0,0.0,0.0,0.0,0.0,0.0,0.0,0.0,0.0,-1.6229231,0.118511975,-0.20186183,-3.901936,0.0,0.0,0.0,0.0,0.0,0.0,0.0,0.0
1.6226876,0.0,0.007221514,0.0,0.0,-0.01826588,0.0,0.0,0.0,0.0,0.0,0.0,0.0,0.0,0.0,0.0,-0.2232073,0.0038599444,-0.117360875,0.001491507,0.0,0.0,0.0,0.0,0.0,0.0,0.0,0.0,-0.024085382,0.0,0.005423653,0.0,0.0,0.0,0.0,-0.08449265,0.009567602,0.23362368,1.9590354,0.0,0.0,0.0,0.0,0.0,0.0,0.0,0.0,0.29686287,0.13651976,0.0,0.0,0.0,0.0,0.0,0.0,0.0,0.0,0.0,0.0,0.0,0.0,0.0,0.0,0.0,0.0,0.0,-1.5177667,0.118511975,-0.07689339,9.868058,0.0,0.0,0.0,0.0,0.0,0.0,0.0,0.0
1.6226876,0.0,0.007221514,0.0,0.0,-0.01826588,0.0,0.0,0.0,0.0,0.0,0.0,0.0,0.0,0.0,0.0,-0.2232073,0.0038599444,-0.117360875,0.001491507,0.0,0.0,0.0,0.0,0.0,0.0,0.0,0.0,-0.024085382,0.0,0.005423653,0.0,0.0,0.0,0.0,-0.08449265,0.009567602,0.23362368,1.9590354,0.0,0.0,0.0,0.0,0.0,0.0,0.0,0.0,0.29686287,0.13651976,0.0,0.0,0.0,0.0,0.0,0.0,0.0,0.0,0.0,0.0,0.0,0.0,0.0,0.0,0.0,0.0,0.0,-1.5177667,0.118511975,-0.07689339,9.868058,0.0,0.0,0.0,0.0,0.0,0.0,0.0,0.0
1.7505748,0.0,0.007221514,0.0,0.0,0.07304284,0.0,0.0,0.0,0.0,0.0,0.0,0.0,0.0,0.0,0.0,0.23856746,0.0038599444,0.14738955,0.001491507,0.0,0.0,0.0,0.0,0.0,0.0,0.0,0.0,0.06467286,0.0,0.005423653,0.0,0.0,0.0,0.0,0.028020248,0.009567602,-0.11610402,-0.9718683,0.0,0.0,0.0,0.0,0.0,0.0,0.0,0.0,-0.26020104,-0.048740946,0.0,0.0,0.0,0.0,0.0,0.0,0.0,0.0,0.0,0.0,0.0,0.0,0.0,0.0,0.0,0.0,0.0,1.5063707,0.118511975,0.49909496,9.829046,0.0,0.0,0.0,0.0,0.0,0.0,0.0,0.0
1.7505748,0.0,0.007221514,0.0,0.0,-0.01826588,0.0,0.0,0.0,0.0,0.0,0.0,0.0,0.0,0.0,0.0,-0.2165885,0.0038599444,-0.117360875,0.001491507,0.0,0.0,0.0,0.0,0.0,0.0,0.0,0.0,-0.024085382,0.0,0.005423653,0.0,0.0,0.0,0.0,0.028020248,0.009567602,0.23362368,1.5555501,0.0,0.0,0.0,0.0,0.0,0.0,0.0,0.0,-0.26020104,-0.048740946,0.0,0.0,0.0,0.0,0.0,0.0,0.0,0.0,0.0,0.0,0.0,0.0,0.0,0.0,0.0,0.0,0.0,1.3985182,-0.15540066,-0.07689339,9.868058,0.0,0.0,0.0,0.0,0.0,0.0,0.0,0.0
1.7505748,0.0,0.007221514,0.0,0.0,0.07304284,0.0,0.0,0.0,0.0,0.0,0.0,0.0,0.0,0.0,0.0,0.23856746,0.0038599444,0.14738955,0.001491507,0.0,0.0,0.0,0.0,0.0,0.0,0.0,0.0,0.06467286,0.0,0.005423653,0.0,0.0,0.0,0.0,0.028020248,0.009567602,-0.11610402,-0.9718683,0.0,0.0,0.0,0.0,0.0,0.0,0.0,0.0,-0.26020104,-0.048740946,0.0,0.0,0.0,0.0,0.0,0.0,0.0,0.0,0.0,0.0,0.0,0.0,0.0,0.0,0.0,0.0,0.0,1.5063707,0.118511975,0.49909496,9.829046,0.0,0.0,0.0,0.0,0.0,0.0,0.0,0.0
-3.5303988,0.0,-1.6271869,0.0,0.0,-0.023257487,0.0,0.0,0.0,0.0,0.0,0.0,0.0,0.0,0.0,0.0,0.105810985,-0.10930079,-0.117360875,-0.12285965,0.0,0.0,0.0,0.0,0.0,0.0,0.0,0.0,-0.031050395,0.0,0.0011707973,0.0,0.0,0.0,0.0,0.0060807792,-0.10885771,-0.45053715,-1.6748254,0.0,0.0,0.0,0.0,0.0,0.0,0.0,0.0,0.29686287,0.13651976,0.0,0.0,0.0,0.0,0.0,0.0,0.0,0.0,0.0,0.0,0.0,0.0,0.0,0.0,0.0,0.0,0.0,-1.5415614,-0.15540066,-0.20186183,-3.8938994,0.0,0.0,0.0,0.0,0.0,0.0,0.0,0.0
-4.883086,0.0,0.0014946812,0.0,0.0,-0.023257487,0.0,0.0,0.0,0.0,0.0,0.0,0.0,0.0,0.0,0.0,0.22088169,0.0012546185,-0.117360875,0.00032037217,0.0,0.0,0.0,0.0,0.0,0.0,0.0,0.0,-0.031050395,0.0,0.0017642535,0.0,0.0,0.0,0.0,-0.028543388,0.003149665,-0.15619947,-1.316435,0.0,0.0,0.0,0.0,0.0,0.0,0.0,0.0,0.29686287,-0.1384481,0.0,0.0,0.0,0.0,0.0,0.0,0.0,0.0,0.0,0.0,0.0,0.0,0.0,0.0,0.0,0.0,0.0,-1.6229231,-0.15540066,-0.20186183,-5.315678,0.0,0.0,0.0,0.0,0.0,0.0,0.0,0.0
-4.5339403,0.0,0.0014946812,0.0,0.0,-0.023257487,0.0,0.0,0.0,0.0,0.0,0.0,0.0,0.0,0.0,0.0,0.105810985,-0.10930079,-0.117360875,0.00032037217,0.0,0.0,0.0,0.0,0.0,0.0,0.0,0.0,-0.031050395,0.0,0.0011707973,0.0,0.0,0.0,0.0,0.0060807792,-0.10885771,-0.45053715,-1.5282797,0.0,0.0,0.0,0.0,0.0,0.0,0.0,0.0,0.29686287,0.04806206,0.0,0.0,0.0,0.0,0.0,0.0,0.0,0.0,0.0,0.0,0.0,0.0,0.0,0.0,0.0,0.0,0.0,1.3433123,-0.15540066,-0.20186183,-4.7698293,0.0,0.0,0.0,0.0,0.0,0.0,0.0,0.0
-4.5031953,0.0,0.0014946812,0.0,0.0,-0.009802495,0.0,0.0,0.0,0.0,0.0,0.0,0.0,0.0,0.0,0.0,-0.23289037,0.0012546185,-0.117360875,0.00032037217,0.0,0.0,0.0,0.0,0.0,0.0,0.0,0.0,-0.012556249,0.0,0.0017642535,0.0,0.0,0.0,0.0,0.009465825,-0.10885771,0.10223992,-1.6748254,0.0,0.0,0.0,0.0,0.0,0.0,0.0,0.0,0.29686287,0.13651976,0.0,0.0,0.0,0.0,0.0,0.0,0.0,0.0,0.0,0.0,0.0,0.0,0.0,0.0,0.0,0.0,0.0,-1.5415614,-0.15540066,-0.20186183,-5.445202,0.0,0.0,0.0,0.0,0.0,0.0,0.0,0.0
1.7505748,0.0,0.007221514,0.0,0.0,-0.01826588,0.0,0.0,0.0,0.0,0.0,0.0,0.0,0.0,0.0,0.0,-0.2165885,0.0038599444,-0.117360875,0.001491507,0.0,0.0,0.0,0.0,0.0,0.0,0.0,0.0,-0.024085382,0.0,0.005423653,0.0,0.0,0.0,0.0,0.028020248,0.009567602,0.23362368,1.7269845,0.0,0.0,0.0,0.0,0.0,0.0,0.0,0.0,-0.26020104,-0.048740946,0.0,0.0,0.0,0.0,0.0,0.0,0.0,0.0,0.0,0.0,0.0,0.0,0.0,0.0,0.0,0.0,0.0,1.3057003,-0.15540066,-0.07689339,9.868058,0.0,0.0,0.0,0.0,0.0,0.0,0.0,0.0
1.7505748,0.0,0.007221514,0.0,0.0,-0.01826588,0.0,0.0,0.0,0.0,0.0,0.0,0.0,0.0,0.0,0.0,-0.2165885,0.0038599444,-0.117360875,0.001491507,0.0,0.0,0.0,0.0,0.0,0.0,0.0,0.0,-0.024085382,0.0,0.005423653,0.0,0.0,0.0,0.0,0.028020248,0.009567602,0.23362368,1.7269845,0.0,0.0,0.0,0.0,0.0,0.0,0.0,0.0,-0.26020104,-0.048740946,0.0,0.0,0.0,0.0,0.0,0.0,0.0,0.0,0.0,0.0,0.0,0.0,0.0,0.0,0.0,0.0,0.0,1.3057003,-0.15540066,-0.07689339,9.868058,0.0,0.0,0.0,0.0,0.0,0.0,0.0,0.0
-5.010697,0.0,0.0014946812,0.0,0.0,-0.009802495,0.0,0.0,0.0,0.0,0.0,0.0,0.0,0.0,0.0,0.0,-0.23427427,0.0012546185,-0.117360875,0.00032037217,0.0,0.0,0.0,0.0,0.0,0.0,0.0,0.0,-0.012556249,0.0,0.0017642535,0.0,0.0,0.0,0.0,-0.028543388,0.003149665,0.10223992,1.5243626,0.0,0.0,0.0,0.0,0.0,0.0,0.0,0.0,-0.26020104,-0.048740946,0.0,0.0,0.0,0.0,0.0,0.0,0.0,0.0,0.0,0.0,0.0,0.0,0.0,0.0,0.0,0.0,0.0,1.3322628,-0.15540066,-0.07689339,-5.496316,0.0,0.0,0.0,0.0,0.0,0.0,0.0,0.0
-4.883086,0.0,0.0014946812,0.0,0.0,-0.023257487,0.0,0.0,0.0,0.0,0.0,0.0,0.0,0.0,0.0,0.0,0.22088169,0.0012546185,-0.117360875,0.00032037217,0.0,0.0,0.0,0.0,0.0,0.0,0.0,0.0,-0.031050395,0.0,0.0017642535,0.0,0.0,0.0,0.0,-0.028543388,0.003149665,-0.15619947,-1.316435,0.0,0.0,0.0,0.0,0.0,0.0,0.0,0.0,0.29686287,-0.1384481,0.0,0.0,0.0,0.0,0.0,0.0,0.0,0.0,0.0,0.0,0.0,0.0,0.0,0.0,0.0,0.0,0.0,-1.6229231,-0.15540066,-0.20186183,-5.315678,0.0,0.0,0.0,0.0,0.0,0.0,0.0,0.0
1.6226876,0.0,0.007221514,0.0,0.0,-0.01826588,0.0,0.0,0.0,0.0,0.0,0.0,0.0,0.0,0.0,0.0,-0.2232073,0.0038599444,-0.117360875,0.001491507,0.0,0.0,0.0,0.0,0.0,0.0,0.0,0.0,-0.024085382,0.0,0.005423653,0.0,0.0,0.0,0.0,-0.08449265,0.009567602,0.23362368,1.9590354,0.0,0.0,0.0,0.0,0.0,0.0,0.0,0.0,0.29686287,0.13651976,0.0,0.0,0.0,0.0,0.0,0.0,0.0,0.0,0.0,0.0,0.0,0.0,0.0,0.0,0.0,0.0,0.0,-1.5177667,0.118511975,-0.07689339,9.868058,0.0,0.0,0.0,0.0,0.0,0.0,0.0,0.0
-4.5031953,0.0,0.0014946812,0.0,0.0,-0.009802495,0.0,0.0,0.0,0.0,0.0,0.0,0.0,0.0,0.0,0.0,0.22226559,0.0012546185,-0.117360875,0.00032037217,0.0,0.0,0.0,0.0,0.0,0.0,0.0,0.0,-0.012556249,0.0,0.0017642535,0.0,0.0,0.0,0.0,0.009465825,-0.10885771,0.10223992,-1.6748254,0.0,0.0,0.0,0.0,0.0,0.0,0.0,0.0,0.29686287,0.13651976,0.0,0.0,0.0,0.0,0.0,0.0,0.0,0.0,0.0,0.0,0.0,0.0,0.0,0.0,0.0,0.0,0.0,-1.5415614,-0.15540066,-0.20186183,-5.445202,0.0,0.0,0.0,0.0,0.0,0.0,0.0,0.0
-4.883086,0.0,0.0014946812,0.0,0.0,-0.023257487,0.0,0.0,0.0,0.0,0.0,0.0,0.0,0.0,0.0,0.0,0.22088169,0.0012546185,0.14738955,0.00032037217,0.0,0.0,0.0,0.0,0.0,0.0,0.0,0.0,-0.031050395,0.0,0.0017642535,0.0,0.0,0.0,0.0,-0.028543388,0.003149665,-0.08992548,-1.316435,0.0,0.0,0.0,0.0,0.0,0.0,0.0,0.0,0.29686287,-0.1384481,0.0,0.0,0.0,0.0,0.0,0.0,0.0,0.0,0.0,0.0,0.0,0.0,0.0,0.0,0.0,0.0,0.0,-1.6229231,-0.15540066,-0.20186183,-5.315678,0.0,0.0,0.0,0.0,0.0,0.0,0.0,0.0
-3.6424062,0.0,-1.6271869,0.0,0.0,-0.023257487,0.0,0.0,0.0,0.0,0.0,0.0,0.0,0.0,0.0,0.0,0.105810985,-0.089379326,0.14738955,-0.12285965,0.0,0.0,0.0,0.0,0.0,0.0,0.0,0.0,0.018172232,0.0,-0.07536918,0.0,0.0,0.0,0.0,0.0060807792,0.003149665,-0.4128232,-1.6748254,0.0,0.0,0.0,0.0,0.0,0.0,0.0,0.0,-0.26020104,-0.1384481,0.0,0.0,0.0,0.0,0.0,0.0,0.0,0.0,0.0,0.0,0.0,0.0,0.0,0.0,0.0,0.0,0.0,-1.6229231,-0.15540066,-0.20186183,-3.9242172,0.0,0.0,0.0,0.0,0.0,0.0,0.0,0.0
-4.883086,0.0,0.0014946812,0.0,0.0,-0.023257487,0.0,0.0,0.0,0.0,0.0,0.0,0.0,0.0,0.0,0.0,0.22088169,0.0012546185,-0.117360875,0.00032037217,0.0,0.0,0.0,0.0,0.0,0.0,0.0,0.0,-0.031050395,0.0,0.0017642535,0.0,0.0,0.0,0.0,-0.028543388,0.003149665,-0.15619947,-1.316435,0.0,0.0,0.0,0.0,0.0,0.0,0.0,0.0,0.29686287,-0.1384481,0.0,0.0,0.0,0.0,0.0,0.0,0.0,0.0,0.0,0.0,0.0,0.0,0.0,0.0,0.0,0.0,0.0,-1.6229231,-0.15540066,-0.20186183,-5.315678,0.0,0.0,0.0,0.0,0.0,0.0,0.0,0.0
-4.332531,0.0,0.0014946812,0.0,0.0,-0.023257487,0.0,0.0,0.0,0.0,0.0,0.0,0.0,0.0,0.0,0.0,0.11801937,-0.10930079,-0.117360875,-0.12285965,0.0,0.0,0.0,0.0,0.0,0.0,0.0,0.0,-0.031050395,0.0,0.0011707973,0.0,0.0,0.0,0.0,-0.018336069,-0.10885771,-0.45053715,-1.6748254,0.0,0.0,0.0,0.0,0.0,0.0,0.0,0.0,0.29686287,-0.1384481,0.0,0.0,0.0,0.0,0.0,0.0,0.0,0.0,0.0,0.0,0.0,0.0,0.0,0.0,0.0,0.0,0.0,-1.6229231,-0.15540066,-0.20186183,-4.7082396,0.0,0.0,0.0,0.0,0.0,0.0,0.0,0.0
-3.6424062,0.0,-1.6271869,0.0,0.0,-0.023257487,0.0,0.0,0.0,0.0,0.0,0.0,0.0,0.0,0.0,0.0,0.105810985,-0.10930079,0.14738955,-0.12285965,0.0,0.0,0.0,0.0,0.0,0.0,0.0,0.0,0.018172232,0.0,0.0011707973,0.0,0.0,0.0,0.0,0.0060807792,0.003149665,-0.43117172,-1.6748254,0.0,0.0,0.0,0.0,0.0,0.0,0.0,0.0,-0.26020104,-0.1384481,0.0,0.0,0.0,0.0,0.0,0.0,0.0,0.0,0.0,0.0,0.0,0.0,0.0,0.0,0.0,0.0,0.0,-1.6229231,-0.15540066,-0.20186183,-3.9624875,0.0,0.0,0.0,0.0,0.0,0.0,0.0,0.0
1.7505748,0.0,0.007221514,0.0,0.0,-0.01826588,0.0,0.0,0.0,0.0,0.0,0.0,0.0,0.0,0.0,0.0,-0.2165885,0.0038599444,-0.117360875,0.001491507,0.0,0.0,0.0,0.0,0.0,0.0,0.0,0.0,-0.024085382,0.0,0.005423653,0.0,0.0,0.0,0.0,0.028020248,0.009567602,0.23362368,1.7269845,0.0,0.0,0.0,0.0,0.0,0.0,0.0,0.0,-0.26020104,-0.048740946,0.0,0.0,0.0,0.0,0.0,0.0,0.0,0.0,0.0,0.0,0.0,0.0,0.0,0.0,0.0,0.0,0.0,1.3057003,-0.15540066,-0.07689339,9.868058,0.0,0.0,0.0,0.0,0.0,0.0,0.0,0.0
-4.518337,0.0,0.0014946812,0.0,0.0,-0.023257487,0.0,0.0,0.0,0.0,0.0,0.0,0.0,0.0,0.0,0.0,0.105810985,-0.10930079,0.14738955,0.00032037217,0.0,0.0,0.0,0.0,0.0,0.0,0.0,0.0,-0.031050395,0.0,0.0011707973,0.0,0.0,0.0,0.0,0.0060807792,0.003149665,-0.45053715,-1.6748254,0.0,0.0,0.0,0.0,0.0,0.0,0.0,0.0,-0.26020104,-0.1384481,0.0,0.0,0.0,0.0,0.0,0.0,0.0,0.0,0.0,0.0,0.0,0.0,0.0,0.0,0.0,0.0,0.0,-1.6229231,0.118511975,-0.20186183,-4.7698293,0.0,0.0,0.0,0.0,0.0,0.0,0.0,0.0
-4.5031953,0.0,0.0014946812,0.0,0.0,-0.023257487,0.0,0.0,0.0,0.0,0.0,0.0,0.0,0.0,0.0,0.0,0.22226559,0.0012546185,-0.117360875,0.00032037217,0.0,0.0,0.0,0.0,0.0,0.0,0.0,0.0,-0.031050395,0.0,0.0017642535,0.0,0.0,0.0,0.0,0.009465825,-0.10885771,-0.15619947,-1.6748254,0.0,0.0,0.0,0.0,0.0,0.0,0.0,0.0,0.29686287,0.13651976,0.0,0.0,0.0,0.0,0.0,0.0,0.0,0.0,0.0,0.0,0.0,0.0,0.0,0.0,0.0,0.0,0.0,-1.5415614,-0.15540066,-0.20186183,-5.264564,0.0,0.0,0.0,0.0,0.0,0.0,0.0,0.0
1.7505748,0.0,0.007221514,0.0,0.0,-0.01826588,0.0,0.0,0.0,0.0,0.0,0.0,0.0,0.0,0.0,0.0,-0.2165885,0.0038599444,-0.117360875,0.001491507,0.0,0.0,0.0,0.0,0.0,0.0,0.0,0.0,-0.024085382,0.0,0.005423653,0.0,0.0,0.0,0.0,0.028020248,0.009567602,0.23362368,1.7269845,0.0,0.0,0.0,0.0,0.0,0.0,0.0,0.0,-0.26020104,-0.048740946,0.0,0.0,0.0,0.0,0.0,0.0,0.0,0.0,0.0,0.0,0.0,0.0,0.0,0.0,0.0,0.0,0.0,1.3057003,-0.15540066,-0.07689339,9.868058,0.0,0.0,0.0,0.0,0.0,0.0,0.0,0.0
1.6226876,0.0,0.007221514,0.0,0.0,-0.01826588,0.0,0.0,0.0,0.0,0.0,0.0,0.0,0.0,0.0,0.0,-0.2232073,0.0038599444,-0.117360875,0.001491507,0.0,0.0,0.0,0.0,0.0,0.0,0.0,0.0,-0.024085382,0.0,0.005423653,0.0,0.0,0.0,0.0,-0.08449265,0.009567602,0.23362368,1.9590354,0.0,0.0,0.0,0.0,0.0,0.0,0.0,0.0,0.29686287,0.13651976,0.0,0.0,0.0,0.0,0.0,0.0,0.0,0.0,0.0,0.0,0.0,0.0,0.0,0.0,0.0,0.0,0.0,-1.5177667,0.118511975,-0.07689339,9.868058,0.0,0.0,0.0,0.0,0.0,0.0,0.0,0.0
-4.5031953,0.0,0.0014946812,0.0,0.0,-0.023257487,0.0,0.0,0.0,0.0,0.0,0.0,0.0,0.0,0.0,0.0,0.22226559,0.0012546185,0.14738955,0.00032037217,0.0,0.0,0.0,0.0,0.0,0.0,0.0,0.0,-0.031050395,0.0,0.0017642535,0.0,0.0,0.0,0.0,0.009465825,-0.10885771,-0.15619947,-1.6748254,0.0,0.0,0.0,0.0,0.0,0.0,0.0,0.0,0.29686287,0.13651976,0.0,0.0,0.0,0.0,0.0,0.0,0.0,0.0,0.0,0.0,0.0,0.0,0.0,0.0,0.0,0.0,0.0,-1.5415614,-0.15540066,-0.20186183,-5.264564,0.0,0.0,0.0,0.0,0.0,0.0,0.0,0.0
1.7505748,0.0,0.007221514,0.0,0.0,-0.01826588,0.0,0.0,0.0,0.0,0.0,0.0,0.0,0.0,0.0,0.0,-0.2165885,0.0038599444,-0.117360875,0.001491507,0.0,0.0,0.0,0.0,0.0,0.0,0.0,0.0,-0.024085382,0.0,0.005423653,0.0,0.0,0.0,0.0,0.028020248,0.009567602,0.23362368,1.7269845,0.0,0.0,0.0,0.0,0.0,0.0,0.0,0.0,-0.26020104,-0.048740946,0.0,0.0,0.0,0.0,0.0,0.0,0.0,0.0,0.0,0.0,0.0,0.0,0.0,0.0,0.0,0.0,0.0,1.3057003,-0.15540066,-0.07689339,9.868058,0.0,0.0,0.0,0.0,0.0,0.0,0.0,0.0
1.7505748,0.0,0.007221514,0.0,0.0,-0.01826588,0.0,0.0,0.0,0.0,0.0,0.0,0.0,0.0,0.0,0.0,-0.2165885,0.0038599444,-0.117360875,0.001491507,0.0,0.0,0.0,0.0,0.0,0.0,0.0,0.0,-0.024085382,0.0,0.005423653,0.0,0.0,0.0,0.0,0.028020248,0.009567602,0.23362368,1.7269845,0.0,0.0,0.0,0.0,0.0,0.0,0.0,0.0,-0.26020104,-0.048740946,0.0,0.0,0.0,0.0,0.0,0.0,0.0,0.0,0.0,0.0,0.0,0.0,0.0,0.0,0.0,0.0,0.0,1.3057003,-0.15540066,-0.07689339,9.868058,0.0,0.0,0.0,0.0,0.0,0.0,0.0,0.0
-4.5031953,0.0,0.0014946812,0.0,0.0,-0.009802495,0.0,0.0,0.0,0.0,0.0,0.0,0.0,0.0,0.0,0.0,0.22226559,0.0012546185,-0.117360875,0.00032037217,0.0,0.0,0.0,0.0,0.0,0.0,0.0,0.0,-0.012556249,0.0,0.0017642535,0.0,0.0,0.0,0.0,0.009465825,-0.10885771,0.10223992,-1.6748254,0.0,0.0,0.0,0.0,0.0,0.0,0.0,0.0,0.29686287,0.13651976,0.0,0.0,0.0,0.0,0.0,0.0,0.0,0.0,0.0,0.0,0.0,0.0,0.0,0.0,0.0,0.0,0.0,-1.5415614,-0.15540066,-0.20186183,-5.445202,0.0,0.0,0.0,0.0,0.0,0.0,0.0,0.0
-3.6424062,0.0,-1.6271869,0.0,0.0,-0.023257487,0.0,0.0,0.0,0.0,0.0,0.0,0.0,0.0,0.0,0.0,0.105810985,-0.089379326,0.14738955,-0.12285965,0.0,0.0,0.0,0.0,0.0,0.0,0.0,0.0,-0.031050395,0.0,-0.11993132,0.0,0.0,0.0,0.0,0.0060807792,0.003149665,-0.40990752,-1.6748254,0.0,0.0,0.0,0.0,0.0,0.0,0.0,0.0,0.29686287,0.13651976,0.0,0.0,0.0,0.0,0.0,0.0,0.0,0.0,0.0,0.0,0.0,0.0,0.0,0.0,0.0,0.0,0.0,-1.5415614,-0.15540066,-0.20186183,-3.833348,0.0,0.0,0.0,0.0,0.0,0.0,0.0,0.0
-3.6424062,0.0,-1.6271869,0.0,0.0,-0.023257487,0.0,0.0,0.0,0.0,0.0,0.0,0.0,0.0,0.0,0.0,0.105810985,-0.089379326,0.14738955,-0.12285965,0.0,0.0,0.0,0.0,0.0,0.0,0.0,0.0,0.018172232,0.0,-0.11993132,0.0,0.0,0.0,0.0,0.0060807792,0.003149665,-0.3905421,-1.6748254,0.0,0.0,0.0,0.0,0.0,0.0,0.0,0.0,-0.26020104,-0.1384481,0.0,0.0,0.0,0.0,0.0,0.0,0.0,0.0,0.0,0.0,0.0,0.0,0.0,0.0,0.0,0.0,0.0,-1.6229231,-0.15540066,-0.20186183,-3.901936,0.0,0.0,0.0,0.0,0.0,0.0,0.0,0.0
-4.883086,0.0,0.0014946812,0.0,0.0,-0.023257487,0.0,0.0,0.0,0.0,0.0,0.0,0.0,0.0,0.0,0.0,0.22088169,0.0012546185,-0.117360875,0.00032037217,0.0,0.0,0.0,0.0,0.0,0.0,0.0,0.0,-0.031050395,0.0,0.0017642535,0.0,0.0,0.0,0.0,-0.028543388,0.003149665,-0.15619947,-1.316435,0.0,0.0,0.0,0.0,0.0,0.0,0.0,0.0,0.29686287,-0.1384481,0.0,0.0,0.0,0.0,0.0,0.0,0.0,0.0,0.0,0.0,0.0,0.0,0.0,0.0,0.0,0.0,0.0,-1.6229231,-0.15540066,-0.20186183,-5.315678,0.0,0.0,0.0,0.0,0.0,0.0,0.0,0.0
1.7505748,0.0,0.007221514,0.0,0.0,-0.01826588,0.0,0.0,0.0,0.0,0.0,0.0,0.0,0.0,0.0,0.0,-0.2165885,0.0038599444,-0.117360875,0.001491507,0.0,0.0,0.0,0.0,0.0,0.0,0.0,0.0,-0.024085382,0.0,0.005423653,0.0,0.0,0.0,0.0,0.028020248,0.009567602,0.23362368,1.7269845,0.0,0.0,0.0,0.0,0.0,0.0,0.0,0.0,-0.26020104,-0.048740946,0.0,0.0,0.0,0.0,0.0,0.0,0.0,0.0,0.0,0.0,0.0,0.0,0.0,0.0,0.0,0.0,0.0,1.3057003,-0.15540066,-0.07689339,9.868058,0.0,0.0,0.0,0.0,0.0,0.0,0.0,0.0
1.7505748,0.0,0.007221514,0.0,0.0,-0.01826588,0.0,0.0,0.0,0.0,0.0,0.0,0.0,0.0,0.0,0.0,-0.2165885,0.0038599444,-0.117360875,0.001491507,0.0,0.0,0.0,0.0,0.0,0.0,0.0,0.0,-0.024085382,0.0,0.005423653,0.0,0.0,0.0,0.0,0.028020248,0.009567602,0.23362368,1.7269845,0.0,0.0,0.0,0.0,0.0,0.0,0.0,0.0,-0.26020104,-0.048740946,0.0,0.0,0.0,0.0,0.0,0.0,0.0,0.0,0.0,0.0,0.0,0.0,0.0,0.0,0.0,0.0,0.0,1.3057003,-0.15540066,-0.07689339,9.868058,0.0,0.0,0.0,0.0,0.0,0.0,0.0,0.0
-4.518337,0.0,0.0014946812,0.0,0.0,-0.023257487,0.0,0.0,0.0,0.0,0.0,0.0,0.0,0.0,0.0,0.0,0.105810985,-0.10930079,0.14738955,0.00032037217,0.0,0.0,0.0,0.0,0.0,0.0,0.0,0.0,-0.031050395,0.0,0.0011707973,0.0,0.0,0.0,0.0,0.0060807792,0.003149665,-0.45053715,-1.6748254,0.0,0.0,0.0,0.0,0.0,0.0,0.0,0.0,-0.26020104,-0.1384481,0.0,0.0,0.0,0.0,0.0,0.0,0.0,0.0,0.0,0.0,0.0,0.0,0.0,0.0,0.0,0.0,0.0,-1.6229231,0.118511975,-0.20186183,-4.7698293,0.0,0.0,0.0,0.0,0.0,0.0,0.0,0.0
1.7505748,0.0,0.007221514,0.0,0.0,-0.01826588,0.0,0.0,0.0,0.0,0.0,0.0,0.0,0.0,0.0,0.0,-0.2165885,0.0038599444,-0.117360875,0.001491507,0.0,0.0,0.0,0.0,0.0,0.0,0.0,0.0,-0.024085382,0.0,0.005423653,0.0,0.0,0.0,0.0,0.028020248,0.009567602,0.23362368,1.7269845,0.0,0.0,0.0,0.0,0.0,0.0,0.0,0.0,-0.26020104,-0.048740946,0.0,0.0,0.0,0.0,0.0,0.0,0.0,0.0,0.0,0.0,0.0,0.0,0.0,0.0,0.0,0.0,0.0,1.3057003,-0.15540066,-0.07689339,9.868058,0.0,0.0,0.0,0.0,0.0,0.0,0.0,0.0
-4.5031953,0.0,0.0014946812,0.0,0.0,-0.023257487,0.0,0.0,0.0,0.0,0.0,0.0,0.0,0.0,0.0,0.0,0.22226559,0.0012546185,0.14738955,0.00032037217,0.0,0.0,0.0,0.0,0.0,0.0,0.0,0.0,-0.031050395,0.0,0.0017642535,0.0,0.0,0.0,0.0,0.009465825,-0.10885771,-0.15619947,-1.6748254,0.0,0.0,0.0,0.0,0.0,0.0,0.0,0.0,0.29686287,0.13651976,0.0,0.0,0.0,0.0,0.0,0.0,0.0,0.0,0.0,0.0,0.0,0.0,0.0,0.0,0.0,0.0,0.0,-1.5415614,-0.15540066,-0.20186183,-5.264564,0.0,0.0,0.0,0.0,0.0,0.0,0.0,0.0
-3.5303988,0.0,-1.6271869,0.0,0.0,-0.023257487,0.0,0.0,0.0,0.0,0.0,0.0,0.0,0.0,0.0,0.0,0.105810985,-0.10930079,0.14738955,-0.12285965,0.0,0.0,0.0,0.0,0.0,0.0,0.0,0.0,-0.031050395,0.0,0.0011707973,0.0,0.0,0.0,0.0,0.0060807792,-0.10885771,-0.45053715,-1.6748254,0.0,0.0,0.0,0.0,0.0,0.0,0.0,0.0,0.29686287,-0.1384481,0.0,0.0,0.0,0.0,0.0,0.0,0.0,0.0,0.0,0.0,0.0,0.0,0.0,0.0,0.0,0.0,0.0,-1.6229231,-0.15540066,-0.20186183,-3.8938994,0.0,0.0,0.0,0.0,0.0,0.0,0.0,0.0
-4.883086,0.0,0.0014946812,0.0,0.0,-0.023257487,0.0,0.0,0.0,0.0,0.0,0.0,0.0,0.0,0.0,0.0,0.22088169,0.0012546185,-0.117360875,0.00032037217,0.0,0.0,0.0,0.0,0.0,0.0,0.0,0.0,-0.031050395,0.0,0.0017642535,0.0,0.0,0.0,0.0,-0.028543388,0.003149665,-0.15619947,-1.316435,0.0,0.0,0.0,0.0,0.0,0.0,0.0,0.0,0.29686287,-0.1384481,0.0,0.0,0.0,0.0,0.0,0.0,0.0,0.0,0.0,0.0,0.0,0.0,0.0,0.0,0.0,0.0,0.0,-1.6229231,-0.15540066,-0.20186183,-5.315678,0.0,0.0,0.0,0.0,0.0,0.0,0.0,0.0
-4.5061283,0.0,0.0014946812,0.0,0.0,-0.023257487,0.0,0.0,0.0,0.0,0.0,0.0,0.0,0.0,0.0,0.0,0.11801937,0.0012546185,-0.117360875,0.00032037217,0.0,0.0,0.0,0.0,0.0,0.0,0.0,0.0,-0.031050395,0.0,0.0014535065,0.0,0.0,0.0,0.0,-0.018336069,0.003149665,-0.3329435,-1.6748254,0.0,0.0,0.0,0.0,0.0,0.0,0.0,0.0,0.29686287,-0.1384481,0.0,0.0,0.0,0.0,0.0,0.0,0.0,0.0,0.0,0.0,0.0,0.0,0.0,0.0,0.0,0.0,0.0,-1.6229231,-0.15540066,-0.20186183,-4.998261,0.0,0.0,0.0,0.0,0.0,0.0,0.0,0.0
1.6226876,0.0,0.007221514,0.0,0.0,-0.01826588,0.0,0.0,0.0,0.0,0.0,0.0,0.0,0.0,0.0,0.0,-0.2232073,0.0038599444,-0.117360875,0.001491507,0.0,0.0,0.0,0.0,0.0,0.0,0.0,0.0,-0.024085382,0.0,0.005423653,0.0,0.0,0.0,0.0,-0.08449265,0.009567602,0.23362368,1.9590354,0.0,0.0,0.0,0.0,0.0,0.0,0.0,0.0,0.29686287,0.13651976,0.0,0.0,0.0,0.0,0.0,0.0,0.0,0.0,0.0,0.0,0.0,0.0,0.0,0.0,0.0,0.0,0.0,-1.5177667,0.118511975,-0.07689339,9.868058,0.0,0.0,0.0,0.0,0.0,0.0,0.0,0.0
-3.6424062,0.0,-1.6271869,0.0,0.0,-0.023257487,0.0,0.0,0.0,0.0,0.0,0.0,0.0,0.0,0.0,0.0,0.105810985,-0.089379326,0.14738955,-0.12285965,0.0,0.0,0.0,0.0,0.0,0.0,0.0,0.0,0.018172232,0.0,-0.11993132,0.0,0.0,0.0,0.0,0.0060807792,0.003149665,-0.3905421,-1.6748254,0.0,0.0,0.0,0.0,0.0,0.0,0.0,0.0,-0.26020104,-0.1384481,0.0,0.0,0.0,0.0,0.0,0.0,0.0,0.0,0.0,0.0,0.0,0.0,0.0,0.0,0.0,0.0,0.0,-1.6229231,-0.15540066,-0.20186183,-3.901936,0.0,0.0,0.0,0.0,0.0,0.0,0.0,0.0
1.7505748,0.0,0.007221514,0.0,0.0,0.07304284,0.0,0.0,0.0,0.0,0.0,0.0,0.0,0.0,0.0,0.0,0.23856746,0.0038599444,0.14738955,0.001491507,0.0,0.0,0.0,0.0,0.0,0.0,0.0,0.0,0.06467286,0.0,0.005423653,0.0,0.0,0.0,0.0,0.028020248,0.009567602,-0.11610402,-0.9718683,0.0,0.0,0.0,0.0,0.0,0.0,0.0,0.0,-0.26020104,-0.048740946,0.0,0.0,0.0,0.0,0.0,0.0,0.0,0.0,0.0,0.0,0.0,0.0,0.0,0.0,0.0,0.0,0.0,1.5063707,0.118511975,0.49909496,9.829046,0.0,0.0,0.0,0.0,0.0,0.0,0.0,0.0
-4.883086,0.0,0.0014946812,0.0,0.0,-0.023257487,0.0,0.0,0.0,0.0,0.0,0.0,0.0,0.0,0.0,0.0,0.22088169,0.0012546185,-0.117360875,0.00032037217,0.0,0.0,0.0,0.0,0.0,0.0,0.0,0.0,-0.031050395,0.0,0.0017642535,0.0,0.0,0.0,0.0,-0.028543388,0.003149665,-0.15619947,-1.316435,0.0,0.0,0.0,0.0,0.0,0.0,0.0,0.0,0.29686287,-0.1384481,0.0,0.0,0.0,0.0,0.0,0.0,0.0,0.0,0.0,0.0,0.0,0.0,0.0,0.0,0.0,0.0,0.0,-1.6229231,-0.15540066,-0.20186183,-5.315678,0.0,0.0,0.0,0.0,0.0,0.0,0.0,0.0
1.6226876,0.0,0.007221514,0.0,0.0,-0.01826588,0.0,0.0,0.0,0.0,0.0,0.0,0.0,0.0,0.0,0.0,-0.2232073,0.0038599444,-0.117360875,0.001491507,0.0,0.0,0.0,0.0,0.0,0.0,0.0,0.0,-0.024085382,0.0,0.005423653,0.0,0.0,0.0,0.0,-0.08449265,0.009567602,0.23362368,1.9590354,0.0,0.0,0.0,0.0,0.0,0.0,0.0,0.0,0.29686287,0.13651976,0.0,0.0,0.0,0.0,0.0,0.0,0.0,0.0,0.0,0.0,0.0,0.0,0.0,0.0,0.0,0.0,0.0,-1.5177667,0.118511975,-0.07689339,9.868058,0.0,0.0,0.0,0.0,0.0,0.0,0.0,0.0
1.7505748,0.0,0.007221514,0.0,0.0,-0.01826588,0.0,0.0,0.0,0.0,0.0,0.0,0.0,0.0,0.0,0.0,-0.2165885,0.0038599444,-0.117360875,0.001491507,0.0,0.0,0.0,0.0,0.0,0.0,0.0,0.0,-0.024085382,0.0,0.005423653,0.0,0.0,0.0,0.0,0.028020248,0.009567602,0.23362368,1.7269845,0.0,0.0,0.0,0.0,0.0,0.0,0.0,0.0,-0.26020104,-0.048740946,0.0,0.0,0.0,0.0,0.0,0.0,0.0,0.0,0.0,0.0,0.0,0.0,0.0,0.0,0.0,0.0,0.0,1.3057003,-0.15540066,-0.07689339,9.868058,0.0,0.0,0.0,0.0,0.0,0.0,0.0,0.0
1.7505748,0.0,0.007221514,0.0,0.0,-0.01826588,0.0,0.0,0.0,0.0,0.0,0.0,0.0,0.0,0.0,0.0,-0.2165885,0.0038599444,-0.117360875,0.001491507,0.0,0.0,0.0,0.0,0.0,0.0,0.0,0.0,-0.024085382,0.0,0.005423653,0.0,0.0,0.0,0.0,0.028020248,0.009567602,0.23362368,1.7269845,0.0,0.0,0.0,0.0,0.0,0.0,0.0,0.0,-0.26020104,-0.048740946,0.0,0.0,0.0,0.0,0.0,0.0,0.0,0.0,0.0,0.0,0.0,0.0,0.0,0.0,0.0,0.0,0.0,1.3057003,-0.15540066,-0.07689339,9.868058,0.0,0.0,0.0,0.0,0.0,0.0,0.0,0.0
1.7505748,0.0,0.007221514,0.0,0.0,-0.01826588,0.0,0.0,0.0,0.0,0.0,0.0,0.0,0.0,0.0,0.0,-0.44185206,0.0038599444,-0.117360875,0.001491507,0.0,0.0,0.0,0.0,0.0,0.0,0.0,0.0,-0.024085382,0.0,0.005423653,0.0,0.0,0.0,0.0,0.028020248,0.009567602,0.23362368,1.0459167,0.0,0.0,0.0,0.0,0.0,0.0,0.0,0.0,-0.26020104,-0.048740946,0.0,0.0,0.0,0.0,0.0,0.0,0.0,0.0,0.0,0.0,0.0,0.0,0.0,0.0,0.0,0.0,0.0,1.3985182,-0.15540066,-0.07689339,9.868058,0.0,0.0,0.0,0.0,0.0,0.0,0.0,0.0
1.6226876,0.0,0.007221514,0.0,0.0,-0.01826588,0.0,0.0,0.0,0.0,0.0,0.0,0.0,0.0,0.0,0.0,-0.2232073,0.0038599444,-0.117360875,0.001491507,0.0,0.0,0.0,0.0,0.0,0.0,0.0,0.0,-0.024085382,0.0,0.005423653,0.0,0.0,0.0,0.0,-0.08449265,0.009567602,0.23362368,1.9590354,0.0,0.0,0.0,0.0,0.0,0.0,0.0,0.0,0.29686287,0.13651976,0.0,0.0,0.0,0.0,0.0,0.0,0.0,0.0,0.0,0.0,0.0,0.0,0.0,0.0,0.0,0.0,0.0,-1.5177667,0.118511975,-0.07689339,9.868058,0.0,0.0,0.0,0.0,0.0,0.0,0.0,0.0
-4.883086,0.0,0.0014946812,0.0,0.0,-0.023257487,0.0,0.0,0.0,0.0,0.0,0.0,0.0,0.0,0.0,0.0,0.22088169,0.0012546185,-0.117360875,0.00032037217,0.0,0.0,0.0,0.0,0.0,0.0,0.0,0.0,-0.031050395,0.0,0.0017642535,0.0,0.0,0.0,0.0,-0.028543388,0.003149665,-0.15619947,-1.316435,0.0,0.0,0.0,0.0,0.0,0.0,0.0,0.0,0.29686287,0.13651976,0.0,0.0,0.0,0.0,0.0,0.0,0.0,0.0,0.0,0.0,0.0,0.0,0.0,0.0,0.0,0.0,0.0,-1.5415614,0.118511975,-0.20186183,-5.315678,0.0,0.0,0.0,0.0,0.0,0.0,0.0,0.0
-3.6424062,0.0,-1.6271869,0.0,0.0,-0.023257487,0.0,0.0,0.0,0.0,0.0,0.0,0.0,0.0,0.0,0.0,0.105810985,-0.089379326,0.14738955,-0.12285965,0.0,0.0,0.0,0.0,0.0,0.0,0.0,0.0,0.018172232,0.0,-0.11993132,0.0,0.0,0.0,0.0,0.0060807792,0.003149665,-0.3905421,-1.507992,0.0,0.0,0.0,0.0,0.0,0.0,0.0,0.0,-0.26020104,-0.1384481,0.0,0.0,0.0,0.0,0.0,0.0,0.0,0.0,0.0,0.0,0.0,0.0,0.0,0.0,0.0,0.0,0.0,-1.6229231,0.118511975,0.49909496,-3.901936,0.0,0.0,0.0,0.0,0.0,0.0,0.0,0.0
-3.6424062,0.0,-1.6271869,0.0,0.0,-0.023257487,0.0,0.0,0.0,0.0,0.0,0.0,0.0,0.0,0.0,0.0,0.105810985,-0.089379326,0.14738955,-0.12285965,0.0,0.0,0.0,0.0,0.0,0.0,0.0,0.0,0.018172232,0.0,-0.11993132,0.0,0.0,0.0,0.0,0.0060807792,0.003149665,-0.3905421,-1.6748254,0.0,0.0,0.0,0.0,0.0,0.0,0.0,0.0,-0.26020104,-0.1384481,0.0,0.0,0.0,0.0,0.0,0.0,0.0,0.0,0.0,0.0,0.0,0.0,0.0,0.0,0.0,0.0,0.0,-1.6229231,-0.15540066,-0.20186183,-3.901936,0.0,0.0,0.0,0.0,0.0,0.0,0.0,0.0
-3.6424062,0.0,-1.6271869,0.0,0.0,-0.023257487,0.0,0.0,0.0,0.0,0.0,0.0,0.0,0.0,0.0,0.0,0.105810985,-0.10930079,0.14738955,-0.12285965,0.0,0.0,0.0,0.0,0.0,0.0,0.0,0.0,0.018172232,0.0,0.0011707973,0.0,0.0,0.0,0.0,0.0060807792,0.003149665,-0.43117172,-1.6748254,0.0,0.0,0.0,0.0,0.0,0.0,0.0,0.0,-0.26020104,-0.1384481,0.0,0.0,0.0,0.0,0.0,0.0,0.0,0.0,0.0,0.0,0.0,0.0,0.0,0.0,0.0,0.0,0.0,-1.6229231,0.118511975,-0.20186183,-3.9624875,0.0,0.0,0.0,0.0,0.0,0.0,0.0,0.0
-4.5031953,0.0,0.0014946812,0.0,0.0,-0.023257487,0.0,0.0,0.0,0.0,0.0,0.0,0.0,0.0,0.0,0.0,0.22226559,0.0012546185,-0.117360875,0.00032037217,0.0,0.0,0.0,0.0,0.0,0.0,0.0,0.0,-0.031050395,0.0,0.0017642535,0.0,0.0,0.0,0.0,0.009465825,-0.10885771,-0.15619947,-1.6748254,0.0,0.0,0.0,0.0,0.0,0.0,0.0,0.0,0.29686287,0.13651976,0.0,0.0,0.0,0.0,0.0,0.0,0.0,0.0,0.0,0.0,0.0,0.0,0.0,0.0,0.0,0.0,0.0,-1.5415614,-0.15540066,-0.20186183,-5.264564,0.0,0.0,0.0,0.0,0.0,0.0,0.0,0.0
-4.518337,0.0,0.0014946812,0.0,0.0,-0.023257487,0.0,0.0,0.0,0.0,0.0,0.0,0.0,0.0,0.0,0.0,0.105810985,0.0012546185,0.14738955,0.00032037217,0.0,0.0,0.0,0.0,0.0,0.0,0.0,0.0,0.018172232,0.0,0.0013591386,0.0,0.0,0.0,0.0,0.0060807792,0.003149665,-0.43117172,-1.6748254,0.0,0.0,0.0,0.0,0.0,0.0,0.0,0.0,-0.26020104,-0.1384481,0.0,0.0,0.0,0.0,0.0,0.0,0.0,0.0,0.0,0.0,0.0,0.0,0.0,0.0,0.0,0.0,0.0,-1.6229231,0.118511975,-0.20186183,-4.9491615,0.0,0.0,0.0,0.0,0.0,0.0,0.0,0.0
1.7505748,0.0,0.007221514,0.0,0.0,-0.01826588,0.0,0.0,0.0,0.0,0.0,0.0,0.0,0.0,0.0,0.0,-0.2165885,0.0038599444,-0.117360875,0.001491507,0.0,0.0,0.0,0.0,0.0,0.0,0.0,0.0,-0.024085382,0.0,0.005423653,0.0,0.0,0.0,0.0,0.028020248,0.009567602,0.23362368,1.7269845,0.0,0.0,0.0,0.0,0.0,0.0,0.0,0.0,-0.26020104,-0.048740946,0.0,0.0,0.0,0.0,0.0,0.0,0.0,0.0,0.0,0.0,0.0,0.0,0.0,0.0,0.0,0.0,0.0,1.3057003,-0.15540066,-0.07689339,9.868058,0.0,0.0,0.0,0.0,0.0,0.0,0.0,0.0
1.7505748,0.0,0.007221514,0.0,0.0,-0.01826588,0.0,0.0,0.0,0.0,0.0,0.0,0.0,0.0,0.0,0.0,-0.2165885,0.0038599444,-0.117360875,0.001491507,0.0,0.0,0.0,0.0,0.0,0.0,0.0,0.0,-0.024085382,0.0,0.005423653,0.0,0.0,0.0,0.0,0.028020248,0.009567602,0.23362368,1.7269845,0.0,0.0,0.0,0.0,0.0,0.0,0.0,0.0,-0.26020104,-0.048740946,0.0,0.0,0.0,0.0,0.0,0.0,0.0,0.0,0.0,0.0,0.0,0.0,0.0,0.0,0.0,0.0,0.0,1.3057003,-0.15540066,-0.07689339,9.868058,0.0,0.0,0.0,0.0,0.0,0.0,0.0,0.0
-4.5031953,0.0,0.0014946812,0.0,0.0,-0.009802495,0.0,0.0,0.0,0.0,0.0,0.0,0.0,0.0,0.0,0.0,-0.23289037,0.0012546185,-0.117360875,0.00032037217,0.0,0.0,0.0,0.0,0.0,0.0,0.0,0.0,-0.012556249,0.0,0.0017642535,0.0,0.0,0.0,0.0,0.009465825,-0.10885771,0.10223992,-1.6748254,0.0,0.0,0.0,0.0,0.0,0.0,0.0,0.0,0.29686287,0.13651976,0.0,0.0,0.0,0.0,0.0,0.0,0.0,0.0,0.0,0.0,0.0,0.0,0.0,0.0,0.0,0.0,0.0,-1.5415614,-0.15540066,-0.20186183,-5.445202,0.0,0.0,0.0,0.0,0.0,0.0,0.0,0.0
1.7505748,0.0,0.007221514,0.0,0.0,-0.01826588,0.0,0.0,0.0,0.0,0.0,0.0,0.0,0.0,0.0,0.0,-0.2165885,0.0038599444,-0.117360875,0.001491507,0.0,0.0,0.0,0.0,0.0,0.0,0.0,0.0,-0.024085382,0.0,0.005423653,0.0,0.0,0.0,0.0,0.028020248,0.009567602,0.23362368,1.5555501,0.0,0.0,0.0,0.0,0.0,0.0,0.0,0.0,-0.26020104,-0.048740946,0.0,0.0,0.0,0.0,0.0,0.0,0.0,0.0,0.0,0.0,0.0,0.0,0.0,0.0,0.0,0.0,0.0,1.3985182,-0.15540066,-0.07689339,9.868058,0.0,0.0,0.0,0.0,0.0,0.0,0.0,0.0
1.7505748,0.0,0.007221514,0.0,0.0,0.07304284,0.0,0.0,0.0,0.0,0.0,0.0,0.0,0.0,0.0,0.0,0.23856746,0.0038599444,0.14738955,0.001491507,0.0,0.0,0.0,0.0,0.0,0.0,0.0,0.0,0.06467286,0.0,0.005423653,0.0,0.0,0.0,0.0,0.028020248,0.009567602,-0.11610402,-0.9718683,0.0,0.0,0.0,0.0,0.0,0.0,0.0,0.0,-0.26020104,-0.048740946,0.0,0.0,0.0,0.0,0.0,0.0,0.0,0.0,0.0,0.0,0.0,0.0,0.0,0.0,0.0,0.0,0.0,1.5063707,0.118511975,0.49909496,9.829046,0.0,0.0,0.0,0.0,0.0,0.0,0.0,0.0
-4.922479,0.0,0.0014946812,0.0,0.0,-0.023257487,0.0,0.0,0.0,0.0,0.0,0.0,0.0,0.0,0.0,0.0,0.22226559,0.0012546185,0.14738955,0.00032037217,0.0,0.0,0.0,0.0,0.0,0.0,0.0,0.0,-0.031050395,0.0,0.0017642535,0.0,0.0,0.0,0.0,0.009465825,0.003149665,-0.15619947,-1.316435,0.0,0.0,0.0,0.0,0.0,0.0,0.0,0.0,-0.26020104,-0.1384481,0.0,0.0,0.0,0.0,0.0,0.0,0.0,0.0,0.0,0.0,0.0,0.0,0.0,0.0,0.0,0.0,0.0,-1.6229231,-0.15540066,-0.20186183,-5.315678,0.0,0.0,0.0,0.0,0.0,0.0,0.0,0.0
1.7505748,0.0,0.007221514,0.0,0.0,0.07304284,0.0,0.0,0.0,0.0,0.0,0.0,0.0,0.0,0.0,0.0,0.23856746,0.0038599444,0.14738955,0.001491507,0.0,0.0,0.0,0.0,0.0,0.0,0.0,0.0,0.06467286,0.0,0.005423653,0.0,0.0,0.0,0.0,0.028020248,0.009567602,-0.11610402,-0.9718683,0.0,0.0,0.0,0.0,0.0,0.0,0.0,0.0,-0.26020104,-0.048740946,0.0,0.0,0.0,0.0,0.0,0.0,0.0,0.0,0.0,0.0,0.0,0.0,0.0,0.0,0.0,0.0,0.0,1.5063707,0.118511975,0.49909496,9.829046,0.0,0.0,0.0,0.0,0.0,0.0,0.0,0.0
1.7505748,0.0,0.007221514,0.0,0.0,-0.01826588,0.0,0.0,0.0,0.0,0.0,0.0,0.0,0.0,0.0,0.0,-0.2165885,0.0038599444,-0.117360875,0.001491507,0.0,0.0,0.0,0.0,0.0,0.0,0.0,0.0,-0.024085382,0.0,0.005423653,0.0,0.0,0.0,0.0,0.028020248,0.009567602,0.23362368,1.7269845,0.0,0.0,0.0,0.0,0.0,0.0,0.0,0.0,-0.26020104,-0.048740946,0.0,0.0,0.0,0.0,0.0,0.0,0.0,0.0,0.0,0.0,0.0,0.0,0.0,0.0,0.0,0.0,0.0,1.3057003,-0.15540066,-0.07689339,9.868058,0.0,0.0,0.0,0.0,0.0,0.0,0.0,0.0
-4.883086,0.0,0.0014946812,0.0,0.0,-0.023257487,0.0,0.0,0.0,0.0,0.0,0.0,0.0,0.0,0.0,0.0,0.22088169,0.0012546185,-0.117360875,0.00032037217,0.0,0.0,0.0,0.0,0.0,0.0,0.0,0.0,-0.031050395,0.0,0.0017642535,0.0,0.0,0.0,0.0,-0.028543388,0.003149665,-0.15619947,-1.316435,0.0,0.0,0.0,0.0,0.0,0.0,0.0,0.0,0.29686287,-0.1384481,0.0,0.0,0.0,0.0,0.0,0.0,0.0,0.0,0.0,0.0,0.0,0.0,0.0,0.0,0.0,0.0,0.0,-1.6229231,-0.15540066,-0.20186183,-5.315678,0.0,0.0,0.0,0.0,0.0,0.0,0.0,0.0
-4.883086,0.0,0.0014946812,0.0,0.0,-0.023257487,0.0,0.0,0.0,0.0,0.0,0.0,0.0,0.0,0.0,0.0,0.22088169,0.0012546185,-0.117360875,0.00032037217,0.0,0.0,0.0,0.0,0.0,0.0,0.0,0.0,-0.031050395,0.0,0.0017642535,0.0,0.0,0.0,0.0,-0.028543388,0.003149665,-0.08992548,-1.316435,0.0,0.0,0.0,0.0,0.0,0.0,0.0,0.0,0.29686287,-0.1384481,0.0,0.0,0.0,0.0,0.0,0.0,0.0,0.0,0.0,0.0,0.0,0.0,0.0,0.0,0.0,0.0,0.0,-1.6229231,-0.15540066,-0.20186183,-5.315678,0.0,0.0,0.0,0.0,0.0,0.0,0.0,0.0
-3.6424062,0.0,-1.6271869,0.0,0.0,-0.023257487,0.0,0.0,0.0,0.0,0.0,0.0,0.0,0.0,0.0,0.0,0.105810985,-0.089379326,0.14738955,-0.12285965,0.0,0.0,0.0,0.0,0.0,0.0,0.0,0.0,0.018172232,0.0,-0.11993132,0.0,0.0,0.0,0.0,0.0060807792,0.003149665,-0.3905421,-1.6748254,0.0,0.0,0.0,0.0,0.0,0.0,0.0,0.0,-0.26020104,-0.1384481,0.0,0.0,0.0,0.0,0.0,0.0,0.0,0.0,0.0,0.0,0.0,0.0,0.0,0.0,0.0,0.0,0.0,-1.6229231,0.118511975,-0.20186183,-3.901936,0.0,0.0,0.0,0.0,0.0,0.0,0.0,0.0
-4.883086,0.0,0.0014946812,0.0,0.0,-0.023257487,0.0,0.0,0.0,0.0,0.0,0.0,0.0,0.0,0.0,0.0,0.22088169,0.0012546185,-0.117360875,0.00032037217,0.0,0.0,0.0,0.0,0.0,0.0,0.0,0.0,-0.031050395,0.0,0.0017642535,0.0,0.0,0.0,0.0,-0.028543388,0.003149665,-0.15619947,-1.316435,0.0,0.0,0.0,0.0,0.0,0.0,0.0,0.0,0.29686287,-0.1384481,0.0,0.0,0.0,0.0,0.0,0.0,0.0,0.0,0.0,0.0,0.0,0.0,0.0,0.0,0.0,0.0,0.0,-1.6229231,-0.15540066,-0.20186183,-5.315678,0.0,0.0,0.0,0.0,0.0,0.0,0.0,0.0
-4.922479,0.0,0.0014946812,0.0,0.0,-0.023257487,0.0,0.0,0.0,0.0,0.0,0.0,0.0,0.0,0.0,0.0,0.22226559,0.0012546185,0.14738955,0.00032037217,0.0,0.0,0.0,0.0,0.0,0.0,0.0,0.0,-0.031050395,0.0,0.0017642535,0.0,0.0,0.0,0.0,0.009465825,0.003149665,-0.15095578,-1.316435,0.0,0.0,0.0,0.0,0.0,0.0,0.0,0.0,-0.26020104,-0.1384481,0.0,0.0,0.0,0.0,0.0,0.0,0.0,0.0,0.0,0.0,0.0,0.0,0.0,0.0,0.0,0.0,0.0,-1.6229231,0.118511975,-0.20186183,-5.2546477,0.0,0.0,0.0,0.0,0.0,0.0,0.0,0.0
-4.883086,0.0,0.0014946812,0.0,0.0,-0.023257487,0.0,0.0,0.0,0.0,0.0,0.0,0.0,0.0,0.0,0.0,0.22088169,0.0012546185,-0.117360875,0.00032037217,0.0,0.0,0.0,0.0,0.0,0.0,0.0,0.0,-0.031050395,0.0,0.0017642535,0.0,0.0,0.0,0.0,-0.028543388,0.003149665,-0.15619947,-1.316435,0.0,0.0,0.0,0.0,0.0,0.0,0.0,0.0,0.29686287,0.13651976,0.0,0.0,0.0,0.0,0.0,0.0,0.0,0.0,0.0,0.0,0.0,0.0,0.0,0.0,0.0,0.0,0.0,-1.5415614,0.118511975,-0.20186183,-5.315678,0.0,0.0,0.0,0.0,0.0,0.0,0.0,0.0
-4.518337,0.0,0.0014946812,0.0,0.0,-0.023257487,0.0,0.0,0.0,0.0,0.0,0.0,0.0,0.0,0.0,0.0,0.105810985,-0.10930079,0.14738955,0.00032037217,0.0,0.0,0.0,0.0,0.0,0.0,0.0,0.0,-0.031050395,0.0,0.0011707973,0.0,0.0,0.0,0.0,0.0060807792,0.003149665,-0.45053715,-1.6748254,0.0,0.0,0.0,0.0,0.0,0.0,0.0,0.0,-0.26020104,-0.1384481,0.0,0.0,0.0,0.0,0.0,0.0,0.0,0.0,0.0,0.0,0.0,0.0,0.0,0.0,0.0,0.0,0.0,-1.6229231,0.118511975,-0.20186183,-4.7698293,0.0,0.0,0.0,0.0,0.0,0.0,0.0,0.0
1.7505748,0.0,0.007221514,0.0,0.0,-0.07818855,0.0,0.0,0.0,0.0,0.0,0.0,0.0,0.0,0.0,0.0,0.23856746,0.0038599444,0.14738955,0.001491507,0.0,0.0,0.0,0.0,0.0,0.0,0.0,0.0,0.06467286,0.0,0.005423653,0.0,0.0,0.0,0.0,0.028020248,0.009567602,-0.18978627,-0.9718683,0.0,0.0,0.0,0.0,0.0,0.0,0.0,0.0,-0.26020104,-0.048740946,0.0,0.0,0.0,0.0,0.0,0.0,0.0,0.0,0.0,0.0,0.0,0.0,0.0,0.0,0.0,0.0,0.0,1.5063707,0.118511975,0.49909496,9.784328,0.0,0.0,0.0,0.0,0.0,0.0,0.0,0.0
-4.922479,0.0,0.0014946812,0.0,0.0,-0.023257487,0.0,0.0,0.0,0.0,0.0,0.0,0.0,0.0,0.0,0.0,0.22226559,0.0010259486,0.14738955,0.00032037217,0.0,0.0,0.0,0.0,0.0,0.0,0.0,0.0,-0.031050395,0.0,-0.18059574,0.0,0.0,0.0,0.0,0.009465825,0.003149665,-0.23026247,-1.316435,0.0,0.0,0.0,0.0,0.0,0.0,0.0,0.0,-0.26020104,-0.1384481,0.0,0.0,0.0,0.0,0.0,0.0,0.0,0.0,0.0,0.0,0.0,0.0,0.0,0.0,0.0,0.0,0.0,-1.6229231,-0.15540066,-0.20186183,-4.992752,0.0,0.0,0.0,0.0,0.0,0.0,0.0,0.0
1.7505748,0.0,0.007221514,0.0,0.0,-0.01826588,0.0,0.0,0.0,0.0,0.0,0.0,0.0,0.0,0.0,0.0,-0.2165885,0.0038599444,-0.117360875,0.001491507,0.0,0.0,0.0,0.0,0.0,0.0,0.0,0.0,-0.024085382,0.0,0.005423653,0.0,0.0,0.0,0.0,0.028020248,0.009567602,0.23362368,1.7269845,0.0,0.0,0.0,0.0,0.0,0.0,0.0,0.0,-0.26020104,-0.048740946,0.0,0.0,0.0,0.0,0.0,0.0,0.0,0.0,0.0,0.0,0.0,0.0,0.0,0.0,0.0,0.0,0.0,1.3057003,-0.15540066,-0.07689339,9.868058,0.0,0.0,0.0,0.0,0.0,0.0,0.0,0.0
1.6226876,0.0,0.007221514,0.0,0.0,-0.01826588,0.0,0.0,0.0,0.0,0.0,0.0,0.0,0.0,0.0,0.0,-0.2232073,0.0038599444,-0.117360875,0.001491507,0.0,0.0,0.0,0.0,0.0,0.0,0.0,0.0,-0.024085382,0.0,0.005423653,0.0,0.0,0.0,0.0,-0.08449265,0.009567602,0.23362368,1.9590354,0.0,0.0,0.0,0.0,0.0,0.0,0.0,0.0,0.29686287,0.13651976,0.0,0.0,0.0,0.0,0.0,0.0,0.0,0.0,0.0,0.0,0.0,0.0,0.0,0.0,0.0,0.0,0.0,-1.5177667,0.118511975,-0.07689339,9.868058,0.0,0.0,0.0,0.0,0.0,0.0,0.0,0.0
-4.922479,0.0,0.0014946812,0.0,0.0,-0.023257487,0.0,0.0,0.0,0.0,0.0,0.0,0.0,0.0,0.0,0.0,0.22226559,0.0012546185,0.14738955,0.00032037217,0.0,0.0,0.0,0.0,0.0,0.0,0.0,0.0,-0.031050395,0.0,0.0017642535,0.0,0.0,0.0,0.0,0.009465825,0.003149665,-0.15619947,-1.316435,0.0,0.0,0.0,0.0,0.0,0.0,0.0,0.0,-0.26020104,-0.1384481,0.0,0.0,0.0,0.0,0.0,0.0,0.0,0.0,0.0,0.0,0.0,0.0,0.0,0.0,0.0,0.0,0.0,-1.6229231,-0.15540066,-0.20186183,-5.315678,0.0,0.0,0.0,0.0,0.0,0.0,0.0,0.0
-4.883086,0.0,0.0014946812,0.0,0.0,-0.023257487,0.0,0.0,0.0,0.0,0.0,0.0,0.0,0.0,0.0,0.0,0.22088169,0.0012546185,-0.117360875,0.00032037217,0.0,0.0,0.0,0.0,0.0,0.0,0.0,0.0,-0.031050395,0.0,0.0017642535,0.0,0.0,0.0,0.0,-0.028543388,0.003149665,-0.15619947,-1.316435,0.0,0.0,0.0,0.0,0.0,0.0,0.0,0.0,0.29686287,-0.1384481,0.0,0.0,0.0,0.0,0.0,0.0,0.0,0.0,0.0,0.0,0.0,0.0,0.0,0.0,0.0,0.0,0.0,-1.6229231,-0.15540066,-0.20186183,-5.315678,0.0,0.0,0.0,0.0,0.0,0.0,0.0,0.0
1.7505748,0.0,0.007221514,0.0,0.0,-0.01826588,0.0,0.0,0.0,0.0,0.0,0.0,0.0,0.0,0.0,0.0,-0.2165885,0.0038599444,-0.117360875,0.001491507,0.0,0.0,0.0,0.0,0.0,0.0,0.0,0.0,-0.024085382,0.0,0.005423653,0.0,0.0,0.0,0.0,0.028020248,0.009567602,0.23362368,1.7269845,0.0,0.0,0.0,0.0,0.0,0.0,0.0,0.0,-0.26020104,-0.048740946,0.0,0.0,0.0,0.0,0.0,0.0,0.0,0.0,0.0,0.0,0.0,0.0,0.0,0.0,0.0,0.0,0.0,1.3057003,-0.15540066,-0.07689339,9.868058,0.0,0.0,0.0,0.0,0.0,0.0,0.0,0.0
-4.630806,0.0,0.0014946812,0.0,0.0,-0.009802495,0.0,0.0,0.0,0.0,0.0,0.0,0.0,0.0,0.0,0.0,0.22226559,0.0012546185,-0.117360875,0.00032037217,0.0,0.0,0.0,0.0,0.0,0.0,0.0,0.0,-0.012556249,0.0,0.0017642535,0.0,0.0,0.0,0.0,0.009465825,-0.10885771,0.10223992,-1.5282797,0.0,0.0,0.0,0.0,0.0,0.0,0.0,0.0,0.29686287,0.04806206,0.0,0.0,0.0,0.0,0.0,0.0,0.0,0.0,0.0,0.0,0.0,0.0,0.0,0.0,0.0,0.0,0.0,1.3433123,-0.15540066,-0.20186183,-5.445202,0.0,0.0,0.0,0.0,0.0,0.0,0.0,0.0
-3.6424062,0.0,-1.6271869,0.0,0.0,0.02172687,0.0,0.0,0.0,0.0,0.0,0.0,0.0,0.0,0.0,0.0,0.105810985,-0.089379326,0.14738955,-0.12285965,0.0,0.0,0.0,0.0,0.0,0.0,0.0,0.0,0.018172232,0.0,-0.11993132,0.0,0.0,0.0,0.0,0.0060807792,0.003149665,-0.3739975,-1.6748254,0.0,0.0,0.0,0.0,0.0,0.0,0.0,0.0,-0.26020104,-0.1384481,0.0,0.0,0.0,0.0,0.0,0.0,0.0,0.0,0.0,0.0,0.0,0.0,0.0,0.0,0.0,0.0,0.0,-1.6229231,0.118511975,-0.20186183,-3.9634647,0.0,0.0,0.0,0.0,0.0,0.0,0.0,0.0
-4.883086,0.0,0.0014946812,0.0,0.0,-0.023257487,0.0,0.0,0.0,0.0,0.0,0.0,0.0,0.0,0.0,0.0,0.22088169,0.0012546185,-0.117360875,0.00032037217,0.0,0.0,0.0,0.0,0.0,0.0,0.0,0.0,-0.031050395,0.0,0.0017642535,0.0,0.0,0.0,0.0,-0.028543388,0.003149665,-0.15619947,-1.316435,0.0,0.0,0.0,0.0,0.0,0.0,0.0,0.0,0.29686287,-0.1384481,0.0,0.0,0.0,0.0,0.0,0.0,0.0,0.0,0.0,0.0,0.0,0.0,0.0,0.0,0.0,0.0,0.0,-1.6229231,-0.15540066,-0.20186183,-5.315678,0.0,0.0,0.0,0.0,0.0,0.0,0.0,0.0
1.6226876,0.0,0.007221514,0.0,0.0,-0.01826588,0.0,0.0,0.0,0.0,0.0,0.0,0.0,0.0,0.0,0.0,-0.2232073,0.0038599444,-0.117360875,0.001491507,0.0,0.0,0.0,0.0,0.0,0.0,0.0,0.0,-0.024085382,0.0,0.005423653,0.0,0.0,0.0,0.0,-0.08449265,0.009567602,0.23362368,1.9590354,0.0,0.0,0.0,0.0,0.0,0.0,0.0,0.0,0.29686287,0.13651976,0.0,0.0,0.0,0.0,0.0,0.0,0.0,0.0,0.0,0.0,0.0,0.0,0.0,0.0,0.0,0.0,0.0,-1.5177667,0.118511975,-0.07689339,9.868058,0.0,0.0,0.0,0.0,0.0,0.0,0.0,0.0
-3.6424062,0.0,-1.6271869,0.0,0.0,-0.023257487,0.0,0.0,0.0,0.0,0.0,0.0,0.0,0.0,0.0,0.0,0.105810985,-0.089379326,0.14738955,-0.12285965,0.0,0.0,0.0,0.0,0.0,0.0,0.0,0.0,0.018172232,0.0,-0.11993132,0.0,0.0,0.0,0.0,0.0060807792,0.003149665,-0.3905421,-1.6748254,0.0,0.0,0.0,0.0,0.0,0.0,0.0,0.0,-0.26020104,-0.1384481,0.0,0.0,0.0,0.0,0.0,0.0,0.0,0.0,0.0,0.0,0.0,0.0,0.0,0.0,0.0,0.0,0.0,-1.6229231,0.118511975,-0.20186183,-3.901936,0.0,0.0,0.0,0.0,0.0,0.0,0.0,0.0
-4.883086,0.0,0.0014946812,0.0,0.0,-0.023257487,0.0,0.0,0.0,0.0,0.0,0.0,0.0,0.0,0.0,0.0,0.22088169,0.0012546185,-0.117360875,0.00032037217,0.0,0.0,0.0,0.0,0.0,0.0,0.0,0.0,-0.031050395,0.0,0.0017642535,0.0,0.0,0.0,0.0,-0.028543388,0.003149665,-0.15619947,-1.316435,0.0,0.0,0.0,0.0,0.0,0.0,0.0,0.0,0.29686287,-0.1384481,0.0,0.0,0.0,0.0,0.0,0.0,0.0,0.0,0.0,0.0,0.0,0.0,0.0,0.0,0.0,0.0,0.0,-1.6229231,-0.15540066,-0.20186183,-5.315678,0.0,0.0,0.0,0.0,0.0,0.0,0.0,0.0
-4.883086,0.0,0.0014946812,0.0,0.0,-0.023257487,0.0,0.0,0.0,0.0,0.0,0.0,0.0,0.0,0.0,0.0,0.22088169,0.0012546185,-0.117360875,0.00032037217,0.0,0.0,0.0,0.0,0.0,0.0,0.0,0.0,-0.031050395,0.0,0.0017642535,0.0,0.0,0.0,0.0,-0.028543388,0.003149665,-0.15619947,-1.316435,0.0,0.0,0.0,0.0,0.0,0.0,0.0,0.0,0.29686287,-0.1384481,0.0,0.0,0.0,0.0,0.0,0.0,0.0,0.0,0.0,0.0,0.0,0.0,0.0,0.0,0.0,0.0,0.0,-1.6229231,-0.15540066,-0.20186183,-5.315678,0.0,0.0,0.0,0.0,0.0,0.0,0.0,0.0
-4.518337,0.0,0.0014946812,0.0,0.0,-0.023257487,0.0,0.0,0.0,0.0,0.0,0.0,0.0,0.0,0.0,0.0,0.105810985,-0.089379326,0.14738955,0.00032037217,0.0,0.0,0.0,0.0,0.0,0.0,0.0,0.0,-0.031050395,0.0,-0.11993132,0.0,0.0,0.0,0.0,0.0060807792,0.003149665,-0.40990752,-1.6748254,0.0,0.0,0.0,0.0,0.0,0.0,0.0,0.0,-0.26020104,-0.1384481,0.0,0.0,0.0,0.0,0.0,0.0,0.0,0.0,0.0,0.0,0.0,0.0,0.0,0.0,0.0,0.0,0.0,-1.6229231,-0.15540066,-0.20186183,-4.709278,0.0,0.0,0.0,0.0,0.0,0.0,0.0,0.0
-4.883086,0.0,0.0014946812,0.0,0.0,-0.023257487,0.0,0.0,0.0,0.0,0.0,0.0,0.0,0.0,0.0,0.0,0.22088169,0.0012546185,-0.117360875,0.00032037217,0.0,0.0,0.0,0.0,0.0,0.0,0.0,0.0,-0.031050395,0.0,0.0017642535,0.0,0.0,0.0,0.0,-0.028543388,0.003149665,-0.15619947,-1.316435,0.0,0.0,0.0,0.0,0.0,0.0,0.0,0.0,0.29686287,-0.1384481,0.0,0.0,0.0,0.0,0.0,0.0,0.0,0.0,0.0,0.0,0.0,0.0,0.0,0.0,0.0,0.0,0.0,-1.6229231,-0.15540066,-0.20186183,-5.315678,0.0,0.0,0.0,0.0,0.0,0.0,0.0,0.0
-5.010697,0.0,0.0014946812,0.0,0.0,-0.023257487,0.0,0.0,0.0,0.0,0.0,0.0,0.0,0.0,0.0,0.0,0.22088169,0.0012546185,-0.117360875,0.00032037217,0.0,0.0,0.0,0.0,0.0,0.0,0.0,0.0,-0.031050395,0.0,0.0017642535,0.0,0.0,0.0,0.0,-0.028543388,0.003149665,-0.15619947,-1.1698893,0.0,0.0,0.0,0.0,0.0,0.0,0.0,0.0,0.29686287,0.04806206,0.0,0.0,0.0,0.0,0.0,0.0,0.0,0.0,0.0,0.0,0.0,0.0,0.0,0.0,0.0,0.0,0.0,1.3433123,0.118511975,-0.20186183,-5.315678,0.0,0.0,0.0,0.0,0.0,0.0,0.0,0.0
-3.6424062,0.0,-1.6271869,0.0,0.0,-0.023257487,0.0,0.0,0.0,0.0,0.0,0.0,0.0,0.0,0.0,0.0,0.105810985,-0.089379326,0.14738955,-0.12285965,0.0,0.0,0.0,0.0,0.0,0.0,0.0,0.0,0.018172232,0.0,-0.11993132,0.0,0.0,0.0,0.0,0.0060807792,0.003149665,-0.3905421,-1.6748254,0.0,0.0,0.0,0.0,0.0,0.0,0.0,0.0,-0.26020104,-0.1384481,0.0,0.0,0.0,0.0,0.0,0.0,0.0,0.0,0.0,0.0,0.0,0.0,0.0,0.0,0.0,0.0,0.0,-1.6229231,0.118511975,-0.20186183,-3.901936,0.0,0.0,0.0,0.0,0.0,0.0,0.0,0.0
1.7505748,0.0,0.007221514,0.0,0.0,-0.01826588,0.0,0.0,0.0,0.0,0.0,0.0,0.0,0.0,0.0,0.0,-0.2165885,0.0038599444,-0.117360875,0.001491507,0.0,0.0,0.0,0.0,0.0,0.0,0.0,0.0,-0.024085382,0.0,0.005423653,0.0,0.0,0.0,0.0,0.028020248,0.009567602,0.23362368,1.7269845,0.0,0.0,0.0,0.0,0.0,0.0,0.0,0.0,-0.26020104,-0.048740946,0.0,0.0,0.0,0.0,0.0,0.0,0.0,0.0,0.0,0.0,0.0,0.0,0.0,0.0,0.0,0.0,0.0,1.3057003,-0.15540066,-0.07689339,9.868058,0.0,0.0,0.0,0.0,0.0,0.0,0.0,0.0
1.7505748,0.0,0.007221514,0.0,0.0,-0.07818855,0.0,0.0,0.0,0.0,0.0,0.0,0.0,0.0,0.0,0.0,0.23856746,0.0038599444,0.14738955,0.001491507,0.0,0.0,0.0,0.0,0.0,0.0,0.0,0.0,0.06467286,0.0,0.005423653,0.0,0.0,0.0,0.0,0.028020248,0.009567602,-0.18978627,-0.9718683,0.0,0.0,0.0,0.0,0.0,0.0,0.0,0.0,-0.26020104,-0.048740946,0.0,0.0,0.0,0.0,0.0,0.0,0.0,0.0,0.0,0.0,0.0,0.0,0.0,0.0,0.0,0.0,0.0,1.5063707,0.118511975,0.49909496,9.784328,0.0,0.0,0.0,0.0,0.0,0.0,0.0,0.0
-4.883086,0.0,0.0014946812,0.0,0.0,-0.023257487,0.0,0.0,0.0,0.0,0.0,0.0,0.0,0.0,0.0,0.0,0.22088169,0.0010259486,0.14738955,0.00032037217,0.0,0.0,0.0,0.0,0.0,0.0,0.0,0.0,-0.031050395,0.0,-0.11358853,0.0,0.0,0.0,0.0,-0.028543388,0.003149665,-0.090239614,-1.316435,0.0,0.0,0.0,0.0,0.0,0.0,0.0,0.0,0.29686287,-0.1384481,0.0,0.0,0.0,0.0,0.0,0.0,0.0,0.0,0.0,0.0,0.0,0.0,0.0,0.0,0.0,0.0,0.0,-1.6229231,-0.15540066,-0.20186183,-5.199783,0.0,0.0,0.0,0.0,0.0,0.0,0.0,0.0
-4.883086,0.0,0.0014946812,0.0,0.0,-0.023257487,0.0,0.0,0.0,0.0,0.0,0.0,0.0,0.0,0.0,0.0,0.22088169,0.0012546185,-0.117360875,0.00032037217,0.0,0.0,0.0,0.0,0.0,0.0,0.0,0.0,-0.031050395,0.0,0.0017642535,0.0,0.0,0.0,0.0,-0.028543388,0.003149665,-0.08992548,-1.316435,0.0,0.0,0.0,0.0,0.0,0.0,0.0,0.0,0.29686287,-0.1384481,0.0,0.0,0.0,0.0,0.0,0.0,0.0,0.0,0.0,0.0,0.0,0.0,0.0,0.0,0.0,0.0,0.0,-1.6229231,-0.15540066,-0.20186183,-5.315678,0.0,0.0,0.0,0.0,0.0,0.0,0.0,0.0
1.6226876,0.0,0.007221514,0.0,0.0,-0.01826588,0.0,0.0,0.0,0.0,0.0,0.0,0.0,0.0,0.0,0.0,-0.2232073,0.0038599444,-0.117360875,0.001491507,0.0,0.0,0.0,0.0,0.0,0.0,0.0,0.0,-0.024085382,0.0,0.005423653,0.0,0.0,0.0,0.0,-0.08449265,0.009567602,0.23362368,1.9590354,0.0,0.0,0.0,0.0,0.0,0.0,0.0,0.0,0.29686287,0.13651976,0.0,0.0,0.0,0.0,0.0,0.0,0.0,0.0,0.0,0.0,0.0,0.0,0.0,0.0,0.0,0.0,0.0,-1.5177667,0.118511975,-0.07689339,9.868058,0.0,0.0,0.0,0.0,0.0,0.0,0.0,0.0
-4.883086,0.0,0.0014946812,0.0,0.0,-0.023257487,0.0,0.0,0.0,0.0,0.0,0.0,0.0,0.0,0.0,0.0,0.22088169,0.0012546185,-0.117360875,0.00032037217,0.0,0.0,0.0,0.0,0.0,0.0,0.0,0.0,-0.031050395,0.0,0.0017642535,0.0,0.0,0.0,0.0,-0.028543388,0.003149665,-0.08992548,-1.316435,0.0,0.0,0.0,0.0,0.0,0.0,0.0,0.0,0.29686287,-0.1384481,0.0,0.0,0.0,0.0,0.0,0.0,0.0,0.0,0.0,0.0,0.0,0.0,0.0,0.0,0.0,0.0,0.0,-1.6229231,-0.15540066,-0.20186183,-5.315678,0.0,0.0,0.0,0.0,0.0,0.0,0.0,0.0
-4.883086,0.0,0.0014946812,0.0,0.0,-0.023257487,0.0,0.0,0.0,0.0,0.0,0.0,0.0,0.0,0.0,0.0,0.22088169,0.0012546185,-0.117360875,0.00032037217,0.0,0.0,0.0,0.0,0.0,0.0,0.0,0.0,-0.031050395,0.0,0.0017642535,0.0,0.0,0.0,0.0,-0.028543388,0.003149665,-0.15619947,-1.316435,0.0,0.0,0.0,0.0,0.0,0.0,0.0,0.0,0.29686287,-0.1384481,0.0,0.0,0.0,0.0,0.0,0.0,0.0,0.0,0.0,0.0,0.0,0.0,0.0,0.0,0.0,0.0,0.0,-1.6229231,-0.15540066,-0.20186183,-5.315678,0.0,0.0,0.0,0.0,0.0,0.0,0.0,0.0
1.7505748,0.0,0.007221514,0.0,0.0,0.07304284,0.0,0.0,0.0,0.0,0.0,0.0,0.0,0.0,0.0,0.0,0.23856746,0.0038599444,0.14738955,0.001491507,0.0,0.0,0.0,0.0,0.0,0.0,0.0,0.0,-0.11050473,0.0,0.005423653,0.0,0.0,0.0,0.0,0.028020248,0.009567602,-0.20659481,-0.9718683,0.0,0.0,0.0,0.0,0.0,0.0,0.0,0.0,-0.26020104,-0.048740946,0.0,0.0,0.0,0.0,0.0,0.0,0.0,0.0,0.0,0.0,0.0,0.0,0.0,0.0,0.0,0.0,0.0,1.5063707,0.118511975,0.49909496,9.771679,0.0,0.0,0.0,0.0,0.0,0.0,0.0,0.0
1.6226876,0.0,0.007221514,0.0,0.0,-0.01826588,0.0,0.0,0.0,0.0,0.0,0.0,0.0,0.0,0.0,0.0,-0.2232073,0.0038599444,-0.117360875,0.001491507,0.0,0.0,0.0,0.0,0.0,0.0,0.0,0.0,-0.024085382,0.0,0.005423653,0.0,0.0,0.0,0.0,-0.08449265,0.009567602,0.23362368,1.9590354,0.0,0.0,0.0,0.0,0.0,0.0,0.0,0.0,0.29686287,0.13651976,0.0,0.0,0.0,0.0,0.0,0.0,0.0,0.0,0.0,0.0,0.0,0.0,0.0,0.0,0.0,0.0,0.0,-1.5177667,0.118511975,-0.07689339,9.868058,0.0,0.0,0.0,0.0,0.0,0.0,0.0,0.0
1.7505748,0.0,0.007221514,0.0,0.0,-0.01826588,0.0,0.0,0.0,0.0,0.0,0.0,0.0,0.0,0.0,0.0,-0.2165885,0.0038599444,-0.117360875,0.001491507,0.0,0.0,0.0,0.0,0.0,0.0,0.0,0.0,-0.024085382,0.0,0.005423653,0.0,0.0,0.0,0.0,0.028020248,0.009567602,0.23362368,1.7269845,0.0,0.0,0.0,0.0,0.0,0.0,0.0,0.0,-0.26020104,-0.048740946,0.0,0.0,0.0,0.0,0.0,0.0,0.0,0.0,0.0,0.0,0.0,0.0,0.0,0.0,0.0,0.0,0.0,1.3057003,-0.15540066,-0.07689339,9.868058,0.0,0.0,0.0,0.0,0.0,0.0,0.0,0.0
-3.6424062,0.0,-1.6271869,0.0,0.0,-0.023257487,0.0,0.0,0.0,0.0,0.0,0.0,0.0,0.0,0.0,0.0,0.105810985,-0.089379326,0.14738955,-0.12285965,0.0,0.0,0.0,0.0,0.0,0.0,0.0,0.0,-0.031050395,0.0,-0.11993132,0.0,0.0,0.0,0.0,0.0060807792,0.003149665,-0.40990752,-1.6748254,0.0,0.0,0.0,0.0,0.0,0.0,0.0,0.0,-0.26020104,-0.1384481,0.0,0.0,0.0,0.0,0.0,0.0,0.0,0.0,0.0,0.0,0.0,0.0,0.0,0.0,0.0,0.0,0.0,-1.6229231,-0.15540066,-0.20186183,-3.833348,0.0,0.0,0.0,0.0,0.0,0.0,0.0,0.0
-3.6424062,0.0,-1.6271869,0.0,0.0,-0.023257487,0.0,0.0,0.0,0.0,0.0,0.0,0.0,0.0,0.0,0.0,0.105810985,-0.089379326,0.14738955,-0.12285965,0.0,0.0,0.0,0.0,0.0,0.0,0.0,0.0,0.018172232,0.0,-0.11993132,0.0,0.0,0.0,0.0,0.0060807792,0.003149665,-0.3905421,-1.6748254,0.0,0.0,0.0,0.0,0.0,0.0,0.0,0.0,-0.26020104,-0.1384481,0.0,0.0,0.0,0.0,0.0,0.0,0.0,0.0,0.0,0.0,0.0,0.0,0.0,0.0,0.0,0.0,0.0,-1.6229231,0.118511975,-0.20186183,-3.901936,0.0,0.0,0.0,0.0,0.0,0.0,0.0,0.0
1.6226876,0.0,0.007221514,0.0,0.0,-0.01826588,0.0,0.0,0.0,0.0,0.0,0.0,0.0,0.0,0.0,0.0,-0.2232073,0.0038599444,-0.117360875,0.001491507,0.0,0.0,0.0,0.0,0.0,0.0,0.0,0.0,-0.024085382,0.0,0.005423653,0.0,0.0,0.0,0.0,-0.08449265,0.009567602,0.23362368,1.9590354,0.0,0.0,0.0,0.0,0.0,0.0,0.0,0.0,0.29686287,0.13651976,0.0,0.0,0.0,0.0,0.0,0.0,0.0,0.0,0.0,0.0,0.0,0.0,0.0,0.0,0.0,0.0,0.0,-1.5177667,0.118511975,-0.07689339,9.868058,0.0,0.0,0.0,0.0,0.0,0.0,0.0,0.0
1.6226876,0.0,0.007221514,0.0,0.0,-0.01826588,0.0,0.0,0.0,0.0,0.0,0.0,0.0,0.0,0.0,0.0,-0.2232073,0.0038599444,-0.117360875,0.001491507,0.0,0.0,0.0,0.0,0.0,0.0,0.0,0.0,-0.024085382,0.0,0.005423653,0.0,0.0,0.0,0.0,-0.08449265,0.009567602,0.23362368,1.9590354,0.0,0.0,0.0,0.0,0.0,0.0,0.0,0.0,0.29686287,0.13651976,0.0,0.0,0.0,0.0,0.0,0.0,0.0,0.0,0.0,0.0,0.0,0.0,0.0,0.0,0.0,0.0,0.0,-1.5177667,0.118511975,-0.07689339,9.868058,0.0,0.0,0.0,0.0,0.0,0.0,0.0,0.0
-4.883086,0.0,0.0014946812,0.0,0.0,-0.023257487,0.0,0.0,0.0,0.0,0.0,0.0,0.0,0.0,0.0,0.0,0.22088169,0.0012546185,0.14738955,0.00032037217,0.0,0.0,0.0,0.0,0.0,0.0,0.0,0.0,-0.031050395,0.0,0.0017642535,0.0,0.0,0.0,0.0,-0.028543388,0.003149665,-0.15619947,-1.316435,0.0,0.0,0.0,0.0,0.0,0.0,0.0,0.0,0.29686287,0.13651976,0.0,0.0,0.0,0.0,0.0,0.0,0.0,0.0,0.0,0.0,0.0,0.0,0.0,0.0,0.0,0.0,0.0,-1.5415614,-0.15540066,-0.20186183,-5.315678,0.0,0.0,0.0,0.0,0.0,0.0,0.0,0.0
-4.5061283,0.0,0.0014946812,0.0,0.0,-0.023257487,0.0,0.0,0.0,0.0,0.0,0.0,0.0,0.0,0.0,0.0,0.11801937,0.0010259486,0.14738955,0.00032037217,0.0,0.0,0.0,0.0,0.0,0.0,0.0,0.0,-0.031050395,0.0,-0.16224383,0.0,0.0,0.0,0.0,-0.018336069,0.003149665,-0.31475902,-1.6748254,0.0,0.0,0.0,0.0,0.0,0.0,0.0,0.0,0.29686287,-0.1384481,0.0,0.0,0.0,0.0,0.0,0.0,0.0,0.0,0.0,0.0,0.0,0.0,0.0,0.0,0.0,0.0,0.0,-1.6229231,-0.15540066,-0.20186183,-4.8525195,0.0,0.0,0.0,0.0,0.0,0.0,0.0,0.0
-4.5031953,0.0,0.0014946812,0.0,0.0,-0.023257487,0.0,0.0,0.0,0.0,0.0,0.0,0.0,0.0,0.0,0.0,0.22226559,0.0012546185,-0.117360875,0.00032037217,0.0,0.0,0.0,0.0,0.0,0.0,0.0,0.0,-0.031050395,0.0,0.0017642535,0.0,0.0,0.0,0.0,0.009465825,-0.10885771,-0.15619947,-1.6748254,0.0,0.0,0.0,0.0,0.0,0.0,0.0,0.0,0.29686287,0.13651976,0.0,0.0,0.0,0.0,0.0,0.0,0.0,0.0,0.0,0.0,0.0,0.0,0.0,0.0,0.0,0.0,0.0,-1.5415614,-0.15540066,-0.20186183,-5.264564,0.0,0.0,0.0,0.0,0.0,0.0,0.0,0.0
1.7505748,0.0,0.007221514,0.0,0.0,-0.01826588,0.0,0.0,0.0,0.0,0.0,0.0,0.0,0.0,0.0,0.0,-0.2165885,0.0038599444,-0.117360875,0.001491507,0.0,0.0,0.0,0.0,0.0,0.0,0.0,0.0,-0.024085382,0.0,0.005423653,0.0,0.0,0.0,0.0,0.028020248,0.009567602,0.23362368,1.5555501,0.0,0.0,0.0,0.0,0.0,0.0,0.0,0.0,-0.26020104,-0.048740946,0.0,0.0,0.0,0.0,0.0,0.0,0.0,0.0,0.0,0.0,0.0,0.0,0.0,0.0,0.0,0.0,0.0,1.3985182,-0.15540066,-0.07689339,9.868058,0.0,0.0,0.0,0.0,0.0,0.0,0.0,0.0
1.168005,0.0,-2.444837,0.0,0.0,-0.023257487,0.0,0.0,0.0,0.0,0.0,0.0,0.0,0.0,0.0,0.0,0.015672505,-0.10930079,0.14738955,-0.18466517,0.0,0.0,0.0,0.0,0.0,0.0,0.0,0.0,-0.031050395,0.0,0.0011707973,0.0,0.0,0.0,0.0,-0.035675433,-0.3306724,-0.45053715,-2.205464,0.0,0.0,0.0,0.0,0.0,0.0,0.0,0.0,0.29686287,-0.1384481,0.0,0.0,0.0,0.0,0.0,0.0,0.0,0.0,0.0,0.0,0.0,0.0,0.0,0.0,0.0,0.0,0.0,-1.7770548,-0.15540066,-0.20186183,-5.1932445,0.0,0.0,0.0,0.0,0.0,0.0,0.0,0.0
-3.7700164,0.0,-1.6271869,0.0,0.0,-0.023257487,0.0,0.0,0.0,0.0,0.0,0.0,0.0,0.0,0.0,0.0,0.105810985,-0.089379326,0.14738955,-0.12285965,0.0,0.0,0.0,0.0,0.0,0.0,0.0,0.0,0.018172232,0.0,-0.11993132,0.0,0.0,0.0,0.0,0.0060807792,0.003149665,-0.3905421,-1.5282797,0.0,0.0,0.0,0.0,0.0,0.0,0.0,0.0,-0.26020104,-0.048740946,0.0,0.0,0.0,0.0,0.0,0.0,0.0,0.0,0.0,0.0,0.0,0.0,0.0,0.0,0.0,0.0,0.0,1.4401152,0.118511975,-0.20186183,-3.901936,0.0,0.0,0.0,0.0,0.0,0.0,0.0,0.0
-3.6424062,0.0,-1.6271869,0.0,0.0,-0.023257487,0.0,0.0,0.0,0.0,0.0,0.0,0.0,0.0,0.0,0.0,0.105810985,-0.089379326,0.14738955,-0.12285965,0.0,0.0,0.0,0.0,0.0,0.0,0.0,0.0,0.018172232,0.0,-0.11993132,0.0,0.0,0.0,0.0,0.0060807792,0.003149665,-0.3905421,-1.6748254,0.0,0.0,0.0,0.0,0.0,0.0,0.0,0.0,-0.26020104,-0.1384481,0.0,0.0,0.0,0.0,0.0,0.0,0.0,0.0,0.0,0.0,0.0,0.0,0.0,0.0,0.0,0.0,0.0,-1.6229231,0.118511975,-0.20186183,-3.901936,0.0,0.0,0.0,0.0,0.0,0.0,0.0,0.0
-3.6424062,0.0,-1.6271869,0.0,0.0,-0.023257487,0.0,0.0,0.0,0.0,0.0,0.0,0.0,0.0,0.0,0.0,0.105810985,-0.10930079,0.14738955,-0.12285965,0.0,0.0,0.0,0.0,0.0,0.0,0.0,0.0,0.018172232,0.0,0.0011707973,0.0,0.0,0.0,0.0,0.0060807792,0.003149665,-0.43117172,-1.6748254,0.0,0.0,0.0,0.0,0.0,0.0,0.0,0.0,-0.26020104,-0.1384481,0.0,0.0,0.0,0.0,0.0,0.0,0.0,0.0,0.0,0.0,0.0,0.0,0.0,0.0,0.0,0.0,0.0,-1.6229231,-0.15540066,-0.20186183,-3.9624875,0.0,0.0,0.0,0.0,0.0,0.0,0.0,0.0
1.7505748,0.0,0.007221514,0.0,0.0,-0.01826588,0.0,0.0,0.0,0.0,0.0,0.0,0.0,0.0,0.0,0.0,-0.2165885,0.0038599444,-0.117360875,0.001491507,0.0,0.0,0.0,0.0,0.0,0.0,0.0,0.0,-0.024085382,0.0,0.005423653,0.0,0.0,0.0,0.0,0.028020248,0.009567602,0.23362368,1.7269845,0.0,0.0,0.0,0.0,0.0,0.0,0.0,0.0,-0.26020104,-0.048740946,0.0,0.0,0.0,0.0,0.0,0.0,0.0,0.0,0.0,0.0,0.0,0.0,0.0,0.0,0.0,0.0,0.0,1.3057003,-0.15540066,-0.07689339,9.868058,0.0,0.0,0.0,0.0,0.0,0.0,0.0,0.0
1.7505748,0.0,0.007221514,0.0,0.0,-0.01826588,0.0,0.0,0.0,0.0,0.0,0.0,0.0,0.0,0.0,0.0,-0.2165885,0.0038599444,-0.117360875,0.001491507,0.0,0.0,0.0,0.0,0.0,0.0,0.0,0.0,-0.024085382,0.0,0.005423653,0.0,0.0,0.0,0.0,0.028020248,0.009567602,0.23362368,1.7269845,0.0,0.0,0.0,0.0,0.0,0.0,0.0,0.0,-0.26020104,-0.048740946,0.0,0.0,0.0,0.0,0.0,0.0,0.0,0.0,0.0,0.0,0.0,0.0,0.0,0.0,0.0,0.0,0.0,1.3057003,-0.15540066,-0.07689339,9.868058,0.0,0.0,0.0,0.0,0.0,0.0,0.0,0.0
-3.6424062,0.0,-1.6271869,0.0,0.0,-0.023257487,0.0,0.0,0.0,0.0,0.0,0.0,0.0,0.0,0.0,0.0,0.105810985,-0.10930079,0.14738955,-0.12285965,0.0,0.0,0.0,0.0,0.0,0.0,0.0,0.0,0.018172232,0.0,0.0011707973,0.0,0.0,0.0,0.0,0.0060807792,0.003149665,-0.43117172,-1.6748254,0.0,0.0,0.0,0.0,0.0,0.0,0.0,0.0,-0.26020104,-0.1384481,0.0,0.0,0.0,0.0,0.0,0.0,0.0,0.0,0.0,0.0,0.0,0.0,0.0,0.0,0.0,0.0,0.0,-1.6229231,-0.15540066,-0.20186183,-3.9624875,0.0,0.0,0.0,0.0,0.0,0.0,0.0,0.0
-4.5031953,0.0,0.0014946812,0.0,0.0,-0.023257487,0.0,0.0,0.0,0.0,0.0,0.0,0.0,0.0,0.0,0.0,0.22226559,0.0012546185,-0.117360875,0.00032037217,0.0,0.0,0.0,0.0,0.0,0.0,0.0,0.0,-0.031050395,0.0,0.0017642535,0.0,0.0,0.0,0.0,0.009465825,-0.10885771,-0.15619947,-1.6748254,0.0,0.0,0.0,0.0,0.0,0.0,0.0,0.0,0.29686287,0.13651976,0.0,0.0,0.0,0.0,0.0,0.0,0.0,0.0,0.0,0.0,0.0,0.0,0.0,0.0,0.0,0.0,0.0,-1.5415614,-0.15540066,-0.20186183,-5.264564,0.0,0.0,0.0,0.0,0.0,0.0,0.0,0.0
1.7505748,0.0,0.007221514,0.0,0.0,-0.07818855,0.0,0.0,0.0,0.0,0.0,0.0,0.0,0.0,0.0,0.0,0.23856746,0.0038599444,0.14738955,0.001491507,0.0,0.0,0.0,0.0,0.0,0.0,0.0,0.0,-0.11050473,0.0,0.005423653,0.0,0.0,0.0,0.0,0.028020248,0.009567602,-0.280277,-0.9718683,0.0,0.0,0.0,0.0,0.0,0.0,0.0,0.0,-0.26020104,-0.048740946,0.0,0.0,0.0,0.0,0.0,0.0,0.0,0.0,0.0,0.0,0.0,0.0,0.0,0.0,0.0,0.0,0.0,1.5063707,0.118511975,0.49909496,9.726961,0.0,0.0,0.0,0.0,0.0,0.0,0.0,0.0
-4.5061283,0.0,0.0014946812,0.0,0.0,-0.023257487,0.0,0.0,0.0,0.0,0.0,0.0,0.0,0.0,0.0,0.0,0.11801937,-0.089379326,0.14738955,0.00032037217,0.0,0.0,0.0,0.0,0.0,0.0,0.0,0.0,-0.031050395,0.0,-0.11993132,0.0,0.0,0.0,0.0,-0.018336069,0.003149665,-0.40990752,-1.6748254,0.0,0.0,0.0,0.0,0.0,0.0,0.0,0.0,0.29686287,-0.1384481,0.0,0.0,0.0,0.0,0.0,0.0,0.0,0.0,0.0,0.0,0.0,0.0,0.0,0.0,0.0,0.0,0.0,-1.6229231,-0.15540066,-0.20186183,-4.709278,0.0,0.0,0.0,0.0,0.0,0.0,0.0,0.0
-4.883086,0.0,0.0014946812,0.0,0.0,-0.023257487,0.0,0.0,0.0,0.0,0.0,0.0,0.0,0.0,0.0,0.0,0.22088169,0.0012546185,-0.117360875,0.00032037217,0.0,0.0,0.0,0.0,0.0,0.0,0.0,0.0,-0.031050395,0.0,0.0017642535,0.0,0.0,0.0,0.0,-0.028543388,0.003149665,-0.08992548,-1.316435,0.0,0.0,0.0,0.0,0.0,0.0,0.0,0.0,0.29686287,-0.1384481,0.0,0.0,0.0,0.0,0.0,0.0,0.0,0.0,0.0,0.0,0.0,0.0,0.0,0.0,0.0,0.0,0.0,-1.6229231,-0.15540066,-0.20186183,-5.315678,0.0,0.0,0.0,0.0,0.0,0.0,0.0,0.0
1.2143918,0.0,0.0022458031,0.0,0.0,-0.023257487,0.0,0.0,0.0,0.0,0.0,0.0,0.0,0.0,0.0,0.0,0.23016523,0.0012546185,0.14738955,0.0004815425,0.0,0.0,0.0,0.0,0.0,0.0,0.0,0.0,-0.031050395,0.0,0.0017642535,0.0,0.0,0.0,0.0,-0.08449265,-0.3306724,-0.08992548,-2.205464,0.0,0.0,0.0,0.0,0.0,0.0,0.0,0.0,0.29686287,-0.1384481,0.0,0.0,0.0,0.0,0.0,0.0,0.0,0.0,0.0,0.0,0.0,0.0,0.0,0.0,0.0,0.0,0.0,-1.7770548,-0.15540066,-0.20186183,-8.371236,0.0,0.0,0.0,0.0,0.0,0.0,0.0,0.0
1.6226876,0.0,0.007221514,0.0,0.0,-0.01826588,0.0,0.0,0.0,0.0,0.0,0.0,0.0,0.0,0.0,0.0,-0.2232073,0.0038599444,-0.117360875,0.001491507,0.0,0.0,0.0,0.0,0.0,0.0,0.0,0.0,-0.024085382,0.0,0.005423653,0.0,0.0,0.0,0.0,-0.08449265,0.009567602,0.23362368,1.9590354,0.0,0.0,0.0,0.0,0.0,0.0,0.0,0.0,0.29686287,0.13651976,0.0,0.0,0.0,0.0,0.0,0.0,0.0,0.0,0.0,0.0,0.0,0.0,0.0,0.0,0.0,0.0,0.0,-1.5177667,0.118511975,-0.07689339,9.868058,0.0,0.0,0.0,0.0,0.0,0.0,0.0,0.0
-3.6424062,0.0,-1.6271869,0.0,0.0,-0.023257487,0.0,0.0,0.0,0.0,0.0,0.0,0.0,0.0,0.0,0.0,0.105810985,-0.089379326,0.14738955,-0.12285965,0.0,0.0,0.0,0.0,0.0,0.0,0.0,0.0,0.018172232,0.0,-0.11993132,0.0,0.0,0.0,0.0,0.0060807792,0.003149665,-0.3905421,-1.6748254,0.0,0.0,0.0,0.0,0.0,0.0,0.0,0.0,-0.26020104,-0.1384481,0.0,0.0,0.0,0.0,0.0,0.0,0.0,0.0,0.0,0.0,0.0,0.0,0.0,0.0,0.0,0.0,0.0,-1.6229231,0.118511975,-0.20186183,-3.901936,0.0,0.0,0.0,0.0,0.0,0.0,0.0,0.0
-4.5031953,0.0,0.0014946812,0.0,0.0,-0.023257487,0.0,0.0,0.0,0.0,0.0,0.0,0.0,0.0,0.0,0.0,0.22226559,0.0012546185,-0.117360875,0.00032037217,0.0,0.0,0.0,0.0,0.0,0.0,0.0,0.0,-0.031050395,0.0,0.0017642535,0.0,0.0,0.0,0.0,0.009465825,-0.10885771,-0.15619947,-1.6748254,0.0,0.0,0.0,0.0,0.0,0.0,0.0,0.0,0.29686287,0.13651976,0.0,0.0,0.0,0.0,0.0,0.0,0.0,0.0,0.0,0.0,0.0,0.0,0.0,0.0,0.0,0.0,0.0,-1.5415614,-0.15540066,-0.20186183,-5.264564,0.0,0.0,0.0,0.0,0.0,0.0,0.0,0.0
1.7505748,0.0,0.007221514,0.0,0.0,0.07304284,0.0,0.0,0.0,0.0,0.0,0.0,0.0,0.0,0.0,0.0,0.23856746,0.0038599444,0.14738955,0.001491507,0.0,0.0,0.0,0.0,0.0,0.0,0.0,0.0,0.06467286,0.0,0.005423653,0.0,0.0,0.0,0.0,0.028020248,0.009567602,-0.11610402,-0.9718683,0.0,0.0,0.0,0.0,0.0,0.0,0.0,0.0,-0.26020104,-0.048740946,0.0,0.0,0.0,0.0,0.0,0.0,0.0,0.0,0.0,0.0,0.0,0.0,0.0,0.0,0.0,0.0,0.0,1.5063707,0.118511975,0.49909496,9.829046,0.0,0.0,0.0,0.0,0.0,0.0,0.0,0.0
-3.6424062,0.0,-1.6271869,0.0,0.0,-0.023257487,0.0,0.0,0.0,0.0,0.0,0.0,0.0,0.0,0.0,0.0,0.105810985,-0.089379326,0.14738955,-0.12285965,0.0,0.0,0.0,0.0,0.0,0.0,0.0,0.0,0.018172232,0.0,-0.11993132,0.0,0.0,0.0,0.0,0.0060807792,0.003149665,-0.3905421,-1.6748254,0.0,0.0,0.0,0.0,0.0,0.0,0.0,0.0,-0.26020104,-0.1384481,0.0,0.0,0.0,0.0,0.0,0.0,0.0,0.0,0.0,0.0,0.0,0.0,0.0,0.0,0.0,0.0,0.0,-1.6229231,-0.15540066,-0.20186183,-3.901936,0.0,0.0,0.0,0.0,0.0,0.0,0.0,0.0
1.6226876,0.0,0.007221514,0.0,0.0,-0.01826588,0.0,0.0,0.0,0.0,0.0,0.0,0.0,0.0,0.0,0.0,-0.2232073,0.0038599444,-0.117360875,0.001491507,0.0,0.0,0.0,0.0,0.0,0.0,0.0,0.0,-0.024085382,0.0,0.005423653,0.0,0.0,0.0,0.0,-0.08449265,0.009567602,0.23362368,1.9590354,0.0,0.0,0.0,0.0,0.0,0.0,0.0,0.0,0.29686287,0.13651976,0.0,0.0,0.0,0.0,0.0,0.0,0.0,0.0,0.0,0.0,0.0,0.0,0.0,0.0,0.0,0.0,0.0,-1.5177667,0.118511975,-0.07689339,9.868058,0.0,0.0,0.0,0.0,0.0,0.0,0.0,0.0
-3.6424062,0.0,-1.6271869,0.0,0.0,-0.023257487,0.0,0.0,0.0,0.0,0.0,0.0,0.0,0.0,0.0,0.0,0.105810985,-0.10930079,0.14738955,-0.12285965,0.0,0.0,0.0,0.0,0.0,0.0,0.0,0.0,0.018172232,0.0,0.0011707973,0.0,0.0,0.0,0.0,0.0060807792,0.003149665,-0.43117172,-1.6748254,0.0,0.0,0.0,0.0,0.0,0.0,0.0,0.0,-0.26020104,-0.1384481,0.0,0.0,0.0,0.0,0.0,0.0,0.0,0.0,0.0,0.0,0.0,0.0,0.0,0.0,0.0,0.0,0.0,-1.6229231,-0.15540066,-0.20186183,-3.9624875,0.0,0.0,0.0,0.0,0.0,0.0,0.0,0.0
-4.922479,0.0,0.0014946812,0.0,0.0,-0.023257487,0.0,0.0,0.0,0.0,0.0,0.0,0.0,0.0,0.0,0.0,0.22226559,0.0010259486,0.14738955,0.00032037217,0.0,0.0,0.0,0.0,0.0,0.0,0.0,0.0,-0.031050395,0.0,-0.11358853,0.0,0.0,0.0,0.0,0.009465825,0.003149665,-0.15651359,-1.316435,0.0,0.0,0.0,0.0,0.0,0.0,0.0,0.0,-0.26020104,-0.1384481,0.0,0.0,0.0,0.0,0.0,0.0,0.0,0.0,0.0,0.0,0.0,0.0,0.0,0.0,0.0,0.0,0.0,-1.6229231,-0.15540066,-0.20186183,-5.199783,0.0,0.0,0.0,0.0,0.0,0.0,0.0,0.0
-3.6424062,0.0,-1.6271869,0.0,0.0,-0.023257487,0.0,0.0,0.0,0.0,0.0,0.0,0.0,0.0,0.0,0.0,0.105810985,-0.089379326,0.14738955,-0.12285965,0.0,0.0,0.0,0.0,0.0,0.0,0.0,0.0,0.018172232,0.0,-0.11993132,0.0,0.0,0.0,0.0,0.0060807792,0.003149665,-0.3905421,-1.6748254,0.0,0.0,0.0,0.0,0.0,0.0,0.0,0.0,-0.26020104,-0.1384481,0.0,0.0,0.0,0.0,0.0,0.0,0.0,0.0,0.0,0.0,0.0,0.0,0.0,0.0,0.0,0.0,0.0,-1.6229231,0.118511975,-0.20186183,-3.901936,0.0,0.0,0.0,0.0,0.0,0.0,0.0,0.0
1.7505748,0.0,0.007221514,0.0,0.0,0.07304284,0.0,0.0,0.0,0.0,0.0,0.0,0.0,0.0,0.0,0.0,0.23856746,0.0038599444,0.14738955,0.001491507,0.0,0.0,0.0,0.0,0.0,0.0,0.0,0.0,0.06467286,0.0,0.005423653,0.0,0.0,0.0,0.0,0.028020248,0.009567602,-0.11610402,-0.9718683,0.0,0.0,0.0,0.0,0.0,0.0,0.0,0.0,-0.26020104,-0.048740946,0.0,0.0,0.0,0.0,0.0,0.0,0.0,0.0,0.0,0.0,0.0,0.0,0.0,0.0,0.0,0.0,0.0,1.5063707,0.118511975,0.49909496,9.829046,0.0,0.0,0.0,0.0,0.0,0.0,0.0,0.0
1.7505748,0.0,0.007221514,0.0,0.0,-0.07818855,0.0,0.0,0.0,0.0,0.0,0.0,0.0,0.0,0.0,0.0,0.23856746,0.0038599444,0.14738955,0.001491507,0.0,0.0,0.0,0.0,0.0,0.0,0.0,0.0,-0.11050473,0.0,0.005423653,0.0,0.0,0.0,0.0,0.028020248,0.009567602,-0.280277,-0.9718683,0.0,0.0,0.0,0.0,0.0,0.0,0.0,0.0,-0.26020104,-0.048740946,0.0,0.0,0.0,0.0,0.0,0.0,0.0,0.0,0.0,0.0,0.0,0.0,0.0,0.0,0.0,0.0,0.0,1.5063707,0.118511975,0.49909496,9.726961,0.0,0.0,0.0,0.0,0.0,0.0,0.0,0.0
-4.922479,0.0,0.0014946812,0.0,0.0,-0.023257487,0.0,0.0,0.0,0.0,0.0,0.0,0.0,0.0,0.0,0.0,0.22226559,0.0012546185,0.14738955,0.00032037217,0.0,0.0,0.0,0.0,0.0,0.0,0.0,0.0,-0.031050395,0.0,-0.053595465,0.0,0.0,0.0,0.0,0.009465825,0.003149665,-0.15651359,-1.316435,0.0,0.0,0.0,0.0,0.0,0.0,0.0,0.0,-0.26020104,-0.1384481,0.0,0.0,0.0,0.0,0.0,0.0,0.0,0.0,0.0,0.0,0.0,0.0,0.0,0.0,0.0,0.0,0.0,-1.6229231,-0.15540066,-0.20186183,-5.2600045,0.0,0.0,0.0,0.0,0.0,0.0,0.0,0.0
1.7505748,0.0,0.007221514,0.0,0.0,-0.01826588,0.0,0.0,0.0,0.0,0.0,0.0,0.0,0.0,0.0,0.0,-0.2165885,0.0038599444,-0.117360875,0.001491507,0.0,0.0,0.0,0.0,0.0,0.0,0.0,0.0,-0.024085382,0.0,0.005423653,0.0,0.0,0.0,0.0,0.028020248,0.009567602,0.23362368,1.7269845,0.0,0.0,0.0,0.0,0.0,0.0,0.0,0.0,-0.26020104,-0.048740946,0.0,0.0,0.0,0.0,0.0,0.0,0.0,0.0,0.0,0.0,0.0,0.0,0.0,0.0,0.0,0.0,0.0,1.3057003,-0.15540066,-0.07689339,9.868058,0.0,0.0,0.0,0.0,0.0,0.0,0.0,0.0
-4.883086,0.0,0.0014946812,0.0,0.0,-0.023257487,0.0,0.0,0.0,0.0,0.0,0.0,0.0,0.0,0.0,0.0,0.22088169,0.0012546185,-0.117360875,0.00032037217,0.0,0.0,0.0,0.0,0.0,0.0,0.0,0.0,-0.031050395,0.0,0.0017642535,0.0,0.0,0.0,0.0,-0.028543388,0.003149665,-0.15619947,-1.316435,0.0,0.0,0.0,0.0,0.0,0.0,0.0,0.0,0.29686287,0.13651976,0.0,0.0,0.0,0.0,0.0,0.0,0.0,0.0,0.0,0.0,0.0,0.0,0.0,0.0,0.0,0.0,0.0,-1.5415614,0.118511975,-0.20186183,-5.315678,0.0,0.0,0.0,0.0,0.0,0.0,0.0,0.0
-3.6424062,0.0,-1.6271869,0.0,0.0,-0.023257487,0.0,0.0,0.0,0.0,0.0,0.0,0.0,0.0,0.0,0.0,0.105810985,-0.089379326,0.14738955,-0.12285965,0.0,0.0,0.0,0.0,0.0,0.0,0.0,0.0,-0.031050395,0.0,-0.11993132,0.0,0.0,0.0,0.0,0.0060807792,0.003149665,-0.40990752,-1.6748254,0.0,0.0,0.0,0.0,0.0,0.0,0.0,0.0,-0.26020104,-0.1384481,0.0,0.0,0.0,0.0,0.0,0.0,0.0,0.0,0.0,0.0,0.0,0.0,0.0,0.0,0.0,0.0,0.0,-1.6229231,0.118511975,-0.20186183,-3.833348,0.0,0.0,0.0,0.0,0.0,0.0,0.0,0.0
1.7505748,0.0,0.007221514,0.0,0.0,-0.01826588,0.0,0.0,0.0,0.0,0.0,0.0,0.0,0.0,0.0,0.0,-0.2165885,0.0038599444,-0.117360875,0.001491507,0.0,0.0,0.0,0.0,0.0,0.0,0.0,0.0,-0.024085382,0.0,0.005423653,0.0,0.0,0.0,0.0,0.028020248,0.009567602,0.23362368,1.7269845,0.0,0.0,0.0,0.0,0.0,0.0,0.0,0.0,-0.26020104,-0.048740946,0.0,0.0,0.0,0.0,0.0,0.0,0.0,0.0,0.0,0.0,0.0,0.0,0.0,0.0,0.0,0.0,0.0,1.3057003,-0.15540066,-0.07689339,9.868058,0.0,0.0,0.0,0.0,0.0,0.0,0.0,0.0
-4.5031953,0.0,0.0014946812,0.0,0.0,-0.023257487,0.0,0.0,0.0,0.0,0.0,0.0,0.0,0.0,0.0,0.0,0.22226559,0.0012546185,-0.117360875,0.00032037217,0.0,0.0,0.0,0.0,0.0,0.0,0.0,0.0,-0.031050395,0.0,0.0013591386,0.0,0.0,0.0,0.0,0.009465825,-0.10885771,-0.45053715,-1.6748254,0.0,0.0,0.0,0.0,0.0,0.0,0.0,0.0,0.29686287,0.13651976,0.0,0.0,0.0,0.0,0.0,0.0,0.0,0.0,0.0,0.0,0.0,0.0,0.0,0.0,0.0,0.0,0.0,-1.5415614,-0.15540066,-0.20186183,-4.9035473,0.0,0.0,0.0,0.0,0.0,0.0,0.0,0.0
-3.6424062,0.0,-1.6271869,0.0,0.0,-0.023257487,0.0,0.0,0.0,0.0,0.0,0.0,0.0,0.0,0.0,0.0,0.105810985,-0.089379326,0.14738955,-0.12285965,0.0,0.0,0.0,0.0,0.0,0.0,0.0,0.0,0.018172232,0.0,-0.11993132,0.0,0.0,0.0,0.0,0.0060807792,0.003149665,-0.3905421,-1.6748254,0.0,0.0,0.0,0.0,0.0,0.0,0.0,0.0,-0.26020104,-0.1384481,0.0,0.0,0.0,0.0,0.0,0.0,0.0,0.0,0.0,0.0,0.0,0.0,0.0,0.0,0.0,0.0,0.0,-1.6229231,0.118511975,-0.20186183,-3.901936,0.0,0.0,0.0,0.0,0.0,0.0,0.0,0.0
-4.5031953,0.0,0.0014946812,0.0,0.0,-0.023257487,0.0,0.0,0.0,0.0,0.0,0.0,0.0,0.0,0.0,0.0,0.22226559,0.0012546185,-0.117360875,0.00032037217,0.0,0.0,0.0,0.0,0.0,0.0,0.0,0.0,-0.031050395,0.0,0.0017642535,0.0,0.0,0.0,0.0,0.009465825,-0.10885771,-0.08992548,-1.6748254,0.0,0.0,0.0,0.0,0.0,0.0,0.0,0.0,0.29686287,0.13651976,0.0,0.0,0.0,0.0,0.0,0.0,0.0,0.0,0.0,0.0,0.0,0.0,0.0,0.0,0.0,0.0,0.0,-1.5415614,-0.15540066,-0.20186183,-5.264564,0.0,0.0,0.0,0.0,0.0,0.0,0.0,0.0
-4.883086,0.0,0.0014946812,0.0,0.0,-0.023257487,0.0,0.0,0.0,0.0,0.0,0.0,0.0,0.0,0.0,0.0,0.22088169,0.0012546185,-0.117360875,0.00032037217,0.0,0.0,0.0,0.0,0.0,0.0,0.0,0.0,-0.031050395,0.0,0.0017642535,0.0,0.0,0.0,0.0,-0.028543388,0.003149665,-0.15619947,-1.316435,0.0,0.0,0.0,0.0,0.0,0.0,0.0,0.0,0.29686287,-0.1384481,0.0,0.0,0.0,0.0,0.0,0.0,0.0,0.0,0.0,0.0,0.0,0.0,0.0,0.0,0.0,0.0,0.0,-1.6229231,-0.15540066,-0.20186183,-5.315678,0.0,0.0,0.0,0.0,0.0,0.0,0.0,0.0
-3.6424062,0.0,-1.6271869,0.0,0.0,-0.023257487,0.0,0.0,0.0,0.0,0.0,0.0,0.0,0.0,0.0,0.0,0.105810985,-0.089379326,0.14738955,-0.12285965,0.0,0.0,0.0,0.0,0.0,0.0,0.0,0.0,0.018172232,0.0,-0.11993132,0.0,0.0,0.0,0.0,0.0060807792,0.003149665,-0.3905421,-1.6748254,0.0,0.0,0.0,0.0,0.0,0.0,0.0,0.0,-0.26020104,-0.1384481,0.0,0.0,0.0,0.0,0.0,0.0,0.0,0.0,0.0,0.0,0.0,0.0,0.0,0.0,0.0,0.0,0.0,-1.6229231,-0.15540066,-0.20186183,-3.901936,0.0,0.0,0.0,0.0,0.0,0.0,0.0,0.0
1.7505748,0.0,0.007221514,0.0,0.0,-0.01826588,0.0,0.0,0.0,0.0,0.0,0.0,0.0,0.0,0.0,0.0,-0.2165885,0.0038599444,-0.117360875,0.001491507,0.0,0.0,0.0,0.0,0.0,0.0,0.0,0.0,-0.024085382,0.0,0.005423653,0.0,0.0,0.0,0.0,0.028020248,0.009567602,0.23362368,1.7269845,0.0,0.0,0.0,0.0,0.0,0.0,0.0,0.0,-0.26020104,-0.048740946,0.0,0.0,0.0,0.0,0.0,0.0,0.0,0.0,0.0,0.0,0.0,0.0,0.0,0.0,0.0,0.0,0.0,1.3057003,-0.15540066,-0.07689339,9.868058,0.0,0.0,0.0,0.0,0.0,0.0,0.0,0.0
-3.6424062,0.0,-1.6271869,0.0,0.0,0.02172687,0.0,0.0,0.0,0.0,0.0,0.0,0.0,0.0,0.0,0.0,0.105810985,-0.089379326,0.14738955,-0.12285965,0.0,0.0,0.0,0.0,0.0,0.0,0.0,0.0,0.018172232,0.0,-0.11993132,0.0,0.0,0.0,0.0,0.0060807792,0.003149665,-0.3739975,-1.6748254,0.0,0.0,0.0,0.0,0.0,0.0,0.0,0.0,0.29686287,0.13651976,0.0,0.0,0.0,0.0,0.0,0.0,0.0,0.0,0.0,0.0,0.0,0.0,0.0,0.0,0.0,0.0,0.0,-1.5415614,0.118511975,-0.20186183,-3.9634647,0.0,0.0,0.0,0.0,0.0,0.0,0.0,0.0
-3.6424062,0.0,-1.6271869,0.0,0.0,-0.023257487,0.0,0.0,0.0,0.0,0.0,0.0,0.0,0.0,0.0,0.0,0.105810985,-0.10930079,0.14738955,-0.12285965,0.0,0.0,0.0,0.0,0.0,0.0,0.0,0.0,0.018172232,0.0,0.0011707973,0.0,0.0,0.0,0.0,0.0060807792,0.003149665,-0.43117172,-1.6748254,0.0,0.0,0.0,0.0,0.0,0.0,0.0,0.0,-0.26020104,-0.1384481,0.0,0.0,0.0,0.0,0.0,0.0,0.0,0.0,0.0,0.0,0.0,0.0,0.0,0.0,0.0,0.0,0.0,-1.6229231,-0.15540066,-0.20186183,-3.9624875,0.0,0.0,0.0,0.0,0.0,0.0,0.0,0.0
1.7505748,0.0,0.007221514,0.0,0.0,-0.07818855,0.0,0.0,0.0,0.0,0.0,0.0,0.0,0.0,0.0,0.0,0.23856746,0.0038599444,0.14738955,0.001491507,0.0,0.0,0.0,0.0,0.0,0.0,0.0,0.0,0.06467286,0.0,0.005423653,0.0,0.0,0.0,0.0,0.028020248,0.009567602,-0.18978627,-0.9718683,0.0,0.0,0.0,0.0,0.0,0.0,0.0,0.0,-0.26020104,-0.048740946,0.0,0.0,0.0,0.0,0.0,0.0,0.0,0.0,0.0,0.0,0.0,0.0,0.0,0.0,0.0,0.0,0.0,1.5063707,0.118511975,0.49909496,9.784328,0.0,0.0,0.0,0.0,0.0,0.0,0.0,0.0
1.7505748,0.0,0.007221514,0.0,0.0,0.07304284,0.0,0.0,0.0,0.0,0.0,0.0,0.0,0.0,0.0,0.0,0.23856746,0.0038599444,0.14738955,0.001491507,0.0,0.0,0.0,0.0,0.0,0.0,0.0,0.0,-0.11050473,0.0,0.005423653,0.0,0.0,0.0,0.0,0.028020248,0.009567602,-0.20659481,-0.9718683,0.0,0.0,0.0,0.0,0.0,0.0,0.0,0.0,-0.26020104,-0.048740946,0.0,0.0,0.0,0.0,0.0,0.0,0.0,0.0,0.0,0.0,0.0,0.0,0.0,0.0,0.0,0.0,0.0,1.5063707,0.118511975,0.49909496,9.771679,0.0,0.0,0.0,0.0,0.0,0.0,0.0,0.0
-4.922479,0.0,0.0014946812,0.0,0.0,-0.023257487,0.0,0.0,0.0,0.0,0.0,0.0,0.0,0.0,0.0,0.0,0.22226559,0.0010259486,0.14738955,0.00032037217,0.0,0.0,0.0,0.0,0.0,0.0,0.0,0.0,-0.031050395,0.0,-0.11358853,0.0,0.0,0.0,0.0,0.009465825,0.003149665,-0.15651359,-1.316435,0.0,0.0,0.0,0.0,0.0,0.0,0.0,0.0,-0.26020104,-0.1384481,0.0,0.0,0.0,0.0,0.0,0.0,0.0,0.0,0.0,0.0,0.0,0.0,0.0,0.0,0.0,0.0,0.0,-1.6229231,-0.15540066,-0.20186183,-5.199783,0.0,0.0,0.0,0.0,0.0,0.0,0.0,0.0
-4.5031953,0.0,0.0014946812,0.0,0.0,-0.009802495,0.0,0.0,0.0,0.0,0.0,0.0,0.0,0.0,0.0,0.0,0.22226559,0.0012546185,-0.117360875,0.00032037217,0.0,0.0,0.0,0.0,0.0,0.0,0.0,0.0,-0.012556249,0.0,0.0017642535,0.0,0.0,0.0,0.0,0.009465825,-0.10885771,-0.5520526,-1.6748254,0.0,0.0,0.0,0.0,0.0,0.0,0.0,0.0,0.29686287,0.13651976,0.0,0.0,0.0,0.0,0.0,0.0,0.0,0.0,0.0,0.0,0.0,0.0,0.0,0.0,0.0,0.0,0.0,-1.5415614,-0.15540066,-0.20186183,-5.445202,0.0,0.0,0.0,0.0,0.0,0.0,0.0,0.0
-4.518337,0.0,0.0014946812,0.0,0.0,-0.023257487,0.0,0.0,0.0,0.0,0.0,0.0,0.0,0.0,0.0,0.0,0.105810985,-0.10930079,0.14738955,0.00032037217,0.0,0.0,0.0,0.0,0.0,0.0,0.0,0.0,-0.031050395,0.0,0.0011707973,0.0,0.0,0.0,0.0,0.0060807792,0.003149665,-0.45053715,-1.6748254,0.0,0.0,0.0,0.0,0.0,0.0,0.0,0.0,-0.26020104,-0.1384481,0.0,0.0,0.0,0.0,0.0,0.0,0.0,0.0,0.0,0.0,0.0,0.0,0.0,0.0,0.0,0.0,0.0,-1.6229231,0.118511975,-0.20186183,-4.7698293,0.0,0.0,0.0,0.0,0.0,0.0,0.0,0.0
-3.6424062,0.0,-1.6271869,0.0,0.0,-0.023257487,0.0,0.0,0.0,0.0,0.0,0.0,0.0,0.0,0.0,0.0,0.105810985,-0.089379326,0.14738955,-0.12285965,0.0,0.0,0.0,0.0,0.0,0.0,0.0,0.0,0.018172232,0.0,-0.11993132,0.0,0.0,0.0,0.0,0.0060807792,0.003149665,-0.3905421,-1.6748254,0.0,0.0,0.0,0.0,0.0,0.0,0.0,0.0,-0.26020104,-0.1384481,0.0,0.0,0.0,0.0,0.0,0.0,0.0,0.0,0.0,0.0,0.0,0.0,0.0,0.0,0.0,0.0,0.0,-1.6229231,-0.15540066,-0.20186183,-3.901936,0.0,0.0,0.0,0.0,0.0,0.0,0.0,0.0
-4.883086,0.0,0.0014946812,0.0,0.0,-0.023257487,0.0,0.0,0.0,0.0,0.0,0.0,0.0,0.0,0.0,0.0,0.22088169,0.0012546185,-0.117360875,0.00032037217,0.0,0.0,0.0,0.0,0.0,0.0,0.0,0.0,-0.031050395,0.0,0.0017642535,0.0,0.0,0.0,0.0,-0.028543388,0.003149665,-0.08992548,-1.316435,0.0,0.0,0.0,0.0,0.0,0.0,0.0,0.0,0.29686287,-0.1384481,0.0,0.0,0.0,0.0,0.0,0.0,0.0,0.0,0.0,0.0,0.0,0.0,0.0,0.0,0.0,0.0,0.0,-1.6229231,-0.15540066,-0.20186183,-5.315678,0.0,0.0,0.0,0.0,0.0,0.0,0.0,0.0
-3.6424062,0.0,-1.6271869,0.0,0.0,-0.023257487,0.0,0.0,0.0,0.0,0.0,0.0,0.0,0.0,0.0,0.0,0.105810985,-0.089379326,0.14738955,-0.12285965,0.0,0.0,0.0,0.0,0.0,0.0,0.0,0.0,0.018172232,0.0,-0.11993132,0.0,0.0,0.0,0.0,0.0060807792,0.003149665,-0.3905421,-1.6748254,0.0,0.0,0.0,0.0,0.0,0.0,0.0,0.0,-0.26020104,-0.1384481,0.0,0.0,0.0,0.0,0.0,0.0,0.0,0.0,0.0,0.0,0.0,0.0,0.0,0.0,0.0,0.0,0.0,-1.6229231,0.118511975,-0.20186183,-3.901936,0.0,0.0,0.0,0.0,0.0,0.0,0.0,0.0
1.7505748,0.0,0.007221514,0.0,0.0,-0.01826588,0.0,0.0,0.0,0.0,0.0,0.0,0.0,0.0,0.0,0.0,-0.2165885,0.0038599444,-0.117360875,0.001491507,0.0,0.0,0.0,0.0,0.0,0.0,0.0,0.0,-0.024085382,0.0,0.005423653,0.0,0.0,0.0,0.0,0.028020248,0.009567602,0.23362368,1.7269845,0.0,0.0,0.0,0.0,0.0,0.0,0.0,0.0,-0.26020104,-0.048740946,0.0,0.0,0.0,0.0,0.0,0.0,0.0,0.0,0.0,0.0,0.0,0.0,0.0,0.0,0.0,0.0,0.0,1.3057003,-0.15540066,-0.07689339,9.868058,0.0,0.0,0.0,0.0,0.0,0.0,0.0,0.0
-4.883086,0.0,0.0014946812,0.0,0.0,-0.023257487,0.0,0.0,0.0,0.0,0.0,0.0,0.0,0.0,0.0,0.0,0.22088169,0.0012546185,-0.117360875,0.00032037217,0.0,0.0,0.0,0.0,0.0,0.0,0.0,0.0,-0.031050395,0.0,0.0017642535,0.0,0.0,0.0,0.0,-0.028543388,0.003149665,-0.15619947,-1.316435,0.0,0.0,0.0,0.0,0.0,0.0,0.0,0.0,0.29686287,-0.1384481,0.0,0.0,0.0,0.0,0.0,0.0,0.0,0.0,0.0,0.0,0.0,0.0,0.0,0.0,0.0,0.0,0.0,-1.6229231,-0.15540066,-0.20186183,-5.315678,0.0,0.0,0.0,0.0,0.0,0.0,0.0,0.0
1.7505748,0.0,0.007221514,0.0,0.0,0.07304284,0.0,0.0,0.0,0.0,0.0,0.0,0.0,0.0,0.0,0.0,0.23856746,0.0038599444,0.14738955,0.001491507,0.0,0.0,0.0,0.0,0.0,0.0,0.0,0.0,0.06467286,0.0,0.005423653,0.0,0.0,0.0,0.0,0.028020248,0.009567602,-0.11610402,-0.9718683,0.0,0.0,0.0,0.0,0.0,0.0,0.0,0.0,-0.26020104,-0.048740946,0.0,0.0,0.0,0.0,0.0,0.0,0.0,0.0,0.0,0.0,0.0,0.0,0.0,0.0,0.0,0.0,0.0,1.5063707,0.118511975,0.49909496,9.829046,0.0,0.0,0.0,0.0,0.0,0.0,0.0,0.0
-3.5303988,0.0,-1.6271869,0.0,0.0,-0.023257487,0.0,0.0,0.0,0.0,0.0,0.0,0.0,0.0,0.0,0.0,0.105810985,-0.10930079,-0.117360875,-0.12285965,0.0,0.0,0.0,0.0,0.0,0.0,0.0,0.0,-0.031050395,0.0,0.0011707973,0.0,0.0,0.0,0.0,0.0060807792,-0.10885771,-0.45053715,-1.6748254,0.0,0.0,0.0,0.0,0.0,0.0,0.0,0.0,0.29686287,0.13651976,0.0,0.0,0.0,0.0,0.0,0.0,0.0,0.0,0.0,0.0,0.0,0.0,0.0,0.0,0.0,0.0,0.0,-1.5415614,-0.15540066,-0.20186183,-3.8938994,0.0,0.0,0.0,0.0,0.0,0.0,0.0,0.0
-4.5061283,0.0,0.0014946812,0.0,0.0,-0.023257487,0.0,0.0,0.0,0.0,0.0,0.0,0.0,0.0,0.0,0.0,0.11801937,-0.10930079,-0.117360875,0.00032037217,0.0,0.0,0.0,0.0,0.0,0.0,0.0,0.0,-0.031050395,0.0,0.0011707973,0.0,0.0,0.0,0.0,-0.018336069,0.003149665,-0.45053715,-1.6748254,0.0,0.0,0.0,0.0,0.0,0.0,0.0,0.0,0.29686287,-0.1384481,0.0,0.0,0.0,0.0,0.0,0.0,0.0,0.0,0.0,0.0,0.0,0.0,0.0,0.0,0.0,0.0,0.0,-1.6229231,-0.15540066,-0.20186183,-4.7698293,0.0,0.0,0.0,0.0,0.0,0.0,0.0,0.0
-4.5061283,0.0,0.0014946812,0.0,0.0,-0.023257487,0.0,0.0,0.0,0.0,0.0,0.0,0.0,0.0,0.0,0.0,0.11801937,-0.10930079,-0.117360875,0.00032037217,0.0,0.0,0.0,0.0,0.0,0.0,0.0,0.0,-0.031050395,0.0,0.0012651654,0.0,0.0,0.0,0.0,-0.018336069,0.003149665,-0.3329435,-1.6748254,0.0,0.0,0.0,0.0,0.0,0.0,0.0,0.0,0.29686287,-0.1384481,0.0,0.0,0.0,0.0,0.0,0.0,0.0,0.0,0.0,0.0,0.0,0.0,0.0,0.0,0.0,0.0,0.0,-1.6229231,-0.15540066,-0.20186183,-4.8875175,0.0,0.0,0.0,0.0,0.0,0.0,0.0,0.0
1.7505748,0.0,0.007221514,0.0,0.0,-0.01826588,0.0,0.0,0.0,0.0,0.0,0.0,0.0,0.0,0.0,0.0,-0.2165885,0.0038599444,-0.117360875,0.001491507,0.0,0.0,0.0,0.0,0.0,0.0,0.0,0.0,-0.024085382,0.0,0.005423653,0.0,0.0,0.0,0.0,0.028020248,0.009567602,0.23362368,1.7269845,0.0,0.0,0.0,0.0,0.0,0.0,0.0,0.0,-0.26020104,-0.048740946,0.0,0.0,0.0,0.0,0.0,0.0,0.0,0.0,0.0,0.0,0.0,0.0,0.0,0.0,0.0,0.0,0.0,1.3057003,-0.15540066,-0.07689339,9.868058,0.0,0.0,0.0,0.0,0.0,0.0,0.0,0.0
-3.6424062,0.0,-1.6271869,0.0,0.0,-0.023257487,0.0,0.0,0.0,0.0,0.0,0.0,0.0,0.0,0.0,0.0,0.105810985,-0.10930079,0.14738955,-0.12285965,0.0,0.0,0.0,0.0,0.0,0.0,0.0,0.0,-0.031050395,0.0,0.0011707973,0.0,0.0,0.0,0.0,0.0060807792,0.003149665,-0.45053715,-1.6748254,0.0,0.0,0.0,0.0,0.0,0.0,0.0,0.0,-0.26020104,-0.1384481,0.0,0.0,0.0,0.0,0.0,0.0,0.0,0.0,0.0,0.0,0.0,0.0,0.0,0.0,0.0,0.0,0.0,-1.6229231,0.118511975,-0.20186183,-3.8938994,0.0,0.0,0.0,0.0,0.0,0.0,0.0,0.0
1.7505748,0.0,0.007221514,0.0,0.0,-0.01826588,0.0,0.0,0.0,0.0,0.0,0.0,0.0,0.0,0.0,0.0,-0.2165885,0.0038599444,-0.117360875,0.001491507,0.0,0.0,0.0,0.0,0.0,0.0,0.0,0.0,-0.024085382,0.0,0.005423653,0.0,0.0,0.0,0.0,0.028020248,0.009567602,0.23362368,1.7269845,0.0,0.0,0.0,0.0,0.0,0.0,0.0,0.0,-0.26020104,-0.048740946,0.0,0.0,0.0,0.0,0.0,0.0,0.0,0.0,0.0,0.0,0.0,0.0,0.0,0.0,0.0,0.0,0.0,1.3057003,-0.15540066,-0.07689339,9.868058,0.0,0.0,0.0,0.0,0.0,0.0,0.0,0.0
-4.5031953,0.0,0.0014946812,0.0,0.0,-0.023257487,0.0,0.0,0.0,0.0,0.0,0.0,0.0,0.0,0.0,0.0,0.22226559,0.0012546185,-0.117360875,0.00032037217,0.0,0.0,0.0,0.0,0.0,0.0,0.0,0.0,-0.031050395,0.0,0.0017642535,0.0,0.0,0.0,0.0,0.009465825,-0.10885771,-0.15619947,-1.6748254,0.0,0.0,0.0,0.0,0.0,0.0,0.0,0.0,0.29686287,0.13651976,0.0,0.0,0.0,0.0,0.0,0.0,0.0,0.0,0.0,0.0,0.0,0.0,0.0,0.0,0.0,0.0,0.0,-1.5415614,-0.15540066,-0.20186183,-5.264564,0.0,0.0,0.0,0.0,0.0,0.0,0.0,0.0
-4.5031953,0.0,0.0014946812,0.0,0.0,-0.009802495,0.0,0.0,0.0,0.0,0.0,0.0,0.0,0.0,0.0,0.0,-0.23289037,0.0012546185,-0.117360875,0.00032037217,0.0,0.0,0.0,0.0,0.0,0.0,0.0,0.0,-0.012556249,0.0,0.0017642535,0.0,0.0,0.0,0.0,0.009465825,-0.10885771,0.10223992,-1.6748254,0.0,0.0,0.0,0.0,0.0,0.0,0.0,0.0,0.29686287,0.13651976,0.0,0.0,0.0,0.0,0.0,0.0,0.0,0.0,0.0,0.0,0.0,0.0,0.0,0.0,0.0,0.0,0.0,-1.5415614,-0.15540066,-0.20186183,-5.445202,0.0,0.0,0.0,0.0,0.0,0.0,0.0,0.0
-4.883086,0.0,0.0014946812,0.0,0.0,-0.023257487,0.0,0.0,0.0,0.0,0.0,0.0,0.0,0.0,0.0,0.0,0.22088169,0.0012546185,-0.117360875,0.00032037217,0.0,0.0,0.0,0.0,0.0,0.0,0.0,0.0,-0.031050395,0.0,0.0017642535,0.0,0.0,0.0,0.0,-0.028543388,0.003149665,-0.15619947,-1.316435,0.0,0.0,0.0,0.0,0.0,0.0,0.0,0.0,0.29686287,-0.1384481,0.0,0.0,0.0,0.0,0.0,0.0,0.0,0.0,0.0,0.0,0.0,0.0,0.0,0.0,0.0,0.0,0.0,-1.6229231,-0.15540066,-0.20186183,-5.315678,0.0,0.0,0.0,0.0,0.0,0.0,0.0,0.0
-4.883086,0.0,0.0014946812,0.0,0.0,-0.023257487,0.0,0.0,0.0,0.0,0.0,0.0,0.0,0.0,0.0,0.0,0.22088169,0.0012546185,-0.117360875,0.00032037217,0.0,0.0,0.0,0.0,0.0,0.0,0.0,0.0,-0.031050395,0.0,0.0017642535,0.0,0.0,0.0,0.0,-0.028543388,0.003149665,-0.15619947,-1.316435,0.0,0.0,0.0,0.0,0.0,0.0,0.0,0.0,0.29686287,-0.1384481,0.0,0.0,0.0,0.0,0.0,0.0,0.0,0.0,0.0,0.0,0.0,0.0,0.0,0.0,0.0,0.0,0.0,-1.6229231,-0.15540066,-0.20186183,-5.315678,0.0,0.0,0.0,0.0,0.0,0.0,0.0,0.0
1.7505748,0.0,0.007221514,0.0,0.0,-0.01826588,0.0,0.0,0.0,0.0,0.0,0.0,0.0,0.0,0.0,0.0,-0.2165885,0.0038599444,-0.117360875,0.001491507,0.0,0.0,0.0,0.0,0.0,0.0,0.0,0.0,-0.024085382,0.0,0.005423653,0.0,0.0,0.0,0.0,0.028020248,0.009567602,0.23362368,1.5555501,0.0,0.0,0.0,0.0,0.0,0.0,0.0,0.0,-0.26020104,-0.048740946,0.0,0.0,0.0,0.0,0.0,0.0,0.0,0.0,0.0,0.0,0.0,0.0,0.0,0.0,0.0,0.0,0.0,1.3985182,-0.15540066,-0.07689339,9.868058,0.0,0.0,0.0,0.0,0.0,0.0,0.0,0.0
-4.5413113,0.0,0.0014946812,0.0,0.0,-0.023257487,0.0,0.0,0.0,0.0,0.0,0.0,0.0,0.0,0.0,0.0,0.15175924,0.0010259486,0.14738955,0.00032037217,0.0,0.0,0.0,0.0,0.0,0.0,0.0,0.0,-0.031050395,0.0,-0.18059574,0.0,0.0,0.0,0.0,0.0060807792,0.003149665,-0.090403646,-1.6748254,0.0,0.0,0.0,0.0,0.0,0.0,0.0,0.0,-0.26020104,-0.1384481,0.0,0.0,0.0,0.0,0.0,0.0,0.0,0.0,0.0,0.0,0.0,0.0,0.0,0.0,0.0,0.0,0.0,-1.6229231,0.118511975,-0.20186183,-5.0814977,0.0,0.0,0.0,0.0,0.0,0.0,0.0,0.0
-4.5061283,0.0,0.0014946812,0.0,0.0,-0.023257487,0.0,0.0,0.0,0.0,0.0,0.0,0.0,0.0,0.0,0.0,0.11801937,-0.089379326,0.14738955,0.00032037217,0.0,0.0,0.0,0.0,0.0,0.0,0.0,0.0,-0.031050395,0.0,-0.11993132,0.0,0.0,0.0,0.0,-0.018336069,0.003149665,-0.40990752,-1.6748254,0.0,0.0,0.0,0.0,0.0,0.0,0.0,0.0,0.29686287,-0.1384481,0.0,0.0,0.0,0.0,0.0,0.0,0.0,0.0,0.0,0.0,0.0,0.0,0.0,0.0,0.0,0.0,0.0,-1.6229231,-0.15540066,-0.20186183,-4.709278,0.0,0.0,0.0,0.0,0.0,0.0,0.0,0.0
-4.922479,0.0,0.0014946812,0.0,0.0,-0.023257487,0.0,0.0,0.0,0.0,0.0,0.0,0.0,0.0,0.0,0.0,0.22226559,0.0012546185,0.14738955,0.00032037217,0.0,0.0,0.0,0.0,0.0,0.0,0.0,0.0,-0.031050395,0.0,0.0017642535,0.0,0.0,0.0,0.0,0.009465825,0.003149665,-0.15619947,-1.316435,0.0,0.0,0.0,0.0,0.0,0.0,0.0,0.0,-0.26020104,-0.1384481,0.0,0.0,0.0,0.0,0.0,0.0,0.0,0.0,0.0,0.0,0.0,0.0,0.0,0.0,0.0,0.0,0.0,-1.6229231,-0.15540066,-0.20186183,-5.315678,0.0,0.0,0.0,0.0,0.0,0.0,0.0,0.0
1.7505748,0.0,0.007221514,0.0,0.0,-0.07818855,0.0,0.0,0.0,0.0,0.0,0.0,0.0,0.0,0.0,0.0,0.23856746,0.0038599444,0.14738955,0.001491507,0.0,0.0,0.0,0.0,0.0,0.0,0.0,0.0,0.06467286,0.0,0.005423653,0.0,0.0,0.0,0.0,0.028020248,0.009567602,-0.18978627,-0.9718683,0.0,0.0,0.0,0.0,0.0,0.0,0.0,0.0,-0.26020104,-0.048740946,0.0,0.0,0.0,0.0,0.0,0.0,0.0,0.0,0.0,0.0,0.0,0.0,0.0,0.0,0.0,0.0,0.0,1.5063707,0.118511975,0.49909496,9.784328,0.0,0.0,0.0,0.0,0.0,0.0,0.0,0.0
-4.883086,0.0,0.0014946812,0.0,0.0,-0.023257487,0.0,0.0,0.0,0.0,0.0,0.0,0.0,0.0,0.0,0.0,0.22088169,0.0012546185,-0.117360875,0.00032037217,0.0,0.0,0.0,0.0,0.0,0.0,0.0,0.0,-0.031050395,0.0,0.0017642535,0.0,0.0,0.0,0.0,-0.028543388,0.003149665,-0.15619947,-1.316435,0.0,0.0,0.0,0.0,0.0,0.0,0.0,0.0,0.29686287,-0.1384481,0.0,0.0,0.0,0.0,0.0,0.0,0.0,0.0,0.0,0.0,0.0,0.0,0.0,0.0,0.0,0.0,0.0,-1.6229231,-0.15540066,-0.20186183,-5.315678,0.0,0.0,0.0,0.0,0.0,0.0,0.0,0.0
-4.922479,0.0,0.0014946812,0.0,0.0,-0.023257487,0.0,0.0,0.0,0.0,0.0,0.0,0.0,0.0,0.0,0.0,0.22226559,0.0012546185,0.14738955,0.00032037217,0.0,0.0,0.0,0.0,0.0,0.0,0.0,0.0,-0.031050395,0.0,0.0017642535,0.0,0.0,0.0,0.0,0.009465825,0.003149665,-0.15619947,-1.316435,0.0,0.0,0.0,0.0,0.0,0.0,0.0,0.0,-0.26020104,-0.1384481,0.0,0.0,0.0,0.0,0.0,0.0,0.0,0.0,0.0,0.0,0.0,0.0,0.0,0.0,0.0,0.0,0.0,-1.6229231,-0.15540066,-0.20186183,-5.315678,0.0,0.0,0.0,0.0,0.0,0.0,0.0,0.0
-4.883086,0.0,0.0014946812,0.0,0.0,-0.023257487,0.0,0.0,0.0,0.0,0.0,0.0,0.0,0.0,0.0,0.0,0.22088169,0.0012546185,-0.117360875,0.00032037217,0.0,0.0,0.0,0.0,0.0,0.0,0.0,0.0,-0.031050395,0.0,0.0017642535,0.0,0.0,0.0,0.0,-0.028543388,0.003149665,-0.08992548,-1.316435,0.0,0.0,0.0,0.0,0.0,0.0,0.0,0.0,0.29686287,-0.1384481,0.0,0.0,0.0,0.0,0.0,0.0,0.0,0.0,0.0,0.0,0.0,0.0,0.0,0.0,0.0,0.0,0.0,-1.6229231,-0.15540066,-0.20186183,-5.315678,0.0,0.0,0.0,0.0,0.0,0.0,0.0,0.0
-3.949683,0.0,-1.6271869,0.0,0.0,0.02172687,0.0,0.0,0.0,0.0,0.0,0.0,0.0,0.0,0.0,0.0,0.105810985,0.0012546185,0.14738955,-0.12285965,0.0,0.0,0.0,0.0,0.0,0.0,0.0,0.0,0.018172232,0.0,0.0013591386,0.0,0.0,0.0,0.0,0.0060807792,0.003149665,-0.41462713,-1.1496017,0.0,0.0,0.0,0.0,0.0,0.0,0.0,0.0,-0.26020104,-0.1384481,0.0,0.0,0.0,0.0,0.0,0.0,0.0,0.0,0.0,0.0,0.0,0.0,0.0,0.0,0.0,0.0,0.0,-1.6229231,0.118511975,0.49909496,-4.1858735,0.0,0.0,0.0,0.0,0.0,0.0,0.0,0.0
1.7505748,0.0,0.007221514,0.0,0.0,0.07304284,0.0,0.0,0.0,0.0,0.0,0.0,0.0,0.0,0.0,0.0,0.23856746,0.0038599444,0.14738955,0.001491507,0.0,0.0,0.0,0.0,0.0,0.0,0.0,0.0,0.06467286,0.0,0.005423653,0.0,0.0,0.0,0.0,0.028020248,0.009567602,-0.11610402,-0.9718683,0.0,0.0,0.0,0.0,0.0,0.0,0.0,0.0,-0.26020104,-0.048740946,0.0,0.0,0.0,0.0,0.0,0.0,0.0,0.0,0.0,0.0,0.0,0.0,0.0,0.0,0.0,0.0,0.0,1.5063707,0.118511975,0.49909496,9.829046,0.0,0.0,0.0,0.0,0.0,0.0,0.0,0.0
-4.518337,0.0,0.0014946812,0.0,0.0,-0.023257487,0.0,0.0,0.0,0.0,0.0,0.0,0.0,0.0,0.0,0.0,0.105810985,-0.10930079,0.14738955,0.00032037217,0.0,0.0,0.0,0.0,0.0,0.0,0.0,0.0,-0.031050395,0.0,0.0011707973,0.0,0.0,0.0,0.0,0.0060807792,0.003149665,-0.45053715,-1.6748254,0.0,0.0,0.0,0.0,0.0,0.0,0.0,0.0,0.29686287,0.13651976,0.0,0.0,0.0,0.0,0.0,0.0,0.0,0.0,0.0,0.0,0.0,0.0,0.0,0.0,0.0,0.0,0.0,-1.5415614,-0.15540066,-0.20186183,-4.7698293,0.0,0.0,0.0,0.0,0.0,0.0,0.0,0.0
-4.630806,0.0,0.0014946812,0.0,0.0,-0.023257487,0.0,0.0,0.0,0.0,0.0,0.0,0.0,0.0,0.0,0.0,0.22226559,0.0012546185,0.14738955,0.00032037217,0.0,0.0,0.0,0.0,0.0,0.0,0.0,0.0,-0.031050395,0.0,0.0017642535,0.0,0.0,0.0,0.0,0.009465825,-0.10885771,-0.15619947,-1.5282797,0.0,0.0,0.0,0.0,0.0,0.0,0.0,0.0,0.29686287,0.04806206,0.0,0.0,0.0,0.0,0.0,0.0,0.0,0.0,0.0,0.0,0.0,0.0,0.0,0.0,0.0,0.0,0.0,1.3433123,-0.15540066,-0.20186183,-5.264564,0.0,0.0,0.0,0.0,0.0,0.0,0.0,0.0
-4.922479,0.0,0.0014946812,0.0,0.0,-0.023257487,0.0,0.0,0.0,0.0,0.0,0.0,0.0,0.0,0.0,0.0,0.22226559,0.0010259486,0.14738955,0.00032037217,0.0,0.0,0.0,0.0,0.0,0.0,0.0,0.0,-0.031050395,0.0,-0.11358853,0.0,0.0,0.0,0.0,0.009465825,0.003149665,-0.15651359,-1.316435,0.0,0.0,0.0,0.0,0.0,0.0,0.0,0.0,-0.26020104,-0.1384481,0.0,0.0,0.0,0.0,0.0,0.0,0.0,0.0,0.0,0.0,0.0,0.0,0.0,0.0,0.0,0.0,0.0,-1.6229231,-0.15540066,-0.20186183,-5.199783,0.0,0.0,0.0,0.0,0.0,0.0,0.0,0.0
-3.6424062,0.0,-1.6271869,0.0,0.0,-0.023257487,0.0,0.0,0.0,0.0,0.0,0.0,0.0,0.0,0.0,0.0,0.105810985,-0.089379326,0.14738955,-0.12285965,0.0,0.0,0.0,0.0,0.0,0.0,0.0,0.0,0.018172232,0.0,-0.11993132,0.0,0.0,0.0,0.0,0.0060807792,0.003149665,-0.3905421,-1.6748254,0.0,0.0,0.0,0.0,0.0,0.0,0.0,0.0,-0.26020104,-0.1384481,0.0,0.0,0.0,0.0,0.0,0.0,0.0,0.0,0.0,0.0,0.0,0.0,0.0,0.0,0.0,0.0,0.0,-1.6229231,0.118511975,-0.20186183,-3.901936,0.0,0.0,0.0,0.0,0.0,0.0,0.0,0.0
-3.6424062,0.0,-1.6271869,0.0,0.0,0.02172687,0.0,0.0,0.0,0.0,0.0,0.0,0.0,0.0,0.0,0.0,0.105810985,-0.089379326,0.14738955,-0.12285965,0.0,0.0,0.0,0.0,0.0,0.0,0.0,0.0,0.018172232,0.0,-0.11993132,0.0,0.0,0.0,0.0,0.0060807792,0.003149665,-0.3739975,-1.6748254,0.0,0.0,0.0,0.0,0.0,0.0,0.0,0.0,-0.26020104,-0.1384481,0.0,0.0,0.0,0.0,0.0,0.0,0.0,0.0,0.0,0.0,0.0,0.0,0.0,0.0,0.0,0.0,0.0,-1.6229231,0.118511975,-0.20186183,-3.9634647,0.0,0.0,0.0,0.0,0.0,0.0,0.0,0.0
1.5831945,0.0,0.0022458031,0.0,0.0,-0.009802495,0.0,0.0,0.0,0.0,0.0,0.0,0.0,0.0,0.0,0.0,-0.22499073,0.0012546185,-0.117360875,0.0004815425,0.0,0.0,0.0,0.0,0.0,0.0,0.0,0.0,-0.012556249,0.0,0.0017642535,0.0,0.0,0.0,0.0,-0.08449265,0.009567602,0.10223992,1.6013854,0.0,0.0,0.0,0.0,0.0,0.0,0.0,0.0,-0.26020104,-0.1384481,0.0,0.0,0.0,0.0,0.0,0.0,0.0,0.0,0.0,0.0,0.0,0.0,0.0,0.0,0.0,0.0,0.0,-1.6905541,-0.15540066,-0.07689339,-8.706143,0.0,0.0,0.0,0.0,0.0,0.0,0.0,0.0
1.6226876,0.0,0.007221514,0.0,0.0,-0.01826588,0.0,0.0,0.0,0.0,0.0,0.0,0.0,0.0,0.0,0.0,-0.2232073,0.0038599444,-0.117360875,0.001491507,0.0,0.0,0.0,0.0,0.0,0.0,0.0,0.0,-0.024085382,0.0,0.005423653,0.0,0.0,0.0,0.0,-0.08449265,0.009567602,0.23362368,1.9590354,0.0,0.0,0.0,0.0,0.0,0.0,0.0,0.0,0.29686287,0.13651976,0.0,0.0,0.0,0.0,0.0,0.0,0.0,0.0,0.0,0.0,0.0,0.0,0.0,0.0,0.0,0.0,0.0,-1.5177667,0.118511975,-0.07689339,9.868058,0.0,0.0,0.0,0.0,0.0,0.0,0.0,0.0
-4.883086,0.0,0.0014946812,0.0,0.0,-0.023257487,0.0,0.0,0.0,0.0,0.0,0.0,0.0,0.0,0.0,0.0,0.22088169,0.0012546185,-0.117360875,0.00032037217,0.0,0.0,0.0,0.0,0.0,0.0,0.0,0.0,-0.031050395,0.0,0.0017642535,0.0,0.0,0.0,0.0,-0.028543388,0.003149665,-0.15619947,-1.316435,0.0,0.0,0.0,0.0,0.0,0.0,0.0,0.0,0.29686287,-0.1384481,0.0,0.0,0.0,0.0,0.0,0.0,0.0,0.0,0.0,0.0,0.0,0.0,0.0,0.0,0.0,0.0,0.0,-1.6229231,-0.15540066,-0.20186183,-5.315678,0.0,0.0,0.0,0.0,0.0,0.0,0.0,0.0
1.7505748,0.0,0.007221514,0.0,0.0,-0.01826588,0.0,0.0,0.0,0.0,0.0,0.0,0.0,0.0,0.0,0.0,-0.2165885,0.0038599444,-0.117360875,0.001491507,0.0,0.0,0.0,0.0,0.0,0.0,0.0,0.0,-0.024085382,0.0,0.005423653,0.0,0.0,0.0,0.0,0.028020248,0.009567602,0.23362368,1.7269845,0.0,0.0,0.0,0.0,0.0,0.0,0.0,0.0,-0.26020104,-0.048740946,0.0,0.0,0.0,0.0,0.0,0.0,0.0,0.0,0.0,0.0,0.0,0.0,0.0,0.0,0.0,0.0,0.0,1.3057003,-0.15540066,-0.07689339,9.868058,0.0,0.0,0.0,0.0,0.0,0.0,0.0,0.0
-4.883086,0.0,0.0014946812,0.0,0.0,-0.023257487,0.0,0.0,0.0,0.0,0.0,0.0,0.0,0.0,0.0,0.0,0.22088169,0.0012546185,-0.117360875,0.00032037217,0.0,0.0,0.0,0.0,0.0,0.0,0.0,0.0,-0.031050395,0.0,0.0017642535,0.0,0.0,0.0,0.0,-0.028543388,0.003149665,-0.15619947,-1.316435,0.0,0.0,0.0,0.0,0.0,0.0,0.0,0.0,0.29686287,0.13651976,0.0,0.0,0.0,0.0,0.0,0.0,0.0,0.0,0.0,0.0,0.0,0.0,0.0,0.0,0.0,0.0,0.0,-1.5415614,0.118511975,-0.20186183,-5.315678,0.0,0.0,0.0,0.0,0.0,0.0,0.0,0.0
-4.4567466,0.0,0.0014946812,0.0,0.0,-0.023257487,0.0,0.0,0.0,0.0,0.0,0.0,0.0,0.0,0.0,0.0,0.105810985,-0.10930079,0.14738955,-0.12285965,0.0,0.0,0.0,0.0,0.0,0.0,0.0,0.0,-0.031050395,0.0,0.0011707973,0.0,0.0,0.0,0.0,0.0060807792,0.003149665,-0.45053715,-1.6748254,0.0,0.0,0.0,0.0,0.0,0.0,0.0,0.0,-0.26020104,-0.1384481,0.0,0.0,0.0,0.0,0.0,0.0,0.0,0.0,0.0,0.0,0.0,0.0,0.0,0.0,0.0,0.0,0.0,-1.6229231,0.118511975,-0.20186183,-4.7082396,0.0,0.0,0.0,0.0,0.0,0.0,0.0,0.0
1.7505748,0.0,0.007221514,0.0,0.0,-0.01826588,0.0,0.0,0.0,0.0,0.0,0.0,0.0,0.0,0.0,0.0,-0.2165885,0.0038599444,-0.117360875,0.001491507,0.0,0.0,0.0,0.0,0.0,0.0,0.0,0.0,-0.024085382,0.0,0.005423653,0.0,0.0,0.0,0.0,0.028020248,0.009567602,0.23362368,1.7269845,0.0,0.0,0.0,0.0,0.0,0.0,0.0,0.0,-0.26020104,-0.048740946,0.0,0.0,0.0,0.0,0.0,0.0,0.0,0.0,0.0,0.0,0.0,0.0,0.0,0.0,0.0,0.0,0.0,1.3057003,-0.15540066,-0.07689339,9.868058,0.0,0.0,0.0,0.0,0.0,0.0,0.0,0.0
-3.7700164,0.0,-1.6271869,0.0,0.0,-0.023257487,0.0,0.0,0.0,0.0,0.0,0.0,0.0,0.0,0.0,0.0,0.105810985,-0.089379326,0.14738955,-0.12285965,0.0,0.0,0.0,0.0,0.0,0.0,0.0,0.0,0.018172232,0.0,-0.11993132,0.0,0.0,0.0,0.0,0.0060807792,0.003149665,-0.3905421,-1.5282797,0.0,0.0,0.0,0.0,0.0,0.0,0.0,0.0,-0.26020104,-0.048740946,0.0,0.0,0.0,0.0,0.0,0.0,0.0,0.0,0.0,0.0,0.0,0.0,0.0,0.0,0.0,0.0,0.0,1.4401152,0.118511975,-0.20186183,-3.901936,0.0,0.0,0.0,0.0,0.0,0.0,0.0,0.0
-3.6424062,0.0,-1.6271869,0.0,0.0,-0.023257487,0.0,0.0,0.0,0.0,0.0,0.0,0.0,0.0,0.0,0.0,0.105810985,-0.089379326,0.14738955,-0.12285965,0.0,0.0,0.0,0.0,0.0,0.0,0.0,0.0,0.018172232,0.0,-0.11993132,0.0,0.0,0.0,0.0,0.0060807792,0.003149665,-0.3905421,-1.6748254,0.0,0.0,0.0,0.0,0.0,0.0,0.0,0.0,-0.26020104,-0.1384481,0.0,0.0,0.0,0.0,0.0,0.0,0.0,0.0,0.0,0.0,0.0,0.0,0.0,0.0,0.0,0.0,0.0,-1.6229231,0.118511975,-0.20186183,-3.901936,0.0,0.0,0.0,0.0,0.0,0.0,0.0,0.0
1.7505748,0.0,0.007221514,0.0,0.0,0.07304284,0.0,0.0,0.0,0.0,0.0,0.0,0.0,0.0,0.0,0.0,0.23856746,0.0038599444,0.14738955,0.001491507,0.0,0.0,0.0,0.0,0.0,0.0,0.0,0.0,0.06467286,0.0,0.005423653,0.0,0.0,0.0,0.0,0.028020248,0.009567602,-0.11610402,-0.9718683,0.0,0.0,0.0,0.0,0.0,0.0,0.0,0.0,-0.26020104,-0.048740946,0.0,0.0,0.0,0.0,0.0,0.0,0.0,0.0,0.0,0.0,0.0,0.0,0.0,0.0,0.0,0.0,0.0,1.5063707,0.118511975,0.49909496,9.829046,0.0,0.0,0.0,0.0,0.0,0.0,0.0,0.0
-4.5031953,0.0,0.0014946812,0.0,0.0,-0.023257487,0.0,0.0,0.0,0.0,0.0,0.0,0.0,0.0,0.0,0.0,0.22226559,0.0012546185,0.14738955,0.00032037217,0.0,0.0,0.0,0.0,0.0,0.0,0.0,0.0,-0.031050395,0.0,0.0017642535,0.0,0.0,0.0,0.0,0.009465825,-0.10885771,-0.15619947,-1.6748254,0.0,0.0,0.0,0.0,0.0,0.0,0.0,0.0,0.29686287,0.13651976,0.0,0.0,0.0,0.0,0.0,0.0,0.0,0.0,0.0,0.0,0.0,0.0,0.0,0.0,0.0,0.0,0.0,-1.5415614,-0.15540066,-0.20186183,-5.264564,0.0,0.0,0.0,0.0,0.0,0.0,0.0,0.0
1.7505748,0.0,0.007221514,0.0,0.0,-0.01826588,0.0,0.0,0.0,0.0,0.0,0.0,0.0,0.0,0.0,0.0,-0.2165885,0.0038599444,-0.117360875,0.001491507,0.0,0.0,0.0,0.0,0.0,0.0,0.0,0.0,-0.024085382,0.0,0.005423653,0.0,0.0,0.0,0.0,0.028020248,0.009567602,0.23362368,1.7269845,0.0,0.0,0.0,0.0,0.0,0.0,0.0,0.0,-0.26020104,-0.048740946,0.0,0.0,0.0,0.0,0.0,0.0,0.0,0.0,0.0,0.0,0.0,0.0,0.0,0.0,0.0,0.0,0.0,1.3057003,-0.15540066,-0.07689339,9.868058,0.0,0.0,0.0,0.0,0.0,0.0,0.0,0.0
-4.5031953,0.0,0.0014946812,0.0,0.0,-0.023257487,0.0,0.0,0.0,0.0,0.0,0.0,0.0,0.0,0.0,0.0,0.22226559,0.0012546185,-0.117360875,0.00032037217,0.0,0.0,0.0,0.0,0.0,0.0,0.0,0.0,-0.031050395,0.0,0.0017642535,0.0,0.0,0.0,0.0,0.009465825,-0.10885771,-0.15619947,-1.6748254,0.0,0.0,0.0,0.0,0.0,0.0,0.0,0.0,0.29686287,0.13651976,0.0,0.0,0.0,0.0,0.0,0.0,0.0,0.0,0.0,0.0,0.0,0.0,0.0,0.0,0.0,0.0,0.0,-1.5415614,-0.15540066,-0.20186183,-5.264564,0.0,0.0,0.0,0.0,0.0,0.0,0.0,0.0
1.7505748,0.0,0.007221514,0.0,0.0,0.07304284,0.0,0.0,0.0,0.0,0.0,0.0,0.0,0.0,0.0,0.0,0.23856746,0.0038599444,0.14738955,0.001491507,0.0,0.0,0.0,0.0,0.0,0.0,0.0,0.0,0.06467286,0.0,0.005423653,0.0,0.0,0.0,0.0,0.028020248,0.009567602,-0.11610402,-0.9718683,0.0,0.0,0.0,0.0,0.0,0.0,0.0,0.0,-0.26020104,-0.048740946,0.0,0.0,0.0,0.0,0.0,0.0,0.0,0.0,0.0,0.0,0.0,0.0,0.0,0.0,0.0,0.0,0.0,1.5063707,0.118511975,0.49909496,9.829046,0.0,0.0,0.0,0.0,0.0,0.0,0.0,0.0
-4.6459475,0.0,0.0014946812,0.0,0.0,-0.023257487,0.0,0.0,0.0,0.0,0.0,0.0,0.0,0.0,0.0,0.0,0.105810985,-0.10930079,0.14738955,0.00032037217,0.0,0.0,0.0,0.0,0.0,0.0,0.0,0.0,-0.031050395,0.0,0.0011707973,0.0,0.0,0.0,0.0,0.0060807792,0.003149665,-0.45053715,-1.5282797,0.0,0.0,0.0,0.0,0.0,0.0,0.0,0.0,0.29686287,0.04806206,0.0,0.0,0.0,0.0,0.0,0.0,0.0,0.0,0.0,0.0,0.0,0.0,0.0,0.0,0.0,0.0,0.0,1.3433123,0.118511975,-0.20186183,-4.7698293,0.0,0.0,0.0,0.0,0.0,0.0,0.0,0.0
-4.5031953,0.0,0.0014946812,0.0,0.0,-0.009802495,0.0,0.0,0.0,0.0,0.0,0.0,0.0,0.0,0.0,0.0,-0.23289037,0.0012546185,-0.117360875,0.00032037217,0.0,0.0,0.0,0.0,0.0,0.0,0.0,0.0,-0.012556249,0.0,0.0017642535,0.0,0.0,0.0,0.0,0.009465825,-0.10885771,0.10223992,-1.6748254,0.0,0.0,0.0,0.0,0.0,0.0,0.0,0.0,0.29686287,0.13651976,0.0,0.0,0.0,0.0,0.0,0.0,0.0,0.0,0.0,0.0,0.0,0.0,0.0,0.0,0.0,0.0,0.0,-1.5415614,-0.15540066,-0.20186183,-5.445202,0.0,0.0,0.0,0.0,0.0,0.0,0.0,0.0
1.7505748,0.0,0.007221514,0.0,0.0,-0.01826588,0.0,0.0,0.0,0.0,0.0,0.0,0.0,0.0,0.0,0.0,-0.2165885,0.0038599444,-0.117360875,0.001491507,0.0,0.0,0.0,0.0,0.0,0.0,0.0,0.0,-0.024085382,0.0,0.005423653,0.0,0.0,0.0,0.0,0.028020248,0.009567602,0.23362368,1.7269845,0.0,0.0,0.0,0.0,0.0,0.0,0.0,0.0,-0.26020104,-0.048740946,0.0,0.0,0.0,0.0,0.0,0.0,0.0,0.0,0.0,0.0,0.0,0.0,0.0,0.0,0.0,0.0,0.0,1.3057003,-0.15540066,-0.07689339,9.868058,0.0,0.0,0.0,0.0,0.0,0.0,0.0,0.0
-4.5061283,0.0,0.0014946812,0.0,0.0,-0.023257487,0.0,0.0,0.0,0.0,0.0,0.0,0.0,0.0,0.0,0.0,0.11801937,0.0010259486,0.14738955,0.00032037217,0.0,0.0,0.0,0.0,0.0,0.0,0.0,0.0,-0.031050395,0.0,-0.13989311,0.0,0.0,0.0,0.0,-0.018336069,0.003149665,-0.40990752,-1.6748254,0.0,0.0,0.0,0.0,0.0,0.0,0.0,0.0,0.29686287,-0.1384481,0.0,0.0,0.0,0.0,0.0,0.0,0.0,0.0,0.0,0.0,0.0,0.0,0.0,0.0,0.0,0.0,0.0,-1.6229231,-0.15540066,-0.20186183,-4.7797217,0.0,0.0,0.0,0.0,0.0,0.0,0.0,0.0
1.6226876,0.0,0.007221514,0.0,0.0,-0.01826588,0.0,0.0,0.0,0.0,0.0,0.0,0.0,0.0,0.0,0.0,-0.2232073,0.0038599444,-0.117360875,0.001491507,0.0,0.0,0.0,0.0,0.0,0.0,0.0,0.0,-0.024085382,0.0,0.005423653,0.0,0.0,0.0,0.0,-0.08449265,0.009567602,0.23362368,1.9590354,0.0,0.0,0.0,0.0,0.0,0.0,0.0,0.0,0.29686287,0.13651976,0.0,0.0,0.0,0.0,0.0,0.0,0.0,0.0,0.0,0.0,0.0,0.0,0.0,0.0,0.0,0.0,0.0,-1.5177667,0.118511975,-0.07689339,9.868058,0.0,0.0,0.0,0.0,0.0,0.0,0.0,0.0
1.7505748,0.0,0.007221514,0.0,0.0,-0.01826588,0.0,0.0,0.0,0.0,0.0,0.0,0.0,0.0,0.0,0.0,-0.2165885,0.0038599444,-0.117360875,0.001491507,0.0,0.0,0.0,0.0,0.0,0.0,0.0,0.0,-0.024085382,0.0,0.005423653,0.0,0.0,0.0,0.0,0.028020248,0.009567602,0.23362368,1.7269845,0.0,0.0,0.0,0.0,0.0,0.0,0.0,0.0,-0.26020104,-0.048740946,0.0,0.0,0.0,0.0,0.0,0.0,0.0,0.0,0.0,0.0,0.0,0.0,0.0,0.0,0.0,0.0,0.0,1.3057003,-0.15540066,-0.07689339,9.868058,0.0,0.0,0.0,0.0,0.0,0.0,0.0,0.0
-3.6424062,0.0,-1.6271869,0.0,0.0,-0.023257487,0.0,0.0,0.0,0.0,0.0,0.0,0.0,0.0,0.0,0.0,0.105810985,-0.089379326,0.14738955,-0.12285965,0.0,0.0,0.0,0.0,0.0,0.0,0.0,0.0,0.018172232,0.0,-0.11993132,0.0,0.0,0.0,0.0,0.0060807792,0.003149665,-0.3905421,-1.6748254,0.0,0.0,0.0,0.0,0.0,0.0,0.0,0.0,-0.26020104,-0.1384481,0.0,0.0,0.0,0.0,0.0,0.0,0.0,0.0,0.0,0.0,0.0,0.0,0.0,0.0,0.0,0.0,0.0,-1.6229231,0.118511975,-0.20186183,-3.901936,0.0,0.0,0.0,0.0,0.0,0.0,0.0,0.0
-3.6424062,0.0,-1.6271869,0.0,0.0,-0.023257487,0.0,0.0,0.0,0.0,0.0,0.0,0.0,0.0,0.0,0.0,0.105810985,-0.089379326,0.14738955,-0.12285965,0.0,0.0,0.0,0.0,0.0,0.0,0.0,0.0,0.018172232,0.0,-0.11993132,0.0,0.0,0.0,0.0,0.0060807792,0.003149665,-0.3905421,-1.6748254,0.0,0.0,0.0,0.0,0.0,0.0,0.0,0.0,-0.26020104,-0.1384481,0.0,0.0,0.0,0.0,0.0,0.0,0.0,0.0,0.0,0.0,0.0,0.0,0.0,0.0,0.0,0.0,0.0,-1.6229231,0.118511975,-0.20186183,-3.901936,0.0,0.0,0.0,0.0,0.0,0.0,0.0,0.0
1.7505748,0.0,0.007221514,0.0,0.0,-0.01826588,0.0,0.0,0.0,0.0,0.0,0.0,0.0,0.0,0.0,0.0,-0.2165885,0.0038599444,-0.117360875,0.001491507,0.0,0.0,0.0,0.0,0.0,0.0,0.0,0.0,-0.024085382,0.0,0.005423653,0.0,0.0,0.0,0.0,0.028020248,0.009567602,0.23362368,1.7269845,0.0,0.0,0.0,0.0,0.0,0.0,0.0,0.0,-0.26020104,-0.048740946,0.0,0.0,0.0,0.0,0.0,0.0,0.0,0.0,0.0,0.0,0.0,0.0,0.0,0.0,0.0,0.0,0.0,1.3057003,-0.15540066,-0.07689339,9.868058,0.0,0.0,0.0,0.0,0.0,0.0,0.0,0.0
-3.6424062,0.0,-1.6271869,0.0,0.0,-0.023257487,0.0,0.0,0.0,0.0,0.0,0.0,0.0,0.0,0.0,0.0,0.105810985,-0.089379326,0.14738955,-0.12285965,0.0,0.0,0.0,0.0,0.0,0.0,0.0,0.0,0.018172232,0.0,-0.11993132,0.0,0.0,0.0,0.0,0.0060807792,0.003149665,-0.3905421,-1.6748254,0.0,0.0,0.0,0.0,0.0,0.0,0.0,0.0,-0.26020104,-0.1384481,0.0,0.0,0.0,0.0,0.0,0.0,0.0,0.0,0.0,0.0,0.0,0.0,0.0,0.0,0.0,0.0,0.0,-1.6229231,0.118511975,-0.20186183,-3.901936,0.0,0.0,0.0,0.0,0.0,0.0,0.0,0.0
-3.6424062,0.0,-1.6271869,0.0,0.0,-0.023257487,0.0,0.0,0.0,0.0,0.0,0.0,0.0,0.0,0.0,0.0,0.105810985,-0.10930079,0.14738955,-0.12285965,0.0,0.0,0.0,0.0,0.0,0.0,0.0,0.0,-0.031050395,0.0,0.0011707973,0.0,0.0,0.0,0.0,0.0060807792,0.003149665,-0.45053715,-1.6748254,0.0,0.0,0.0,0.0,0.0,0.0,0.0,0.0,-0.26020104,-0.1384481,0.0,0.0,0.0,0.0,0.0,0.0,0.0,0.0,0.0,0.0,0.0,0.0,0.0,0.0,0.0,0.0,0.0,-1.6229231,0.118511975,-0.20186183,-3.8938994,0.0,0.0,0.0,0.0,0.0,0.0,0.0,0.0
-3.5303988,0.0,-1.6271869,0.0,0.0,-0.023257487,0.0,0.0,0.0,0.0,0.0,0.0,0.0,0.0,0.0,0.0,0.105810985,-0.10930079,-0.117360875,-0.12285965,0.0,0.0,0.0,0.0,0.0,0.0,0.0,0.0,-0.031050395,0.0,0.0011707973,0.0,0.0,0.0,0.0,0.0060807792,-0.10885771,-0.45053715,-1.6748254,0.0,0.0,0.0,0.0,0.0,0.0,0.0,0.0,0.29686287,0.13651976,0.0,0.0,0.0,0.0,0.0,0.0,0.0,0.0,0.0,0.0,0.0,0.0,0.0,0.0,0.0,0.0,0.0,-1.5415614,-0.15540066,-0.20186183,-3.8938994,0.0,0.0,0.0,0.0,0.0,0.0,0.0,0.0
1.6226876,0.0,0.007221514,0.0,0.0,-0.01826588,0.0,0.0,0.0,0.0,0.0,0.0,0.0,0.0,0.0,0.0,-0.2232073,0.0038599444,-0.117360875,0.001491507,0.0,0.0,0.0,0.0,0.0,0.0,0.0,0.0,-0.024085382,0.0,0.005423653,0.0,0.0,0.0,0.0,-0.08449265,0.009567602,0.23362368,1.9590354,0.0,0.0,0.0,0.0,0.0,0.0,0.0,0.0,0.29686287,0.13651976,0.0,0.0,0.0,0.0,0.0,0.0,0.0,0.0,0.0,0.0,0.0,0.0,0.0,0.0,0.0,0.0,0.0,-1.5177667,0.118511975,-0.07689339,9.868058,0.0,0.0,0.0,0.0,0.0,0.0,0.0,0.0
1.7505748,0.0,0.007221514,0.0,0.0,-0.01826588,0.0,0.0,0.0,0.0,0.0,0.0,0.0,0.0,0.0,0.0,-0.2165885,0.0038599444,-0.117360875,0.001491507,0.0,0.0,0.0,0.0,0.0,0.0,0.0,0.0,-0.024085382,0.0,0.005423653,0.0,0.0,0.0,0.0,0.028020248,0.009567602,0.23362368,1.7269845,0.0,0.0,0.0,0.0,0.0,0.0,0.0,0.0,-0.26020104,-0.048740946,0.0,0.0,0.0,0.0,0.0,0.0,0.0,0.0,0.0,0.0,0.0,0.0,0.0,0.0,0.0,0.0,0.0,1.3057003,-0.15540066,-0.07689339,9.868058,0.0,0.0,0.0,0.0,0.0,0.0,0.0,0.0
1.6226876,0.0,0.007221514,0.0,0.0,-0.01826588,0.0,0.0,0.0,0.0,0.0,0.0,0.0,0.0,0.0,0.0,-0.2232073,0.0038599444,-0.117360875,0.001491507,0.0,0.0,0.0,0.0,0.0,0.0,0.0,0.0,-0.024085382,0.0,0.005423653,0.0,0.0,0.0,0.0,-0.08449265,0.009567602,0.23362368,1.9590354,0.0,0.0,0.0,0.0,0.0,0.0,0.0,0.0,0.29686287,0.13651976,0.0,0.0,0.0,0.0,0.0,0.0,0.0,0.0,0.0,0.0,0.0,0.0,0.0,0.0,0.0,0.0,0.0,-1.5177667,0.118511975,-0.07689339,9.868058,0.0,0.0,0.0,0.0,0.0,0.0,0.0,0.0
-3.6424062,0.0,-1.6271869,0.0,0.0,-0.023257487,0.0,0.0,0.0,0.0,0.0,0.0,0.0,0.0,0.0,0.0,0.105810985,-0.089379326,0.14738955,-0.12285965,0.0,0.0,0.0,0.0,0.0,0.0,0.0,0.0,0.018172232,0.0,-0.11993132,0.0,0.0,0.0,0.0,0.0060807792,0.003149665,-0.3905421,-1.6748254,0.0,0.0,0.0,0.0,0.0,0.0,0.0,0.0,-0.26020104,-0.1384481,0.0,0.0,0.0,0.0,0.0,0.0,0.0,0.0,0.0,0.0,0.0,0.0,0.0,0.0,0.0,0.0,0.0,-1.6229231,0.118511975,-0.20186183,-3.901936,0.0,0.0,0.0,0.0,0.0,0.0,0.0,0.0
-4.883086,0.0,0.0014946812,0.0,0.0,-0.023257487,0.0,0.0,0.0,0.0,0.0,0.0,0.0,0.0,0.0,0.0,0.22088169,0.0012546185,-0.117360875,0.00032037217,0.0,0.0,0.0,0.0,0.0,0.0,0.0,0.0,-0.031050395,0.0,0.0017642535,0.0,0.0,0.0,0.0,-0.028543388,0.003149665,-0.15619947,-1.316435,0.0,0.0,0.0,0.0,0.0,0.0,0.0,0.0,0.29686287,-0.1384481,0.0,0.0,0.0,0.0,0.0,0.0,0.0,0.0,0.0,0.0,0.0,0.0,0.0,0.0,0.0,0.0,0.0,-1.6229231,-0.15540066,-0.20186183,-5.315678,0.0,0.0,0.0,0.0,0.0,0.0,0.0,0.0
-4.922479,0.0,0.0014946812,0.0,0.0,-0.023257487,0.0,0.0,0.0,0.0,0.0,0.0,0.0,0.0,0.0,0.0,0.22226559,0.0012546185,0.14738955,0.00032037217,0.0,0.0,0.0,0.0,0.0,0.0,0.0,0.0,-0.031050395,0.0,0.0017642535,0.0,0.0,0.0,0.0,0.009465825,0.003149665,-0.15619947,-1.316435,0.0,0.0,0.0,0.0,0.0,0.0,0.0,0.0,0.29686287,0.13651976,0.0,0.0,0.0,0.0,0.0,0.0,0.0,0.0,0.0,0.0,0.0,0.0,0.0,0.0,0.0,0.0,0.0,-1.5415614,-0.15540066,-0.20186183,-5.315678,0.0,0.0,0.0,0.0,0.0,0.0,0.0,0.0
1.7505748,0.0,0.007221514,0.0,0.0,-0.01826588,0.0,0.0,0.0,0.0,0.0,0.0,0.0,0.0,0.0,0.0,-0.2165885,0.0038599444,-0.117360875,0.001491507,0.0,0.0,0.0,0.0,0.0,0.0,0.0,0.0,-0.024085382,0.0,0.005423653,0.0,0.0,0.0,0.0,0.028020248,0.009567602,0.23362368,1.7269845,0.0,0.0,0.0,0.0,0.0,0.0,0.0,0.0,-0.26020104,-0.048740946,0.0,0.0,0.0,0.0,0.0,0.0,0.0,0.0,0.0,0.0,0.0,0.0,0.0,0.0,0.0,0.0,0.0,1.3057003,-0.15540066,-0.07689339,9.868058,0.0,0.0,0.0,0.0,0.0,0.0,0.0,0.0
-4.5031953,0.0,0.0014946812,0.0,0.0,-0.009802495,0.0,0.0,0.0,0.0,0.0,0.0,0.0,0.0,0.0,0.0,-0.23289037,0.0012546185,-0.117360875,0.00032037217,0.0,0.0,0.0,0.0,0.0,0.0,0.0,0.0,-0.012556249,0.0,0.0017642535,0.0,0.0,0.0,0.0,0.009465825,-0.10885771,0.10223992,-1.6748254,0.0,0.0,0.0,0.0,0.0,0.0,0.0,0.0,0.29686287,0.13651976,0.0,0.0,0.0,0.0,0.0,0.0,0.0,0.0,0.0,0.0,0.0,0.0,0.0,0.0,0.0,0.0,0.0,-1.5415614,-0.15540066,-0.20186183,-5.445202,0.0,0.0,0.0,0.0,0.0,0.0,0.0,0.0
-3.6424062,0.0,-1.6271869,0.0,0.0,0.02172687,0.0,0.0,0.0,0.0,0.0,0.0,0.0,0.0,0.0,0.0,0.105810985,-0.10930079,0.14738955,-0.12285965,0.0,0.0,0.0,0.0,0.0,0.0,0.0,0.0,0.018172232,0.0,0.0011707973,0.0,0.0,0.0,0.0,0.0060807792,0.003149665,-0.41462713,-1.507992,0.0,0.0,0.0,0.0,0.0,0.0,0.0,0.0,-0.26020104,-0.1384481,0.0,0.0,0.0,0.0,0.0,0.0,0.0,0.0,0.0,0.0,0.0,0.0,0.0,0.0,0.0,0.0,0.0,-1.6229231,-0.15540066,0.49909496,-4.0240164,0.0,0.0,0.0,0.0,0.0,0.0,0.0,0.0
1.7505748,0.0,0.007221514,0.0,0.0,-0.01826588,0.0,0.0,0.0,0.0,0.0,0.0,0.0,0.0,0.0,0.0,-0.2165885,0.0038599444,-0.117360875,0.001491507,0.0,0.0,0.0,0.0,0.0,0.0,0.0,0.0,-0.024085382,0.0,0.005423653,0.0,0.0,0.0,0.0,0.028020248,0.009567602,0.23362368,1.7269845,0.0,0.0,0.0,0.0,0.0,0.0,0.0,0.0,-0.26020104,-0.048740946,0.0,0.0,0.0,0.0,0.0,0.0,0.0,0.0,0.0,0.0,0.0,0.0,0.0,0.0,0.0,0.0,0.0,1.3057003,-0.15540066,-0.07689339,9.868058,0.0,0.0,0.0,0.0,0.0,0.0,0.0,0.0
-4.922479,0.0,0.0014946812,0.0,0.0,-0.023257487,0.0,0.0,0.0,0.0,0.0,0.0,0.0,0.0,0.0,0.0,0.22226559,0.0012546185,0.14738955,0.00032037217,0.0,0.0,0.0,0.0,0.0,0.0,0.0,0.0,-0.031050395,0.0,0.0017642535,0.0,0.0,0.0,0.0,0.009465825,0.003149665,-0.08992548,-1.316435,0.0,0.0,0.0,0.0,0.0,0.0,0.0,0.0,-0.26020104,-0.1384481,0.0,0.0,0.0,0.0,0.0,0.0,0.0,0.0,0.0,0.0,0.0,0.0,0.0,0.0,0.0,0.0,0.0,-1.6229231,-0.15540066,-0.20186183,-5.315678,0.0,0.0,0.0,0.0,0.0,0.0,0.0,0.0
-3.6424062,0.0,-1.6271869,0.0,0.0,-0.023257487,0.0,0.0,0.0,0.0,0.0,0.0,0.0,0.0,0.0,0.0,0.105810985,-0.089379326,0.14738955,-0.12285965,0.0,0.0,0.0,0.0,0.0,0.0,0.0,0.0,0.018172232,0.0,-0.11993132,0.0,0.0,0.0,0.0,0.0060807792,0.003149665,-0.3905421,-1.6748254,0.0,0.0,0.0,0.0,0.0,0.0,0.0,0.0,-0.26020104,-0.1384481,0.0,0.0,0.0,0.0,0.0,0.0,0.0,0.0,0.0,0.0,0.0,0.0,0.0,0.0,0.0,0.0,0.0,-1.6229231,0.118511975,-0.20186183,-3.901936,0.0,0.0,0.0,0.0,0.0,0.0,0.0,0.0
1.616559,0.0,0.007221514,0.0,0.0,-0.07818855,0.0,0.0,0.0,0.0,0.0,0.0,0.0,0.0,0.0,0.0,0.028311476,0.0038599444,0.14738955,0.001491507,0.0,0.0,0.0,0.0,0.0,0.0,0.0,0.0,0.06467286,0.0,0.005423653,0.0,0.0,0.0,0.0,0.011831022,0.009567602,-0.37073654,-1.1855079,0.0,0.0,0.0,0.0,0.0,0.0,0.0,0.0,-0.26020104,-0.048740946,0.0,0.0,0.0,0.0,0.0,0.0,0.0,0.0,0.0,0.0,0.0,0.0,0.0,0.0,0.0,0.0,0.0,1.5063707,0.118511975,0.49909496,9.725439,0.0,0.0,0.0,0.0,0.0,0.0,0.0,0.0
-4.3447394,0.0,0.0014946812,0.0,0.0,-0.023257487,0.0,0.0,0.0,0.0,0.0,0.0,0.0,0.0,0.0,0.0,0.105810985,-0.10930079,-0.117360875,-0.12285965,0.0,0.0,0.0,0.0,0.0,0.0,0.0,0.0,-0.031050395,0.0,0.0011707973,0.0,0.0,0.0,0.0,0.0060807792,-0.10885771,-0.45053715,-1.6748254,0.0,0.0,0.0,0.0,0.0,0.0,0.0,0.0,0.29686287,0.13651976,0.0,0.0,0.0,0.0,0.0,0.0,0.0,0.0,0.0,0.0,0.0,0.0,0.0,0.0,0.0,0.0,0.0,-1.5415614,-0.15540066,-0.20186183,-4.7082396,0.0,0.0,0.0,0.0,0.0,0.0,0.0,0.0
-4.883086,0.0,0.0014946812,0.0,0.0,-0.023257487,0.0,0.0,0.0,0.0,0.0,0.0,0.0,0.0,0.0,0.0,0.22088169,0.0012546185,-0.117360875,0.00032037217,0.0,0.0,0.0,0.0,0.0,0.0,0.0,0.0,-0.031050395,0.0,0.0017642535,0.0,0.0,0.0,0.0,-0.028543388,0.003149665,-0.08992548,-1.316435,0.0,0.0,0.0,0.0,0.0,0.0,0.0,0.0,0.29686287,-0.1384481,0.0,0.0,0.0,0.0,0.0,0.0,0.0,0.0,0.0,0.0,0.0,0.0,0.0,0.0,0.0,0.0,0.0,-1.6229231,-0.15540066,-0.20186183,-5.315678,0.0,0.0,0.0,0.0,0.0,0.0,0.0,0.0
-3.6424062,0.0,-1.6271869,0.0,0.0,-0.023257487,0.0,0.0,0.0,0.0,0.0,0.0,0.0,0.0,0.0,0.0,0.105810985,-0.089379326,0.14738955,-0.12285965,0.0,0.0,0.0,0.0,0.0,0.0,0.0,0.0,0.018172232,0.0,-0.11993132,0.0,0.0,0.0,0.0,0.0060807792,0.003149665,-0.3905421,-1.6748254,0.0,0.0,0.0,0.0,0.0,0.0,0.0,0.0,-0.26020104,-0.1384481,0.0,0.0,0.0,0.0,0.0,0.0,0.0,0.0,0.0,0.0,0.0,0.0,0.0,0.0,0.0,0.0,0.0,-1.6229231,0.118511975,-0.20186183,-3.901936,0.0,0.0,0.0,0.0,0.0,0.0,0.0,0.0
1.7505748,0.0,0.007221514,0.0,0.0,-0.01826588,0.0,0.0,0.0,0.0,0.0,0.0,0.0,0.0,0.0,0.0,-0.2165885,0.0038599444,-0.117360875,0.001491507,0.0,0.0,0.0,0.0,0.0,0.0,0.0,0.0,-0.024085382,0.0,0.005423653,0.0,0.0,0.0,0.0,0.028020248,0.009567602,0.23362368,1.7269845,0.0,0.0,0.0,0.0,0.0,0.0,0.0,0.0,-0.26020104,-0.048740946,0.0,0.0,0.0,0.0,0.0,0.0,0.0,0.0,0.0,0.0,0.0,0.0,0.0,0.0,0.0,0.0,0.0,1.3057003,-0.15540066,-0.07689339,9.868058,0.0,0.0,0.0,0.0,0.0,0.0,0.0,0.0
-4.883086,0.0,0.0014946812,0.0,0.0,-0.023257487,0.0,0.0,0.0,0.0,0.0,0.0,0.0,0.0,0.0,0.0,0.22088169,0.0012546185,-0.117360875,0.00032037217,0.0,0.0,0.0,0.0,0.0,0.0,0.0,0.0,-0.031050395,0.0,0.0017642535,0.0,0.0,0.0,0.0,-0.028543388,0.003149665,-0.15619947,-1.316435,0.0,0.0,0.0,0.0,0.0,0.0,0.0,0.0,0.29686287,-0.1384481,0.0,0.0,0.0,0.0,0.0,0.0,0.0,0.0,0.0,0.0,0.0,0.0,0.0,0.0,0.0,0.0,0.0,-1.6229231,-0.15540066,-0.20186183,-5.315678,0.0,0.0,0.0,0.0,0.0,0.0,0.0,0.0
-3.6424062,0.0,-1.6271869,0.0,0.0,-0.023257487,0.0,0.0,0.0,0.0,0.0,0.0,0.0,0.0,0.0,0.0,0.105810985,-0.10930079,0.14738955,-0.12285965,0.0,0.0,0.0,0.0,0.0,0.0,0.0,0.0,-0.031050395,0.0,0.0011707973,0.0,0.0,0.0,0.0,0.0060807792,0.003149665,-0.45053715,-1.6748254,0.0,0.0,0.0,0.0,0.0,0.0,0.0,0.0,-0.26020104,-0.1384481,0.0,0.0,0.0,0.0,0.0,0.0,0.0,0.0,0.0,0.0,0.0,0.0,0.0,0.0,0.0,0.0,0.0,-1.6229231,0.118511975,-0.20186183,-3.8938994,0.0,0.0,0.0,0.0,0.0,0.0,0.0,0.0
1.7505748,0.0,0.007221514,0.0,0.0,-0.01826588,0.0,0.0,0.0,0.0,0.0,0.0,0.0,0.0,0.0,0.0,-0.2165885,0.0038599444,-0.117360875,0.001491507,0.0,0.0,0.0,0.0,0.0,0.0,0.0,0.0,-0.024085382,0.0,0.005423653,0.0,0.0,0.0,0.0,0.028020248,0.009567602,0.23362368,1.7269845,0.0,0.0,0.0,0.0,0.0,0.0,0.0,0.0,-0.26020104,-0.048740946,0.0,0.0,0.0,0.0,0.0,0.0,0.0,0.0,0.0,0.0,0.0,0.0,0.0,0.0,0.0,0.0,0.0,1.3057003,-0.15540066,-0.07689339,9.868058,0.0,0.0,0.0,0.0,0.0,0.0,0.0,0.0
1.6226876,0.0,0.007221514,0.0,0.0,-0.01826588,0.0,0.0,0.0,0.0,0.0,0.0,0.0,0.0,0.0,0.0,-0.2232073,0.0038599444,-0.117360875,0.001491507,0.0,0.0,0.0,0.0,0.0,0.0,0.0,0.0,-0.024085382,0.0,0.005423653,0.0,0.0,0.0,0.0,-0.08449265,0.009567602,0.23362368,1.9590354,0.0,0.0,0.0,0.0,0.0,0.0,0.0,0.0,0.29686287,0.13651976,0.0,0.0,0.0,0.0,0.0,0.0,0.0,0.0,0.0,0.0,0.0,0.0,0.0,0.0,0.0,0.0,0.0,-1.5177667,0.118511975,-0.07689339,9.868058,0.0,0.0,0.0,0.0,0.0,0.0,0.0,0.0
1.7505748,0.0,0.007221514,0.0,0.0,-0.01826588,0.0,0.0,0.0,0.0,0.0,0.0,0.0,0.0,0.0,0.0,-0.44185206,0.0038599444,-0.117360875,0.001491507,0.0,0.0,0.0,0.0,0.0,0.0,0.0,0.0,-0.024085382,0.0,0.005423653,0.0,0.0,0.0,0.0,0.028020248,0.009567602,0.23362368,1.0459167,0.0,0.0,0.0,0.0,0.0,0.0,0.0,0.0,-0.26020104,-0.048740946,0.0,0.0,0.0,0.0,0.0,0.0,0.0,0.0,0.0,0.0,0.0,0.0,0.0,0.0,0.0,0.0,0.0,1.3985182,-0.15540066,-0.07689339,9.868058,0.0,0.0,0.0,0.0,0.0,0.0,0.0,0.0
1.7505748,0.0,0.007221514,0.0,0.0,-0.01826588,0.0,0.0,0.0,0.0,0.0,0.0,0.0,0.0,0.0,0.0,-0.2165885,0.0038599444,-0.117360875,0.001491507,0.0,0.0,0.0,0.0,0.0,0.0,0.0,0.0,-0.024085382,0.0,0.005423653,0.0,0.0,0.0,0.0,0.028020248,0.009567602,0.23362368,1.7269845,0.0,0.0,0.0,0.0,0.0,0.0,0.0,0.0,-0.26020104,-0.048740946,0.0,0.0,0.0,0.0,0.0,0.0,0.0,0.0,0.0,0.0,0.0,0.0,0.0,0.0,0.0,0.0,0.0,1.3057003,-0.15540066,-0.07689339,9.868058,0.0,0.0,0.0,0.0,0.0,0.0,0.0,0.0
1.7505748,0.0,0.007221514,0.0,0.0,0.07304284,0.0,0.0,0.0,0.0,0.0,0.0,0.0,0.0,0.0,0.0,0.23856746,0.0038599444,0.14738955,0.001491507,0.0,0.0,0.0,0.0,0.0,0.0,0.0,0.0,-0.11050473,0.0,0.005423653,0.0,0.0,0.0,0.0,0.028020248,0.009567602,-0.20659481,-0.9718683,0.0,0.0,0.0,0.0,0.0,0.0,0.0,0.0,-0.26020104,-0.048740946,0.0,0.0,0.0,0.0,0.0,0.0,0.0,0.0,0.0,0.0,0.0,0.0,0.0,0.0,0.0,0.0,0.0,1.5063707,0.118511975,0.49909496,9.771679,0.0,0.0,0.0,0.0,0.0,0.0,0.0,0.0
1.7505748,0.0,0.007221514,0.0,0.0,-0.01826588,0.0,0.0,0.0,0.0,0.0,0.0,0.0,0.0,0.0,0.0,-0.2165885,0.0038599444,-0.117360875,0.001491507,0.0,0.0,0.0,0.0,0.0,0.0,0.0,0.0,-0.024085382,0.0,0.005423653,0.0,0.0,0.0,0.0,0.028020248,0.009567602,0.23362368,1.7269845,0.0,0.0,0.0,0.0,0.0,0.0,0.0,0.0,-0.26020104,-0.048740946,0.0,0.0,0.0,0.0,0.0,0.0,0.0,0.0,0.0,0.0,0.0,0.0,0.0,0.0,0.0,0.0,0.0,1.3057003,-0.15540066,-0.07689339,9.868058,0.0,0.0,0.0,0.0,0.0,0.0,0.0,0.0
-4.883086,0.0,0.0014946812,0.0,0.0,-0.023257487,0.0,0.0,0.0,0.0,0.0,0.0,0.0,0.0,0.0,0.0,0.22088169,0.0010259486,0.14738955,0.00032037217,0.0,0.0,0.0,0.0,0.0,0.0,0.0,0.0,-0.031050395,0.0,-0.18059574,0.0,0.0,0.0,0.0,-0.028543388,0.003149665,-0.090403646,-1.316435,0.0,0.0,0.0,0.0,0.0,0.0,0.0,0.0,0.29686287,-0.1384481,0.0,0.0,0.0,0.0,0.0,0.0,0.0,0.0,0.0,0.0,0.0,0.0,0.0,0.0,0.0,0.0,0.0,-1.6229231,-0.15540066,-0.20186183,-5.132611,0.0,0.0,0.0,0.0,0.0,0.0,0.0,0.0
1.6226876,0.0,0.007221514,0.0,0.0,-0.01826588,0.0,0.0,0.0,0.0,0.0,0.0,0.0,0.0,0.0,0.0,-0.2232073,0.0038599444,-0.117360875,0.001491507,0.0,0.0,0.0,0.0,0.0,0.0,0.0,0.0,-0.024085382,0.0,0.005423653,0.0,0.0,0.0,0.0,-0.08449265,0.009567602,0.23362368,1.9590354,0.0,0.0,0.0,0.0,0.0,0.0,0.0,0.0,0.29686287,0.13651976,0.0,0.0,0.0,0.0,0.0,0.0,0.0,0.0,0.0,0.0,0.0,0.0,0.0,0.0,0.0,0.0,0.0,-1.5177667,0.118511975,-0.07689339,9.868058,0.0,0.0,0.0,0.0,0.0,0.0,0.0,0.0
-3.6424062,0.0,-1.6271869,0.0,0.0,-0.023257487,0.0,0.0,0.0,0.0,0.0,0.0,0.0,0.0,0.0,0.0,0.105810985,-0.089379326,0.14738955,-0.12285965,0.0,0.0,0.0,0.0,0.0,0.0,0.0,0.0,0.018172232,0.0,-0.11993132,0.0,0.0,0.0,0.0,0.0060807792,0.003149665,-0.3905421,-1.6748254,0.0,0.0,0.0,0.0,0.0,0.0,0.0,0.0,-0.26020104,-0.1384481,0.0,0.0,0.0,0.0,0.0,0.0,0.0,0.0,0.0,0.0,0.0,0.0,0.0,0.0,0.0,0.0,0.0,-1.6229231,0.118511975,-0.20186183,-3.901936,0.0,0.0,0.0,0.0,0.0,0.0,0.0,0.0
-3.6424062,0.0,-1.6271869,0.0,0.0,-0.023257487,0.0,0.0,0.0,0.0,0.0,0.0,0.0,0.0,0.0,0.0,0.105810985,-0.089379326,0.14738955,-0.12285965,0.0,0.0,0.0,0.0,0.0,0.0,0.0,0.0,0.018172232,0.0,-0.11993132,0.0,0.0,0.0,0.0,0.0060807792,0.003149665,-0.3905421,-1.6748254,0.0,0.0,0.0,0.0,0.0,0.0,0.0,0.0,-0.26020104,-0.1384481,0.0,0.0,0.0,0.0,0.0,0.0,0.0,0.0,0.0,0.0,0.0,0.0,0.0,0.0,0.0,0.0,0.0,-1.6229231,0.118511975,-0.20186183,-3.901936,0.0,0.0,0.0,0.0,0.0,0.0,0.0,0.0
-3.6424062,0.0,-1.6271869,0.0,0.0,-0.023257487,0.0,0.0,0.0,0.0,0.0,0.0,0.0,0.0,0.0,0.0,0.105810985,-0.089379326,0.14738955,-0.12285965,0.0,0.0,0.0,0.0,0.0,0.0,0.0,0.0,0.018172232,0.0,-0.11993132,0.0,0.0,0.0,0.0,0.0060807792,0.003149665,-0.3905421,-1.6748254,0.0,0.0,0.0,0.0,0.0,0.0,0.0,0.0,-0.26020104,-0.1384481,0.0,0.0,0.0,0.0,0.0,0.0,0.0,0.0,0.0,0.0,0.0,0.0,0.0,0.0,0.0,0.0,0.0,-1.6229231,0.118511975,-0.20186183,-3.901936,0.0,0.0,0.0,0.0,0.0,0.0,0.0,0.0
-4.5031953,0.0,0.0014946812,0.0,0.0,-0.023257487,0.0,0.0,0.0,0.0,0.0,0.0,0.0,0.0,0.0,0.0,0.22226559,0.0012546185,0.14738955,0.00032037217,0.0,0.0,0.0,0.0,0.0,0.0,0.0,0.0,-0.031050395,0.0,0.0017642535,0.0,0.0,0.0,0.0,0.009465825,-0.10885771,-0.15619947,-1.6748254,0.0,0.0,0.0,0.0,0.0,0.0,0.0,0.0,0.29686287,0.13651976,0.0,0.0,0.0,0.0,0.0,0.0,0.0,0.0,0.0,0.0,0.0,0.0,0.0,0.0,0.0,0.0,0.0,-1.5415614,-0.15540066,-0.20186183,-5.264564,0.0,0.0,0.0,0.0,0.0,0.0,0.0,0.0
-4.5031953,0.0,0.0014946812,0.0,0.0,-0.023257487,0.0,0.0,0.0,0.0,0.0,0.0,0.0,0.0,0.0,0.0,0.22226559,0.0012546185,0.14738955,0.00032037217,0.0,0.0,0.0,0.0,0.0,0.0,0.0,0.0,-0.031050395,0.0,0.0017642535,0.0,0.0,0.0,0.0,0.009465825,-0.10885771,-0.15619947,-1.6748254,0.0,0.0,0.0,0.0,0.0,0.0,0.0,0.0,0.29686287,0.13651976,0.0,0.0,0.0,0.0,0.0,0.0,0.0,0.0,0.0,0.0,0.0,0.0,0.0,0.0,0.0,0.0,0.0,-1.5415614,-0.15540066,-0.20186183,-5.264564,0.0,0.0,0.0,0.0,0.0,0.0,0.0,0.0
-4.922479,0.0,0.0014946812,0.0,0.0,-0.023257487,0.0,0.0,0.0,0.0,0.0,0.0,0.0,0.0,0.0,0.0,0.22226559,0.0012546185,0.14738955,0.00032037217,0.0,0.0,0.0,0.0,0.0,0.0,0.0,0.0,-0.031050395,0.0,0.0017642535,0.0,0.0,0.0,0.0,0.009465825,0.003149665,-0.15619947,-1.316435,0.0,0.0,0.0,0.0,0.0,0.0,0.0,0.0,0.29686287,0.13651976,0.0,0.0,0.0,0.0,0.0,0.0,0.0,0.0,0.0,0.0,0.0,0.0,0.0,0.0,0.0,0.0,0.0,-1.5415614,-0.15540066,-0.20186183,-5.315678,0.0,0.0,0.0,0.0,0.0,0.0,0.0,0.0
1.7505748,0.0,0.007221514,0.0,0.0,-0.01826588,0.0,0.0,0.0,0.0,0.0,0.0,0.0,0.0,0.0,0.0,-0.2165885,0.0038599444,-0.117360875,0.001491507,0.0,0.0,0.0,0.0,0.0,0.0,0.0,0.0,-0.024085382,0.0,0.005423653,0.0,0.0,0.0,0.0,0.028020248,0.009567602,0.23362368,1.7269845,0.0,0.0,0.0,0.0,0.0,0.0,0.0,0.0,-0.26020104,-0.048740946,0.0,0.0,0.0,0.0,0.0,0.0,0.0,0.0,0.0,0.0,0.0,0.0,0.0,0.0,0.0,0.0,0.0,1.3057003,-0.15540066,-0.07689339,9.868058,0.0,0.0,0.0,0.0,0.0,0.0,0.0,0.0
-4.5031953,0.0,0.0014946812,0.0,0.0,-0.009802495,0.0,0.0,0.0,0.0,0.0,0.0,0.0,0.0,0.0,0.0,0.22226559,0.0012546185,-0.117360875,0.00032037217,0.0,0.0,0.0,0.0,0.0,0.0,0.0,0.0,-0.012556249,0.0,0.0017642535,0.0,0.0,0.0,0.0,0.009465825,-0.10885771,-0.5520526,-1.6748254,0.0,0.0,0.0,0.0,0.0,0.0,0.0,0.0,0.29686287,0.13651976,0.0,0.0,0.0,0.0,0.0,0.0,0.0,0.0,0.0,0.0,0.0,0.0,0.0,0.0,0.0,0.0,0.0,-1.5415614,-0.15540066,-0.20186183,-5.445202,0.0,0.0,0.0,0.0,0.0,0.0,0.0,0.0
-4.332531,0.0,0.0014946812,0.0,0.0,-0.023257487,0.0,0.0,0.0,0.0,0.0,0.0,0.0,0.0,0.0,0.0,0.11801937,-0.10930079,-0.117360875,-0.12285965,0.0,0.0,0.0,0.0,0.0,0.0,0.0,0.0,-0.031050395,0.0,0.0011707973,0.0,0.0,0.0,0.0,-0.018336069,-0.10885771,-0.45053715,-1.6748254,0.0,0.0,0.0,0.0,0.0,0.0,0.0,0.0,0.29686287,-0.1384481,0.0,0.0,0.0,0.0,0.0,0.0,0.0,0.0,0.0,0.0,0.0,0.0,0.0,0.0,0.0,0.0,0.0,-1.6229231,-0.15540066,-0.20186183,-4.7082396,0.0,0.0,0.0,0.0,0.0,0.0,0.0,0.0
1.7505748,0.0,0.007221514,0.0,0.0,-0.01826588,0.0,0.0,0.0,0.0,0.0,0.0,0.0,0.0,0.0,0.0,-0.2165885,0.0038599444,-0.117360875,0.001491507,0.0,0.0,0.0,0.0,0.0,0.0,0.0,0.0,-0.024085382,0.0,0.005423653,0.0,0.0,0.0,0.0,0.028020248,0.009567602,0.23362368,1.7269845,0.0,0.0,0.0,0.0,0.0,0.0,0.0,0.0,-0.26020104,-0.048740946,0.0,0.0,0.0,0.0,0.0,0.0,0.0,0.0,0.0,0.0,0.0,0.0,0.0,0.0,0.0,0.0,0.0,1.3057003,-0.15540066,-0.07689339,9.868058,0.0,0.0,0.0,0.0,0.0,0.0,0.0,0.0
-4.5031953,0.0,0.0014946812,0.0,0.0,-0.023257487,0.0,0.0,0.0,0.0,0.0,0.0,0.0,0.0,0.0,0.0,0.22226559,0.0012546185,0.14738955,0.00032037217,0.0,0.0,0.0,0.0,0.0,0.0,0.0,0.0,-0.031050395,0.0,0.0017642535,0.0,0.0,0.0,0.0,0.009465825,-0.10885771,-0.15619947,-1.6748254,0.0,0.0,0.0,0.0,0.0,0.0,0.0,0.0,0.29686287,0.13651976,0.0,0.0,0.0,0.0,0.0,0.0,0.0,0.0,0.0,0.0,0.0,0.0,0.0,0.0,0.0,0.0,0.0,-1.5415614,-0.15540066,-0.20186183,-5.264564,0.0,0.0,0.0,0.0,0.0,0.0,0.0,0.0
-4.883086,0.0,0.0014946812,0.0,0.0,-0.023257487,0.0,0.0,0.0,0.0,0.0,0.0,0.0,0.0,0.0,0.0,0.22088169,0.0012546185,-0.117360875,0.00032037217,0.0,0.0,0.0,0.0,0.0,0.0,0.0,0.0,-0.031050395,0.0,0.0017642535,0.0,0.0,0.0,0.0,-0.028543388,0.003149665,-0.15619947,-1.316435,0.0,0.0,0.0,0.0,0.0,0.0,0.0,0.0,0.29686287,-0.1384481,0.0,0.0,0.0,0.0,0.0,0.0,0.0,0.0,0.0,0.0,0.0,0.0,0.0,0.0,0.0,0.0,0.0,-1.6229231,-0.15540066,-0.20186183,-5.315678,0.0,0.0,0.0,0.0,0.0,0.0,0.0,0.0
1.7505748,0.0,0.007221514,0.0,0.0,-0.01826588,0.0,0.0,0.0,0.0,0.0,0.0,0.0,0.0,0.0,0.0,-0.2165885,0.0038599444,-0.117360875,0.001491507,0.0,0.0,0.0,0.0,0.0,0.0,0.0,0.0,-0.024085382,0.0,0.005423653,0.0,0.0,0.0,0.0,0.028020248,0.009567602,0.23362368,1.7269845,0.0,0.0,0.0,0.0,0.0,0.0,0.0,0.0,-0.26020104,-0.048740946,0.0,0.0,0.0,0.0,0.0,0.0,0.0,0.0,0.0,0.0,0.0,0.0,0.0,0.0,0.0,0.0,0.0,1.3057003,-0.15540066,-0.07689339,9.868058,0.0,0.0,0.0,0.0,0.0,0.0,0.0,0.0
-4.883086,0.0,0.0014946812,0.0,0.0,-0.023257487,0.0,0.0,0.0,0.0,0.0,0.0,0.0,0.0,0.0,0.0,0.22088169,0.0012546185,-0.117360875,0.00032037217,0.0,0.0,0.0,0.0,0.0,0.0,0.0,0.0,-0.031050395,0.0,0.0017642535,0.0,0.0,0.0,0.0,-0.028543388,0.003149665,-0.15619947,-1.316435,0.0,0.0,0.0,0.0,0.0,0.0,0.0,0.0,0.29686287,-0.1384481,0.0,0.0,0.0,0.0,0.0,0.0,0.0,0.0,0.0,0.0,0.0,0.0,0.0,0.0,0.0,0.0,0.0,-1.6229231,-0.15540066,-0.20186183,-5.315678,0.0,0.0,0.0,0.0,0.0,0.0,0.0,0.0
-4.5031953,0.0,0.0014946812,0.0,0.0,-0.023257487,0.0,0.0,0.0,0.0,0.0,0.0,0.0,0.0,0.0,0.0,0.22226559,0.0012546185,-0.117360875,0.00032037217,0.0,0.0,0.0,0.0,0.0,0.0,0.0,0.0,-0.031050395,0.0,0.0017642535,0.0,0.0,0.0,0.0,0.009465825,-0.10885771,-0.15619947,-1.6748254,0.0,0.0,0.0,0.0,0.0,0.0,0.0,0.0,0.29686287,0.13651976,0.0,0.0,0.0,0.0,0.0,0.0,0.0,0.0,0.0,0.0,0.0,0.0,0.0,0.0,0.0,0.0,0.0,-1.5415614,-0.15540066,-0.20186183,-5.264564,0.0,0.0,0.0,0.0,0.0,0.0,0.0,0.0
-4.883086,0.0,0.0014946812,0.0,0.0,-0.023257487,0.0,0.0,0.0,0.0,0.0,0.0,0.0,0.0,0.0,0.0,0.22088169,0.0012546185,-0.117360875,0.00032037217,0.0,0.0,0.0,0.0,0.0,0.0,0.0,0.0,-0.031050395,0.0,0.0017642535,0.0,0.0,0.0,0.0,-0.028543388,0.003149665,-0.15619947,-1.316435,0.0,0.0,0.0,0.0,0.0,0.0,0.0,0.0,0.29686287,-0.1384481,0.0,0.0,0.0,0.0,0.0,0.0,0.0,0.0,0.0,0.0,0.0,0.0,0.0,0.0,0.0,0.0,0.0,-1.6229231,-0.15540066,-0.20186183,-5.315678,0.0,0.0,0.0,0.0,0.0,0.0,0.0,0.0
1.6226876,0.0,0.007221514,0.0,0.0,-0.01826588,0.0,0.0,0.0,0.0,0.0,0.0,0.0,0.0,0.0,0.0,-0.2232073,0.0038599444,-0.117360875,0.001491507,0.0,0.0,0.0,0.0,0.0,0.0,0.0,0.0,-0.024085382,0.0,0.005423653,0.0,0.0,0.0,0.0,-0.08449265,0.009567602,0.23362368,1.9590354,0.0,0.0,0.0,0.0,0.0,0.0,0.0,0.0,0.29686287,0.13651976,0.0,0.0,0.0,0.0,0.0,0.0,0.0,0.0,0.0,0.0,0.0,0.0,0.0,0.0,0.0,0.0,0.0,-1.5177667,0.118511975,-0.07689339,9.868058,0.0,0.0,0.0,0.0,0.0,0.0,0.0,0.0
1.6226876,0.0,0.007221514,0.0,0.0,-0.01826588,0.0,0.0,0.0,0.0,0.0,0.0,0.0,0.0,0.0,0.0,-0.2232073,0.0038599444,-0.117360875,0.001491507,0.0,0.0,0.0,0.0,0.0,0.0,0.0,0.0,-0.024085382,0.0,0.005423653,0.0,0.0,0.0,0.0,-0.08449265,0.009567602,0.23362368,1.9590354,0.0,0.0,0.0,0.0,0.0,0.0,0.0,0.0,0.29686287,0.13651976,0.0,0.0,0.0,0.0,0.0,0.0,0.0,0.0,0.0,0.0,0.0,0.0,0.0,0.0,0.0,0.0,0.0,-1.5177667,0.118511975,-0.07689339,9.868058,0.0,0.0,0.0,0.0,0.0,0.0,0.0,0.0
-3.6424062,0.0,-1.6271869,0.0,0.0,-0.023257487,0.0,0.0,0.0,0.0,0.0,0.0,0.0,0.0,0.0,0.0,0.105810985,-0.089379326,0.14738955,-0.12285965,0.0,0.0,0.0,0.0,0.0,0.0,0.0,0.0,0.018172232,0.0,-0.11993132,0.0,0.0,0.0,0.0,0.0060807792,0.003149665,-0.3905421,-1.6748254,0.0,0.0,0.0,0.0,0.0,0.0,0.0,0.0,-0.26020104,-0.1384481,0.0,0.0,0.0,0.0,0.0,0.0,0.0,0.0,0.0,0.0,0.0,0.0,0.0,0.0,0.0,0.0,0.0,-1.6229231,0.118511975,-0.20186183,-3.901936,0.0,0.0,0.0,0.0,0.0,0.0,0.0,0.0
1.7505748,0.0,0.007221514,0.0,0.0,-0.01826588,0.0,0.0,0.0,0.0,0.0,0.0,0.0,0.0,0.0,0.0,-0.2165885,0.0038599444,-0.117360875,0.001491507,0.0,0.0,0.0,0.0,0.0,0.0,0.0,0.0,-0.024085382,0.0,0.005423653,0.0,0.0,0.0,0.0,0.028020248,0.009567602,0.23362368,1.7269845,0.0,0.0,0.0,0.0,0.0,0.0,0.0,0.0,-0.26020104,-0.048740946,0.0,0.0,0.0,0.0,0.0,0.0,0.0,0.0,0.0,0.0,0.0,0.0,0.0,0.0,0.0,0.0,0.0,1.3057003,-0.15540066,-0.07689339,9.868058,0.0,0.0,0.0,0.0,0.0,0.0,0.0,0.0
1.6226876,0.0,0.007221514,0.0,0.0,-0.01826588,0.0,0.0,0.0,0.0,0.0,0.0,0.0,0.0,0.0,0.0,-0.2232073,0.0038599444,-0.117360875,0.001491507,0.0,0.0,0.0,0.0,0.0,0.0,0.0,0.0,-0.024085382,0.0,0.005423653,0.0,0.0,0.0,0.0,-0.08449265,0.009567602,0.23362368,1.9590354,0.0,0.0,0.0,0.0,0.0,0.0,0.0,0.0,0.29686287,0.13651976,0.0,0.0,0.0,0.0,0.0,0.0,0.0,0.0,0.0,0.0,0.0,0.0,0.0,0.0,0.0,0.0,0.0,-1.5177667,0.118511975,-0.07689339,9.868058,0.0,0.0,0.0,0.0,0.0,0.0,0.0,0.0
-4.922479,0.0,0.0014946812,0.0,0.0,-0.023257487,0.0,0.0,0.0,0.0,0.0,0.0,0.0,0.0,0.0,0.0,0.22226559,0.0012546185,0.14738955,0.00032037217,0.0,0.0,0.0,0.0,0.0,0.0,0.0,0.0,-0.031050395,0.0,0.0017642535,0.0,0.0,0.0,0.0,0.009465825,0.003149665,-0.08992548,-1.316435,0.0,0.0,0.0,0.0,0.0,0.0,0.0,0.0,-0.26020104,-0.1384481,0.0,0.0,0.0,0.0,0.0,0.0,0.0,0.0,0.0,0.0,0.0,0.0,0.0,0.0,0.0,0.0,0.0,-1.6229231,-0.15540066,-0.20186183,-5.315678,0.0,0.0,0.0,0.0,0.0,0.0,0.0,0.0
-3.6424062,0.0,-1.6271869,0.0,0.0,-0.023257487,0.0,0.0,0.0,0.0,0.0,0.0,0.0,0.0,0.0,0.0,0.105810985,-0.089379326,0.14738955,-0.12285965,0.0,0.0,0.0,0.0,0.0,0.0,0.0,0.0,0.018172232,0.0,-0.11993132,0.0,0.0,0.0,0.0,0.0060807792,0.003149665,-0.3905421,-1.6748254,0.0,0.0,0.0,0.0,0.0,0.0,0.0,0.0,-0.26020104,-0.1384481,0.0,0.0,0.0,0.0,0.0,0.0,0.0,0.0,0.0,0.0,0.0,0.0,0.0,0.0,0.0,0.0,0.0,-1.6229231,0.118511975,-0.20186183,-3.901936,0.0,0.0,0.0,0.0,0.0,0.0,0.0,0.0
-4.444538,0.0,0.0014946812,0.0,0.0,-0.023257487,0.0,0.0,0.0,0.0,0.0,0.0,0.0,0.0,0.0,0.0,0.11801937,-0.10930079,0.14738955,-0.12285965,0.0,0.0,0.0,0.0,0.0,0.0,0.0,0.0,-0.031050395,0.0,0.0011707973,0.0,0.0,0.0,0.0,-0.018336069,0.003149665,-0.45053715,-1.6748254,0.0,0.0,0.0,0.0,0.0,0.0,0.0,0.0,0.29686287,-0.1384481,0.0,0.0,0.0,0.0,0.0,0.0,0.0,0.0,0.0,0.0,0.0,0.0,0.0,0.0,0.0,0.0,0.0,-1.6229231,-0.15540066,-0.20186183,-4.7082396,0.0,0.0,0.0,0.0,0.0,0.0,0.0,0.0
-4.5031953,0.0,0.0014946812,0.0,0.0,-0.023257487,0.0,0.0,0.0,0.0,0.0,0.0,0.0,0.0,0.0,0.0,0.22226559,0.0012546185,0.14738955,0.00032037217,0.0,0.0,0.0,0.0,0.0,0.0,0.0,0.0,-0.031050395,0.0,0.0017642535,0.0,0.0,0.0,0.0,0.009465825,-0.10885771,-0.15619947,-1.6748254,0.0,0.0,0.0,0.0,0.0,0.0,0.0,0.0,0.29686287,0.13651976,0.0,0.0,0.0,0.0,0.0,0.0,0.0,0.0,0.0,0.0,0.0,0.0,0.0,0.0,0.0,0.0,0.0,-1.5415614,-0.15540066,-0.20186183,-5.264564,0.0,0.0,0.0,0.0,0.0,0.0,0.0,0.0
-4.883086,0.0,0.0014946812,0.0,0.0,-0.023257487,0.0,0.0,0.0,0.0,0.0,0.0,0.0,0.0,0.0,0.0,0.22088169,0.0012546185,-0.117360875,0.00032037217,0.0,0.0,0.0,0.0,0.0,0.0,0.0,0.0,-0.031050395,0.0,0.0017642535,0.0,0.0,0.0,0.0,-0.028543388,0.003149665,-0.15619947,-1.316435,0.0,0.0,0.0,0.0,0.0,0.0,0.0,0.0,0.29686287,-0.1384481,0.0,0.0,0.0,0.0,0.0,0.0,0.0,0.0,0.0,0.0,0.0,0.0,0.0,0.0,0.0,0.0,0.0,-1.6229231,-0.15540066,-0.20186183,-5.315678,0.0,0.0,0.0,0.0,0.0,0.0,0.0,0.0
1.7505748,0.0,0.007221514,0.0,0.0,-0.01826588,0.0,0.0,0.0,0.0,0.0,0.0,0.0,0.0,0.0,0.0,-0.2165885,0.0038599444,-0.117360875,0.001491507,0.0,0.0,0.0,0.0,0.0,0.0,0.0,0.0,-0.024085382,0.0,0.005423653,0.0,0.0,0.0,0.0,0.028020248,0.009567602,0.23362368,1.7269845,0.0,0.0,0.0,0.0,0.0,0.0,0.0,0.0,-0.26020104,-0.048740946,0.0,0.0,0.0,0.0,0.0,0.0,0.0,0.0,0.0,0.0,0.0,0.0,0.0,0.0,0.0,0.0,0.0,1.3057003,-0.15540066,-0.07689339,9.868058,0.0,0.0,0.0,0.0,0.0,0.0,0.0,0.0
1.7505748,0.0,0.007221514,0.0,0.0,-0.01826588,0.0,0.0,0.0,0.0,0.0,0.0,0.0,0.0,0.0,0.0,-0.2165885,0.0038599444,-0.117360875,0.001491507,0.0,0.0,0.0,0.0,0.0,0.0,0.0,0.0,-0.024085382,0.0,0.005423653,0.0,0.0,0.0,0.0,0.028020248,0.009567602,0.23362368,1.7269845,0.0,0.0,0.0,0.0,0.0,0.0,0.0,0.0,-0.26020104,-0.048740946,0.0,0.0,0.0,0.0,0.0,0.0,0.0,0.0,0.0,0.0,0.0,0.0,0.0,0.0,0.0,0.0,0.0,1.3057003,-0.15540066,-0.07689339,9.868058,0.0,0.0,0.0,0.0,0.0,0.0,0.0,0.0
1.6226876,0.0,0.007221514,0.0,0.0,-0.01826588,0.0,0.0,0.0,0.0,0.0,0.0,0.0,0.0,0.0,0.0,-0.2232073,0.0038599444,-0.117360875,0.001491507,0.0,0.0,0.0,0.0,0.0,0.0,0.0,0.0,-0.024085382,0.0,0.005423653,0.0,0.0,0.0,0.0,-0.08449265,0.009567602,0.23362368,1.9590354,0.0,0.0,0.0,0.0,0.0,0.0,0.0,0.0,0.29686287,0.13651976,0.0,0.0,0.0,0.0,0.0,0.0,0.0,0.0,0.0,0.0,0.0,0.0,0.0,0.0,0.0,0.0,0.0,-1.5177667,0.118511975,-0.07689339,9.868058,0.0,0.0,0.0,0.0,0.0,0.0,0.0,0.0
1.7505748,0.0,0.007221514,0.0,0.0,-0.01826588,0.0,0.0,0.0,0.0,0.0,0.0,0.0,0.0,0.0,0.0,-0.2165885,0.0038599444,-0.117360875,0.001491507,0.0,0.0,0.0,0.0,0.0,0.0,0.0,0.0,-0.024085382,0.0,0.005423653,0.0,0.0,0.0,0.0,0.028020248,0.009567602,0.23362368,1.7269845,0.0,0.0,0.0,0.0,0.0,0.0,0.0,0.0,-0.26020104,-0.048740946,0.0,0.0,0.0,0.0,0.0,0.0,0.0,0.0,0.0,0.0,0.0,0.0,0.0,0.0,0.0,0.0,0.0,1.3057003,-0.15540066,-0.07689339,9.868058,0.0,0.0,0.0,0.0,0.0,0.0,0.0,0.0
1.6226876,0.0,0.007221514,0.0,0.0,-0.01826588,0.0,0.0,0.0,0.0,0.0,0.0,0.0,0.0,0.0,0.0,-0.2232073,0.0038599444,-0.117360875,0.001491507,0.0,0.0,0.0,0.0,0.0,0.0,0.0,0.0,-0.024085382,0.0,0.005423653,0.0,0.0,0.0,0.0,-0.08449265,0.009567602,0.23362368,1.9590354,0.0,0.0,0.0,0.0,0.0,0.0,0.0,0.0,0.29686287,0.13651976,0.0,0.0,0.0,0.0,0.0,0.0,0.0,0.0,0.0,0.0,0.0,0.0,0.0,0.0,0.0,0.0,0.0,-1.5177667,0.118511975,-0.07689339,9.868058,0.0,0.0,0.0,0.0,0.0,0.0,0.0,0.0
1.7505748,0.0,0.007221514,0.0,0.0,-0.01826588,0.0,0.0,0.0,0.0,0.0,0.0,0.0,0.0,0.0,0.0,-0.2165885,0.0038599444,-0.117360875,0.001491507,0.0,0.0,0.0,0.0,0.0,0.0,0.0,0.0,-0.024085382,0.0,0.005423653,0.0,0.0,0.0,0.0,0.028020248,0.009567602,0.23362368,1.7269845,0.0,0.0,0.0,0.0,0.0,0.0,0.0,0.0,-0.26020104,-0.048740946,0.0,0.0,0.0,0.0,0.0,0.0,0.0,0.0,0.0,0.0,0.0,0.0,0.0,0.0,0.0,0.0,0.0,1.3057003,-0.15540066,-0.07689339,9.868058,0.0,0.0,0.0,0.0,0.0,0.0,0.0,0.0
1.7505748,0.0,0.007221514,0.0,0.0,-0.01826588,0.0,0.0,0.0,0.0,0.0,0.0,0.0,0.0,0.0,0.0,-0.2165885,0.0038599444,-0.117360875,0.001491507,0.0,0.0,0.0,0.0,0.0,0.0,0.0,0.0,-0.024085382,0.0,0.005423653,0.0,0.0,0.0,0.0,0.028020248,0.009567602,0.23362368,1.7269845,0.0,0.0,0.0,0.0,0.0,0.0,0.0,0.0,-0.26020104,-0.048740946,0.0,0.0,0.0,0.0,0.0,0.0,0.0,0.0,0.0,0.0,0.0,0.0,0.0,0.0,0.0,0.0,0.0,1.3057003,-0.15540066,-0.07689339,9.868058,0.0,0.0,0.0,0.0,0.0,0.0,0.0,0.0
1.7505748,0.0,0.007221514,0.0,0.0,-0.01826588,0.0,0.0,0.0,0.0,0.0,0.0,0.0,0.0,0.0,0.0,-0.2165885,0.0038599444,-0.117360875,0.001491507,0.0,0.0,0.0,0.0,0.0,0.0,0.0,0.0,-0.024085382,0.0,0.005423653,0.0,0.0,0.0,0.0,0.028020248,0.009567602,0.23362368,1.7269845,0.0,0.0,0.0,0.0,0.0,0.0,0.0,0.0,-0.26020104,-0.048740946,0.0,0.0,0.0,0.0,0.0,0.0,0.0,0.0,0.0,0.0,0.0,0.0,0.0,0.0,0.0,0.0,0.0,1.3057003,-0.15540066,-0.07689339,9.868058,0.0,0.0,0.0,0.0,0.0,0.0,0.0,0.0
1.6226876,0.0,0.007221514,0.0,0.0,-0.01826588,0.0,0.0,0.0,0.0,0.0,0.0,0.0,0.0,0.0,0.0,-0.2232073,0.0038599444,-0.117360875,0.001491507,0.0,0.0,0.0,0.0,0.0,0.0,0.0,0.0,-0.024085382,0.0,0.005423653,0.0,0.0,0.0,0.0,-0.08449265,0.009567602,0.23362368,1.9590354,0.0,0.0,0.0,0.0,0.0,0.0,0.0,0.0,0.29686287,0.13651976,0.0,0.0,0.0,0.0,0.0,0.0,0.0,0.0,0.0,0.0,0.0,0.0,0.0,0.0,0.0,0.0,0.0,-1.5177667,0.118511975,-0.07689339,9.868058,0.0,0.0,0.0,0.0,0.0,0.0,0.0,0.0
1.6226876,0.0,0.007221514,0.0,0.0,-0.01826588,0.0,0.0,0.0,0.0,0.0,0.0,0.0,0.0,0.0,0.0,-0.2232073,0.0038599444,-0.117360875,0.001491507,0.0,0.0,0.0,0.0,0.0,0.0,0.0,0.0,-0.024085382,0.0,0.005423653,0.0,0.0,0.0,0.0,-0.08449265,0.009567602,0.23362368,1.9590354,0.0,0.0,0.0,0.0,0.0,0.0,0.0,0.0,0.29686287,0.13651976,0.0,0.0,0.0,0.0,0.0,0.0,0.0,0.0,0.0,0.0,0.0,0.0,0.0,0.0,0.0,0.0,0.0,-1.5177667,0.118511975,-0.07689339,9.868058,0.0,0.0,0.0,0.0,0.0,0.0,0.0,0.0
-4.883086,0.0,0.0014946812,0.0,0.0,-0.023257487,0.0,0.0,0.0,0.0,0.0,0.0,0.0,0.0,0.0,0.0,0.22088169,0.0012546185,-0.117360875,0.00032037217,0.0,0.0,0.0,0.0,0.0,0.0,0.0,0.0,-0.031050395,0.0,0.0017642535,0.0,0.0,0.0,0.0,-0.028543388,0.003149665,-0.15619947,-1.316435,0.0,0.0,0.0,0.0,0.0,0.0,0.0,0.0,0.29686287,-0.1384481,0.0,0.0,0.0,0.0,0.0,0.0,0.0,0.0,0.0,0.0,0.0,0.0,0.0,0.0,0.0,0.0,0.0,-1.6229231,-0.15540066,-0.20186183,-5.315678,0.0,0.0,0.0,0.0,0.0,0.0,0.0,0.0
1.7505748,0.0,0.007221514,0.0,0.0,-0.01826588,0.0,0.0,0.0,0.0,0.0,0.0,0.0,0.0,0.0,0.0,-0.44185206,0.0038599444,-0.117360875,0.001491507,0.0,0.0,0.0,0.0,0.0,0.0,0.0,0.0,-0.024085382,0.0,0.005423653,0.0,0.0,0.0,0.0,0.028020248,0.009567602,0.23362368,1.0459167,0.0,0.0,0.0,0.0,0.0,0.0,0.0,0.0,-0.26020104,-0.048740946,0.0,0.0,0.0,0.0,0.0,0.0,0.0,0.0,0.0,0.0,0.0,0.0,0.0,0.0,0.0,0.0,0.0,1.3985182,-0.15540066,-0.07689339,9.868058,0.0,0.0,0.0,0.0,0.0,0.0,0.0,0.0
-4.922479,0.0,0.0014946812,0.0,0.0,-0.023257487,0.0,0.0,0.0,0.0,0.0,0.0,0.0,0.0,0.0,0.0,0.22226559,0.0012546185,0.14738955,0.00032037217,0.0,0.0,0.0,0.0,0.0,0.0,0.0,0.0,-0.031050395,0.0,0.0017642535,0.0,0.0,0.0,0.0,0.009465825,0.003149665,-0.08992548,-1.316435,0.0,0.0,0.0,0.0,0.0,0.0,0.0,0.0,-0.26020104,-0.1384481,0.0,0.0,0.0,0.0,0.0,0.0,0.0,0.0,0.0,0.0,0.0,0.0,0.0,0.0,0.0,0.0,0.0,-1.6229231,0.118511975,-0.20186183,-5.315678,0.0,0.0,0.0,0.0,0.0,0.0,0.0,0.0
-4.5031953,0.0,0.0014946812,0.0,0.0,-0.023257487,0.0,0.0,0.0,0.0,0.0,0.0,0.0,0.0,0.0,0.0,0.22226559,0.0012546185,-0.117360875,0.00032037217,0.0,0.0,0.0,0.0,0.0,0.0,0.0,0.0,-0.031050395,0.0,0.0017642535,0.0,0.0,0.0,0.0,0.009465825,-0.10885771,-0.15619947,-1.6748254,0.0,0.0,0.0,0.0,0.0,0.0,0.0,0.0,0.29686287,0.13651976,0.0,0.0,0.0,0.0,0.0,0.0,0.0,0.0,0.0,0.0,0.0,0.0,0.0,0.0,0.0,0.0,0.0,-1.5415614,-0.15540066,-0.20186183,-5.264564,0.0,0.0,0.0,0.0,0.0,0.0,0.0,0.0
-3.6424062,0.0,-1.6271869,0.0,0.0,-0.023257487,0.0,0.0,0.0,0.0,0.0,0.0,0.0,0.0,0.0,0.0,0.105810985,-0.089379326,0.14738955,-0.12285965,0.0,0.0,0.0,0.0,0.0,0.0,0.0,0.0,0.018172232,0.0,-0.11993132,0.0,0.0,0.0,0.0,0.0060807792,0.003149665,-0.3905421,-1.6748254,0.0,0.0,0.0,0.0,0.0,0.0,0.0,0.0,-0.26020104,-0.1384481,0.0,0.0,0.0,0.0,0.0,0.0,0.0,0.0,0.0,0.0,0.0,0.0,0.0,0.0,0.0,0.0,0.0,-1.6229231,-0.15540066,-0.20186183,-3.901936,0.0,0.0,0.0,0.0,0.0,0.0,0.0,0.0
1.7505748,0.0,0.007221514,0.0,0.0,-0.01826588,0.0,0.0,0.0,0.0,0.0,0.0,0.0,0.0,0.0,0.0,-0.2165885,0.0038599444,-0.117360875,0.001491507,0.0,0.0,0.0,0.0,0.0,0.0,0.0,0.0,-0.024085382,0.0,0.005423653,0.0,0.0,0.0,0.0,0.028020248,0.009567602,0.23362368,1.7269845,0.0,0.0,0.0,0.0,0.0,0.0,0.0,0.0,-0.26020104,-0.048740946,0.0,0.0,0.0,0.0,0.0,0.0,0.0,0.0,0.0,0.0,0.0,0.0,0.0,0.0,0.0,0.0,0.0,1.3057003,-0.15540066,-0.07689339,9.868058,0.0,0.0,0.0,0.0,0.0,0.0,0.0,0.0
1.7505748,0.0,0.007221514,0.0,0.0,-0.07818855,0.0,0.0,0.0,0.0,0.0,0.0,0.0,0.0,0.0,0.0,0.23856746,0.0038599444,0.14738955,0.001491507,0.0,0.0,0.0,0.0,0.0,0.0,0.0,0.0,0.06467286,0.0,0.005423653,0.0,0.0,0.0,0.0,0.028020248,0.009567602,-0.18978627,-0.9718683,0.0,0.0,0.0,0.0,0.0,0.0,0.0,0.0,-0.26020104,-0.048740946,0.0,0.0,0.0,0.0,0.0,0.0,0.0,0.0,0.0,0.0,0.0,0.0,0.0,0.0,0.0,0.0,0.0,1.5063707,0.118511975,0.49909496,9.784328,0.0,0.0,0.0,0.0,0.0,0.0,0.0,0.0
1.7505748,0.0,0.007221514,0.0,0.0,-0.07818855,0.0,0.0,0.0,0.0,0.0,0.0,0.0,0.0,0.0,0.0,0.23856746,0.0038599444,0.14738955,0.001491507,0.0,0.0,0.0,0.0,0.0,0.0,0.0,0.0,0.06467286,0.0,0.005423653,0.0,0.0,0.0,0.0,0.028020248,0.009567602,-0.18978627,-0.9718683,0.0,0.0,0.0,0.0,0.0,0.0,0.0,0.0,-0.26020104,-0.048740946,0.0,0.0,0.0,0.0,0.0,0.0,0.0,0.0,0.0,0.0,0.0,0.0,0.0,0.0,0.0,0.0,0.0,1.5063707,0.118511975,0.49909496,9.784328,0.0,0.0,0.0,0.0,0.0,0.0,0.0,0.0
1.7505748,0.0,0.007221514,0.0,0.0,-0.07818855,0.0,0.0,0.0,0.0,0.0,0.0,0.0,0.0,0.0,0.0,0.23856746,0.0038599444,0.14738955,0.001491507,0.0,0.0,0.0,0.0,0.0,0.0,0.0,0.0,-0.11050473,0.0,0.005423653,0.0,0.0,0.0,0.0,0.028020248,0.009567602,-0.280277,-0.9718683,0.0,0.0,0.0,0.0,0.0,0.0,0.0,0.0,-0.26020104,-0.048740946,0.0,0.0,0.0,0.0,0.0,0.0,0.0,0.0,0.0,0.0,0.0,0.0,0.0,0.0,0.0,0.0,0.0,1.5063707,0.118511975,0.49909496,9.726961,0.0,0.0,0.0,0.0,0.0,0.0,0.0,0.0
-4.883086,0.0,0.0014946812,0.0,0.0,-0.023257487,0.0,0.0,0.0,0.0,0.0,0.0,0.0,0.0,0.0,0.0,0.22088169,0.0012546185,-0.117360875,0.00032037217,0.0,0.0,0.0,0.0,0.0,0.0,0.0,0.0,-0.031050395,0.0,0.0017642535,0.0,0.0,0.0,0.0,-0.028543388,0.003149665,-0.15619947,-1.316435,0.0,0.0,0.0,0.0,0.0,0.0,0.0,0.0,0.29686287,-0.1384481,0.0,0.0,0.0,0.0,0.0,0.0,0.0,0.0,0.0,0.0,0.0,0.0,0.0,0.0,0.0,0.0,0.0,-1.6229231,-0.15540066,-0.20186183,-5.315678,0.0,0.0,0.0,0.0,0.0,0.0,0.0,0.0
-4.883086,0.0,0.0014946812,0.0,0.0,-0.023257487,0.0,0.0,0.0,0.0,0.0,0.0,0.0,0.0,0.0,0.0,0.22088169,0.0012546185,-0.117360875,0.00032037217,0.0,0.0,0.0,0.0,0.0,0.0,0.0,0.0,-0.031050395,0.0,0.0017642535,0.0,0.0,0.0,0.0,-0.028543388,0.003149665,-0.15619947,-1.316435,0.0,0.0,0.0,0.0,0.0,0.0,0.0,0.0,0.29686287,-0.1384481,0.0,0.0,0.0,0.0,0.0,0.0,0.0,0.0,0.0,0.0,0.0,0.0,0.0,0.0,0.0,0.0,0.0,-1.6229231,-0.15540066,-0.20186183,-5.315678,0.0,0.0,0.0,0.0,0.0,0.0,0.0,0.0
-4.332531,0.0,0.0014946812,0.0,0.0,-0.023257487,0.0,0.0,0.0,0.0,0.0,0.0,0.0,0.0,0.0,0.0,0.11801937,-0.10930079,-0.117360875,-0.12285965,0.0,0.0,0.0,0.0,0.0,0.0,0.0,0.0,-0.031050395,0.0,0.0011707973,0.0,0.0,0.0,0.0,-0.018336069,-0.10885771,-0.45053715,-1.6748254,0.0,0.0,0.0,0.0,0.0,0.0,0.0,0.0,0.29686287,-0.1384481,0.0,0.0,0.0,0.0,0.0,0.0,0.0,0.0,0.0,0.0,0.0,0.0,0.0,0.0,0.0,0.0,0.0,-1.6229231,-0.15540066,-0.20186183,-4.7082396,0.0,0.0,0.0,0.0,0.0,0.0,0.0,0.0
1.7505748,0.0,0.007221514,0.0,0.0,-0.01826588,0.0,0.0,0.0,0.0,0.0,0.0,0.0,0.0,0.0,0.0,-0.2165885,0.0038599444,-0.117360875,0.001491507,0.0,0.0,0.0,0.0,0.0,0.0,0.0,0.0,-0.024085382,0.0,0.005423653,0.0,0.0,0.0,0.0,0.028020248,0.009567602,0.23362368,1.7269845,0.0,0.0,0.0,0.0,0.0,0.0,0.0,0.0,-0.26020104,-0.048740946,0.0,0.0,0.0,0.0,0.0,0.0,0.0,0.0,0.0,0.0,0.0,0.0,0.0,0.0,0.0,0.0,0.0,1.3057003,-0.15540066,-0.07689339,9.868058,0.0,0.0,0.0,0.0,0.0,0.0,0.0,0.0
-4.883086,0.0,0.0014946812,0.0,0.0,-0.023257487,0.0,0.0,0.0,0.0,0.0,0.0,0.0,0.0,0.0,0.0,0.22088169,0.0012546185,-0.117360875,0.00032037217,0.0,0.0,0.0,0.0,0.0,0.0,0.0,0.0,-0.031050395,0.0,0.0017642535,0.0,0.0,0.0,0.0,-0.028543388,0.003149665,-0.15619947,-1.316435,0.0,0.0,0.0,0.0,0.0,0.0,0.0,0.0,0.29686287,-0.1384481,0.0,0.0,0.0,0.0,0.0,0.0,0.0,0.0,0.0,0.0,0.0,0.0,0.0,0.0,0.0,0.0,0.0,-1.6229231,-0.15540066,-0.20186183,-5.315678,0.0,0.0,0.0,0.0,0.0,0.0,0.0,0.0
-3.6424062,0.0,-1.6271869,0.0,0.0,-0.023257487,0.0,0.0,0.0,0.0,0.0,0.0,0.0,0.0,0.0,0.0,0.105810985,-0.089379326,0.14738955,-0.12285965,0.0,0.0,0.0,0.0,0.0,0.0,0.0,0.0,0.018172232,0.0,-0.11993132,0.0,0.0,0.0,0.0,0.0060807792,0.003149665,-0.3905421,-1.6748254,0.0,0.0,0.0,0.0,0.0,0.0,0.0,0.0,-0.26020104,-0.1384481,0.0,0.0,0.0,0.0,0.0,0.0,0.0,0.0,0.0,0.0,0.0,0.0,0.0,0.0,0.0,0.0,0.0,-1.6229231,0.118511975,-0.20186183,-3.901936,0.0,0.0,0.0,0.0,0.0,0.0,0.0,0.0
1.7505748,0.0,0.007221514,0.0,0.0,-0.01826588,0.0,0.0,0.0,0.0,0.0,0.0,0.0,0.0,0.0,0.0,-0.2165885,0.0038599444,-0.117360875,0.001491507,0.0,0.0,0.0,0.0,0.0,0.0,0.0,0.0,-0.024085382,0.0,0.005423653,0.0,0.0,0.0,0.0,0.028020248,0.009567602,0.23362368,1.7269845,0.0,0.0,0.0,0.0,0.0,0.0,0.0,0.0,-0.26020104,-0.048740946,0.0,0.0,0.0,0.0,0.0,0.0,0.0,0.0,0.0,0.0,0.0,0.0,0.0,0.0,0.0,0.0,0.0,1.3057003,-0.15540066,-0.07689339,9.868058,0.0,0.0,0.0,0.0,0.0,0.0,0.0,0.0
1.7505748,0.0,0.007221514,0.0,0.0,-0.01826588,0.0,0.0,0.0,0.0,0.0,0.0,0.0,0.0,0.0,0.0,-0.2165885,0.0038599444,-0.117360875,0.001491507,0.0,0.0,0.0,0.0,0.0,0.0,0.0,0.0,-0.024085382,0.0,0.005423653,0.0,0.0,0.0,0.0,0.028020248,0.009567602,0.23362368,1.7269845,0.0,0.0,0.0,0.0,0.0,0.0,0.0,0.0,-0.26020104,-0.048740946,0.0,0.0,0.0,0.0,0.0,0.0,0.0,0.0,0.0,0.0,0.0,0.0,0.0,0.0,0.0,0.0,0.0,1.3057003,-0.15540066,-0.07689339,9.868058,0.0,0.0,0.0,0.0,0.0,0.0,0.0,0.0
-3.6424062,0.0,-1.6271869,0.0,0.0,-0.023257487,0.0,0.0,0.0,0.0,0.0,0.0,0.0,0.0,0.0,0.0,0.105810985,-0.10930079,0.14738955,-0.12285965,0.0,0.0,0.0,0.0,0.0,0.0,0.0,0.0,-0.031050395,0.0,0.0011707973,0.0,0.0,0.0,0.0,0.0060807792,0.003149665,-0.45053715,-1.6748254,0.0,0.0,0.0,0.0,0.0,0.0,0.0,0.0,0.29686287,0.13651976,0.0,0.0,0.0,0.0,0.0,0.0,0.0,0.0,0.0,0.0,0.0,0.0,0.0,0.0,0.0,0.0,0.0,-1.5415614,-0.15540066,-0.20186183,-3.8938994,0.0,0.0,0.0,0.0,0.0,0.0,0.0,0.0
-4.883086,0.0,0.0014946812,0.0,0.0,-0.023257487,0.0,0.0,0.0,0.0,0.0,0.0,0.0,0.0,0.0,0.0,0.22088169,0.0012546185,-0.117360875,0.00032037217,0.0,0.0,0.0,0.0,0.0,0.0,0.0,0.0,-0.031050395,0.0,0.0017642535,0.0,0.0,0.0,0.0,-0.028543388,0.003149665,-0.15619947,-1.316435,0.0,0.0,0.0,0.0,0.0,0.0,0.0,0.0,0.29686287,-0.1384481,0.0,0.0,0.0,0.0,0.0,0.0,0.0,0.0,0.0,0.0,0.0,0.0,0.0,0.0,0.0,0.0,0.0,-1.6229231,-0.15540066,-0.20186183,-5.315678,0.0,0.0,0.0,0.0,0.0,0.0,0.0,0.0
-4.883086,0.0,0.0014946812,0.0,0.0,-0.023257487,0.0,0.0,0.0,0.0,0.0,0.0,0.0,0.0,0.0,0.0,0.22088169,0.0012546185,-0.117360875,0.00032037217,0.0,0.0,0.0,0.0,0.0,0.0,0.0,0.0,-0.031050395,0.0,0.0017642535,0.0,0.0,0.0,0.0,-0.028543388,0.003149665,-0.15619947,-1.316435,0.0,0.0,0.0,0.0,0.0,0.0,0.0,0.0,0.29686287,-0.1384481,0.0,0.0,0.0,0.0,0.0,0.0,0.0,0.0,0.0,0.0,0.0,0.0,0.0,0.0,0.0,0.0,0.0,-1.6229231,-0.15540066,-0.20186183,-5.315678,0.0,0.0,0.0,0.0,0.0,0.0,0.0,0.0
-3.5303988,0.0,-1.6271869,0.0,0.0,-0.023257487,0.0,0.0,0.0,0.0,0.0,0.0,0.0,0.0,0.0,0.0,0.105810985,-0.10930079,-0.117360875,-0.12285965,0.0,0.0,0.0,0.0,0.0,0.0,0.0,0.0,-0.031050395,0.0,0.0011707973,0.0,0.0,0.0,0.0,0.0060807792,-0.10885771,-0.45053715,-1.6748254,0.0,0.0,0.0,0.0,0.0,0.0,0.0,0.0,0.29686287,0.13651976,0.0,0.0,0.0,0.0,0.0,0.0,0.0,0.0,0.0,0.0,0.0,0.0,0.0,0.0,0.0,0.0,0.0,-1.5415614,-0.15540066,-0.20186183,-3.8938994,0.0,0.0,0.0,0.0,0.0,0.0,0.0,0.0
-4.883086,0.0,0.0014946812,0.0,0.0,-0.023257487,0.0,0.0,0.0,0.0,0.0,0.0,0.0,0.0,0.0,0.0,0.22088169,0.0012546185,-0.117360875,0.00032037217,0.0,0.0,0.0,0.0,0.0,0.0,0.0,0.0,-0.031050395,0.0,0.0017642535,0.0,0.0,0.0,0.0,-0.028543388,0.003149665,-0.08992548,-1.316435,0.0,0.0,0.0,0.0,0.0,0.0,0.0,0.0,0.29686287,-0.1384481,0.0,0.0,0.0,0.0,0.0,0.0,0.0,0.0,0.0,0.0,0.0,0.0,0.0,0.0,0.0,0.0,0.0,-1.6229231,-0.15540066,-0.20186183,-5.315678,0.0,0.0,0.0,0.0,0.0,0.0,0.0,0.0
1.7505748,0.0,0.007221514,0.0,0.0,-0.01826588,0.0,0.0,0.0,0.0,0.0,0.0,0.0,0.0,0.0,0.0,-0.2165885,0.0038599444,-0.117360875,0.001491507,0.0,0.0,0.0,0.0,0.0,0.0,0.0,0.0,-0.024085382,0.0,0.005423653,0.0,0.0,0.0,0.0,0.028020248,0.009567602,0.23362368,1.7269845,0.0,0.0,0.0,0.0,0.0,0.0,0.0,0.0,-0.26020104,-0.048740946,0.0,0.0,0.0,0.0,0.0,0.0,0.0,0.0,0.0,0.0,0.0,0.0,0.0,0.0,0.0,0.0,0.0,1.3057003,-0.15540066,-0.07689339,9.868058,0.0,0.0,0.0,0.0,0.0,0.0,0.0,0.0
-4.883086,0.0,0.0014946812,0.0,0.0,-0.023257487,0.0,0.0,0.0,0.0,0.0,0.0,0.0,0.0,0.0,0.0,0.22088169,0.0012546185,-0.117360875,0.00032037217,0.0,0.0,0.0,0.0,0.0,0.0,0.0,0.0,-0.031050395,0.0,0.0017642535,0.0,0.0,0.0,0.0,-0.028543388,0.003149665,-0.15619947,-1.316435,0.0,0.0,0.0,0.0,0.0,0.0,0.0,0.0,0.29686287,-0.1384481,0.0,0.0,0.0,0.0,0.0,0.0,0.0,0.0,0.0,0.0,0.0,0.0,0.0,0.0,0.0,0.0,0.0,-1.6229231,-0.15540066,-0.20186183,-5.315678,0.0,0.0,0.0,0.0,0.0,0.0,0.0,0.0
-4.5061283,0.0,0.0014946812,0.0,0.0,-0.023257487,0.0,0.0,0.0,0.0,0.0,0.0,0.0,0.0,0.0,0.0,0.11801937,0.0010259486,0.14738955,0.00032037217,0.0,0.0,0.0,0.0,0.0,0.0,0.0,0.0,-0.031050395,0.0,-0.13989311,0.0,0.0,0.0,0.0,-0.018336069,0.003149665,-0.40990752,-1.6748254,0.0,0.0,0.0,0.0,0.0,0.0,0.0,0.0,0.29686287,-0.1384481,0.0,0.0,0.0,0.0,0.0,0.0,0.0,0.0,0.0,0.0,0.0,0.0,0.0,0.0,0.0,0.0,0.0,-1.6229231,-0.15540066,-0.20186183,-4.7797217,0.0,0.0,0.0,0.0,0.0,0.0,0.0,0.0
1.7505748,0.0,0.007221514,0.0,0.0,0.07304284,0.0,0.0,0.0,0.0,0.0,0.0,0.0,0.0,0.0,0.0,0.23856746,0.0038599444,0.14738955,0.001491507,0.0,0.0,0.0,0.0,0.0,0.0,0.0,0.0,-0.11050473,0.0,0.005423653,0.0,0.0,0.0,0.0,0.028020248,0.009567602,-0.20659481,-0.9718683,0.0,0.0,0.0,0.0,0.0,0.0,0.0,0.0,-0.26020104,-0.048740946,0.0,0.0,0.0,0.0,0.0,0.0,0.0,0.0,0.0,0.0,0.0,0.0,0.0,0.0,0.0,0.0,0.0,1.5063707,0.118511975,0.49909496,9.771679,0.0,0.0,0.0,0.0,0.0,0.0,0.0,0.0
1.7505748,0.0,0.007221514,0.0,0.0,-0.01826588,0.0,0.0,0.0,0.0,0.0,0.0,0.0,0.0,0.0,0.0,-0.2165885,0.0038599444,-0.117360875,0.001491507,0.0,0.0,0.0,0.0,0.0,0.0,0.0,0.0,-0.024085382,0.0,0.005423653,0.0,0.0,0.0,0.0,0.028020248,0.009567602,0.23362368,1.7269845,0.0,0.0,0.0,0.0,0.0,0.0,0.0,0.0,-0.26020104,-0.048740946,0.0,0.0,0.0,0.0,0.0,0.0,0.0,0.0,0.0,0.0,0.0,0.0,0.0,0.0,0.0,0.0,0.0,1.3057003,-0.15540066,-0.07689339,9.868058,0.0,0.0,0.0,0.0,0.0,0.0,0.0,0.0
1.7505748,0.0,0.007221514,0.0,0.0,-0.01826588,0.0,0.0,0.0,0.0,0.0,0.0,0.0,0.0,0.0,0.0,-0.2165885,0.0038599444,-0.117360875,0.001491507,0.0,0.0,0.0,0.0,0.0,0.0,0.0,0.0,-0.024085382,0.0,0.005423653,0.0,0.0,0.0,0.0,0.028020248,0.009567602,0.23362368,1.5555501,0.0,0.0,0.0,0.0,0.0,0.0,0.0,0.0,-0.26020104,-0.048740946,0.0,0.0,0.0,0.0,0.0,0.0,0.0,0.0,0.0,0.0,0.0,0.0,0.0,0.0,0.0,0.0,0.0,1.3985182,-0.15540066,-0.07689339,9.868058,0.0,0.0,0.0,0.0,0.0,0.0,0.0,0.0
1.7505748,0.0,0.007221514,0.0,0.0,-0.01826588,0.0,0.0,0.0,0.0,0.0,0.0,0.0,0.0,0.0,0.0,-0.2165885,0.0038599444,-0.117360875,0.001491507,0.0,0.0,0.0,0.0,0.0,0.0,0.0,0.0,-0.024085382,0.0,0.005423653,0.0,0.0,0.0,0.0,0.028020248,0.009567602,0.23362368,1.7269845,0.0,0.0,0.0,0.0,0.0,0.0,0.0,0.0,-0.26020104,-0.048740946,0.0,0.0,0.0,0.0,0.0,0.0,0.0,0.0,0.0,0.0,0.0,0.0,0.0,0.0,0.0,0.0,0.0,1.3057003,-0.15540066,-0.07689339,9.868058,0.0,0.0,0.0,0.0,0.0,0.0,0.0,0.0
-4.922479,0.0,0.0014946812,0.0,0.0,-0.023257487,0.0,0.0,0.0,0.0,0.0,0.0,0.0,0.0,0.0,0.0,0.22226559,0.0012546185,0.14738955,0.00032037217,0.0,0.0,0.0,0.0,0.0,0.0,0.0,0.0,-0.031050395,0.0,0.0017642535,0.0,0.0,0.0,0.0,0.009465825,0.003149665,-0.15619947,-1.316435,0.0,0.0,0.0,0.0,0.0,0.0,0.0,0.0,0.29686287,0.13651976,0.0,0.0,0.0,0.0,0.0,0.0,0.0,0.0,0.0,0.0,0.0,0.0,0.0,0.0,0.0,0.0,0.0,-1.5415614,-0.15540066,-0.20186183,-5.315678,0.0,0.0,0.0,0.0,0.0,0.0,0.0,0.0
-3.6424062,0.0,-1.6271869,0.0,0.0,-0.023257487,0.0,0.0,0.0,0.0,0.0,0.0,0.0,0.0,0.0,0.0,0.105810985,-0.089379326,0.14738955,-0.12285965,0.0,0.0,0.0,0.0,0.0,0.0,0.0,0.0,0.018172232,0.0,-0.11993132,0.0,0.0,0.0,0.0,0.0060807792,0.003149665,-0.3905421,-1.6748254,0.0,0.0,0.0,0.0,0.0,0.0,0.0,0.0,-0.26020104,-0.1384481,0.0,0.0,0.0,0.0,0.0,0.0,0.0,0.0,0.0,0.0,0.0,0.0,0.0,0.0,0.0,0.0,0.0,-1.6229231,0.118511975,-0.20186183,-3.901936,0.0,0.0,0.0,0.0,0.0,0.0,0.0,0.0
-4.922479,0.0,0.0014946812,0.0,0.0,-0.023257487,0.0,0.0,0.0,0.0,0.0,0.0,0.0,0.0,0.0,0.0,0.22226559,0.0012546185,0.14738955,0.00032037217,0.0,0.0,0.0,0.0,0.0,0.0,0.0,0.0,-0.031050395,0.0,0.0017642535,0.0,0.0,0.0,0.0,0.009465825,0.003149665,-0.15619947,-1.316435,0.0,0.0,0.0,0.0,0.0,0.0,0.0,0.0,-0.26020104,-0.1384481,0.0,0.0,0.0,0.0,0.0,0.0,0.0,0.0,0.0,0.0,0.0,0.0,0.0,0.0,0.0,0.0,0.0,-1.6229231,0.118511975,-0.20186183,-5.315678,0.0,0.0,0.0,0.0,0.0,0.0,0.0,0.0
-3.6424062,0.0,-1.6271869,0.0,0.0,-0.023257487,0.0,0.0,0.0,0.0,0.0,0.0,0.0,0.0,0.0,0.0,0.105810985,-0.089379326,0.14738955,-0.12285965,0.0,0.0,0.0,0.0,0.0,0.0,0.0,0.0,0.018172232,0.0,-0.11993132,0.0,0.0,0.0,0.0,0.0060807792,0.003149665,-0.3905421,-1.6748254,0.0,0.0,0.0,0.0,0.0,0.0,0.0,0.0,-0.26020104,-0.1384481,0.0,0.0,0.0,0.0,0.0,0.0,0.0,0.0,0.0,0.0,0.0,0.0,0.0,0.0,0.0,0.0,0.0,-1.6229231,-0.15540066,-0.20186183,-3.901936,0.0,0.0,0.0,0.0,0.0,0.0,0.0,0.0
-4.922479,0.0,0.0014946812,0.0,0.0,-0.023257487,0.0,0.0,0.0,0.0,0.0,0.0,0.0,0.0,0.0,0.0,0.22226559,0.0010259486,0.14738955,0.00032037217,0.0,0.0,0.0,0.0,0.0,0.0,0.0,0.0,-0.031050395,0.0,-0.18059574,0.0,0.0,0.0,0.0,0.009465825,0.003149665,-0.15667762,-1.316435,0.0,0.0,0.0,0.0,0.0,0.0,0.0,0.0,-0.26020104,-0.1384481,0.0,0.0,0.0,0.0,0.0,0.0,0.0,0.0,0.0,0.0,0.0,0.0,0.0,0.0,0.0,0.0,0.0,-1.6229231,-0.15540066,-0.20186183,-5.132611,0.0,0.0,0.0,0.0,0.0,0.0,0.0,0.0
1.7505748,0.0,0.007221514,0.0,0.0,-0.01826588,0.0,0.0,0.0,0.0,0.0,0.0,0.0,0.0,0.0,0.0,-0.2165885,0.0038599444,-0.117360875,0.001491507,0.0,0.0,0.0,0.0,0.0,0.0,0.0,0.0,-0.024085382,0.0,0.005423653,0.0,0.0,0.0,0.0,0.028020248,0.009567602,0.23362368,1.7269845,0.0,0.0,0.0,0.0,0.0,0.0,0.0,0.0,-0.26020104,-0.048740946,0.0,0.0,0.0,0.0,0.0,0.0,0.0,0.0,0.0,0.0,0.0,0.0,0.0,0.0,0.0,0.0,0.0,1.3057003,-0.15540066,-0.07689339,9.868058,0.0,0.0,0.0,0.0,0.0,0.0,0.0,0.0
-4.5061283,0.0,0.0014946812,0.0,0.0,-0.023257487,0.0,0.0,0.0,0.0,0.0,0.0,0.0,0.0,0.0,0.0,0.11801937,-0.089379326,0.14738955,0.00032037217,0.0,0.0,0.0,0.0,0.0,0.0,0.0,0.0,-0.031050395,0.0,-0.11993132,0.0,0.0,0.0,0.0,-0.018336069,0.003149665,-0.40990752,-1.6748254,0.0,0.0,0.0,0.0,0.0,0.0,0.0,0.0,0.29686287,-0.1384481,0.0,0.0,0.0,0.0,0.0,0.0,0.0,0.0,0.0,0.0,0.0,0.0,0.0,0.0,0.0,0.0,0.0,-1.6229231,-0.15540066,-0.20186183,-4.709278,0.0,0.0,0.0,0.0,0.0,0.0,0.0,0.0
-3.5303988,0.0,-1.6271869,0.0,0.0,-0.023257487,0.0,0.0,0.0,0.0,0.0,0.0,0.0,0.0,0.0,0.0,0.105810985,-0.10930079,-0.117360875,-0.12285965,0.0,0.0,0.0,0.0,0.0,0.0,0.0,0.0,-0.031050395,0.0,0.0011707973,0.0,0.0,0.0,0.0,0.0060807792,-0.10885771,-0.45053715,-1.6748254,0.0,0.0,0.0,0.0,0.0,0.0,0.0,0.0,0.29686287,0.13651976,0.0,0.0,0.0,0.0,0.0,0.0,0.0,0.0,0.0,0.0,0.0,0.0,0.0,0.0,0.0,0.0,0.0,-1.5415614,-0.15540066,-0.20186183,-3.8938994,0.0,0.0,0.0,0.0,0.0,0.0,0.0,0.0
-3.6424062,0.0,-1.6271869,0.0,0.0,-0.023257487,0.0,0.0,0.0,0.0,0.0,0.0,0.0,0.0,0.0,0.0,0.105810985,-0.10930079,0.14738955,-0.12285965,0.0,0.0,0.0,0.0,0.0,0.0,0.0,0.0,0.018172232,0.0,0.0011707973,0.0,0.0,0.0,0.0,0.0060807792,0.003149665,-0.43117172,-1.6748254,0.0,0.0,0.0,0.0,0.0,0.0,0.0,0.0,-0.26020104,-0.1384481,0.0,0.0,0.0,0.0,0.0,0.0,0.0,0.0,0.0,0.0,0.0,0.0,0.0,0.0,0.0,0.0,0.0,-1.6229231,0.118511975,-0.20186183,-3.9624875,0.0,0.0,0.0,0.0,0.0,0.0,0.0,0.0
-3.6424062,0.0,-1.6271869,0.0,0.0,-0.023257487,0.0,0.0,0.0,0.0,0.0,0.0,0.0,0.0,0.0,0.0,0.105810985,-0.089379326,0.14738955,-0.12285965,0.0,0.0,0.0,0.0,0.0,0.0,0.0,0.0,0.018172232,0.0,-0.11993132,0.0,0.0,0.0,0.0,0.0060807792,0.003149665,-0.3905421,-1.6748254,0.0,0.0,0.0,0.0,0.0,0.0,0.0,0.0,-0.26020104,-0.1384481,0.0,0.0,0.0,0.0,0.0,0.0,0.0,0.0,0.0,0.0,0.0,0.0,0.0,0.0,0.0,0.0,0.0,-1.6229231,0.118511975,-0.20186183,-3.901936,0.0,0.0,0.0,0.0,0.0,0.0,0.0,0.0
1.7505748,0.0,0.007221514,0.0,0.0,-0.01826588,0.0,0.0,0.0,0.0,0.0,0.0,0.0,0.0,0.0,0.0,-0.2165885,0.0038599444,-0.117360875,0.001491507,0.0,0.0,0.0,0.0,0.0,0.0,0.0,0.0,-0.024085382,0.0,0.005423653,0.0,0.0,0.0,0.0,0.028020248,0.009567602,0.23362368,1.7269845,0.0,0.0,0.0,0.0,0.0,0.0,0.0,0.0,-0.26020104,-0.048740946,0.0,0.0,0.0,0.0,0.0,0.0,0.0,0.0,0.0,0.0,0.0,0.0,0.0,0.0,0.0,0.0,0.0,1.3057003,-0.15540066,-0.07689339,9.868058,0.0,0.0,0.0,0.0,0.0,0.0,0.0,0.0
1.6226876,0.0,0.007221514,0.0,0.0,-0.01826588,0.0,0.0,0.0,0.0,0.0,0.0,0.0,0.0,0.0,0.0,-0.2232073,0.0038599444,-0.117360875,0.001491507,0.0,0.0,0.0,0.0,0.0,0.0,0.0,0.0,-0.024085382,0.0,0.005423653,0.0,0.0,0.0,0.0,-0.08449265,0.009567602,0.23362368,1.6033576,0.0,0.0,0.0,0.0,0.0,0.0,0.0,0.0,0.29686287,0.13651976,0.0,0.0,0.0,0.0,0.0,0.0,0.0,0.0,0.0,0.0,0.0,0.0,0.0,0.0,0.0,0.0,0.0,-1.6091921,0.118511975,-0.07689339,9.868058,0.0,0.0,0.0,0.0,0.0,0.0,0.0,0.0
-3.6424062,0.0,-1.6271869,0.0,0.0,-0.023257487,0.0,0.0,0.0,0.0,0.0,0.0,0.0,0.0,0.0,0.0,0.105810985,-0.089379326,0.14738955,-0.12285965,0.0,0.0,0.0,0.0,0.0,0.0,0.0,0.0,0.018172232,0.0,-0.11993132,0.0,0.0,0.0,0.0,0.0060807792,0.003149665,-0.3905421,-1.6748254,0.0,0.0,0.0,0.0,0.0,0.0,0.0,0.0,-0.26020104,-0.1384481,0.0,0.0,0.0,0.0,0.0,0.0,0.0,0.0,0.0,0.0,0.0,0.0,0.0,0.0,0.0,0.0,0.0,-1.6229231,0.118511975,-0.20186183,-3.901936,0.0,0.0,0.0,0.0,0.0,0.0,0.0,0.0
1.7505748,0.0,0.007221514,0.0,0.0,-0.01826588,0.0,0.0,0.0,0.0,0.0,0.0,0.0,0.0,0.0,0.0,-0.2165885,0.0038599444,-0.117360875,0.001491507,0.0,0.0,0.0,0.0,0.0,0.0,0.0,0.0,-0.024085382,0.0,0.005423653,0.0,0.0,0.0,0.0,0.028020248,0.009567602,0.23362368,1.7269845,0.0,0.0,0.0,0.0,0.0,0.0,0.0,0.0,-0.26020104,-0.048740946,0.0,0.0,0.0,0.0,0.0,0.0,0.0,0.0,0.0,0.0,0.0,0.0,0.0,0.0,0.0,0.0,0.0,1.3057003,-0.15540066,-0.07689339,9.868058,0.0,0.0,0.0,0.0,0.0,0.0,0.0,0.0
1.7505748,0.0,0.007221514,0.0,0.0,-0.01826588,0.0,0.0,0.0,0.0,0.0,0.0,0.0,0.0,0.0,0.0,-0.2165885,0.0038599444,-0.117360875,0.001491507,0.0,0.0,0.0,0.0,0.0,0.0,0.0,0.0,-0.024085382,0.0,0.005423653,0.0,0.0,0.0,0.0,0.028020248,0.009567602,0.23362368,1.7269845,0.0,0.0,0.0,0.0,0.0,0.0,0.0,0.0,-0.26020104,-0.048740946,0.0,0.0,0.0,0.0,0.0,0.0,0.0,0.0,0.0,0.0,0.0,0.0,0.0,0.0,0.0,0.0,0.0,1.3057003,-0.15540066,-0.07689339,9.868058,0.0,0.0,0.0,0.0,0.0,0.0,0.0,0.0
-3.6424062,0.0,-1.6271869,0.0,0.0,-0.023257487,0.0,0.0,0.0,0.0,0.0,0.0,0.0,0.0,0.0,0.0,0.105810985,-0.10930079,0.14738955,-0.12285965,0.0,0.0,0.0,0.0,0.0,0.0,0.0,0.0,0.018172232,0.0,0.0011707973,0.0,0.0,0.0,0.0,0.0060807792,0.003149665,-0.43117172,-1.6748254,0.0,0.0,0.0,0.0,0.0,0.0,0.0,0.0,-0.26020104,-0.1384481,0.0,0.0,0.0,0.0,0.0,0.0,0.0,0.0,0.0,0.0,0.0,0.0,0.0,0.0,0.0,0.0,0.0,-1.6229231,0.118511975,-0.20186183,-3.9624875,0.0,0.0,0.0,0.0,0.0,0.0,0.0,0.0
-3.6424062,0.0,-1.6271869,0.0,0.0,-0.023257487,0.0,0.0,0.0,0.0,0.0,0.0,0.0,0.0,0.0,0.0,0.105810985,-0.089379326,0.14738955,-0.12285965,0.0,0.0,0.0,0.0,0.0,0.0,0.0,0.0,0.018172232,0.0,-0.11993132,0.0,0.0,0.0,0.0,0.0060807792,0.003149665,-0.3905421,-1.6748254,0.0,0.0,0.0,0.0,0.0,0.0,0.0,0.0,-0.26020104,-0.1384481,0.0,0.0,0.0,0.0,0.0,0.0,0.0,0.0,0.0,0.0,0.0,0.0,0.0,0.0,0.0,0.0,0.0,-1.6229231,0.118511975,-0.20186183,-3.901936,0.0,0.0,0.0,0.0,0.0,0.0,0.0,0.0
-3.6424062,0.0,-1.6271869,0.0,0.0,-0.023257487,0.0,0.0,0.0,0.0,0.0,0.0,0.0,0.0,0.0,0.0,0.105810985,-0.089379326,0.14738955,-0.12285965,0.0,0.0,0.0,0.0,0.0,0.0,0.0,0.0,0.018172232,0.0,-0.11993132,0.0,0.0,0.0,0.0,0.0060807792,0.003149665,-0.3905421,-1.6748254,0.0,0.0,0.0,0.0,0.0,0.0,0.0,0.0,-0.26020104,-0.1384481,0.0,0.0,0.0,0.0,0.0,0.0,0.0,0.0,0.0,0.0,0.0,0.0,0.0,0.0,0.0,0.0,0.0,-1.6229231,0.118511975,-0.20186183,-3.901936,0.0,0.0,0.0,0.0,0.0,0.0,0.0,0.0
-4.5031953,0.0,0.0014946812,0.0,0.0,-0.023257487,0.0,0.0,0.0,0.0,0.0,0.0,0.0,0.0,0.0,0.0,0.22226559,0.0012546185,-0.117360875,0.00032037217,0.0,0.0,0.0,0.0,0.0,0.0,0.0,0.0,-0.031050395,0.0,0.0017642535,0.0,0.0,0.0,0.0,0.009465825,-0.10885771,-0.15619947,-1.6748254,0.0,0.0,0.0,0.0,0.0,0.0,0.0,0.0,0.29686287,0.13651976,0.0,0.0,0.0,0.0,0.0,0.0,0.0,0.0,0.0,0.0,0.0,0.0,0.0,0.0,0.0,0.0,0.0,-1.5415614,-0.15540066,-0.20186183,-5.264564,0.0,0.0,0.0,0.0,0.0,0.0,0.0,0.0
-3.6424062,0.0,-1.6271869,0.0,0.0,-0.023257487,0.0,0.0,0.0,0.0,0.0,0.0,0.0,0.0,0.0,0.0,0.105810985,-0.089379326,0.14738955,-0.12285965,0.0,0.0,0.0,0.0,0.0,0.0,0.0,0.0,0.018172232,0.0,-0.11993132,0.0,0.0,0.0,0.0,0.0060807792,0.003149665,-0.3905421,-1.6748254,0.0,0.0,0.0,0.0,0.0,0.0,0.0,0.0,-0.26020104,-0.1384481,0.0,0.0,0.0,0.0,0.0,0.0,0.0,0.0,0.0,0.0,0.0,0.0,0.0,0.0,0.0,0.0,0.0,-1.6229231,0.118511975,-0.20186183,-3.901936,0.0,0.0,0.0,0.0,0.0,0.0,0.0,0.0
-3.6424062,0.0,-1.6271869,0.0,0.0,-0.023257487,0.0,0.0,0.0,0.0,0.0,0.0,0.0,0.0,0.0,0.0,0.105810985,-0.10930079,0.14738955,-0.12285965,0.0,0.0,0.0,0.0,0.0,0.0,0.0,0.0,0.018172232,0.0,0.0011707973,0.0,0.0,0.0,0.0,0.0060807792,0.003149665,-0.43117172,-1.6748254,0.0,0.0,0.0,0.0,0.0,0.0,0.0,0.0,-0.26020104,-0.1384481,0.0,0.0,0.0,0.0,0.0,0.0,0.0,0.0,0.0,0.0,0.0,0.0,0.0,0.0,0.0,0.0,0.0,-1.6229231,-0.15540066,-0.20186183,-3.9624875,0.0,0.0,0.0,0.0,0.0,0.0,0.0,0.0
-4.332531,0.0,0.0014946812,0.0,0.0,-0.023257487,0.0,0.0,0.0,0.0,0.0,0.0,0.0,0.0,0.0,0.0,0.11801937,-0.10930079,-0.117360875,-0.12285965,0.0,0.0,0.0,0.0,0.0,0.0,0.0,0.0,-0.031050395,0.0,0.0011707973,0.0,0.0,0.0,0.0,-0.018336069,-0.10885771,-0.45053715,-1.6748254,0.0,0.0,0.0,0.0,0.0,0.0,0.0,0.0,0.29686287,-0.1384481,0.0,0.0,0.0,0.0,0.0,0.0,0.0,0.0,0.0,0.0,0.0,0.0,0.0,0.0,0.0,0.0,0.0,-1.6229231,-0.15540066,-0.20186183,-4.7082396,0.0,0.0,0.0,0.0,0.0,0.0,0.0,0.0
-4.5031953,0.0,0.0014946812,0.0,0.0,-0.023257487,0.0,0.0,0.0,0.0,0.0,0.0,0.0,0.0,0.0,0.0,0.22226559,0.0012546185,0.14738955,0.00032037217,0.0,0.0,0.0,0.0,0.0,0.0,0.0,0.0,-0.031050395,0.0,0.0017642535,0.0,0.0,0.0,0.0,0.009465825,-0.10885771,-0.15619947,-1.6748254,0.0,0.0,0.0,0.0,0.0,0.0,0.0,0.0,0.29686287,0.13651976,0.0,0.0,0.0,0.0,0.0,0.0,0.0,0.0,0.0,0.0,0.0,0.0,0.0,0.0,0.0,0.0,0.0,-1.5415614,-0.15540066,-0.20186183,-5.264564,0.0,0.0,0.0,0.0,0.0,0.0,0.0,0.0
-3.6424062,0.0,-1.6271869,0.0,0.0,-0.023257487,0.0,0.0,0.0,0.0,0.0,0.0,0.0,0.0,0.0,0.0,0.105810985,-0.089379326,0.14738955,-0.12285965,0.0,0.0,0.0,0.0,0.0,0.0,0.0,0.0,0.018172232,0.0,-0.11993132,0.0,0.0,0.0,0.0,0.0060807792,0.003149665,-0.3905421,-1.6748254,0.0,0.0,0.0,0.0,0.0,0.0,0.0,0.0,-0.26020104,-0.1384481,0.0,0.0,0.0,0.0,0.0,0.0,0.0,0.0,0.0,0.0,0.0,0.0,0.0,0.0,0.0,0.0,0.0,-1.6229231,0.118511975,-0.20186183,-3.901936,0.0,0.0,0.0,0.0,0.0,0.0,0.0,0.0
1.6824173,0.0,0.007221514,0.0,0.0,-0.07818855,0.0,0.0,0.0,0.0,0.0,0.0,0.0,0.0,0.0,0.0,0.23856746,0.0038599444,0.14738955,0.001491507,0.0,0.0,0.0,0.0,0.0,0.0,0.0,0.0,0.06467286,0.0,0.005423653,0.0,0.0,0.0,0.0,0.028020248,0.009567602,-0.18978627,-1.1855079,0.0,0.0,0.0,0.0,0.0,0.0,0.0,0.0,-0.26020104,-0.048740946,0.0,0.0,0.0,0.0,0.0,0.0,0.0,0.0,0.0,0.0,0.0,0.0,0.0,0.0,0.0,0.0,0.0,1.5063707,0.118511975,0.49909496,9.784328,0.0,0.0,0.0,0.0,0.0,0.0,0.0,0.0
-4.883086,0.0,0.0014946812,0.0,0.0,-0.023257487,0.0,0.0,0.0,0.0,0.0,0.0,0.0,0.0,0.0,0.0,0.22088169,0.0012546185,-0.117360875,0.00032037217,0.0,0.0,0.0,0.0,0.0,0.0,0.0,0.0,-0.031050395,0.0,0.0017642535,0.0,0.0,0.0,0.0,-0.028543388,0.003149665,-0.15619947,-1.316435,0.0,0.0,0.0,0.0,0.0,0.0,0.0,0.0,0.29686287,-0.1384481,0.0,0.0,0.0,0.0,0.0,0.0,0.0,0.0,0.0,0.0,0.0,0.0,0.0,0.0,0.0,0.0,0.0,-1.6229231,-0.15540066,-0.20186183,-5.315678,0.0,0.0,0.0,0.0,0.0,0.0,0.0,0.0
1.7505748,0.0,0.007221514,0.0,0.0,-0.01826588,0.0,0.0,0.0,0.0,0.0,0.0,0.0,0.0,0.0,0.0,-0.2165885,0.0038599444,-0.117360875,0.001491507,0.0,0.0,0.0,0.0,0.0,0.0,0.0,0.0,-0.024085382,0.0,0.005423653,0.0,0.0,0.0,0.0,0.028020248,0.009567602,0.23362368,1.7269845,0.0,0.0,0.0,0.0,0.0,0.0,0.0,0.0,-0.26020104,-0.048740946,0.0,0.0,0.0,0.0,0.0,0.0,0.0,0.0,0.0,0.0,0.0,0.0,0.0,0.0,0.0,0.0,0.0,1.3057003,-0.15540066,-0.07689339,9.868058,0.0,0.0,0.0,0.0,0.0,0.0,0.0,0.0
-3.6424062,0.0,-1.6271869,0.0,0.0,-0.023257487,0.0,0.0,0.0,0.0,0.0,0.0,0.0,0.0,0.0,0.0,0.105810985,-0.089379326,0.14738955,-0.12285965,0.0,0.0,0.0,0.0,0.0,0.0,0.0,0.0,0.018172232,0.0,-0.11993132,0.0,0.0,0.0,0.0,0.0060807792,0.003149665,-0.3905421,-1.6748254,0.0,0.0,0.0,0.0,0.0,0.0,0.0,0.0,-0.26020104,-0.1384481,0.0,0.0,0.0,0.0,0.0,0.0,0.0,0.0,0.0,0.0,0.0,0.0,0.0,0.0,0.0,0.0,0.0,-1.6229231,-0.15540066,-0.20186183,-3.901936,0.0,0.0,0.0,0.0,0.0,0.0,0.0,0.0
-3.6424062,0.0,-1.6271869,0.0,0.0,-0.023257487,0.0,0.0,0.0,0.0,0.0,0.0,0.0,0.0,0.0,0.0,0.105810985,-0.089379326,0.14738955,-0.12285965,0.0,0.0,0.0,0.0,0.0,0.0,0.0,0.0,0.018172232,0.0,-0.11993132,0.0,0.0,0.0,0.0,0.0060807792,0.003149665,-0.3905421,-1.6748254,0.0,0.0,0.0,0.0,0.0,0.0,0.0,0.0,-0.26020104,-0.1384481,0.0,0.0,0.0,0.0,0.0,0.0,0.0,0.0,0.0,0.0,0.0,0.0,0.0,0.0,0.0,0.0,0.0,-1.6229231,0.118511975,-0.20186183,-3.901936,0.0,0.0,0.0,0.0,0.0,0.0,0.0,0.0
1.7505748,0.0,0.007221514,0.0,0.0,-0.01826588,0.0,0.0,0.0,0.0,0.0,0.0,0.0,0.0,0.0,0.0,-0.2165885,0.0038599444,-0.117360875,0.001491507,0.0,0.0,0.0,0.0,0.0,0.0,0.0,0.0,-0.024085382,0.0,0.005423653,0.0,0.0,0.0,0.0,0.028020248,0.009567602,0.23362368,1.7269845,0.0,0.0,0.0,0.0,0.0,0.0,0.0,0.0,-0.26020104,-0.048740946,0.0,0.0,0.0,0.0,0.0,0.0,0.0,0.0,0.0,0.0,0.0,0.0,0.0,0.0,0.0,0.0,0.0,1.3057003,-0.15540066,-0.07689339,9.868058,0.0,0.0,0.0,0.0,0.0,0.0,0.0,0.0
1.7505748,0.0,0.007221514,0.0,0.0,-0.01826588,0.0,0.0,0.0,0.0,0.0,0.0,0.0,0.0,0.0,0.0,-0.2165885,0.0038599444,-0.117360875,0.001491507,0.0,0.0,0.0,0.0,0.0,0.0,0.0,0.0,-0.024085382,0.0,0.005423653,0.0,0.0,0.0,0.0,0.028020248,0.009567602,0.23362368,1.7269845,0.0,0.0,0.0,0.0,0.0,0.0,0.0,0.0,-0.26020104,-0.048740946,0.0,0.0,0.0,0.0,0.0,0.0,0.0,0.0,0.0,0.0,0.0,0.0,0.0,0.0,0.0,0.0,0.0,1.3057003,-0.15540066,-0.07689339,9.868058,0.0,0.0,0.0,0.0,0.0,0.0,0.0,0.0
-4.518337,0.0,0.0014946812,0.0,0.0,-0.023257487,0.0,0.0,0.0,0.0,0.0,0.0,0.0,0.0,0.0,0.0,0.105810985,0.0010259486,0.14738955,0.00032037217,0.0,0.0,0.0,0.0,0.0,0.0,0.0,0.0,-0.031050395,0.0,-0.13989311,0.0,0.0,0.0,0.0,0.0060807792,0.003149665,-0.40990752,-1.6748254,0.0,0.0,0.0,0.0,0.0,0.0,0.0,0.0,-0.26020104,-0.1384481,0.0,0.0,0.0,0.0,0.0,0.0,0.0,0.0,0.0,0.0,0.0,0.0,0.0,0.0,0.0,0.0,0.0,-1.6229231,0.118511975,-0.20186183,-4.7797217,0.0,0.0,0.0,0.0,0.0,0.0,0.0,0.0
-3.5303988,0.0,-1.6271869,0.0,0.0,-0.023257487,0.0,0.0,0.0,0.0,0.0,0.0,0.0,0.0,0.0,0.0,0.105810985,-0.10930079,-0.117360875,-0.12285965,0.0,0.0,0.0,0.0,0.0,0.0,0.0,0.0,-0.031050395,0.0,0.0011707973,0.0,0.0,0.0,0.0,0.0060807792,-0.10885771,-0.45053715,-1.6748254,0.0,0.0,0.0,0.0,0.0,0.0,0.0,0.0,0.29686287,0.13651976,0.0,0.0,0.0,0.0,0.0,0.0,0.0,0.0,0.0,0.0,0.0,0.0,0.0,0.0,0.0,0.0,0.0,-1.5415614,-0.15540066,-0.20186183,-3.8938994,0.0,0.0,0.0,0.0,0.0,0.0,0.0,0.0
-4.5031953,0.0,0.0014946812,0.0,0.0,-0.023257487,0.0,0.0,0.0,0.0,0.0,0.0,0.0,0.0,0.0,0.0,0.22226559,0.0012546185,0.14738955,0.00032037217,0.0,0.0,0.0,0.0,0.0,0.0,0.0,0.0,-0.031050395,0.0,0.0017642535,0.0,0.0,0.0,0.0,0.009465825,-0.10885771,-0.15619947,-1.6748254,0.0,0.0,0.0,0.0,0.0,0.0,0.0,0.0,0.29686287,0.13651976,0.0,0.0,0.0,0.0,0.0,0.0,0.0,0.0,0.0,0.0,0.0,0.0,0.0,0.0,0.0,0.0,0.0,-1.5415614,-0.15540066,-0.20186183,-5.264564,0.0,0.0,0.0,0.0,0.0,0.0,0.0,0.0
-4.883086,0.0,0.0014946812,0.0,0.0,-0.023257487,0.0,0.0,0.0,0.0,0.0,0.0,0.0,0.0,0.0,0.0,0.22088169,0.0012546185,-0.117360875,0.00032037217,0.0,0.0,0.0,0.0,0.0,0.0,0.0,0.0,-0.031050395,0.0,0.0017642535,0.0,0.0,0.0,0.0,-0.028543388,0.003149665,-0.15619947,-1.316435,0.0,0.0,0.0,0.0,0.0,0.0,0.0,0.0,0.29686287,-0.1384481,0.0,0.0,0.0,0.0,0.0,0.0,0.0,0.0,0.0,0.0,0.0,0.0,0.0,0.0,0.0,0.0,0.0,-1.6229231,-0.15540066,-0.20186183,-5.315678,0.0,0.0,0.0,0.0,0.0,0.0,0.0,0.0
-3.6424062,0.0,-1.6271869,0.0,0.0,0.02172687,0.0,0.0,0.0,0.0,0.0,0.0,0.0,0.0,0.0,0.0,0.105810985,-0.10930079,0.14738955,-0.12285965,0.0,0.0,0.0,0.0,0.0,0.0,0.0,0.0,0.018172232,0.0,0.0011707973,0.0,0.0,0.0,0.0,0.0060807792,0.003149665,-0.41462713,-1.6748254,0.0,0.0,0.0,0.0,0.0,0.0,0.0,0.0,-0.26020104,-0.1384481,0.0,0.0,0.0,0.0,0.0,0.0,0.0,0.0,0.0,0.0,0.0,0.0,0.0,0.0,0.0,0.0,0.0,-1.6229231,0.118511975,-0.20186183,-4.0240164,0.0,0.0,0.0,0.0,0.0,0.0,0.0,0.0
-3.7700164,0.0,-1.6271869,0.0,0.0,-0.023257487,0.0,0.0,0.0,0.0,0.0,0.0,0.0,0.0,0.0,0.0,0.105810985,-0.089379326,0.14738955,-0.12285965,0.0,0.0,0.0,0.0,0.0,0.0,0.0,0.0,0.018172232,0.0,-0.11993132,0.0,0.0,0.0,0.0,0.0060807792,0.003149665,-0.3905421,-1.5282797,0.0,0.0,0.0,0.0,0.0,0.0,0.0,0.0,-0.26020104,-0.048740946,0.0,0.0,0.0,0.0,0.0,0.0,0.0,0.0,0.0,0.0,0.0,0.0,0.0,0.0,0.0,0.0,0.0,1.4401152,0.118511975,-0.20186183,-3.901936,0.0,0.0,0.0,0.0,0.0,0.0,0.0,0.0
1.6226876,0.0,0.007221514,0.0,0.0,-0.01826588,0.0,0.0,0.0,0.0,0.0,0.0,0.0,0.0,0.0,0.0,-0.2232073,0.0038599444,-0.117360875,0.001491507,0.0,0.0,0.0,0.0,0.0,0.0,0.0,0.0,-0.024085382,0.0,0.005423653,0.0,0.0,0.0,0.0,-0.08449265,0.009567602,0.23362368,1.9590354,0.0,0.0,0.0,0.0,0.0,0.0,0.0,0.0,0.29686287,0.13651976,0.0,0.0,0.0,0.0,0.0,0.0,0.0,0.0,0.0,0.0,0.0,0.0,0.0,0.0,0.0,0.0,0.0,-1.5177667,0.118511975,-0.07689339,9.868058,0.0,0.0,0.0,0.0,0.0,0.0,0.0,0.0
1.6226876,0.0,0.007221514,0.0,0.0,-0.01826588,0.0,0.0,0.0,0.0,0.0,0.0,0.0,0.0,0.0,0.0,-0.2232073,0.0038599444,-0.117360875,0.001491507,0.0,0.0,0.0,0.0,0.0,0.0,0.0,0.0,-0.024085382,0.0,0.005423653,0.0,0.0,0.0,0.0,-0.08449265,0.009567602,0.23362368,1.9590354,0.0,0.0,0.0,0.0,0.0,0.0,0.0,0.0,0.29686287,0.13651976,0.0,0.0,0.0,0.0,0.0,0.0,0.0,0.0,0.0,0.0,0.0,0.0,0.0,0.0,0.0,0.0,0.0,-1.5177667,0.118511975,-0.07689339,9.868058,0.0,0.0,0.0,0.0,0.0,0.0,0.0,0.0
-4.883086,0.0,0.0014946812,0.0,0.0,-0.023257487,0.0,0.0,0.0,0.0,0.0,0.0,0.0,0.0,0.0,0.0,0.22088169,0.0012546185,-0.117360875,0.00032037217,0.0,0.0,0.0,0.0,0.0,0.0,0.0,0.0,-0.031050395,0.0,0.0017642535,0.0,0.0,0.0,0.0,-0.028543388,0.003149665,-0.15619947,-1.316435,0.0,0.0,0.0,0.0,0.0,0.0,0.0,0.0,0.29686287,-0.1384481,0.0,0.0,0.0,0.0,0.0,0.0,0.0,0.0,0.0,0.0,0.0,0.0,0.0,0.0,0.0,0.0,0.0,-1.6229231,-0.15540066,-0.20186183,-5.315678,0.0,0.0,0.0,0.0,0.0,0.0,0.0,0.0
1.7505748,0.0,0.007221514,0.0,0.0,0.07304284,0.0,0.0,0.0,0.0,0.0,0.0,0.0,0.0,0.0,0.0,0.23856746,0.0038599444,0.14738955,0.001491507,0.0,0.0,0.0,0.0,0.0,0.0,0.0,0.0,0.06467286,0.0,0.005423653,0.0,0.0,0.0,0.0,0.028020248,0.009567602,-0.11610402,-0.9718683,0.0,0.0,0.0,0.0,0.0,0.0,0.0,0.0,-0.26020104,-0.048740946,0.0,0.0,0.0,0.0,0.0,0.0,0.0,0.0,0.0,0.0,0.0,0.0,0.0,0.0,0.0,0.0,0.0,1.5063707,0.118511975,0.49909496,9.829046,0.0,0.0,0.0,0.0,0.0,0.0,0.0,0.0
-4.5031953,0.0,0.0014946812,0.0,0.0,-0.023257487,0.0,0.0,0.0,0.0,0.0,0.0,0.0,0.0,0.0,0.0,0.22226559,0.0012546185,0.14738955,0.00032037217,0.0,0.0,0.0,0.0,0.0,0.0,0.0,0.0,-0.031050395,0.0,0.0017642535,0.0,0.0,0.0,0.0,0.009465825,-0.10885771,-0.15619947,-1.6748254,0.0,0.0,0.0,0.0,0.0,0.0,0.0,0.0,0.29686287,0.13651976,0.0,0.0,0.0,0.0,0.0,0.0,0.0,0.0,0.0,0.0,0.0,0.0,0.0,0.0,0.0,0.0,0.0,-1.5415614,-0.15540066,-0.20186183,-5.264564,0.0,0.0,0.0,0.0,0.0,0.0,0.0,0.0
-4.883086,0.0,0.0014946812,0.0,0.0,-0.023257487,0.0,0.0,0.0,0.0,0.0,0.0,0.0,0.0,0.0,0.0,0.22088169,0.0012546185,-0.117360875,0.00032037217,0.0,0.0,0.0,0.0,0.0,0.0,0.0,0.0,-0.031050395,0.0,0.0017642535,0.0,0.0,0.0,0.0,-0.028543388,0.003149665,-0.15619947,-1.316435,0.0,0.0,0.0,0.0,0.0,0.0,0.0,0.0,0.29686287,-0.1384481,0.0,0.0,0.0,0.0,0.0,0.0,0.0,0.0,0.0,0.0,0.0,0.0,0.0,0.0,0.0,0.0,0.0,-1.6229231,-0.15540066,-0.20186183,-5.315678,0.0,0.0,0.0,0.0,0.0,0.0,0.0,0.0
1.7505748,0.0,0.007221514,0.0,0.0,-0.01826588,0.0,0.0,0.0,0.0,0.0,0.0,0.0,0.0,0.0,0.0,-0.2165885,0.0038599444,-0.117360875,0.001491507,0.0,0.0,0.0,0.0,0.0,0.0,0.0,0.0,-0.024085382,0.0,0.005423653,0.0,0.0,0.0,0.0,0.028020248,0.009567602,0.23362368,1.7269845,0.0,0.0,0.0,0.0,0.0,0.0,0.0,0.0,-0.26020104,-0.048740946,0.0,0.0,0.0,0.0,0.0,0.0,0.0,0.0,0.0,0.0,0.0,0.0,0.0,0.0,0.0,0.0,0.0,1.3057003,-0.15540066,-0.07689339,9.868058,0.0,0.0,0.0,0.0,0.0,0.0,0.0,0.0
1.7505748,0.0,0.007221514,0.0,0.0,-0.01826588,0.0,0.0,0.0,0.0,0.0,0.0,0.0,0.0,0.0,0.0,-0.2165885,0.0038599444,-0.117360875,0.001491507,0.0,0.0,0.0,0.0,0.0,0.0,0.0,0.0,-0.024085382,0.0,0.005423653,0.0,0.0,0.0,0.0,0.028020248,0.009567602,0.23362368,1.7269845,0.0,0.0,0.0,0.0,0.0,0.0,0.0,0.0,-0.26020104,-0.048740946,0.0,0.0,0.0,0.0,0.0,0.0,0.0,0.0,0.0,0.0,0.0,0.0,0.0,0.0,0.0,0.0,0.0,1.3057003,-0.15540066,-0.07689339,9.868058,0.0,0.0,0.0,0.0,0.0,0.0,0.0,0.0
1.7505748,0.0,0.007221514,0.0,0.0,0.07304284,0.0,0.0,0.0,0.0,0.0,0.0,0.0,0.0,0.0,0.0,0.23856746,0.0038599444,0.14738955,0.001491507,0.0,0.0,0.0,0.0,0.0,0.0,0.0,0.0,-0.11050473,0.0,0.005423653,0.0,0.0,0.0,0.0,0.028020248,0.009567602,-0.20659481,-0.9718683,0.0,0.0,0.0,0.0,0.0,0.0,0.0,0.0,-0.26020104,-0.048740946,0.0,0.0,0.0,0.0,0.0,0.0,0.0,0.0,0.0,0.0,0.0,0.0,0.0,0.0,0.0,0.0,0.0,1.5063707,0.118511975,0.49909496,9.771679,0.0,0.0,0.0,0.0,0.0,0.0,0.0,0.0
-4.883086,0.0,0.0014946812,0.0,0.0,-0.023257487,0.0,0.0,0.0,0.0,0.0,0.0,0.0,0.0,0.0,0.0,0.22088169,0.0012546185,-0.117360875,0.00032037217,0.0,0.0,0.0,0.0,0.0,0.0,0.0,0.0,-0.031050395,0.0,0.0017642535,0.0,0.0,0.0,0.0,-0.028543388,0.003149665,-0.08992548,-1.316435,0.0,0.0,0.0,0.0,0.0,0.0,0.0,0.0,0.29686287,-0.1384481,0.0,0.0,0.0,0.0,0.0,0.0,0.0,0.0,0.0,0.0,0.0,0.0,0.0,0.0,0.0,0.0,0.0,-1.6229231,-0.15540066,-0.20186183,-5.315678,0.0,0.0,0.0,0.0,0.0,0.0,0.0,0.0
-3.7039962,0.0,-1.6271869,0.0,0.0,-0.023257487,0.0,0.0,0.0,0.0,0.0,0.0,0.0,0.0,0.0,0.0,0.105810985,-0.089379326,0.14738955,0.00032037217,0.0,0.0,0.0,0.0,0.0,0.0,0.0,0.0,-0.031050395,0.0,-0.11993132,0.0,0.0,0.0,0.0,0.0060807792,0.003149665,-0.40990752,-1.6748254,0.0,0.0,0.0,0.0,0.0,0.0,0.0,0.0,-0.26020104,-0.1384481,0.0,0.0,0.0,0.0,0.0,0.0,0.0,0.0,0.0,0.0,0.0,0.0,0.0,0.0,0.0,0.0,0.0,-1.6229231,0.118511975,-0.20186183,-3.894938,0.0,0.0,0.0,0.0,0.0,0.0,0.0,0.0
1.6226876,0.0,0.007221514,0.0,0.0,-0.01826588,0.0,0.0,0.0,0.0,0.0,0.0,0.0,0.0,0.0,0.0,-0.2232073,0.0038599444,-0.117360875,0.001491507,0.0,0.0,0.0,0.0,0.0,0.0,0.0,0.0,-0.024085382,0.0,0.005423653,0.0,0.0,0.0,0.0,-0.08449265,0.009567602,0.23362368,1.9590354,0.0,0.0,0.0,0.0,0.0,0.0,0.0,0.0,0.29686287,0.13651976,0.0,0.0,0.0,0.0,0.0,0.0,0.0,0.0,0.0,0.0,0.0,0.0,0.0,0.0,0.0,0.0,0.0,-1.5177667,0.118511975,-0.07689339,9.868058,0.0,0.0,0.0,0.0,0.0,0.0,0.0,0.0
-4.5061283,0.0,0.0014946812,0.0,0.0,-0.023257487,0.0,0.0,0.0,0.0,0.0,0.0,0.0,0.0,0.0,0.0,0.11801937,-0.10930079,-0.117360875,0.00032037217,0.0,0.0,0.0,0.0,0.0,0.0,0.0,0.0,-0.031050395,0.0,0.0011707973,0.0,0.0,0.0,0.0,-0.018336069,0.003149665,-0.45053715,-1.6748254,0.0,0.0,0.0,0.0,0.0,0.0,0.0,0.0,0.29686287,-0.1384481,0.0,0.0,0.0,0.0,0.0,0.0,0.0,0.0,0.0,0.0,0.0,0.0,0.0,0.0,0.0,0.0,0.0,-1.6229231,-0.15540066,-0.20186183,-4.7698293,0.0,0.0,0.0,0.0,0.0,0.0,0.0,0.0
-3.6424062,0.0,-1.6271869,0.0,0.0,-0.023257487,0.0,0.0,0.0,0.0,0.0,0.0,0.0,0.0,0.0,0.0,0.105810985,-0.089379326,0.14738955,-0.12285965,0.0,0.0,0.0,0.0,0.0,0.0,0.0,0.0,-0.031050395,0.0,-0.11993132,0.0,0.0,0.0,0.0,0.0060807792,0.003149665,-0.40990752,-1.6748254,0.0,0.0,0.0,0.0,0.0,0.0,0.0,0.0,0.29686287,0.13651976,0.0,0.0,0.0,0.0,0.0,0.0,0.0,0.0,0.0,0.0,0.0,0.0,0.0,0.0,0.0,0.0,0.0,-1.5415614,-0.15540066,-0.20186183,-3.833348,0.0,0.0,0.0,0.0,0.0,0.0,0.0,0.0
-3.6424062,0.0,-1.6271869,0.0,0.0,-0.023257487,0.0,0.0,0.0,0.0,0.0,0.0,0.0,0.0,0.0,0.0,0.105810985,-0.089379326,0.14738955,-0.12285965,0.0,0.0,0.0,0.0,0.0,0.0,0.0,0.0,0.018172232,0.0,-0.11993132,0.0,0.0,0.0,0.0,0.0060807792,0.003149665,-0.3905421,-1.6748254,0.0,0.0,0.0,0.0,0.0,0.0,0.0,0.0,-0.26020104,-0.1384481,0.0,0.0,0.0,0.0,0.0,0.0,0.0,0.0,0.0,0.0,0.0,0.0,0.0,0.0,0.0,0.0,0.0,-1.6229231,-0.15540066,-0.20186183,-3.901936,0.0,0.0,0.0,0.0,0.0,0.0,0.0,0.0
-4.6152024,0.0,0.0014946812,0.0,0.0,-0.023257487,0.0,0.0,0.0,0.0,0.0,0.0,0.0,0.0,0.0,0.0,0.22226559,0.0012546185,0.14738955,0.00032037217,0.0,0.0,0.0,0.0,0.0,0.0,0.0,0.0,-0.031050395,0.0,0.0017642535,0.0,0.0,0.0,0.0,0.009465825,0.003149665,-0.08992548,-1.6748254,0.0,0.0,0.0,0.0,0.0,0.0,0.0,0.0,-0.26020104,-0.1384481,0.0,0.0,0.0,0.0,0.0,0.0,0.0,0.0,0.0,0.0,0.0,0.0,0.0,0.0,0.0,0.0,0.0,-1.6229231,0.118511975,-0.20186183,-5.264564,0.0,0.0,0.0,0.0,0.0,0.0,0.0,0.0
-4.883086,0.0,0.0014946812,0.0,0.0,-0.023257487,0.0,0.0,0.0,0.0,0.0,0.0,0.0,0.0,0.0,0.0,0.22088169,0.0012546185,-0.117360875,0.00032037217,0.0,0.0,0.0,0.0,0.0,0.0,0.0,0.0,-0.031050395,0.0,0.0017642535,0.0,0.0,0.0,0.0,-0.028543388,0.003149665,-0.15619947,-1.316435,0.0,0.0,0.0,0.0,0.0,0.0,0.0,0.0,0.29686287,-0.1384481,0.0,0.0,0.0,0.0,0.0,0.0,0.0,0.0,0.0,0.0,0.0,0.0,0.0,0.0,0.0,0.0,0.0,-1.6229231,-0.15540066,-0.20186183,-5.315678,0.0,0.0,0.0,0.0,0.0,0.0,0.0,0.0
-4.5031953,0.0,0.0014946812,0.0,0.0,-0.023257487,0.0,0.0,0.0,0.0,0.0,0.0,0.0,0.0,0.0,0.0,0.22226559,0.0012546185,0.14738955,0.00032037217,0.0,0.0,0.0,0.0,0.0,0.0,0.0,0.0,-0.031050395,0.0,0.0017642535,0.0,0.0,0.0,0.0,0.009465825,-0.10885771,-0.15619947,-1.6748254,0.0,0.0,0.0,0.0,0.0,0.0,0.0,0.0,0.29686287,0.13651976,0.0,0.0,0.0,0.0,0.0,0.0,0.0,0.0,0.0,0.0,0.0,0.0,0.0,0.0,0.0,0.0,0.0,-1.5415614,-0.15540066,-0.20186183,-5.264564,0.0,0.0,0.0,0.0,0.0,0.0,0.0,0.0
-3.6424062,0.0,-1.6271869,0.0,0.0,-0.023257487,0.0,0.0,0.0,0.0,0.0,0.0,0.0,0.0,0.0,0.0,0.105810985,-0.089379326,0.14738955,-0.12285965,0.0,0.0,0.0,0.0,0.0,0.0,0.0,0.0,0.018172232,0.0,-0.11993132,0.0,0.0,0.0,0.0,0.0060807792,0.003149665,-0.3905421,-1.6748254,0.0,0.0,0.0,0.0,0.0,0.0,0.0,0.0,-0.26020104,-0.1384481,0.0,0.0,0.0,0.0,0.0,0.0,0.0,0.0,0.0,0.0,0.0,0.0,0.0,0.0,0.0,0.0,0.0,-1.6229231,0.118511975,-0.20186183,-3.901936,0.0,0.0,0.0,0.0,0.0,0.0,0.0,0.0
-3.6424062,0.0,-1.6271869,0.0,0.0,-0.023257487,0.0,0.0,0.0,0.0,0.0,0.0,0.0,0.0,0.0,0.0,0.105810985,-0.089379326,0.14738955,-0.12285965,0.0,0.0,0.0,0.0,0.0,0.0,0.0,0.0,0.018172232,0.0,-0.11993132,0.0,0.0,0.0,0.0,0.0060807792,0.003149665,-0.3905421,-1.6748254,0.0,0.0,0.0,0.0,0.0,0.0,0.0,0.0,-0.26020104,-0.1384481,0.0,0.0,0.0,0.0,0.0,0.0,0.0,0.0,0.0,0.0,0.0,0.0,0.0,0.0,0.0,0.0,0.0,-1.6229231,-0.15540066,-0.20186183,-3.901936,0.0,0.0,0.0,0.0,0.0,0.0,0.0,0.0
1.7505748,0.0,0.007221514,0.0,0.0,-0.01826588,0.0,0.0,0.0,0.0,0.0,0.0,0.0,0.0,0.0,0.0,-0.2165885,0.0038599444,-0.117360875,0.001491507,0.0,0.0,0.0,0.0,0.0,0.0,0.0,0.0,-0.024085382,0.0,0.005423653,0.0,0.0,0.0,0.0,0.028020248,0.009567602,0.23362368,1.7269845,0.0,0.0,0.0,0.0,0.0,0.0,0.0,0.0,-0.26020104,-0.048740946,0.0,0.0,0.0,0.0,0.0,0.0,0.0,0.0,0.0,0.0,0.0,0.0,0.0,0.0,0.0,0.0,0.0,1.3057003,-0.15540066,-0.07689339,9.868058,0.0,0.0,0.0,0.0,0.0,0.0,0.0,0.0
1.7505748,0.0,0.007221514,0.0,0.0,0.07304284,0.0,0.0,0.0,0.0,0.0,0.0,0.0,0.0,0.0,0.0,0.23856746,0.0038599444,0.14738955,0.001491507,0.0,0.0,0.0,0.0,0.0,0.0,0.0,0.0,-0.11050473,0.0,0.005423653,0.0,0.0,0.0,0.0,0.028020248,0.009567602,-0.20659481,-0.9718683,0.0,0.0,0.0,0.0,0.0,0.0,0.0,0.0,-0.26020104,-0.048740946,0.0,0.0,0.0,0.0,0.0,0.0,0.0,0.0,0.0,0.0,0.0,0.0,0.0,0.0,0.0,0.0,0.0,1.5063707,0.118511975,0.49909496,9.771679,0.0,0.0,0.0,0.0,0.0,0.0,0.0,0.0
1.7505748,0.0,0.007221514,0.0,0.0,-0.01826588,0.0,0.0,0.0,0.0,0.0,0.0,0.0,0.0,0.0,0.0,-0.2165885,0.0038599444,-0.117360875,0.001491507,0.0,0.0,0.0,0.0,0.0,0.0,0.0,0.0,-0.024085382,0.0,0.005423653,0.0,0.0,0.0,0.0,0.028020248,0.009567602,0.23362368,1.7269845,0.0,0.0,0.0,0.0,0.0,0.0,0.0,0.0,-0.26020104,-0.048740946,0.0,0.0,0.0,0.0,0.0,0.0,0.0,0.0,0.0,0.0,0.0,0.0,0.0,0.0,0.0,0.0,0.0,1.3057003,-0.15540066,-0.07689339,9.868058,0.0,0.0,0.0,0.0,0.0,0.0,0.0,0.0
1.7505748,0.0,0.007221514,0.0,0.0,-0.07818855,0.0,0.0,0.0,0.0,0.0,0.0,0.0,0.0,0.0,0.0,0.23856746,0.0038599444,0.14738955,0.001491507,0.0,0.0,0.0,0.0,0.0,0.0,0.0,0.0,0.06467286,0.0,0.005423653,0.0,0.0,0.0,0.0,0.028020248,0.009567602,-0.18978627,-0.9718683,0.0,0.0,0.0,0.0,0.0,0.0,0.0,0.0,-0.26020104,-0.048740946,0.0,0.0,0.0,0.0,0.0,0.0,0.0,0.0,0.0,0.0,0.0,0.0,0.0,0.0,0.0,0.0,0.0,1.5063707,0.118511975,0.49909496,9.784328,0.0,0.0,0.0,0.0,0.0,0.0,0.0,0.0
-3.6424062,0.0,-1.6271869,0.0,0.0,-0.023257487,0.0,0.0,0.0,0.0,0.0,0.0,0.0,0.0,0.0,0.0,0.105810985,-0.089379326,0.14738955,-0.12285965,0.0,0.0,0.0,0.0,0.0,0.0,0.0,0.0,0.018172232,0.0,-0.11993132,0.0,0.0,0.0,0.0,0.0060807792,0.003149665,-0.3905421,-1.6748254,0.0,0.0,0.0,0.0,0.0,0.0,0.0,0.0,-0.26020104,-0.1384481,0.0,0.0,0.0,0.0,0.0,0.0,0.0,0.0,0.0,0.0,0.0,0.0,0.0,0.0,0.0,0.0,0.0,-1.6229231,0.118511975,-0.20186183,-3.901936,0.0,0.0,0.0,0.0,0.0,0.0,0.0,0.0
-4.883086,0.0,0.0014946812,0.0,0.0,-0.023257487,0.0,0.0,0.0,0.0,0.0,0.0,0.0,0.0,0.0,0.0,0.22088169,0.0012546185,-0.117360875,0.00032037217,0.0,0.0,0.0,0.0,0.0,0.0,0.0,0.0,-0.031050395,0.0,0.0017642535,0.0,0.0,0.0,0.0,-0.028543388,0.003149665,-0.15619947,-1.316435,0.0,0.0,0.0,0.0,0.0,0.0,0.0,0.0,0.29686287,-0.1384481,0.0,0.0,0.0,0.0,0.0,0.0,0.0,0.0,0.0,0.0,0.0,0.0,0.0,0.0,0.0,0.0,0.0,-1.6229231,-0.15540066,-0.20186183,-5.315678,0.0,0.0,0.0,0.0,0.0,0.0,0.0,0.0
-4.5031953,0.0,0.0014946812,0.0,0.0,-0.023257487,0.0,0.0,0.0,0.0,0.0,0.0,0.0,0.0,0.0,0.0,0.22226559,0.0012546185,-0.117360875,0.00032037217,0.0,0.0,0.0,0.0,0.0,0.0,0.0,0.0,-0.031050395,0.0,0.0017642535,0.0,0.0,0.0,0.0,0.009465825,-0.10885771,-0.15619947,-1.6748254,0.0,0.0,0.0,0.0,0.0,0.0,0.0,0.0,0.29686287,0.13651976,0.0,0.0,0.0,0.0,0.0,0.0,0.0,0.0,0.0,0.0,0.0,0.0,0.0,0.0,0.0,0.0,0.0,-1.5415614,-0.15540066,-0.20186183,-5.264564,0.0,0.0,0.0,0.0,0.0,0.0,0.0,0.0
-4.5031953,0.0,0.0014946812,0.0,0.0,-0.023257487,0.0,0.0,0.0,0.0,0.0,0.0,0.0,0.0,0.0,0.0,0.22226559,0.0012546185,-0.117360875,0.00032037217,0.0,0.0,0.0,0.0,0.0,0.0,0.0,0.0,-0.031050395,0.0,0.0017642535,0.0,0.0,0.0,0.0,0.009465825,-0.10885771,-0.15619947,-1.6748254,0.0,0.0,0.0,0.0,0.0,0.0,0.0,0.0,0.29686287,0.13651976,0.0,0.0,0.0,0.0,0.0,0.0,0.0,0.0,0.0,0.0,0.0,0.0,0.0,0.0,0.0,0.0,0.0,-1.5415614,-0.15540066,-0.20186183,-5.264564,0.0,0.0,0.0,0.0,0.0,0.0,0.0,0.0
1.7505748,0.0,0.007221514,0.0,0.0,0.07304284,0.0,0.0,0.0,0.0,0.0,0.0,0.0,0.0,0.0,0.0,0.23856746,0.0038599444,0.14738955,0.001491507,0.0,0.0,0.0,0.0,0.0,0.0,0.0,0.0,-0.11050473,0.0,0.005423653,0.0,0.0,0.0,0.0,0.028020248,0.009567602,-0.20659481,-0.9718683,0.0,0.0,0.0,0.0,0.0,0.0,0.0,0.0,-0.26020104,-0.048740946,0.0,0.0,0.0,0.0,0.0,0.0,0.0,0.0,0.0,0.0,0.0,0.0,0.0,0.0,0.0,0.0,0.0,1.5063707,0.118511975,0.49909496,9.771679,0.0,0.0,0.0,0.0,0.0,0.0,0.0,0.0
1.7505748,0.0,0.007221514,0.0,0.0,-0.01826588,0.0,0.0,0.0,0.0,0.0,0.0,0.0,0.0,0.0,0.0,-0.2165885,0.0038599444,-0.117360875,0.001491507,0.0,0.0,0.0,0.0,0.0,0.0,0.0,0.0,-0.024085382,0.0,0.005423653,0.0,0.0,0.0,0.0,0.028020248,0.009567602,0.23362368,1.7269845,0.0,0.0,0.0,0.0,0.0,0.0,0.0,0.0,-0.26020104,-0.048740946,0.0,0.0,0.0,0.0,0.0,0.0,0.0,0.0,0.0,0.0,0.0,0.0,0.0,0.0,0.0,0.0,0.0,1.3057003,-0.15540066,-0.07689339,9.868058,0.0,0.0,0.0,0.0,0.0,0.0,0.0,0.0
-3.6424062,0.0,-1.6271869,0.0,0.0,0.02172687,0.0,0.0,0.0,0.0,0.0,0.0,0.0,0.0,0.0,0.0,0.105810985,-0.10930079,0.14738955,-0.12285965,0.0,0.0,0.0,0.0,0.0,0.0,0.0,0.0,0.018172232,0.0,0.0011707973,0.0,0.0,0.0,0.0,0.0060807792,0.003149665,-0.41462713,-1.6748254,0.0,0.0,0.0,0.0,0.0,0.0,0.0,0.0,-0.26020104,-0.1384481,0.0,0.0,0.0,0.0,0.0,0.0,0.0,0.0,0.0,0.0,0.0,0.0,0.0,0.0,0.0,0.0,0.0,-1.6229231,0.118511975,-0.20186183,-4.0240164,0.0,0.0,0.0,0.0,0.0,0.0,0.0,0.0
-3.6424062,0.0,-1.6271869,0.0,0.0,-0.023257487,0.0,0.0,0.0,0.0,0.0,0.0,0.0,0.0,0.0,0.0,0.105810985,-0.089379326,0.14738955,-0.12285965,0.0,0.0,0.0,0.0,0.0,0.0,0.0,0.0,-0.031050395,0.0,-0.11993132,0.0,0.0,0.0,0.0,0.0060807792,0.003149665,-0.40990752,-1.6748254,0.0,0.0,0.0,0.0,0.0,0.0,0.0,0.0,-0.26020104,-0.1384481,0.0,0.0,0.0,0.0,0.0,0.0,0.0,0.0,0.0,0.0,0.0,0.0,0.0,0.0,0.0,0.0,0.0,-1.6229231,-0.15540066,-0.20186183,-3.833348,0.0,0.0,0.0,0.0,0.0,0.0,0.0,0.0
1.6226876,0.0,0.007221514,0.0,0.0,-0.01826588,0.0,0.0,0.0,0.0,0.0,0.0,0.0,0.0,0.0,0.0,-0.2232073,0.0038599444,-0.117360875,0.001491507,0.0,0.0,0.0,0.0,0.0,0.0,0.0,0.0,-0.024085382,0.0,0.005423653,0.0,0.0,0.0,0.0,-0.08449265,0.009567602,0.23362368,1.9590354,0.0,0.0,0.0,0.0,0.0,0.0,0.0,0.0,0.29686287,0.13651976,0.0,0.0,0.0,0.0,0.0,0.0,0.0,0.0,0.0,0.0,0.0,0.0,0.0,0.0,0.0,0.0,0.0,-1.5177667,0.118511975,-0.07689339,9.868058,0.0,0.0,0.0,0.0,0.0,0.0,0.0,0.0
-3.6424062,0.0,-1.6271869,0.0,0.0,-0.023257487,0.0,0.0,0.0,0.0,0.0,0.0,0.0,0.0,0.0,0.0,0.105810985,-0.089379326,0.14738955,-0.12285965,0.0,0.0,0.0,0.0,0.0,0.0,0.0,0.0,0.018172232,0.0,-0.11993132,0.0,0.0,0.0,0.0,0.0060807792,0.003149665,-0.3905421,-1.6748254,0.0,0.0,0.0,0.0,0.0,0.0,0.0,0.0,-0.26020104,-0.1384481,0.0,0.0,0.0,0.0,0.0,0.0,0.0,0.0,0.0,0.0,0.0,0.0,0.0,0.0,0.0,0.0,0.0,-1.6229231,0.118511975,-0.20186183,-3.901936,0.0,0.0,0.0,0.0,0.0,0.0,0.0,0.0
-4.922479,0.0,0.0014946812,0.0,0.0,-0.023257487,0.0,0.0,0.0,0.0,0.0,0.0,0.0,0.0,0.0,0.0,0.22226559,0.0012546185,0.14738955,0.00032037217,0.0,0.0,0.0,0.0,0.0,0.0,0.0,0.0,-0.031050395,0.0,0.0017642535,0.0,0.0,0.0,0.0,0.009465825,0.003149665,-0.15619947,-1.316435,0.0,0.0,0.0,0.0,0.0,0.0,0.0,0.0,-0.26020104,-0.1384481,0.0,0.0,0.0,0.0,0.0,0.0,0.0,0.0,0.0,0.0,0.0,0.0,0.0,0.0,0.0,0.0,0.0,-1.6229231,-0.15540066,-0.20186183,-5.315678,0.0,0.0,0.0,0.0,0.0,0.0,0.0,0.0
-4.883086,0.0,0.0014946812,0.0,0.0,-0.023257487,0.0,0.0,0.0,0.0,0.0,0.0,0.0,0.0,0.0,0.0,0.22088169,0.0012546185,-0.117360875,0.00032037217,0.0,0.0,0.0,0.0,0.0,0.0,0.0,0.0,-0.031050395,0.0,0.0017642535,0.0,0.0,0.0,0.0,-0.028543388,0.003149665,-0.15619947,-1.316435,0.0,0.0,0.0,0.0,0.0,0.0,0.0,0.0,0.29686287,-0.1384481,0.0,0.0,0.0,0.0,0.0,0.0,0.0,0.0,0.0,0.0,0.0,0.0,0.0,0.0,0.0,0.0,0.0,-1.6229231,-0.15540066,-0.20186183,-5.315678,0.0,0.0,0.0,0.0,0.0,0.0,0.0,0.0
1.6226876,0.0,0.007221514,0.0,0.0,-0.01826588,0.0,0.0,0.0,0.0,0.0,0.0,0.0,0.0,0.0,0.0,-0.2232073,0.0038599444,-0.117360875,0.001491507,0.0,0.0,0.0,0.0,0.0,0.0,0.0,0.0,-0.024085382,0.0,0.005423653,0.0,0.0,0.0,0.0,-0.08449265,0.009567602,0.23362368,1.9590354,0.0,0.0,0.0,0.0,0.0,0.0,0.0,0.0,0.29686287,0.13651976,0.0,0.0,0.0,0.0,0.0,0.0,0.0,0.0,0.0,0.0,0.0,0.0,0.0,0.0,0.0,0.0,0.0,-1.5177667,0.118511975,-0.07689339,9.868058,0.0,0.0,0.0,0.0,0.0,0.0,0.0,0.0
-4.5061283,0.0,0.0014946812,0.0,0.0,-0.023257487,0.0,0.0,0.0,0.0,0.0,0.0,0.0,0.0,0.0,0.0,0.11801937,-0.089379326,0.14738955,0.00032037217,0.0,0.0,0.0,0.0,0.0,0.0,0.0,0.0,-0.031050395,0.0,-0.07536918,0.0,0.0,0.0,0.0,-0.018336069,0.003149665,-0.43218863,-1.6748254,0.0,0.0,0.0,0.0,0.0,0.0,0.0,0.0,0.29686287,-0.1384481,0.0,0.0,0.0,0.0,0.0,0.0,0.0,0.0,0.0,0.0,0.0,0.0,0.0,0.0,0.0,0.0,0.0,-1.6229231,-0.15540066,-0.20186183,-4.7315593,0.0,0.0,0.0,0.0,0.0,0.0,0.0,0.0
-3.949683,0.0,-1.6271869,0.0,0.0,0.02172687,0.0,0.0,0.0,0.0,0.0,0.0,0.0,0.0,0.0,0.0,0.105810985,0.0012546185,0.14738955,-0.12285965,0.0,0.0,0.0,0.0,0.0,0.0,0.0,0.0,0.018172232,0.0,0.0013591386,0.0,0.0,0.0,0.0,0.0060807792,0.003149665,-0.41462713,-1.1496017,0.0,0.0,0.0,0.0,0.0,0.0,0.0,0.0,0.29686287,0.13651976,0.0,0.0,0.0,0.0,0.0,0.0,0.0,0.0,0.0,0.0,0.0,0.0,0.0,0.0,0.0,0.0,0.0,-1.5415614,0.118511975,0.49909496,-4.1858735,0.0,0.0,0.0,0.0,0.0,0.0,0.0,0.0
-4.883086,0.0,0.0014946812,0.0,0.0,-0.023257487,0.0,0.0,0.0,0.0,0.0,0.0,0.0,0.0,0.0,0.0,0.22088169,0.0012546185,-0.117360875,0.00032037217,0.0,0.0,0.0,0.0,0.0,0.0,0.0,0.0,-0.031050395,0.0,0.0017642535,0.0,0.0,0.0,0.0,-0.028543388,0.003149665,-0.08992548,-1.316435,0.0,0.0,0.0,0.0,0.0,0.0,0.0,0.0,0.29686287,-0.1384481,0.0,0.0,0.0,0.0,0.0,0.0,0.0,0.0,0.0,0.0,0.0,0.0,0.0,0.0,0.0,0.0,0.0,-1.6229231,-0.15540066,-0.20186183,-5.315678,0.0,0.0,0.0,0.0,0.0,0.0,0.0,0.0
-4.5031953,0.0,0.0014946812,0.0,0.0,-0.023257487,0.0,0.0,0.0,0.0,0.0,0.0,0.0,0.0,0.0,0.0,0.22226559,0.0012546185,0.14738955,0.00032037217,0.0,0.0,0.0,0.0,0.0,0.0,0.0,0.0,-0.031050395,0.0,0.0017642535,0.0,0.0,0.0,0.0,0.009465825,-0.10885771,-0.15619947,-1.6748254,0.0,0.0,0.0,0.0,0.0,0.0,0.0,0.0,0.29686287,0.13651976,0.0,0.0,0.0,0.0,0.0,0.0,0.0,0.0,0.0,0.0,0.0,0.0,0.0,0.0,0.0,0.0,0.0,-1.5415614,-0.15540066,-0.20186183,-5.264564,0.0,0.0,0.0,0.0,0.0,0.0,0.0,0.0
-3.6424062,0.0,-1.6271869,0.0,0.0,-0.023257487,0.0,0.0,0.0,0.0,0.0,0.0,0.0,0.0,0.0,0.0,0.105810985,-0.10930079,0.14738955,-0.12285965,0.0,0.0,0.0,0.0,0.0,0.0,0.0,0.0,-0.031050395,0.0,0.0011707973,0.0,0.0,0.0,0.0,0.0060807792,0.003149665,-0.45053715,-1.6748254,0.0,0.0,0.0,0.0,0.0,0.0,0.0,0.0,-0.26020104,-0.1384481,0.0,0.0,0.0,0.0,0.0,0.0,0.0,0.0,0.0,0.0,0.0,0.0,0.0,0.0,0.0,0.0,0.0,-1.6229231,0.118511975,-0.20186183,-3.8938994,0.0,0.0,0.0,0.0,0.0,0.0,0.0,0.0
-4.883086,0.0,0.0014946812,0.0,0.0,-0.023257487,0.0,0.0,0.0,0.0,0.0,0.0,0.0,0.0,0.0,0.0,0.22088169,0.0012546185,-0.117360875,0.00032037217,0.0,0.0,0.0,0.0,0.0,0.0,0.0,0.0,-0.031050395,0.0,0.0017642535,0.0,0.0,0.0,0.0,-0.028543388,0.003149665,-0.15619947,-1.316435,0.0,0.0,0.0,0.0,0.0,0.0,0.0,0.0,0.29686287,-0.1384481,0.0,0.0,0.0,0.0,0.0,0.0,0.0,0.0,0.0,0.0,0.0,0.0,0.0,0.0,0.0,0.0,0.0,-1.6229231,-0.15540066,-0.20186183,-5.315678,0.0,0.0,0.0,0.0,0.0,0.0,0.0,0.0
1.168005,0.0,-2.444837,0.0,0.0,-0.023257487,0.0,0.0,0.0,0.0,0.0,0.0,0.0,0.0,0.0,0.0,0.015672505,-0.10930079,0.14738955,-0.18466517,0.0,0.0,0.0,0.0,0.0,0.0,0.0,0.0,-0.031050395,0.0,0.0011707973,0.0,0.0,0.0,0.0,-0.035675433,-0.3306724,-0.45053715,-2.205464,0.0,0.0,0.0,0.0,0.0,0.0,0.0,0.0,0.29686287,-0.1384481,0.0,0.0,0.0,0.0,0.0,0.0,0.0,0.0,0.0,0.0,0.0,0.0,0.0,0.0,0.0,0.0,0.0,-1.7770548,-0.15540066,-0.20186183,-5.1932445,0.0,0.0,0.0,0.0,0.0,0.0,0.0,0.0
-3.6424062,0.0,-1.6271869,0.0,0.0,-0.023257487,0.0,0.0,0.0,0.0,0.0,0.0,0.0,0.0,0.0,0.0,0.105810985,-0.089379326,0.14738955,-0.12285965,0.0,0.0,0.0,0.0,0.0,0.0,0.0,0.0,0.018172232,0.0,-0.11993132,0.0,0.0,0.0,0.0,0.0060807792,0.003149665,-0.3905421,-1.6748254,0.0,0.0,0.0,0.0,0.0,0.0,0.0,0.0,-0.26020104,-0.1384481,0.0,0.0,0.0,0.0,0.0,0.0,0.0,0.0,0.0,0.0,0.0,0.0,0.0,0.0,0.0,0.0,0.0,-1.6229231,0.118511975,-0.20186183,-3.901936,0.0,0.0,0.0,0.0,0.0,0.0,0.0,0.0
