,dst_port,protocol,flow_duration,tot_fwd_pkts,tot_bwd_pkts,totlen_fwd_pkts,totlen_bwd_pkts,fwd_pkt_len_max,fwd_pkt_len_min,fwd_pkt_len_mean,fwd_pkt_len_std,bwd_pkt_len_max,bwd_pkt_len_min,bwd_pkt_len_mean,bwd_pkt_len_std,flow_byts/s,flow_pkts/s,flow_iat_mean,flow_iat_std,flow_iat_max,flow_iat_min,fwd_iat_tot,fwd_iat_mean,fwd_iat_std,fwd_iat_max,fwd_iat_min,bwd_iat_tot,bwd_iat_mean,bwd_iat_std,bwd_iat_max,bwd_iat_min,fwd_psh_flags,bwd_psh_flags,fwd_urg_flags,bwd_urg_flags,fwd_header_len,bwd_header_len,fwd_pkts/s,bwd_pkts/s,pkt_len_min,pkt_len_max,pkt_len_mean,pkt_len_std,pkt_len_var,fin_flag_cnt,syn_flag_cnt,rst_flag_cnt,psh_flag_cnt,ack_flag_cnt,urg_flag_cnt,cwe_flag_count,ece_flag_cnt,down/up_ratio,pkt_size_avg,fwd_seg_size_avg,bwd_seg_size_avg,fwd_byts/b_avg,fwd_pkts/b_avg,fwd_blk_rate_avg,bwd_byts/b_avg,bwd_pkts/b_avg,bwd_blk_rate_avg,subflow_fwd_pkts,subflow_fwd_byts,subflow_bwd_pkts,subflow_bwd_byts,init_fwd_win_byts,init_bwd_win_byts,fwd_act_data_pkts,fwd_seg_size_min,active_mean,active_std,active_max,active_min,idle_mean,idle_std,idle_max,idle_min
183532,0.00033570872690095066,0.3529411764705882,0.9998698314886413,0.004251012145748988,0.00240174672489083,0.00023185561075446886,0.00019976738530953374,0.009931719428926133,0.0,0.008072145040904297,0.008762855224543722,0.6684931506849315,0.0,0.08302247316464642,0.2737832352974904,2.9217451575042335e-05,3.072814522521435e-05,0.9996480268467357,6.362088896769196e-08,0.1399539124619586,0.9998728725335513,0.9998698315354103,0.9996480524286725,8.748817996615023e-08,0.1399539124619586,0.999872872783635,0.002983277301323766,0.00015318643635780745,0.0005618291288116828,0.001621864894761014,6.290479290398709e-08,0.0,0.0,0.0,0.0,0.004984039872318979,0.0038862083269654824,1.5363943896475e-05,3.072788779295e-05,0.0,0.015145872129112354,0.041048844818836444,0.023125076332472176,0.0005347691553824363,0.0,0.0,0.0,1.0,0.0,0.0,0.0,0.0,0.01282051282051282,0.04196478331934693,0.008072145040904297,0.08302247316464642,0.0,0.0,0.0,0.0,0.0,0.0,0.004251012145748988,0.00023185561075446886,0.00240174672489083,0.00019976738530953374,0.41021728515625,0.0035247802734375,0.015518913676042677,0.8,0.0,0.0,0.0,0.0,0.0,0.0,0.0,0.0
375089,0.00033570872690095066,0.3529411764705882,0.9998694420153236,0.0,0.0001091703056768559,0.0,0.0,0.0,0.0,0.0,0.0,0.0,0.0,0.0,0.0,0.0,0.1250000002252602,0.9996480024317487,0.0,0.1399537753531147,0.9998728725335513,0.9998694421197557,0.9996480024200123,0.0,0.13995377534960354,0.9998728725293126,0.0,0.0,0.0,0.0,0.0,0.0,0.0,0.0,0.0,0.00022400179201433613,0.00017466104840294303,0.0625,0.125,0.0,0.0,0.0,0.0,0.0,0.0,0.0,0.0,0.0,1.0,1.0,0.0,0.0,0.01282051282051282,0.0,0.0,0.0,0.0,0.0,0.0,0.0,0.0,0.0,0.0,0.0,0.0001091703056768559,0.0,0.003692626953125,0.0035247802734375,0.0,0.8,0.0,0.0,0.0,0.0,0.0,0.0,0.0,0.0
448768,0.0012207590069125479,0.3529411764705882,0.9998694421991928,0.00020242914979757084,0.0,0.0,0.0,0.0,0.0,0.0,0.0,0.0,0.0,0.0,0.0,0.0,0.0028901736671007785,0.9996480029276101,0.0,0.13995377550146196,0.9998728727126367,0.9998694423079769,0.9996480029276101,0.0,0.13995377550146196,0.9998728727126367,0.0,0.0,0.0,0.0,0.0,0.0,0.0,0.0,0.0,0.00028000224001792015,0.0,0.002890173410404625,0.0,0.0,0.0,0.0,0.0,0.0,0.0,0.0,0.0,0.0,1.0,0.0,0.0,0.0,0.0,0.0,0.0,0.0,0.0,0.0,0.0,0.0,0.0,0.0,0.00020242914979757084,0.0,0.0,0.0,0.0042724609375,0.0,0.0,0.5,0.0,0.0,0.0,0.0,0.0,0.0,0.0,0.0
133419,0.0003204492393145438,0.3529411764705882,0.9998694420120596,0.0,0.0001091703056768559,0.0,0.0,0.0,0.0,0.0,0.0,0.0,0.0,0.0,0.0,0.0,0.5000000001287201,0.9996480024229464,0.0,0.13995377535048134,0.9998728725303723,0.9998694421197557,0.9996480024200123,0.0,0.13995377534960354,0.9998728725293126,0.0,0.0,0.0,0.0,0.0,0.0,0.0,0.0,0.0,0.00028000224001792015,0.00010916315525183939,0.25,0.5,0.0,0.0,0.0,0.0,0.0,0.0,0.0,0.0,1.0,0.0,0.0,0.0,0.0,0.01282051282051282,0.0,0.0,0.0,0.0,0.0,0.0,0.0,0.0,0.0,0.0,0.0,0.0001091703056768559,0.0,0.41021728515625,1.52587890625e-05,0.0,1.0,0.0,0.0,0.0,0.0,0.0,0.0,0.0,0.0
844639,0.0012207590069125479,0.3529411764705882,0.999869442118682,0.00020242914979757084,0.0,0.0,0.0,0.0,0.0,0.0,0.0,0.0,0.0,0.0,0.0,0.0,0.005050505306645048,0.9996480027104874,0.0,0.1399537754365052,0.9998728726342205,0.9998694422274661,0.9996480027104874,0.0,0.1399537754365052,0.9998728726342205,0.0,0.0,0.0,0.0,0.0,0.0,0.0,0.0,0.0,0.00028000224001792015,0.0,0.00505050505050505,0.0,0.0,0.0,0.0,0.0,0.0,0.0,0.0,0.0,0.0,1.0,0.0,0.0,0.0,0.0,0.0,0.0,0.0,0.0,0.0,0.0,0.0,0.0,0.0,0.00020242914979757084,0.0,0.0,0.0,0.0042724609375,0.0,0.0,0.5,0.0,0.0,0.0,0.0,0.0,0.0,0.0,0.0
262878,0.00033570872690095066,0.3529411764705882,0.9998694420174995,0.0,0.0001091703056768559,0.0,0.0,0.0,0.0,0.0,0.0,0.0,0.0,0.0,0.0,0.0,0.08333333356932011,0.9996480024376169,0.0,0.1399537753548703,0.9998728725356706,0.9998694421197557,0.9996480024200123,0.0,0.13995377534960354,0.9998728725293126,0.0,0.0,0.0,0.0,0.0,0.0,0.0,0.0,0.0,0.00022400179201433613,0.00017466104840294303,0.04166666666666675,0.0833333333333335,0.0,0.0,0.0,0.0,0.0,0.0,0.0,0.0,0.0,1.0,1.0,0.0,0.0,0.01282051282051282,0.0,0.0,0.0,0.0,0.0,0.0,0.0,0.0,0.0,0.0,0.0,0.0001091703056768559,0.0,0.003692626953125,0.0035247802734375,0.0,0.8,0.0,0.0,0.0,0.0,0.0,0.0,0.0,0.0
44773,0.0003204492393145438,0.3529411764705882,0.9998694420131475,0.0,0.0001091703056768559,0.0,0.0,0.0,0.0,0.0,0.0,0.0,0.0,0.0,0.0,0.0,0.25000000019308016,0.9996480024258805,0.0,0.13995377535135914,0.9998728725314319,0.9998694421197557,0.9996480024200123,0.0,0.13995377534960354,0.9998728725293126,0.0,0.0,0.0,0.0,0.0,0.0,0.0,0.0,0.0,0.00028000224001792015,0.00010916315525183939,0.125,0.25,0.0,0.0,0.0,0.0,0.0,0.0,0.0,0.0,1.0,0.0,0.0,0.0,0.0,0.01282051282051282,0.0,0.0,0.0,0.0,0.0,0.0,0.0,0.0,0.0,0.0,0.0,0.0001091703056768559,0.0,0.41021728515625,1.52587890625e-05,0.0,1.0,0.0,0.0,0.0,0.0,0.0,0.0,0.0,0.0
652043,0.0012207590069125479,0.3529411764705882,0.9998694423493347,0.00020242914979757084,0.0,0.0,0.0,0.0,0.0,0.0,0.0,0.0,0.0,0.0,0.0,0.0,0.001607717298826959,0.9996480033325148,0.0,0.1399537756225976,0.999872872858872,0.9998694424581188,0.9996480033325148,0.0,0.1399537756225976,0.999872872858872,0.0,0.0,0.0,0.0,0.0,0.0,0.0,0.0,0.0,0.00028000224001792015,0.0,0.0016077170418006498,0.0,0.0,0.0,0.0,0.0,0.0,0.0,0.0,0.0,0.0,1.0,0.0,0.0,0.0,0.0,0.0,0.0,0.0,0.0,0.0,0.0,0.0,0.0,0.0,0.00020242914979757084,0.0,0.0,0.0,0.003875732421875,0.0,0.0,0.5,0.0,0.0,0.0,0.0,0.0,0.0,0.0,0.0
664455,0.006759953000778234,0.3529411764705882,0.9998758320859453,0.001012145748987854,0.0004366812227074236,6.971963395679059e-05,1.1393862126472469e-05,0.008022967101179392,0.0,0.008900161257442096,0.013035546395565725,0.10410958904109589,0.0,0.026043822726312785,0.08044927450625625,2.871789750755755e-07,4.2591136369035335e-07,0.9996499171809209,4.495562596417271e-06,0.13995881464143417,0.9998728725483867,0.9998758321947301,0.9996514489896479,6.105823880468909e-06,0.13995887609581653,0.9998728725483867,0.0008505660468998133,0.00030572627991236356,0.00041161976918706696,0.0005888513101054346,9.408759738639212e-06,0.0,0.0,0.0,0.0,0.0009240073920591365,0.0005021505141584612,2.55392354175e-07,3.405231389e-07,0.0,0.008022967101179392,0.0270803621264543,0.01768093214478332,0.0003126153615083906,0.0,0.0,0.0,1.0,0.0,0.0,0.0,0.0,0.0,0.029776343139459288,0.008900161257442096,0.026043822726312785,0.0,0.0,0.0,0.0,0.0,0.0,0.001012145748987854,6.971963395679059e-05,0.0004366812227074236,1.1393862126472469e-05,0.1250152587890625,0.0144500732421875,0.002909796314258002,0.5,0.001308011576585391,0.0,0.001308011576585391,0.001308011576585391,1.6912215981536326e-05,0.0,5.859326727095137e-06,0.00045551511544870266
454035,0.0,0.0,0.9999919933143363,0.00040485829959514163,0.0,0.0,0.0,0.0,0.0,0.0,0.0,0.0,0.0,0.0,0.0,0.0,6.915779373219601e-09,0.9998132514987433,2.965200145774391e-10,0.14000321311354533,0.9999325538038711,0.9999919934231337,0.9998132514987433,2.965200145774391e-10,0.14000321311354533,0.9999325538038711,0.0,0.0,0.0,0.0,0.0,0.0,0.0,0.0,0.0,0.0,0.0,6.658339174999999e-09,0.0,0.0,0.0,0.0,0.0,0.0,0.0,0.0,0.0,0.0,0.0,0.0,0.0,0.0,0.0,0.0,0.0,0.0,0.0,0.0,0.0,0.0,0.0,0.0,0.00040485829959514163,0.0,0.0,0.0,0.0,0.0,0.0,0.0,0.0,0.0,0.0,0.0,0.00016591633274752105,5.173919248867846e-10,5.748268235452617e-05,0.004468798063953026
113046,0.0003204492393145438,0.3529411764705882,0.9998694420131475,0.0,0.0001091703056768559,0.0,0.0,0.0,0.0,0.0,0.0,0.0,0.0,0.0,0.0,0.0,0.25000000019308016,0.9996480024258805,0.0,0.13995377535135914,0.9998728725314319,0.9998694421197557,0.9996480024200123,0.0,0.13995377534960354,0.9998728725293126,0.0,0.0,0.0,0.0,0.0,0.0,0.0,0.0,0.0,0.00028000224001792015,0.00010916315525183939,0.125,0.25,0.0,0.0,0.0,0.0,0.0,0.0,0.0,0.0,1.0,0.0,0.0,0.0,0.0,0.01282051282051282,0.0,0.0,0.0,0.0,0.0,0.0,0.0,0.0,0.0,0.0,0.0,0.0001091703056768559,0.0,0.41021728515625,1.52587890625e-05,0.0,1.0,0.0,0.0,0.0,0.0,0.0,0.0,0.0,0.0
772869,0.006790471975951048,0.3529411764705882,0.9998699404154429,0.001012145748987854,0.0005458515283842794,5.295898739622657e-05,2.5336351307550622e-05,0.0021725636250775914,0.0,0.006760556547805886,0.00399320218452724,0.09931506849315068,0.0,0.04633058990259853,0.07384276992570547,3.8878537124294214e-06,6.003326644229503e-06,0.9996481368304632,1.3903792647983347e-07,0.1399538759597584,0.9998728725950126,0.9998699404448042,0.9996482711980763,1.2053863335565583e-07,0.13995387608528298,0.9998728726119673,0.0038171592097415302,0.0010290258081201262,1.9554794211835846e-06,0.0009603802747618418,0.0010277924248592587,0.0,0.0,0.0,0.0,0.0008960071680573445,0.0005894810383599327,3.27440138485e-06,5.4573356414e-06,0.0,0.002250155183116077,0.02621193950610698,0.007196045798239752,5.1783075130283886e-05,0.0,0.0,0.0,1.0,0.0,0.0,0.0,0.0,0.0,0.028583270923118555,0.006760556547805886,0.04633058990259853,0.0,0.0,0.0,0.0,0.0,0.0,0.001012145748987854,5.295898739622657e-05,0.0005458515283842794,2.5336351307550622e-05,0.1250152587890625,1.52587890625e-05,0.0038797284190106693,0.5,0.0,0.0,0.0,0.0,0.0,0.0,0.0,0.0
175223,0.0003204492393145438,0.3529411764705882,0.9998694420120596,0.0,0.0001091703056768559,0.0,0.0,0.0,0.0,0.0,0.0,0.0,0.0,0.0,0.0,0.0,0.5000000001287201,0.9996480024229464,0.0,0.13995377535048134,0.9998728725303723,0.9998694421197557,0.9996480024200123,0.0,0.13995377534960354,0.9998728725293126,0.0,0.0,0.0,0.0,0.0,0.0,0.0,0.0,0.0,0.00028000224001792015,0.00010916315525183939,0.25,0.5,0.0,0.0,0.0,0.0,0.0,0.0,0.0,0.0,1.0,0.0,0.0,0.0,0.0,0.01282051282051282,0.0,0.0,0.0,0.0,0.0,0.0,0.0,0.0,0.0,0.0,0.0,0.0001091703056768559,0.0,0.41021728515625,1.52587890625e-05,0.0,1.0,0.0,0.0,0.0,0.0,0.0,0.0,0.0,0.0
475782,0.0,0.0,0.9999111120775936,0.0006072874493927125,0.0,0.0,0.0,0.0,0.0,0.0,0.0,0.0,0.0,0.0,0.0,0.0,2.6366930343212097e-08,0.9996854612362027,2.185166142949496e-05,0.1399743665291748,0.9998801473217555,0.9999111121863823,0.9996854612362027,2.185166142949496e-05,0.1399743665291748,0.9998801473217555,0.0,0.0,0.0,0.0,0.0,0.0,0.0,0.0,0.0,0.0,0.0,2.610949015e-08,0.0,0.0,0.0,0.0,0.0,0.0,0.0,0.0,0.0,0.0,0.0,0.0,0.0,0.0,0.0,0.0,0.0,0.0,0.0,0.0,0.0,0.0,0.0,0.0,0.0006072874493927125,0.0,0.0,0.0,0.0,0.0,0.0,0.0,0.0,0.0,0.0,0.0,3.76100699568512e-05,3.812853302699425e-05,2.3941945189792414e-05,0.0005447199079584226
625942,0.006790471975951048,0.3529411764705882,0.999869636710095,0.00040485829959514163,0.0001091703056768559,0.0,0.0,0.0,0.0,0.0,0.0,0.0,0.0,0.0,0.0,0.0,5.5882856471363525e-06,0.9996481774424989,2.432542043051573e-07,0.1399539323694566,0.9998728725293126,0.9998696368188792,0.9996482649537421,2.9810922858816387e-07,0.1399539324344134,0.9998728725293126,0.0,0.0,0.0,0.0,0.0,0.0,0.0,0.0,0.0,0.0005040040320322563,0.00017466104840294303,4.191021156275e-06,2.7940141042e-06,0.0,0.0,0.0,0.0,0.0,0.0,0.0,0.0,1.0,0.0,0.0,0.0,0.0,0.0,0.0,0.0,0.0,0.0,0.0,0.0,0.0,0.0,0.0,0.00040485829959514163,0.0,0.0001091703056768559,0.0,0.1250152587890625,0.1250152587890625,0.0,0.5,0.0,0.0,0.0,0.0,0.0,0.0,0.0,0.0
524414,0.000808752842079563,1.0,0.999869454444455,0.0,0.0001091703056768559,3.6081947456769753e-06,4.722456012945826e-06,0.0004810676598386096,0.025326797385620915,0.002763656083280104,0.0,0.04315068493150685,0.09156976744186046,0.043177916625202775,0.0,1.847369179239416e-05,4.375244503831137e-05,0.9996480359508131,0.0,0.13995378538103737,0.9998728846392989,0.9998694421197557,0.9996480024200123,0.0,0.13995377534960354,0.9998728725293126,0.0,0.0,0.0,0.0,0.0,0.0,0.0,0.0,0.0,5.600044800358403e-05,4.366526210073576e-05,2.1876093804700002e-05,4.3752187609400004e-05,0.03934010152284264,0.0009776536312849163,0.016527074089622427,0.002096889586881871,4.396945939558017e-06,0.0,0.0,0.0,0.0,0.0,0.0,0.0,0.0,0.01282051282051282,0.02478057851153403,0.002763656083280104,0.043177916625202775,0.0,0.0,0.0,0.0,0.0,0.0,0.0,3.6081947456769753e-06,0.0001091703056768559,4.722456012945826e-06,0.0,0.0,0.0,0.2,0.0,0.0,0.0,0.0,0.0,0.0,0.0,0.0
855306,0.000808752842079563,1.0,0.999869444257659,0.0,0.0001091703056768559,4.073768261248197e-06,6.221648398007993e-06,0.0005431409062693979,0.028594771241830068,0.0031202568682194725,0.0,0.05684931506849315,0.12063953488372092,0.056885191744314764,0.0,0.00012833881447020125,0.0002421310079831908,0.9996480084789118,0.0,0.13995377716224888,0.9998728747175452,0.9998694421197557,0.9996480024200123,0.0,0.13995377534960354,0.9998728725293126,0.0,0.0,0.0,0.0,0.0,0.0,0.0,0.0,0.0,5.600044800358403e-05,4.366526210073576e-05,0.00012106537530267499,0.00024213075060534997,0.04441624365482233,0.0012880198634388578,0.02022913868568167,0.003145334380317131,9.893128364006504e-06,0.0,0.0,0.0,0.0,0.0,0.0,0.0,0.0,0.01282051282051282,0.030331428098117653,0.0031202568682194725,0.056885191744314764,0.0,0.0,0.0,0.0,0.0,0.0,0.0,4.073768261248197e-06,0.0001091703056768559,6.221648398007993e-06,0.0,0.0,0.0,0.2,0.0,0.0,0.0,0.0,0.0,0.0,0.0,0.0
883899,0.000808752842079563,1.0,0.9998694422503281,0.0,0.0001091703056768559,5.470488807961865e-06,1.311793336929396e-05,0.0007293606455617629,0.03839869281045752,0.0041900592230375774,0.0,0.11986301369863014,0.2543604651162791,0.11993865729222992,0.0,0.0022663467918942392,0.0022727275295823836,0.9996480030655125,0.0,0.1399537755427183,0.9998728727624414,0.9998694421197557,0.9996480024200123,0.0,0.13995377534960354,0.9998728725293126,0.0,0.0,0.0,0.0,0.0,0.0,0.0,0.0,0.0,5.600044800358403e-05,4.366526210073576e-05,0.0011363636363636498,0.0022727272727272995,0.05964467005076142,0.0027157045313469896,0.03556626344085223,0.008387558347516134,7.035113503293471e-05,0.0,0.0,0.0,0.0,0.0,0.0,0.0,0.0,0.01282051282051282,0.05332780495682123,0.0041900592230375774,0.11993865729222992,0.0,0.0,0.0,0.0,0.0,0.0,0.0,5.470488807961865e-06,0.0001091703056768559,1.311793336929396e-05,0.0,0.0,0.0,0.2,0.0,0.0,0.0,0.0,0.0,0.0,0.0,0.0
604763,0.006790471975951048,0.3529411764705882,0.9998696656308909,0.00020242914979757084,0.0,1.1639337889280565e-07,0.0,1.5518311607697083e-05,0.0,4.4575098117421034e-05,4.486479713938226e-05,0.0,0.0,0.0,0.0,1.0927181871982032e-08,2.4329213038236683e-06,0.9996486054814997,0.0,0.13995395576794278,0.9998730903310417,0.999869665739675,0.9996486054814997,0.0,0.13995395576794278,0.9998730903310417,0.0,0.0,0.0,0.0,0.0,0.0,0.0,0.0,0.0,0.00036400291202329623,0.0,2.43266386425e-06,0.0,0.0,1.5518311607697083e-05,0.00026443318544696893,6.55277995911225e-05,4.293892518670656e-09,0.0,0.0,0.0,0.0,1.0,0.0,0.0,0.0,0.0,0.0003964892561845445,4.4575098117421034e-05,0.0,0.0,0.0,0.0,0.0,0.0,0.0,0.00020242914979757084,1.1639337889280565e-07,0.0,0.0,0.00384521484375,0.0,0.0,0.5,0.0,0.0,0.0,0.0,0.0,0.0,0.0,0.0
108175,0.0003204492393145438,0.3529411764705882,0.9998694420131475,0.0,0.0001091703056768559,0.0,0.0,0.0,0.0,0.0,0.0,0.0,0.0,0.0,0.0,0.0,0.25000000019308016,0.9996480024258805,0.0,0.13995377535135914,0.9998728725314319,0.9998694421197557,0.9996480024200123,0.0,0.13995377534960354,0.9998728725293126,0.0,0.0,0.0,0.0,0.0,0.0,0.0,0.0,0.0,0.00028000224001792015,0.00010916315525183939,0.125,0.25,0.0,0.0,0.0,0.0,0.0,0.0,0.0,0.0,1.0,0.0,0.0,0.0,0.0,0.01282051282051282,0.0,0.0,0.0,0.0,0.0,0.0,0.0,0.0,0.0,0.0,0.0,0.0001091703056768559,0.0,0.41021728515625,1.52587890625e-05,0.0,1.0,0.0,0.0,0.0,0.0,0.0,0.0,0.0,0.0
770235,0.0012207590069125479,0.3529411764705882,0.9998694421012743,0.00020242914979757084,0.0,0.0,0.0,0.0,0.0,0.0,0.0,0.0,0.0,0.0,0.0,0.0,0.006024096641431532,0.9996480026635419,0.0,0.13995377542246049,0.9998728726172658,0.9998694422100584,0.9996480026635419,0.0,0.13995377542246049,0.9998728726172658,0.0,0.0,0.0,0.0,0.0,0.0,0.0,0.0,0.0,0.00028000224001792015,0.0,0.006024096385542175,0.0,0.0,0.0,0.0,0.0,0.0,0.0,0.0,0.0,0.0,1.0,0.0,0.0,0.0,0.0,0.0,0.0,0.0,0.0,0.0,0.0,0.0,0.0,0.0,0.00020242914979757084,0.0,0.0,0.0,0.0042572021484375,0.0,0.0,0.5,0.0,0.0,0.0,0.0,0.0,0.0,0.0,0.0
661810,0.000808752842079563,1.0,0.9998694827701234,0.0,0.0001091703056768559,4.772128534605031e-06,7.720840783070159e-06,0.0006362507759155804,0.03349673202614379,0.0036551580456285248,0.0,0.07054794520547945,0.14970930232558138,0.07059246686342675,0.0,8.632886113362829e-06,1.334675931861401e-05,0.9996481123398925,0.0,0.13995380823441322,0.9998729122279842,0.9998694421197557,0.9996480024200123,0.0,0.13995377534960354,0.9998728725293126,0.0,0.0,0.0,0.0,0.0,0.0,0.0,0.0,0.0,5.600044800358403e-05,4.366526210073576e-05,6.673250940924999e-06,1.3346501881849999e-05,0.052030456852791875,0.0015983860955927996,0.024460069652634846,0.004062723574581497,1.6505722843420145e-05,0.0,0.0,0.0,0.0,0.0,0.0,0.0,0.0,0.01282051282051282,0.03667525619707036,0.0036551580456285248,0.07059246686342675,0.0,0.0,0.0,0.0,0.0,0.0,0.0,4.772128534605031e-06,0.0001091703056768559,7.720840783070159e-06,0.0,0.0,0.0,0.2,0.0,0.0,0.0,0.0,0.0,0.0,0.0,0.0
564307,0.05171440343033281,0.3529411764705882,0.999884494893533,0.002226720647773279,0.0013100436681222707,0.00022382446761086528,0.0001229337755750977,0.010257603972687771,0.0,0.014286318946633441,0.015455341000650035,0.8034246575342466,0.0,0.09366637998062145,0.3563115357748429,5.783820508204379e-07,4.3392223063829105e-07,0.9996497674128426,3.1703882759217663e-06,0.13995904198929265,0.9998728725791174,0.9998844950023188,0.9996516928595666,4.426185349507947e-06,0.13995934837638768,0.9998728727189947,0.11377548228181578,0.01115326404854025,0.021015032668568485,0.05022351044898008,0.0005873690105414863,0.0,0.0,0.0,0.0,0.0019040152321218571,0.001615614697727223,2.16832395275e-07,4.3366479055e-07,0.0,0.01820297951582868,0.0565305263820265,0.03213138330442119,0.0010324257930554507,0.0,0.0,1.0,1.0,0.0,0.0,0.0,1.0,0.01282051282051282,0.05886213415771729,0.014286318946633441,0.09366637998062145,0.0,0.0,0.0,0.0,0.0,0.0,0.002226720647773279,0.00022382446761086528,0.0013100436681222707,0.0001229337755750977,0.1250152587890625,0.9593658447265625,0.006789524733268671,0.5,0.029747330396084033,0.0,0.029747330396084033,0.029747330396084033,1.7675211302095944e-05,0.0,6.123670493712371e-06,0.00047606569864318016
136217,0.0003204492393145438,0.3529411764705882,0.9998694420131475,0.0,0.0001091703056768559,0.0,0.0,0.0,0.0,0.0,0.0,0.0,0.0,0.0,0.0,0.0,0.25000000019308016,0.9996480024258805,0.0,0.13995377535135914,0.9998728725314319,0.9998694421197557,0.9996480024200123,0.0,0.13995377534960354,0.9998728725293126,0.0,0.0,0.0,0.0,0.0,0.0,0.0,0.0,0.0,0.00028000224001792015,0.00010916315525183939,0.125,0.25,0.0,0.0,0.0,0.0,0.0,0.0,0.0,0.0,1.0,0.0,0.0,0.0,0.0,0.01282051282051282,0.0,0.0,0.0,0.0,0.0,0.0,0.0,0.0,0.0,0.0,0.0,0.0001091703056768559,0.0,0.41021728515625,1.52587890625e-05,0.0,1.0,0.0,0.0,0.0,0.0,0.0,0.0,0.0,0.0
8198,0.0003204492393145438,0.3529411764705882,0.9998694420131475,0.0,0.0001091703056768559,0.0,0.0,0.0,0.0,0.0,0.0,0.0,0.0,0.0,0.0,0.0,0.25000000019308016,0.9996480024258805,0.0,0.13995377535135914,0.9998728725314319,0.9998694421197557,0.9996480024200123,0.0,0.13995377534960354,0.9998728725293126,0.0,0.0,0.0,0.0,0.0,0.0,0.0,0.0,0.0,0.00028000224001792015,0.00010916315525183939,0.125,0.25,0.0,0.0,0.0,0.0,0.0,0.0,0.0,0.0,1.0,0.0,0.0,0.0,0.0,0.01282051282051282,0.0,0.0,0.0,0.0,0.0,0.0,0.0,0.0,0.0,0.0,0.0,0.0001091703056768559,0.0,0.41021728515625,1.52587890625e-05,0.0,1.0,0.0,0.0,0.0,0.0,0.0,0.0,0.0,0.0
299771,0.00033570872690095066,0.3529411764705882,0.9998698559302063,0.004251012145748988,0.00240174672489083,0.0002225441404430444,0.00019976738530953374,0.009931719428926133,0.0,0.007747962509137994,0.008736085312671723,0.6684931506849315,0.0,0.08302247316464642,0.2737832352974904,2.701991397472162e-05,2.8913690613806457e-05,0.9996480283796281,5.550069614245348e-08,0.13995388790566168,0.9998728725324916,0.9998698558235695,0.9996480555477518,8.26031838638557e-08,0.13995388790566168,0.9998728727698591,0.00317046966824874,0.00016279845988304074,0.0004873842135534702,0.0014041240100133017,8.087759087655482e-08,0.0,0.0,0.0,0.0,0.004984039872318979,0.0038862083269654824,1.4456716590525e-05,2.891343318105e-05,0.0,0.015145872129112354,0.04034368965767097,0.023123658359639084,0.0005347035759330538,0.0,0.0,0.0,1.0,0.0,0.0,0.0,0.0,0.01282051282051282,0.04124389376264055,0.007747962509137994,0.08302247316464642,0.0,0.0,0.0,0.0,0.0,0.0,0.004251012145748988,0.0002225441404430444,0.00240174672489083,0.00019976738530953374,0.41021728515625,0.0035247802734375,0.015518913676042677,0.8,0.0,0.0,0.0,0.0,0.0,0.0,0.0,0.0
609486,0.006790471975951048,0.3529411764705882,0.9998701309856662,0.001012145748987854,0.0005458515283842794,5.295898739622657e-05,2.5336351307550622e-05,0.0021725636250775914,0.0,0.006760556547805886,0.00399320218452724,0.09931506849315068,0.0,0.04633058990259853,0.07384276992570547,2.8124743750733294e-06,4.3428792456819695e-06,0.9996481882237214,1.880693774128863e-07,0.13995391285959943,0.9998728725928931,0.9998701310237315,0.9996483739892872,1.5534478482643933e-07,0.13995391296669032,0.9998728817315459,0.005276904654623791,0.0014225424663292434,5.192085573009467e-05,0.001379873843047512,0.0013995417781238499,0.0,0.0,0.0,0.0,0.0009240073920591365,0.0006113136694103006,2.3687028036e-06,3.947838006e-06,0.0,0.002250155183116077,0.02621193950610698,0.007196045798239752,5.1783075130283886e-05,0.0,0.0,0.0,1.0,0.0,0.0,0.0,0.0,0.0,0.028583270923118555,0.006760556547805886,0.04633058990259853,0.0,0.0,0.0,0.0,0.0,0.0,0.001012145748987854,5.295898739622657e-05,0.0005458515283842794,2.5336351307550622e-05,0.1250152587890625,1.52587890625e-05,0.0038797284190106693,0.5,0.0,0.0,0.0,0.0,0.0,0.0,0.0,0.0
677192,0.000808752842079563,1.0,0.999869442330839,0.0,0.0001091703056768559,6.518029217997117e-06,7.795800402323268e-06,0.0008690254500310367,0.04575163398692811,0.004992410989151156,0.0,0.07123287671232877,0.1511627906976744,0.07127783061938235,0.0,0.0012222744235257273,0.0017006805291112268,0.9996480032826353,0.0,0.13995377560767508,0.9998728728408576,0.9998694421197557,0.9996480024200123,0.0,0.13995377534960354,0.9998728725293126,0.0,0.0,0.0,0.0,0.0,0.0,0.0,0.0,0.0,5.600044800358403e-05,4.366526210073576e-05,0.000850340136054425,0.00170068027210885,0.07106598984771573,0.0016139044072004966,0.028558784026844707,0.003145334380317131,9.893128364006504e-06,0.0,0.0,0.0,0.0,0.0,0.0,0.0,0.0,0.01282051282051282,0.0428208396679308,0.004992410989151156,0.07127783061938235,0.0,0.0,0.0,0.0,0.0,0.0,0.0,6.518029217997117e-06,0.0001091703056768559,7.795800402323268e-06,0.0,0.0,0.0,0.2,0.0,0.0,0.0,0.0,0.0,0.0,0.0,0.0
371412,0.00033570872690095066,0.3529411764705882,0.9998694420174995,0.0,0.0001091703056768559,0.0,0.0,0.0,0.0,0.0,0.0,0.0,0.0,0.0,0.0,0.0,0.08333333356932011,0.9996480024376169,0.0,0.1399537753548703,0.9998728725356706,0.9998694421197557,0.9996480024200123,0.0,0.13995377534960354,0.9998728725293126,0.0,0.0,0.0,0.0,0.0,0.0,0.0,0.0,0.0,0.00022400179201433613,0.00017466104840294303,0.04166666666666675,0.0833333333333335,0.0,0.0,0.0,0.0,0.0,0.0,0.0,0.0,0.0,1.0,1.0,0.0,0.0,0.01282051282051282,0.0,0.0,0.0,0.0,0.0,0.0,0.0,0.0,0.0,0.0,0.0,0.0001091703056768559,0.0,0.003692626953125,0.0035247802734375,0.0,0.8,0.0,0.0,0.0,0.0,0.0,0.0,0.0,0.0
353152,0.00033570872690095066,0.3529411764705882,0.9998698747936762,0.004251012145748988,0.00240174672489083,0.0002225441404430444,0.00019976738530953374,0.009931719428926133,0.0,0.007747962509137994,0.008736085312671723,0.6684931506849315,0.0,0.08302247316464642,0.2737832352974904,2.58422113308402e-05,2.7653456154005892e-05,0.9996480295626812,5.380074504334675e-08,0.139953872324812,0.9998728725324916,0.9998698748513251,0.9996480579912914,7.522217888283688e-08,0.139953872324812,0.9998728726999205,0.0033150016431209607,0.000170219941674428,0.0004674172222448572,0.001254094413006795,1.0783678783540644e-07,0.0,0.0,0.0,0.0,0.004984039872318979,0.0038862083269654824,1.382659936045e-05,2.76531987209e-05,0.0,0.015145872129112354,0.04034368965767097,0.023123658359639084,0.0005347035759330538,0.0,0.0,0.0,1.0,0.0,0.0,0.0,0.0,0.01282051282051282,0.04124389376264055,0.007747962509137994,0.08302247316464642,0.0,0.0,0.0,0.0,0.0,0.0,0.004251012145748988,0.0002225441404430444,0.00240174672489083,0.00019976738530953374,0.41021728515625,0.0035247802734375,0.015518913676042677,0.8,0.0,0.0,0.0,0.0,0.0,0.0,0.0,0.0
809756,0.0012207590069125479,0.3529411764705882,0.9998694421045382,0.00020242914979757084,0.0,0.0,0.0,0.0,0.0,0.0,0.0,0.0,0.0,0.0,0.0,0.0,0.0058139537443155555,0.9996480026723442,0.0,0.13995377542509385,0.9998728726204448,0.9998694422133223,0.9996480026723442,0.0,0.13995377542509385,0.9998728726204448,0.0,0.0,0.0,0.0,0.0,0.0,0.0,0.0,0.0,0.00028000224001792015,0.0,0.0058139534883721,0.0,0.0,0.0,0.0,0.0,0.0,0.0,0.0,0.0,0.0,1.0,0.0,0.0,0.0,0.0,0.0,0.0,0.0,0.0,0.0,0.0,0.0,0.0,0.0,0.00020242914979757084,0.0,0.0,0.0,0.0042724609375,0.0,0.0,0.5,0.0,0.0,0.0,0.0,0.0,0.0,0.0,0.0
651642,0.006759953000778234,0.3529411764705882,0.9999958304898863,0.004048582995951417,0.0027292576419213972,7.099996112461145e-05,0.000801918006769753,0.008022967101179392,0.0,0.0025896009382484764,0.007138198633694332,1.0,0.0,0.2932808584485202,0.6976027103487146,2.1862356434003367e-07,9.925236707444848e-08,0.9996555767824328,1.0231355387949025e-05,0.13996257951105098,0.9998728725303723,0.999995830598684,0.9996650447354585,1.16144636419028e-05,0.13996258213038934,0.9998728725462674,0.9229273139339582,0.041466964168594224,0.060349477644872064,0.08463869113720852,8.98639898628387e-09,0.0,0.0,0.0,0.0,0.0030240241921935377,0.0035150535991092286,4.5193336200000004e-08,1.0760318139999999e-07,0.0,0.02265673494723774,0.09543224875166242,0.05928644993725998,0.0035148831461630347,0.0,0.0,0.0,1.0,0.0,0.0,0.0,0.0,0.01282051282051282,0.09746740236813983,0.0025896009382484764,0.2932808584485202,0.0,0.0,0.0,0.0,0.0,0.0,0.004048582995951417,7.099996112461145e-05,0.0027292576419213972,0.000801918006769753,0.1250152587890625,0.0186309814453125,0.013579049466537343,0.5,0.0006131916382847388,0.0018218461256816441,0.003883285597954153,0.00031472432940740896,2.8335638960414864e-05,5.474986987634809e-06,1.0236846805561653e-05,0.0004276210426089026
660966,0.000808752842079563,1.0,0.9998694430227969,0.0,0.0001091703056768559,4.422948397926615e-06,6.446527255767318e-06,0.0005896958410924892,0.03104575163398693,0.0033877074569239984,0.0,0.0589041095890411,0.125,0.058941283012181565,0.0,0.00029945723376380236,0.0005376346659039412,0.9996480051487177,0.0,0.13995377616595228,0.999872873514812,0.9998694421197557,0.9996480024200123,0.0,0.13995377534960354,0.9998728725293126,0.0,0.0,0.0,0.0,0.0,0.0,0.0,0.0,0.0,5.600044800358403e-05,4.366526210073576e-05,0.00026881720430107494,0.0005376344086021499,0.048223350253807105,0.0013345747982619492,0.02141908802013353,0.003145334380317131,9.893128364006504e-06,0.0,0.0,0.0,0.0,0.0,0.0,0.0,0.0,0.01282051282051282,0.0321156297509481,0.0033877074569239984,0.058941283012181565,0.0,0.0,0.0,0.0,0.0,0.0,0.0,4.422948397926615e-06,0.0001091703056768559,6.446527255767318e-06,0.0,0.0,0.0,0.2,0.0,0.0,0.0,0.0,0.0,0.0,0.0,0.0
779076,0.000808752842079563,1.0,0.9998694424363734,0.0,0.0001091703056768559,8.962290174746036e-06,1.5366721946887212e-05,0.0011949099937926754,0.06290849673202614,0.006864565110082839,0.0,0.1404109589041096,0.29796511627906974,0.1404995699708979,0.0,0.0016198262133259426,0.0012787726356276177,0.9996480035672421,0.0,0.13995377569282114,0.9998728729436462,0.9998694421197557,0.9996480024200123,0.0,0.13995377534960354,0.9998728725293126,0.0,0.0,0.0,0.0,0.0,0.0,0.0,0.0,0.0,5.600044800358403e-05,4.366526210073576e-05,0.000639386189258325,0.00127877237851665,0.09771573604060912,0.003181253879577902,0.047465756785370856,0.008387558347516134,7.035113503293471e-05,0.0,0.0,0.0,0.0,0.0,0.0,0.0,0.0,0.01282051282051282,0.07116982148512574,0.006864565110082839,0.1404995699708979,0.0,0.0,0.0,0.0,0.0,0.0,0.0,8.962290174746036e-06,0.0001091703056768559,1.5366721946887212e-05,0.0,0.0,0.0,0.2,0.0,0.0,0.0,0.0,0.0,0.0,0.0,0.0
112469,0.0003204492393145438,0.3529411764705882,0.9998694420131475,0.0,0.0001091703056768559,0.0,0.0,0.0,0.0,0.0,0.0,0.0,0.0,0.0,0.0,0.0,0.25000000019308016,0.9996480024258805,0.0,0.13995377535135914,0.9998728725314319,0.9998694421197557,0.9996480024200123,0.0,0.13995377534960354,0.9998728725293126,0.0,0.0,0.0,0.0,0.0,0.0,0.0,0.0,0.0,0.00028000224001792015,0.00010916315525183939,0.125,0.25,0.0,0.0,0.0,0.0,0.0,0.0,0.0,0.0,1.0,0.0,0.0,0.0,0.0,0.01282051282051282,0.0,0.0,0.0,0.0,0.0,0.0,0.0,0.0,0.0,0.0,0.0,0.0001091703056768559,0.0,0.41021728515625,1.52587890625e-05,0.0,1.0,0.0,0.0,0.0,0.0,0.0,0.0,0.0,0.0
526640,0.0012207590069125479,0.3529411764705882,0.9999776381081671,0.0024291497975708503,0.0015283842794759825,5.121308671283449e-05,0.00013530211275186057,0.0066883923029174425,0.0,0.0030173912571833843,0.007571340334541804,1.0,0.0,0.0883629699642951,0.4170495380805139,5.070180351038742e-08,6.813320925745978e-08,0.9996592249133324,1.1567239297559711e-05,0.13996256737554413,0.9998728725420287,0.9999677483089933,0.9996700952180995,1.0667360077274664e-05,0.13996259417372778,0.9998728733155927,0.8285036572056573,0.06872220119255086,0.05163588728112839,0.08409819785767313,1.0783678783540644e-07,0.0,0.0,0.0,0.0,0.0019040152321218571,0.002183263105036788,3.268092585e-08,7.038968645e-08,0.0,0.02265673494723774,0.031802812569587904,0.03281042140811425,0.0010765237529780165,0.0,0.0,0.0,1.0,0.0,0.0,0.0,0.0,0.01282051282051282,0.03296734741236248,0.0030173912571833843,0.0883629699642951,0.0,0.0,0.0,0.0,0.0,0.0,0.0024291497975708503,5.121308671283449e-05,0.0015283842794759825,0.00013530211275186057,0.1250152587890625,0.0144500732421875,0.009699321047526674,0.5,0.0003370346272117626,0.0001861491374861797,0.0006176268675479693,0.00030150999631213445,2.9475474738622022e-05,3.1763084460845704e-08,1.0222736509485284e-05,0.0007934834563199238
697047,0.000808752842079563,1.0,0.9998694441727962,0.0,0.0001091703056768559,3.6081947456769753e-06,1.0944104410953818e-05,0.0004810676598386096,0.025326797385620915,0.002763656083280104,0.0,0.1,0.21220930232558138,0.10006310836951754,0.0,0.00020006516246675823,0.0002516358889808688,0.9996480082500526,0.0,0.1399537770937809,0.9998728746348904,0.9998694421197557,0.9996480024200123,0.0,0.13995377534960354,0.9998728725293126,0.0,0.0,0.0,0.0,0.0,0.0,0.0,0.0,0.0,5.600044800358403e-05,4.366526210073576e-05,0.00012581781580272498,0.00025163563160544996,0.03934010152284264,0.0022656734947237743,0.027501051285096497,0.00753569695284289,5.678672856509767e-05,0.0,0.0,0.0,0.0,0.0,0.0,0.0,0.0,0.01282051282051282,0.041234882643192625,0.002763656083280104,0.10006310836951754,0.0,0.0,0.0,0.0,0.0,0.0,0.0,3.6081947456769753e-06,0.0001091703056768559,1.0944104410953818e-05,0.0,0.0,0.0,0.2,0.0,0.0,0.0,0.0,0.0,0.0,0.0,0.0
667721,0.000808752842079563,1.0,0.999869568842729,0.00020242914979757084,0.0002183406113537118,9.777043826995675e-06,1.3192892988547069e-05,0.0006517690875232775,0.03431372549019608,0.003744308241863367,0.0,0.06027397260273973,0.12790697674418605,0.06031201052409276,0.0,5.0091495246787196e-06,8.57842599899157e-06,0.9996481164339286,9.536999181927335e-08,0.1399538462929428,0.99987287257064,0.9998694809781992,0.9996481072140342,0.0,0.13995380670090649,0.9998729103767289,3.2501568471525156e-07,3.5046956046507094e-07,0.0,3.264606529740419e-07,3.5046956046507094e-07,0.0,0.0,0.0,0.0,0.00011200089600716806,8.733052420147152e-05,4.2890842805e-06,8.578168561e-06,0.053299492385786795,0.0013656114214773433,0.023957646600297502,0.002859595935328908,8.177288913374126e-06,0.0,0.0,0.0,0.0,0.0,0.0,0.0,0.0,0.01282051282051282,0.029934938841933108,0.003744308241863367,0.06031201052409276,0.0,0.0,0.0,0.0,0.0,0.0,0.00020242914979757084,9.777043826995675e-06,0.0002183406113537118,1.3192892988547069e-05,0.0,0.0,0.0009699321047526673,0.2,0.0,0.0,0.0,0.0,0.0,0.0,0.0,0.0
279224,0.00033570872690095066,0.3529411764705882,0.9998694420185875,0.0,0.0001091703056768559,0.0,0.0,0.0,0.0,0.0,0.0,0.0,0.0,0.0,0.0,0.0,0.07142857166762312,0.999648002440551,0.0,0.1399537753557481,0.9998728725367303,0.9998694421197557,0.9996480024200123,0.0,0.13995377534960354,0.9998728725293126,0.0,0.0,0.0,0.0,0.0,0.0,0.0,0.0,0.0,0.00022400179201433613,0.00017466104840294303,0.03571428571428575,0.0714285714285715,0.0,0.0,0.0,0.0,0.0,0.0,0.0,0.0,0.0,1.0,1.0,0.0,0.0,0.01282051282051282,0.0,0.0,0.0,0.0,0.0,0.0,0.0,0.0,0.0,0.0,0.0,0.0001091703056768559,0.0,0.003692626953125,0.0035247802734375,0.0,0.8,0.0,0.0,0.0,0.0,0.0,0.0,0.0,0.0
972034,0.0012207590069125479,0.3529411764705882,0.999869442329751,0.00020242914979757084,0.0,0.0,0.0,0.0,0.0,0.0,0.0,0.0,0.0,0.0,0.0,0.0,0.0017064848986391074,0.9996480032797012,0.0,0.13995377560679728,0.9998728728397979,0.999869442438535,0.9996480032797012,0.0,0.13995377560679728,0.9998728728397979,0.0,0.0,0.0,0.0,0.0,0.0,0.0,0.0,0.0,0.00028000224001792015,0.0,0.0017064846416382248,0.0,0.0,0.0,0.0,0.0,0.0,0.0,0.0,0.0,0.0,1.0,0.0,0.0,0.0,0.0,0.0,0.0,0.0,0.0,0.0,0.0,0.0,0.0,0.0,0.00020242914979757084,0.0,0.0,0.0,0.003875732421875,0.0,0.0,0.5,0.0,0.0,0.0,0.0,0.0,0.0,0.0,0.0
179433,0.00033570872690095066,0.3529411764705882,0.9998700192377217,0.004251012145748988,0.002183406113537118,0.0002244064345053293,0.00019976738530953374,0.009931719428926133,0.0,0.007812799015493038,0.008741956209752828,0.6684931506849315,0.0,0.09132472048108364,0.284505952267003,1.944324076863807e-05,1.9791152492479965e-05,0.9996480403876609,1.0687412264235918e-07,0.1399540135908899,0.9998728725356706,0.9998700192866667,0.9996480765396416,1.466537362319907e-07,0.1399540135908899,0.9998728727158157,0.0044212383615946,0.0002509205973368564,0.0009027264025620941,0.0025800352820258008,1.6175518175310965e-07,0.0,0.0,0.0,0.0,0.004984039872318979,0.003536886230159596,1.0366659315774999e-05,1.88484714832e-05,0.0,0.015145872129112354,0.0423677309545646,0.023526556300807605,0.0005534988513752984,0.0,0.0,0.0,1.0,0.0,0.0,0.0,0.0,0.0,0.04335893222987855,0.007812799015493038,0.09132472048108364,0.0,0.0,0.0,0.0,0.0,0.0,0.004251012145748988,0.0002244064345053293,0.002183406113537118,0.00019976738530953374,0.41021728515625,0.0035247802734375,0.015518913676042677,0.8,0.0,0.0,0.0,0.0,0.0,0.0,0.0,0.0
145530,0.0003204492393145438,0.3529411764705882,0.9998694420131475,0.0,0.0001091703056768559,0.0,0.0,0.0,0.0,0.0,0.0,0.0,0.0,0.0,0.0,0.0,0.25000000019308016,0.9996480024258805,0.0,0.13995377535135914,0.9998728725314319,0.9998694421197557,0.9996480024200123,0.0,0.13995377534960354,0.9998728725293126,0.0,0.0,0.0,0.0,0.0,0.0,0.0,0.0,0.0,0.00028000224001792015,0.00010916315525183939,0.125,0.25,0.0,0.0,0.0,0.0,0.0,0.0,0.0,0.0,1.0,0.0,0.0,0.0,0.0,0.01282051282051282,0.0,0.0,0.0,0.0,0.0,0.0,0.0,0.0,0.0,0.0,0.0,0.0001091703056768559,0.0,0.41021728515625,1.52587890625e-05,0.0,1.0,0.0,0.0,0.0,0.0,0.0,0.0,0.0,0.0
686542,0.006759953000778234,0.3529411764705882,0.9998694420381712,0.0,0.0001091703056768559,0.0,0.0,0.0,0.0,0.0,0.0,0.0,0.0,0.0,0.0,0.0,0.0200000002522914,0.9996480024933646,0.0,0.1399537753715484,0.9998728725558045,0.9998694421197557,0.9996480024200123,0.0,0.13995377534960354,0.9998728725293126,0.0,0.0,0.0,0.0,0.0,0.0,0.0,0.0,0.0,0.00014000112000896008,0.00010916315525183939,0.01,0.02,0.0,0.0,0.0,0.0,0.0,0.0,0.0,0.0,0.0,1.0,0.0,0.0,0.0,0.01282051282051282,0.0,0.0,0.0,0.0,0.0,0.0,0.0,0.0,0.0,0.0,0.0,0.0001091703056768559,0.0,0.9720306396484375,0.0803375244140625,0.0,0.5,0.0,0.0,0.0,0.0,0.0,0.0,0.0,0.0
548568,0.05171440343033281,0.3529411764705882,0.9998734895373856,0.0018218623481781376,0.0007641921397379913,0.00013315402545336966,0.00011851115803916429,0.010505896958410926,0.0,0.010198782449265933,0.013317623807692587,0.8034246575342466,0.0,0.15479429973794248,0.4552779038383969,1.6451120099090398e-06,1.1426669886308316e-06,0.9996486846343102,8.371619856688574e-07,0.1399548036690048,0.9998728725324916,0.9998734896461702,0.9996492152454308,1.0576939351146184e-06,0.1399548036690048,0.9998728725324916,0.029875125057076714,0.005369136752464643,0.0062479631162963385,0.011681900590303641,0.0011968535489882172,0.0,0.0,0.0,0.0,0.0014840118720949769,0.0008296399799139793,6.720056169000001e-07,9.4080786365e-07,0.0,0.01820297951582868,0.060048369192251184,0.03462125379362291,0.001198631214242842,0.0,0.0,1.0,1.0,0.0,0.0,0.0,1.0,0.0,0.06355489547665655,0.010198782449265933,0.15479429973794248,0.0,0.0,0.0,0.0,0.0,0.0,0.0018218623481781376,0.00013315402545336966,0.0007641921397379913,0.00011851115803916429,0.1250152587890625,0.9591217041015625,0.004849660523763337,0.5,0.0,0.0,0.0,0.0,0.0,0.0,0.0,0.0
843581,0.7630506767582744,0.3529411764705882,0.999869442056667,0.0,0.0001091703056768559,0.0,0.0,0.0,0.0,0.0,0.0,0.0,0.0,0.0,0.0,0.0,0.011904762159137336,0.9996480025432442,0.0,0.1399537753864709,0.999872872573819,0.9998694421197557,0.9996480024200123,0.0,0.13995377534960354,0.9998728725293126,0.0,0.0,0.0,0.0,0.0,0.0,0.0,0.0,0.0,0.00014000112000896008,0.00010916315525183939,0.0059523809523809494,0.011904761904761899,0.0,0.0,0.0,0.0,0.0,0.0,0.0,0.0,0.0,1.0,1.0,0.0,0.0,0.01282051282051282,0.0,0.0,0.0,0.0,0.0,0.0,0.0,0.0,0.0,0.0,0.0,0.0001091703056768559,0.0,0.0044403076171875,0.0039215087890625,0.0,0.5,0.0,0.0,0.0,0.0,0.0,0.0,0.0,0.0
570117,0.08171455602520868,1.0,0.999869887125977,0.00020242914979757084,0.0,5.121308671283449e-06,0.0,0.00034140285536933584,0.01797385620915033,0.0019613043171665253,0.0,0.0,0.0,0.0,0.0,2.4154558243952836e-07,1.2223957419353063e-06,0.9996492028127059,0.0,0.13995413447194965,0.999873306063222,0.9998698872347612,0.9996492028127059,0.0,0.13995413447194965,0.999873306063222,0.0,0.0,0.0,0.0,0.0,0.0,0.0,0.0,0.0,0.00011200089600716806,0.0,1.22213830205e-06,0.0,0.027918781725888322,0.00034140285536933584,0.00872629511931366,0.0,0.0,0.0,0.0,0.0,0.0,0.0,0.0,0.0,0.0,0.0,0.013084145454089967,0.0019613043171665253,0.0,0.0,0.0,0.0,0.0,0.0,0.0,0.00020242914979757084,5.121308671283449e-06,0.0,0.0,0.0,0.0,0.0009699321047526673,0.2,0.0,0.0,0.0,0.0,0.0,0.0,0.0,0.0
504713,0.006759953000778234,0.3529411764705882,0.9999935608819628,0.004048582995951417,0.0028384279475982535,0.0002161425046039401,0.0004265951931694396,0.011902545003103662,0.0,0.007883424495626437,0.01461840186940858,1.0,0.0,0.15001558212088628,0.41876481714547054,1.4859792083885457e-07,1.0325398032341829e-07,0.999655279063423,9.702023170034323e-06,0.13996256615365438,0.9998728725303723,0.9999935609907604,0.999664738699857,1.0837826529652291e-05,0.1399625942220065,0.9998728729266914,0.9499166663951257,0.04097240745062699,0.05615206286504018,0.08409849920596817,8.98639898628387e-09,0.0,0.0,0.0,0.0,0.0030240241921935377,0.003427723074907757,4.6019730699999996e-08,1.1395361889999999e-07,0.0,0.02265673494723774,0.06237317761418514,0.03774177958570465,0.0014244419262957077,0.0,0.0,0.0,1.0,0.0,0.0,0.0,0.0,0.01282051282051282,0.06367448735493306,0.007883424495626437,0.15001558212088628,0.0,0.0,0.0,0.0,0.0,0.0,0.004048582995951417,0.0002161425046039401,0.0028384279475982535,0.0004265951931694396,0.1250152587890625,0.02838134765625,0.011639185257032008,0.5,0.0035682353545017933,0.018041509305793124,0.035892676742026126,0.0003157317000918021,2.692590514750718e-05,6.996323824003655e-06,1.0221315783833326e-05,0.00041338102039197017
660268,0.05171440343033281,0.3529411764705882,0.9998718614397584,0.0014170040485829958,0.0007641921397379913,0.00013361959896894088,0.00011851115803916429,0.010505896958410926,0.0,0.012793053159699837,0.014474463116787318,0.8034246575342466,0.0,0.15479429973794248,0.4552779038383969,2.7561912516485122e-06,1.6865813974408064e-06,0.9996484684736651,5.859434292382016e-07,0.1399546119876863,0.9998728725324916,0.9998718615485428,0.9996489345273177,9.348726819875613e-07,0.13995482924266536,0.9998728725324916,0.016885423195714386,0.0030346365442093398,0.003572524630433486,0.007978313302530795,0.001825739722846335,0.0,0.0,0.0,0.0,0.0012040096320770567,0.0008296399799139793,8.99372777425e-07,1.5739023605e-06,0.0,0.01820297951582868,0.06765357778581528,0.036254867373183286,0.0013144154082471075,0.0,0.0,0.0,1.0,0.0,0.0,0.0,0.0,0.0,0.07213461200849491,0.012793053159699837,0.15479429973794248,0.0,0.0,0.0,0.0,0.0,0.0,0.0014170040485829958,0.00013361959896894088,0.0007641921397379913,0.00011851115803916429,0.1250152587890625,0.9590606689453125,0.004849660523763337,0.5,0.0,0.0,0.0,0.0,0.0,0.0,0.0,0.0
890413,0.0012207590069125479,0.3529411764705882,0.9998752842641441,0.0006072874493927125,0.0004366812227074236,1.1290157752602148e-05,1.7390631666721135e-05,0.0015052762259466172,0.0,0.00216189225869492,0.00307724762244161,0.1589041095890411,0.0,0.03975109784542478,0.12279099793060165,1.3760498989376755e-07,3.7271106775404923e-07,0.9996502532020531,4.717199519015497e-06,0.13995843439321148,0.9998728725314319,0.9998695097107737,0.9996480631801629,8.3893709013356e-08,0.13995382962187253,0.9998728726532947,0.044749284525889076,0.016084620749564703,0.03669484704852112,0.04494395528593998,1.797279797256774e-08,0.0,0.0,0.0,0.0,0.0006440051520412163,0.0005021505141584612,1.86226813825e-07,3.7245362765e-07,0.0,0.0036002482929857233,0.014499753001301439,0.009080349962925583,8.245275544926571e-05,0.0,0.0,0.0,1.0,0.0,0.0,0.0,0.0,0.01282051282051282,0.016305620660589392,0.00216189225869492,0.03975109784542478,0.0,0.0,0.0,0.0,0.0,0.0,0.0006072874493927125,1.1290157752602148e-05,0.0004366812227074236,1.7390631666721135e-05,0.1250152587890625,0.002166748046875,0.0009699321047526673,0.5,0.0,0.0,0.0,0.0,0.0,0.0,0.0,0.0
376876,0.00033570872690095066,0.3529411764705882,0.9998694420185875,0.0,0.0001091703056768559,0.0,0.0,0.0,0.0,0.0,0.0,0.0,0.0,0.0,0.0,0.0,0.07142857166762312,0.999648002440551,0.0,0.1399537753557481,0.9998728725367303,0.9998694421197557,0.9996480024200123,0.0,0.13995377534960354,0.9998728725293126,0.0,0.0,0.0,0.0,0.0,0.0,0.0,0.0,0.0,0.00022400179201433613,0.00017466104840294303,0.03571428571428575,0.0714285714285715,0.0,0.0,0.0,0.0,0.0,0.0,0.0,0.0,0.0,1.0,1.0,0.0,0.0,0.01282051282051282,0.0,0.0,0.0,0.0,0.0,0.0,0.0,0.0,0.0,0.0,0.0,0.0001091703056768559,0.0,0.003692626953125,0.0035247802734375,0.0,0.8,0.0,0.0,0.0,0.0,0.0,0.0,0.0,0.0
213999,0.00033570872690095066,0.3529411764705882,0.9998694420185875,0.0,0.0001091703056768559,0.0,0.0,0.0,0.0,0.0,0.0,0.0,0.0,0.0,0.0,0.0,0.07142857166762312,0.999648002440551,0.0,0.1399537753557481,0.9998728725367303,0.9998694421197557,0.9996480024200123,0.0,0.13995377534960354,0.9998728725293126,0.0,0.0,0.0,0.0,0.0,0.0,0.0,0.0,0.0,0.00022400179201433613,0.00017466104840294303,0.03571428571428575,0.0714285714285715,0.0,0.0,0.0,0.0,0.0,0.0,0.0,0.0,0.0,1.0,1.0,0.0,0.0,0.01282051282051282,0.0,0.0,0.0,0.0,0.0,0.0,0.0,0.0,0.0,0.0,0.0,0.0001091703056768559,0.0,0.003692626953125,0.0035247802734375,0.0,0.8,0.0,0.0,0.0,0.0,0.0,0.0,0.0,0.0
226942,0.00033570872690095066,0.3529411764705882,0.9998694420164115,0.0,0.0001091703056768559,0.0,0.0,0.0,0.0,0.0,0.0,0.0,0.0,0.0,0.0,0.0,0.1000000002316962,0.9996480024346828,0.0,0.1399537753539925,0.999872872534611,0.9998694421197557,0.9996480024200123,0.0,0.13995377534960354,0.9998728725293126,0.0,0.0,0.0,0.0,0.0,0.0,0.0,0.0,0.0,0.00022400179201433613,0.00017466104840294303,0.049999999999999996,0.09999999999999999,0.0,0.0,0.0,0.0,0.0,0.0,0.0,0.0,0.0,1.0,1.0,0.0,0.0,0.01282051282051282,0.0,0.0,0.0,0.0,0.0,0.0,0.0,0.0,0.0,0.0,0.0,0.0001091703056768559,0.0,0.003692626953125,0.0035247802734375,0.0,0.8,0.0,0.0,0.0,0.0,0.0,0.0,0.0,0.0
407783,0.05171440343033281,0.3529411764705882,0.9998727253361999,0.001214574898785425,0.0007641921397379913,0.00013129173139108478,0.00011851115803916429,0.010257603972687771,0.0,0.014365917336132657,0.014748782770381004,0.8034246575342466,0.0,0.15479429973794248,0.4552779038383969,2.0161078435777652e-06,1.1600404080513592e-06,0.9996486835369175,6.373934679692065e-07,0.13995461224224667,0.999872872616206,0.9998727254449843,0.999649478173307,9.806285573873197e-07,0.1399549626279056,0.9998732159038012,0.022319860452599007,0.004011309838435123,0.002955546649248597,0.007980740830463165,0.0029021216070244304,0.0,0.0,0.0,0.0,0.0010640085120680967,0.0008296399799139793,5.79891484075e-07,1.15978296815e-06,0.0,0.01820297951582868,0.07163494993400214,0.03694861052156606,0.0013651998194747327,0.0,0.0,0.0,1.0,0.0,0.0,0.0,0.0,0.01282051282051282,0.07672067107170935,0.014365917336132657,0.15479429973794248,0.0,0.0,0.0,0.0,0.0,0.0,0.001214574898785425,0.00013129173139108478,0.0007641921397379913,0.00011851115803916429,0.9802398681640625,0.9593658447265625,0.004849660523763337,0.5,0.0,0.0,0.0,0.0,0.0,0.0,0.0,0.0
540769,0.0,0.0,0.9999919945513743,0.00040485829959514163,0.0,0.0,0.0,0.0,0.0,0.0,0.0,0.0,0.0,0.0,0.0,0.0,6.915712173219619e-09,0.9998132531667745,2.498764167787938e-11,0.14000321354103118,0.999932554492661,0.9999919946601717,0.9998132531667745,2.498764167787938e-11,0.14000321354103118,0.999932554492661,0.0,0.0,0.0,0.0,0.0,0.0,0.0,0.0,0.0,0.0,0.0,6.658271975e-09,0.0,0.0,0.0,0.0,0.0,0.0,0.0,0.0,0.0,0.0,0.0,0.0,0.0,0.0,0.0,0.0,0.0,0.0,0.0,0.0,0.0,0.0,0.0,0.0,0.00040485829959514163,0.0,0.0,0.0,0.0,0.0,0.0,0.0,0.0,0.0,0.0,0.0,0.00016591800751398632,4.3600443108446145e-11,5.74831794043771e-05,0.004468849638974847
375988,0.00033570872690095066,0.3529411764705882,0.9998694420305553,0.0,0.0001091703056768559,0.0,0.0,0.0,0.0,0.0,0.0,0.0,0.0,0.0,0.0,0.0,0.027777778028066837,0.9996480024728259,0.0,0.13995377536540385,0.9998728725483867,0.9998694421197557,0.9996480024200123,0.0,0.13995377534960354,0.9998728725293126,0.0,0.0,0.0,0.0,0.0,0.0,0.0,0.0,0.0,0.00022400179201433613,0.00017466104840294303,0.013888888888888899,0.027777777777777797,0.0,0.0,0.0,0.0,0.0,0.0,0.0,0.0,0.0,1.0,1.0,0.0,0.0,0.01282051282051282,0.0,0.0,0.0,0.0,0.0,0.0,0.0,0.0,0.0,0.0,0.0,0.0001091703056768559,0.0,0.003692626953125,0.0035247802734375,0.0,0.8,0.0,0.0,0.0,0.0,0.0,0.0,0.0,0.0
172368,0.0003204492393145438,0.3529411764705882,0.9998694420120596,0.0,0.0001091703056768559,0.0,0.0,0.0,0.0,0.0,0.0,0.0,0.0,0.0,0.0,0.0,0.5000000001287201,0.9996480024229464,0.0,0.13995377535048134,0.9998728725303723,0.9998694421197557,0.9996480024200123,0.0,0.13995377534960354,0.9998728725293126,0.0,0.0,0.0,0.0,0.0,0.0,0.0,0.0,0.0,0.00028000224001792015,0.00010916315525183939,0.25,0.5,0.0,0.0,0.0,0.0,0.0,0.0,0.0,0.0,1.0,0.0,0.0,0.0,0.0,0.01282051282051282,0.0,0.0,0.0,0.0,0.0,0.0,0.0,0.0,0.0,0.0,0.0,0.0001091703056768559,0.0,0.41021728515625,1.52587890625e-05,0.0,1.0,0.0,0.0,0.0,0.0,0.0,0.0,0.0,0.0
447208,0.0012207590069125479,0.3529411764705882,0.9998694429618697,0.00040485829959514163,0.0004366812227074236,1.873933400174171e-05,3.658029419551687e-05,0.0024984481688392303,0.0,0.004784393864606163,0.005897744508285693,0.33424657534246577,0.0,0.08361437822658314,0.2582845128885069,0.0016677438047429196,0.0020022885864441806,0.9996480028474116,2.0449421671873533e-10,0.1399537755593964,0.9998728725611029,0.9998694426028207,0.9996480030713807,2.2655461787947112e-10,0.13995377560416392,0.9998728726925028,5.2919220460047364e-06,1.9021211187637187e-06,2.1140948599793373e-06,3.239494171819339e-06,2.6959196958851607e-07,0.0,0.0,0.0,0.0,0.0005040040320322563,0.0005021505141584612,0.00085812356979405,0.0022883295194508,0.0,0.007572936064556177,0.032178213252469126,0.019724452737530655,0.0003890540357952733,0.0,0.0,0.0,1.0,0.0,0.0,0.0,0.0,0.01282051282051282,0.036760218180544146,0.004784393864606163,0.08361437822658314,0.0,0.0,0.0,0.0,0.0,0.0,0.00040485829959514163,1.873933400174171e-05,0.0004366812227074236,3.658029419551687e-05,0.1250152587890625,0.002288818359375,0.0009699321047526673,0.5,0.0,0.0,0.0,0.0,0.0,0.0,0.0,0.0
602263,0.000808752842079563,1.0,0.9998694429096465,0.0,0.0001091703056768559,4.190161640141004e-06,4.797415632198934e-06,0.000558659217877095,0.029411764705882353,0.0032094070644543143,0.0,0.043835616438356165,0.09302325581395349,0.04386328038115837,0.0,0.00027190426794534083,0.0006053271337976895,0.9996480048435721,0.0,0.13995377607466167,0.9998728734046056,0.9998694421197557,0.9996480024200123,0.0,0.13995377534960354,0.9998728725293126,0.0,0.0,0.0,0.0,0.0,0.0,0.0,0.0,0.0,5.600044800358403e-05,4.366526210073576e-05,0.00030266343825665,0.0006053268765133,0.04568527918781726,0.0009931719428926133,0.017981456609481593,0.0018347783885173808,3.366411734974006e-06,0.0,0.0,0.0,0.0,0.0,0.0,0.0,0.0,0.01282051282051282,0.026961269420549026,0.0032094070644543143,0.04386328038115837,0.0,0.0,0.0,0.0,0.0,0.0,0.0,4.190161640141004e-06,0.0001091703056768559,4.797415632198934e-06,0.0,0.0,0.0,0.2,0.0,0.0,0.0,0.0,0.0,0.0,0.0,0.0
1013253,0.006759953000778234,0.3529411764705882,0.9998694424537812,0.00040485829959514163,0.0,8.962290174746036e-06,0.0,0.0007138423339540658,0.0,0.0022881883700305848,0.0014884478239162674,0.0,0.0,0.0,0.0,0.00042490553439458506,0.001842752099717652,0.9996480030171,6.047009286045397e-10,0.13995377568755438,0.9998728725526255,0.9998694425625653,0.9996480030171,6.047009286045397e-10,0.13995377568755438,0.9998728725526255,0.0,0.0,0.0,0.0,0.0,1.0,0.0,0.0,0.0,0.0004200033600268802,0.0,0.00184275184275185,0.0,0.0,0.0007138423339540658,0.012196980678131594,0.002461221012286285,6.0576088713203884e-06,0.0,1.0,0.0,0.0,1.0,0.0,0.0,0.0,0.0,0.016256059503566324,0.0022881883700305848,0.0,0.0,0.0,0.0,0.0,0.0,0.0,0.00040485829959514163,8.962290174746036e-06,0.0,0.0,0.0039520263671875,0.0,0.0009699321047526673,0.5,0.0,0.0,0.0,0.0,0.0,0.0,0.0,0.0
462356,0.000808752842079563,1.0,0.9998694615533437,0.0,0.0001091703056768559,3.6081947456769753e-06,6.521486875020426e-06,0.0004810676598386096,0.025326797385620915,0.002763656083280104,0.0,0.05958904109589041,0.12645348837209303,0.05962664676813716,0.0,1.4754462302692645e-05,2.7836801247758692e-05,0.9996480551221688,0.0,0.13995379111654563,0.9998728915632271,0.9998694421197557,0.9996480024200123,0.0,0.13995377534960354,0.9998728725293126,0.0,0.0,0.0,0.0,0.0,0.0,0.0,0.0,0.0,5.600044800358403e-05,4.366526210073576e-05,1.391827190735e-05,2.78365438147e-05,0.03934010152284264,0.0013500931098696463,0.019700272314827395,0.0036695567770347617,1.3465646939897312e-05,0.0,0.0,0.0,0.0,0.0,0.0,0.0,0.0,0.01282051282051282,0.029538449585748562,0.002763656083280104,0.05962664676813716,0.0,0.0,0.0,0.0,0.0,0.0,0.0,3.6081947456769753e-06,0.0001091703056768559,6.521486875020426e-06,0.0,0.0,0.0,0.2,0.0,0.0,0.0,0.0,0.0,0.0,0.0,0.0
492107,0.7922115575358979,0.3529411764705882,0.999877798875228,0.00020242914979757084,0.0,0.0,0.0,0.0,0.0,0.0,0.0,0.0,0.0,0.0,0.0,0.0,6.535268168317561e-08,0.9996705393344562,0.0,0.13996051773451812,0.9998810119629145,0.9998777989840131,0.9996705393344562,0.0,0.13996051773451812,0.9998810119629145,0.0,0.0,0.0,0.0,0.0,0.0,0.0,0.0,0.0,0.00028000224001792015,0.0,6.509524149999999e-08,0.0,0.0,0.0,0.0,0.0,0.0,0.0,0.0,0.0,0.0,1.0,1.0,0.0,0.0,0.0,0.0,0.0,0.0,0.0,0.0,0.0,0.0,0.0,0.0,0.00020242914979757084,0.0,0.0,0.0,0.0009307861328125,0.0,0.0,0.5,0.0,0.0,0.0,0.0,0.0,0.0,0.0,0.0
579128,0.006759953000778234,0.3529411764705882,0.9999965248675103,0.03238866396761133,0.03275109170305677,0.00019472612288766385,0.02949286219513548,0.005788330229671012,0.0,0.0009263868217423375,0.0036298724541826886,1.0,0.0,0.8988545659357688,0.4202407934864336,7.597382642857496e-06,9.869379550209225e-07,0.9996487474611355,3.6370577394640385e-06,0.13996264912189843,0.9998728725293126,0.9999965249763083,0.9996501444132417,6.038821695579266e-06,0.13996264912189843,0.9998728725483867,0.9357858844671413,0.0033748252184205465,0.022432322786298364,0.08565178225124671,0.0,0.0,0.0,0.0,0.0,0.02262418099344795,0.033534921293365064,3.445890736e-07,1.2841828829499998e-06,0.0,0.02265673494723774,0.33923257639006466,0.07942340620684325,0.00630807745349787,0.0,0.0,0.0,1.0,0.0,0.0,0.0,0.0,0.01282051282051282,0.3398308554694425,0.0009263868217423375,0.8988545659357688,0.0,0.0,0.0,0.0,0.0,0.0,0.03238866396761133,0.00019472612288766385,0.03275109170305677,0.02949286219513548,0.1250152587890625,0.0164947509765625,0.016488845780795344,0.5,0.0019518184100747302,0.009693247633876849,0.018472185868266273,0.0002991100837993155,2.949021642694231e-05,1.3457328507549033e-07,1.0317785301000939e-05,0.0007935015472506546
96528,0.0003204492393145438,0.3529411764705882,0.9998694420120596,0.0,0.0001091703056768559,0.0,0.0,0.0,0.0,0.0,0.0,0.0,0.0,0.0,0.0,0.0,0.5000000001287201,0.9996480024229464,0.0,0.13995377535048134,0.9998728725303723,0.9998694421197557,0.9996480024200123,0.0,0.13995377534960354,0.9998728725293126,0.0,0.0,0.0,0.0,0.0,0.0,0.0,0.0,0.0,0.00028000224001792015,0.00010916315525183939,0.25,0.5,0.0,0.0,0.0,0.0,0.0,0.0,0.0,0.0,1.0,0.0,0.0,0.0,0.0,0.01282051282051282,0.0,0.0,0.0,0.0,0.0,0.0,0.0,0.0,0.0,0.0,0.0,0.0001091703056768559,0.0,0.41021728515625,1.52587890625e-05,0.0,1.0,0.0,0.0,0.0,0.0,0.0,0.0,0.0,0.0
332804,0.00033570872690095066,0.3529411764705882,0.9998694420164115,0.0,0.0001091703056768559,0.0,0.0,0.0,0.0,0.0,0.0,0.0,0.0,0.0,0.0,0.0,0.1000000002316962,0.9996480024346828,0.0,0.1399537753539925,0.999872872534611,0.9998694421197557,0.9996480024200123,0.0,0.13995377534960354,0.9998728725293126,0.0,0.0,0.0,0.0,0.0,0.0,0.0,0.0,0.0,0.00022400179201433613,0.00017466104840294303,0.049999999999999996,0.09999999999999999,0.0,0.0,0.0,0.0,0.0,0.0,0.0,0.0,0.0,1.0,1.0,0.0,0.0,0.01282051282051282,0.0,0.0,0.0,0.0,0.0,0.0,0.0,0.0,0.0,0.0,0.0,0.0001091703056768559,0.0,0.003692626953125,0.0035247802734375,0.0,0.8,0.0,0.0,0.0,0.0,0.0,0.0,0.0,0.0
322605,0.00033570872690095066,0.3529411764705882,0.9998698626071653,0.004655870445344129,0.00240174672489083,0.0002244064345053293,0.00019976738530953374,0.009931719428926133,0.0,0.007161732430862675,0.008499464429141854,0.6684931506849315,0.0,0.08302247316464642,0.2737832352974904,2.6683928315726673e-05,2.9748073554816654e-05,0.9996480276260123,4.449857624536587e-08,0.1399538462938206,0.9998728725314319,0.9998698617639632,0.9996480516244762,6.307107404566577e-08,0.1399538462938206,0.9998728728270817,0.0032216221367816177,0.00016542505592960393,0.00042546572321059816,0.0010102283052351858,1.168231868216903e-07,0.0,0.0,0.0,0.0,0.005432043456347651,0.0038862083269654824,1.5520599715975e-05,2.8454432812599998e-05,0.0,0.015145872129112354,0.03876196661798819,0.022738972032170367,0.0005170608490798572,0.0,0.0,0.0,1.0,0.0,0.0,0.0,0.0,0.0,0.03958859029687839,0.007161732430862675,0.08302247316464642,0.0,0.0,0.0,0.0,0.0,0.0,0.004655870445344129,0.0002244064345053293,0.00240174672489083,0.00019976738530953374,0.41021728515625,0.0035247802734375,0.015518913676042677,0.8,0.0,0.0,0.0,0.0,0.0,0.0,0.0,0.0
644681,0.000808752842079563,1.0,0.9998694431468271,0.0,0.0001091703056768559,3.840981503462586e-06,8.020679260082593e-06,0.0005121042830540037,0.02696078431372549,0.0029419564757497884,0.0,0.07328767123287672,0.1555232558139535,0.07333392188724916,0.0,0.00030117825234865357,0.0004789274603820299,0.9996480054832041,0.0,0.13995377626602085,0.9998728736356152,0.9998694421197557,0.9996480024200123,0.0,0.13995377534960354,0.9998728725293126,0.0,0.0,0.0,0.0,0.0,0.0,0.0,0.0,0.0,5.600044800358403e-05,4.366526210073576e-05,0.000239463601532575,0.00047892720306515,0.04187817258883248,0.0016604593420235878,0.022873470540032362,0.004849057169652267,2.3513355434591417e-05,0.0,0.0,0.0,0.0,0.0,0.0,0.0,0.0,0.01282051282051282,0.034296320659963096,0.0029419564757497884,0.07333392188724916,0.0,0.0,0.0,0.0,0.0,0.0,0.0,3.840981503462586e-06,0.0001091703056768559,8.020679260082593e-06,0.0,0.0,0.0,0.2,0.0,0.0,0.0,0.0,0.0,0.0,0.0,0.0
419314,0.0012207590069125479,0.3529411764705882,0.9998753655115397,0.0006072874493927125,0.0004366812227074236,1.1290157752602148e-05,1.7390631666721135e-05,0.0015052762259466172,0.0,0.00216189225869492,0.00307724762244161,0.1589041095890411,0.0,0.03975109784542478,0.12279099793060165,1.3571758447725997e-07,3.676024522053644e-07,0.9996502845033635,4.783827192599839e-06,0.1399585000618845,0.9998728725780577,0.9998695095649839,0.9996480630491067,8.355653718500499e-08,0.1399538294375357,0.999872872649056,0.045371014529542834,0.016308094519555612,0.03720498015682665,0.0455686419307988,1.2760686560523095e-06,0.0,0.0,0.0,0.0,0.0006440051520412163,0.0005021505141584612,1.8367250604999997e-07,3.6734501209999994e-07,0.0,0.0036002482929857233,0.014499753001301439,0.009080349962925583,8.245275544926571e-05,0.0,0.0,0.0,1.0,0.0,0.0,0.0,0.0,0.01282051282051282,0.016305620660589392,0.00216189225869492,0.03975109784542478,0.0,0.0,0.0,0.0,0.0,0.0,0.0006072874493927125,1.1290157752602148e-05,0.0004366812227074236,1.7390631666721135e-05,0.1250152587890625,0.002166748046875,0.0009699321047526673,0.5,0.0,0.0,0.0,0.0,0.0,0.0,0.0,0.0
1047850,0.006790471975951048,0.3529411764705882,0.9998696237511153,0.00040485829959514163,0.0001091703056768559,0.0,0.0,0.0,0.0,0.0,0.0,0.0,0.0,0.0,0.0,0.0,5.986739961133774e-06,0.9996481657931765,2.2708603657937975e-07,0.13995392192809283,0.9998728725303723,0.9998696238598994,0.9996482474797587,2.782640435675962e-07,0.13995392197812712,0.9998728725303723,0.0,0.0,0.0,0.0,0.0,0.0,0.0,0.0,0.0,0.0005040040320322563,0.00017466104840294303,4.48986189185e-06,2.99324126125e-06,0.0,0.0,0.0,0.0,0.0,0.0,0.0,0.0,1.0,0.0,0.0,0.0,0.0,0.0,0.0,0.0,0.0,0.0,0.0,0.0,0.0,0.0,0.0,0.00040485829959514163,0.0,0.0001091703056768559,0.0,0.1250152587890625,0.1250152587890625,0.0,0.5,0.0,0.0,0.0,0.0,0.0,0.0,0.0,0.0
88507,0.0003204492393145438,0.3529411764705882,0.9998694420120596,0.0,0.0001091703056768559,0.0,0.0,0.0,0.0,0.0,0.0,0.0,0.0,0.0,0.0,0.0,0.5000000001287201,0.9996480024229464,0.0,0.13995377535048134,0.9998728725303723,0.9998694421197557,0.9996480024200123,0.0,0.13995377534960354,0.9998728725293126,0.0,0.0,0.0,0.0,0.0,0.0,0.0,0.0,0.0,0.00028000224001792015,0.00010916315525183939,0.25,0.5,0.0,0.0,0.0,0.0,0.0,0.0,0.0,0.0,1.0,0.0,0.0,0.0,0.0,0.01282051282051282,0.0,0.0,0.0,0.0,0.0,0.0,0.0,0.0,0.0,0.0,0.0,0.0001091703056768559,0.0,0.41021728515625,1.52587890625e-05,0.0,1.0,0.0,0.0,0.0,0.0,0.0,0.0,0.0,0.0
315873,0.00033570872690095066,0.3529411764705882,0.9998694420185875,0.0,0.0001091703056768559,0.0,0.0,0.0,0.0,0.0,0.0,0.0,0.0,0.0,0.0,0.0,0.07142857166762312,0.999648002440551,0.0,0.1399537753557481,0.9998728725367303,0.9998694421197557,0.9996480024200123,0.0,0.13995377534960354,0.9998728725293126,0.0,0.0,0.0,0.0,0.0,0.0,0.0,0.0,0.0,0.00022400179201433613,0.00017466104840294303,0.03571428571428575,0.0714285714285715,0.0,0.0,0.0,0.0,0.0,0.0,0.0,0.0,0.0,1.0,1.0,0.0,0.0,0.01282051282051282,0.0,0.0,0.0,0.0,0.0,0.0,0.0,0.0,0.0,0.0,0.0,0.0001091703056768559,0.0,0.003692626953125,0.0035247802734375,0.0,0.8,0.0,0.0,0.0,0.0,0.0,0.0,0.0,0.0
1000469,0.7655227137472723,0.3529411764705882,0.9998694422742638,0.00040485829959514163,0.0001091703056768559,3.6081947456769753e-06,0.0,0.0004810676598386096,0.0,0.0009212186944237298,0.0011355905574977371,0.0,0.0,0.0,0.0,0.0002877016811986951,0.004132231661335074,0.9996480026566957,2.893136189582073e-10,0.13995377554447389,0.9998728725293126,0.9998694423612882,0.9996480027456964,3.698170968325206e-10,0.13995377554447389,0.9998728725293126,0.0,0.0,0.0,0.0,0.0,0.0,0.0,0.0,0.0,0.0004200033600268802,0.00010916315525183939,0.003099173553719,0.00206611570247935,0.0,0.0004810676598386096,0.00245922862453385,0.001573486074458089,2.4758584265130856e-06,0.0,0.0,0.0,0.0,1.0,0.0,0.0,0.0,0.0,0.00307279173543022,0.0009212186944237298,0.0,0.0,0.0,0.0,0.0,0.0,0.0,0.00040485829959514163,3.6081947456769753e-06,0.0001091703056768559,0.0,0.0158538818359375,1.52587890625e-05,0.0009699321047526673,0.5,0.0,0.0,0.0,0.0,0.0,0.0,0.0,0.0
911936,0.000808752842079563,1.0,0.9998694753370154,0.0,0.0001091703056768559,4.422948397926615e-06,7.4959619253108346e-06,0.0005896958410924892,0.03104575163398693,0.0033877074569239984,0.0,0.0684931506849315,0.14534883720930233,0.06853637559555996,0.0,1.0118449836621e-05,1.6323590007572654e-05,0.9996480922941775,0.0,0.13995380223732223,0.9998729049882724,0.9998694421197557,0.9996480024200123,0.0,0.13995377534960354,0.9998728725293126,0.0,0.0,0.0,0.0,0.0,0.0,0.0,0.0,0.0,5.600044800358403e-05,4.366526210073576e-05,8.161666285800001e-06,1.6323332571600002e-05,0.048223350253807105,0.0015518311607697084,0.023270120318182985,0.004062723574581497,1.6505722843420145e-05,0.0,0.0,0.0,0.0,0.0,0.0,0.0,0.0,0.01282051282051282,0.034891054544239915,0.0033877074569239984,0.06853637559555996,0.0,0.0,0.0,0.0,0.0,0.0,0.0,4.422948397926615e-06,0.0001091703056768559,7.4959619253108346e-06,0.0,0.0,0.0,0.2,0.0,0.0,0.0,0.0,0.0,0.0,0.0,0.0
948291,0.05171440343033281,0.3529411764705882,0.99987189450795,0.0014170040485829958,0.0007641921397379913,0.00013361959896894088,0.00011851115803916429,0.010505896958410926,0.0,0.012793053159699837,0.014474463116787318,0.8034246575342466,0.0,0.15479429973794248,0.4552779038383969,2.7190282046933184e-06,1.6638438837216601e-06,0.9996484748435783,5.86925932705919e-07,0.13995461199295306,0.9998728725324916,0.9998718946167344,0.9996489472671443,9.437764141418311e-07,0.13995484032569683,0.9998728725324916,0.017030813545343675,0.003060765996995119,0.003564886864326493,0.007978363527246637,0.00183070920148575,0.0,0.0,0.0,0.0,0.0012040096320770567,0.0008296399799139793,8.87246103425e-07,1.5526806809999999e-06,0.0,0.01820297951582868,0.06765357778581528,0.036254867373183286,0.0013144154082471075,0.0,0.0,0.0,1.0,0.0,0.0,0.0,0.0,0.0,0.07213461200849491,0.012793053159699837,0.15479429973794248,0.0,0.0,0.0,0.0,0.0,0.0,0.0014170040485829958,0.00013361959896894088,0.0007641921397379913,0.00011851115803916429,0.1250152587890625,0.9590606689453125,0.004849660523763337,0.5,0.0,0.0,0.0,0.0,0.0,0.0,0.0,0.0
89807,0.0003204492393145438,0.3529411764705882,0.9998694420120596,0.0,0.0001091703056768559,0.0,0.0,0.0,0.0,0.0,0.0,0.0,0.0,0.0,0.0,0.0,0.5000000001287201,0.9996480024229464,0.0,0.13995377535048134,0.9998728725303723,0.9998694421197557,0.9996480024200123,0.0,0.13995377534960354,0.9998728725293126,0.0,0.0,0.0,0.0,0.0,0.0,0.0,0.0,0.0,0.00028000224001792015,0.00010916315525183939,0.25,0.5,0.0,0.0,0.0,0.0,0.0,0.0,0.0,0.0,1.0,0.0,0.0,0.0,0.0,0.01282051282051282,0.0,0.0,0.0,0.0,0.0,0.0,0.0,0.0,0.0,0.0,0.0,0.0001091703056768559,0.0,0.41021728515625,1.52587890625e-05,0.0,1.0,0.0,0.0,0.0,0.0,0.0,0.0,0.0,0.0
297411,0.00033570872690095066,0.3529411764705882,0.9998698597109513,0.004251012145748988,0.00240174672489083,0.0002225441404430444,0.00019976738530953374,0.009931719428926133,0.0,0.007747962509137994,0.008736085312671723,0.6684931506849315,0.0,0.08302247316464642,0.2737832352974904,2.6775347511667602e-05,2.865198526224883e-05,0.9996480286167436,6.609987496771214e-08,0.13995392318860553,0.9998728725324916,0.9998698596957053,0.9996480560450105,9.055833254456546e-08,0.13995392318860553,0.9998728727465463,0.0031994377328659254,0.00016428592287715126,0.0005754595461393536,0.0017334558425763204,8.087759087655482e-08,0.0,0.0,0.0,0.0,0.004984039872318979,0.0038862083269654824,1.4325863914699999e-05,2.8651727829399997e-05,0.0,0.015145872129112354,0.04034368965767097,0.023123658359639084,0.0005347035759330538,0.0,0.0,0.0,1.0,0.0,0.0,0.0,0.0,0.01282051282051282,0.04124389376264055,0.007747962509137994,0.08302247316464642,0.0,0.0,0.0,0.0,0.0,0.0,0.004251012145748988,0.0002225441404430444,0.00240174672489083,0.00019976738530953374,0.41021728515625,0.0035247802734375,0.015518913676042677,0.8,0.0,0.0,0.0,0.0,0.0,0.0,0.0,0.0
242336,0.00033570872690095066,0.3529411764705882,0.9998694420185875,0.0,0.0001091703056768559,0.0,0.0,0.0,0.0,0.0,0.0,0.0,0.0,0.0,0.0,0.0,0.07142857166762312,0.999648002440551,0.0,0.1399537753557481,0.9998728725367303,0.9998694421197557,0.9996480024200123,0.0,0.13995377534960354,0.9998728725293126,0.0,0.0,0.0,0.0,0.0,0.0,0.0,0.0,0.0,0.00022400179201433613,0.00017466104840294303,0.03571428571428575,0.0714285714285715,0.0,0.0,0.0,0.0,0.0,0.0,0.0,0.0,0.0,1.0,1.0,0.0,0.0,0.01282051282051282,0.0,0.0,0.0,0.0,0.0,0.0,0.0,0.0,0.0,0.0,0.0,0.0001091703056768559,0.0,0.003692626953125,0.0035247802734375,0.0,0.8,0.0,0.0,0.0,0.0,0.0,0.0,0.0,0.0
306365,0.00033570872690095066,0.3529411764705882,0.9998694420174995,0.0,0.0001091703056768559,0.0,0.0,0.0,0.0,0.0,0.0,0.0,0.0,0.0,0.0,0.0,0.08333333356932011,0.9996480024376169,0.0,0.1399537753548703,0.9998728725356706,0.9998694421197557,0.9996480024200123,0.0,0.13995377534960354,0.9998728725293126,0.0,0.0,0.0,0.0,0.0,0.0,0.0,0.0,0.0,0.00022400179201433613,0.00017466104840294303,0.04166666666666675,0.0833333333333335,0.0,0.0,0.0,0.0,0.0,0.0,0.0,0.0,0.0,1.0,1.0,0.0,0.0,0.01282051282051282,0.0,0.0,0.0,0.0,0.0,0.0,0.0,0.0,0.0,0.0,0.0,0.0001091703056768559,0.0,0.003692626953125,0.0035247802734375,0.0,0.8,0.0,0.0,0.0,0.0,0.0,0.0,0.0,0.0
39354,0.0003204492393145438,0.3529411764705882,0.9998694420131475,0.0,0.0001091703056768559,0.0,0.0,0.0,0.0,0.0,0.0,0.0,0.0,0.0,0.0,0.0,0.25000000019308016,0.9996480024258805,0.0,0.13995377535135914,0.9998728725314319,0.9998694421197557,0.9996480024200123,0.0,0.13995377534960354,0.9998728725293126,0.0,0.0,0.0,0.0,0.0,0.0,0.0,0.0,0.0,0.00028000224001792015,0.00010916315525183939,0.125,0.25,0.0,0.0,0.0,0.0,0.0,0.0,0.0,0.0,1.0,0.0,0.0,0.0,0.0,0.01282051282051282,0.0,0.0,0.0,0.0,0.0,0.0,0.0,0.0,0.0,0.0,0.0,0.0001091703056768559,0.0,0.41021728515625,1.52587890625e-05,0.0,1.0,0.0,0.0,0.0,0.0,0.0,0.0,0.0,0.0
456143,0.0012207590069125479,0.3529411764705882,0.9999957578288619,0.0034412955465587046,0.0017467248908296944,0.00010184420653120495,0.00010584298238538899,0.0067039106145251395,0.0,0.004333690094748276,0.008849714983076566,0.48356164383561645,0.0,0.06048335146308166,0.2552622750202291,4.4241218923526106e-08,7.346969343108596e-08,0.999658325158061,1.107652642879044e-05,0.13996256601671847,0.9998728725886544,0.9999957579376597,0.9996680406762244,1.0904490947268612e-05,0.13996264924040067,0.9998728728546333,0.9346020273361691,0.06718641122755657,0.05352058298226266,0.08462321355394317,0.0008570059121249338,0.0,0.0,0.0,0.0,0.0026040208321666575,0.002532585201842674,3.87594282e-08,6.890565009999999e-08,0.0,0.010955927995034141,0.025918229789459003,0.02150551178910087,0.00046248703731129693,0.0,0.0,0.0,1.0,0.0,0.0,0.0,0.0,0.0,0.02666973320278493,0.004333690094748276,0.06048335146308166,0.0,0.0,0.0,0.0,0.0,0.0,0.0034412955465587046,0.00010184420653120495,0.0017467248908296944,0.00010584298238538899,0.1250152587890625,0.0027008056640625,0.012609117361784675,0.5,0.0019027750800709084,0.005669665084284395,0.01156568208461655,0.0009357683563357706,2.9466764340175417e-05,1.6221891925635005e-07,1.0221156564579227e-05,0.0007842194715543917
344473,0.00033570872690095066,0.3529411764705882,0.9998694420153236,0.0,0.0001091703056768559,0.0,0.0,0.0,0.0,0.0,0.0,0.0,0.0,0.0,0.0,0.0,0.1250000002252602,0.9996480024317487,0.0,0.1399537753531147,0.9998728725335513,0.9998694421197557,0.9996480024200123,0.0,0.13995377534960354,0.9998728725293126,0.0,0.0,0.0,0.0,0.0,0.0,0.0,0.0,0.0,0.00022400179201433613,0.00017466104840294303,0.0625,0.125,0.0,0.0,0.0,0.0,0.0,0.0,0.0,0.0,0.0,1.0,1.0,0.0,0.0,0.01282051282051282,0.0,0.0,0.0,0.0,0.0,0.0,0.0,0.0,0.0,0.0,0.0,0.0001091703056768559,0.0,0.003692626953125,0.0035247802734375,0.0,0.8,0.0,0.0,0.0,0.0,0.0,0.0,0.0,0.0
535761,0.000808752842079563,1.0,0.9998694433981514,0.0,0.0001091703056768559,5.470488807961865e-06,9.8946697414103e-06,0.0007293606455617629,0.03839869281045752,0.0041900592230375774,0.0,0.09041095890410959,0.19186046511627908,0.09046801578613914,0.0,0.0003153108520218866,0.00039215712008434304,0.9996480061609793,0.0,0.13995377646879134,0.9998728738804005,0.9998694421197557,0.9996480024200123,0.0,0.13995377534960354,0.9998728725293126,0.0,0.0,0.0,0.0,0.0,0.0,0.0,0.0,0.0,5.600044800358403e-05,4.366526210073576e-05,0.00019607843137255,0.0003921568627451,0.05964467005076142,0.002048417132216015,0.029880949954000223,0.005569862965143265,3.102337345049739e-05,0.0,0.0,0.0,0.0,0.0,0.0,0.0,0.0,0.01282051282051282,0.04480328594885353,0.0041900592230375774,0.09046801578613914,0.0,0.0,0.0,0.0,0.0,0.0,0.0,5.470488807961865e-06,0.0001091703056768559,9.8946697414103e-06,0.0,0.0,0.0,0.2,0.0,0.0,0.0,0.0,0.0,0.0,0.0,0.0
878352,0.8346634520012818,0.3529411764705882,0.9998694421513216,0.00020242914979757084,0.0,0.0,0.0,0.0,0.0,0.0,0.0,0.0,0.0,0.0,0.0,0.0,0.0038759692486904453,0.9996480027985101,0.0,0.13995377546283902,0.9998728726660109,0.9998694422601057,0.9996480027985101,0.0,0.13995377546283902,0.9998728726660109,0.0,0.0,0.0,0.0,0.0,0.0,0.0,0.0,0.0,0.00028000224001792015,0.0,0.003875968992248075,0.0,0.0,0.0,0.0,0.0,0.0,0.0,0.0,0.0,0.0,1.0,0.0,0.0,0.0,0.0,0.0,0.0,0.0,0.0,0.0,0.0,0.0,0.0,0.0,0.00020242914979757084,0.0,0.0,0.0,0.0039520263671875,0.0,0.0,0.5,0.0,0.0,0.0,0.0,0.0,0.0,0.0,0.0
117314,0.0003204492393145438,0.3529411764705882,0.9998694420120596,0.0,0.0001091703056768559,0.0,0.0,0.0,0.0,0.0,0.0,0.0,0.0,0.0,0.0,0.0,0.5000000001287201,0.9996480024229464,0.0,0.13995377535048134,0.9998728725303723,0.9998694421197557,0.9996480024200123,0.0,0.13995377534960354,0.9998728725293126,0.0,0.0,0.0,0.0,0.0,0.0,0.0,0.0,0.0,0.00028000224001792015,0.00010916315525183939,0.25,0.5,0.0,0.0,0.0,0.0,0.0,0.0,0.0,0.0,1.0,0.0,0.0,0.0,0.0,0.01282051282051282,0.0,0.0,0.0,0.0,0.0,0.0,0.0,0.0,0.0,0.0,0.0,0.0001091703056768559,0.0,0.41021728515625,1.52587890625e-05,0.0,1.0,0.0,0.0,0.0,0.0,0.0,0.0,0.0,0.0
258004,0.00033570872690095066,0.3529411764705882,0.9998698481173918,0.004251012145748988,0.002183406113537118,0.0002225441404430444,0.00019976738530953374,0.009931719428926133,0.0,0.007747962509137994,0.008736085312671723,0.6684931506849315,0.0,0.09132472048108364,0.284505952267003,2.7539732340366537e-05,2.8130406254833105e-05,0.9996480291320554,4.7986743790709146e-08,0.13995386607403845,0.9998728725314319,0.9998698475951451,0.9996480544910596,6.281240596549884e-08,0.13995386607403845,0.999872872750785,0.0031106751159966396,0.0001765415918324884,0.00045641346913772056,0.0011925691361001488,1.168231868216903e-07,0.0,0.0,0.0,0.0,0.004984039872318979,0.003536886230159596,1.4734839859075e-05,2.6790617925599997e-05,0.0,0.015145872129112354,0.042220140339421265,0.023527104438524276,0.00055352464326126,0.0,0.0,0.0,1.0,0.0,0.0,0.0,0.0,0.0,0.04320788870373378,0.007747962509137994,0.09132472048108364,0.0,0.0,0.0,0.0,0.0,0.0,0.004251012145748988,0.0002225441404430444,0.002183406113537118,0.00019976738530953374,0.41021728515625,0.0035247802734375,0.015518913676042677,0.8,0.0,0.0,0.0,0.0,0.0,0.0,0.0,0.0
564970,0.000808752842079563,1.0,0.9998694832401326,0.0,0.0001091703056768559,3.957374882355392e-06,1.4242327658090586e-05,0.0005276225946617008,0.02777777777777778,0.0030311066719846303,0.0,0.13013698630136986,0.2761627906976744,0.1302191136315639,0.0,1.3275845170159462e-05,1.319461025380318e-05,0.9996481136074201,0.0,0.1399538086136204,0.9998729126857646,0.9998694421197557,0.9996480024200123,0.0,0.13995377534960354,0.9998728725293126,0.0,0.0,0.0,0.0,0.0,0.0,0.0,0.0,0.0,5.600044800358403e-05,4.366526210073576e-05,6.5971764085e-06,1.3194352817e-05,0.04314720812182741,0.0029484792054624456,0.0341118809209534,0.010222336736033514,0.0001044961683448187,0.0,0.0,0.0,0.0,0.0,0.0,0.0,0.0,0.01282051282051282,0.05114711404780624,0.0030311066719846303,0.1302191136315639,0.0,0.0,0.0,0.0,0.0,0.0,0.0,3.957374882355392e-06,0.0001091703056768559,1.4242327658090586e-05,0.0,0.0,0.0,0.2,0.0,0.0,0.0,0.0,0.0,0.0,0.0,0.0
579918,0.0012207590069125479,0.3529411764705882,0.9999282818923445,0.00020242914979757084,0.0,0.0,0.0,0.0,0.0,0.0,0.0,0.0,0.0,0.0,0.0,0.0,9.502735797553616e-09,0.9998066826775464,0.0,0.14000124783645637,0.9999301815022579,0.999928282001135,0.9998066826775464,0.0,0.14000124783645637,0.9999301815022579,0.0,0.0,0.0,0.0,0.0,0.0,0.0,0.0,0.0,0.00028000224001792015,0.0,9.2452956e-09,0.0,0.0,0.0,0.0,0.0,0.0,0.0,0.0,0.0,0.0,1.0,0.0,0.0,0.0,0.0,0.0,0.0,0.0,0.0,0.0,0.0,0.0,0.0,0.0,0.00020242914979757084,0.0,0.0,0.0,0.0042724609375,0.0,0.0,0.5,0.0,0.0,0.0,0.0,0.0,0.0,0.0,0.0
905550,0.006790471975951048,0.3529411764705882,0.9998697928739063,0.001214574898785425,0.0005458515283842794,4.236718991698126e-05,4.3626498405309054e-05,0.0015983860955927996,0.0,0.004635810204211788,0.003122753177557378,0.28013698630136985,0.0,0.07977634119323179,0.1768140889716656,6.588283859462549e-06,9.30290031865506e-06,0.9996480884393144,7.802986463460455e-08,0.13995383355088004,0.9998728725324916,0.9998697929826904,0.9996481601220661,6.225912264721604e-08,0.13995383593672506,0.9998728725324916,0.0021574791163463565,0.0005816109753910249,1.880788731232765e-05,0.0005560378290885566,0.0005693512805739872,0.0,0.0,0.0,0.0,0.0010640085120680967,0.0006113136694103006,5.426541680499999e-06,7.7522024007e-06,0.0,0.006346989447548107,0.02886389924079452,0.01243174391600464,0.0001545482567931324,0.0,0.0,0.0,1.0,0.0,0.0,0.0,0.0,0.0,0.031256569695868375,0.004635810204211788,0.07977634119323179,0.0,0.0,0.0,0.0,0.0,0.0,0.001214574898785425,4.236718991698126e-05,0.0005458515283842794,4.3626498405309054e-05,0.1250152587890625,0.00390625,0.0038797284190106693,0.5,0.0,0.0,0.0,0.0,0.0,0.0,0.0,0.0
496164,0.05171440343033281,0.3529411764705882,0.9998723979454361,0.0014170040485829958,0.001091703056768559,0.00013129173139108478,0.00011851115803916429,0.010257603972687771,0.0,0.012570177669112732,0.014125094513264254,0.8034246575342466,0.0,0.10835600981658029,0.38925880432353016,2.239406125235036e-06,1.6565623853985345e-06,0.999648471338103,5.349177243191303e-07,0.13995465233199236,0.9998728725324916,0.9998723980542206,0.9996491412210896,9.670372324322549e-07,0.1399548543967402,0.9998728725324916,0.021741115856682716,0.002604865507401032,0.0032129163941787384,0.008363042996667716,0.0008753381660569529,0.0,0.0,0.0,0.0,0.0012040096320770567,0.0011571294456694976,7.36135531375e-07,1.8403388284499998e-06,0.0,0.01820297951582868,0.05655390784262492,0.03369767366365153,0.0011355332103422503,0.0,0.0,1.0,1.0,0.0,0.0,0.0,1.0,0.01282051282051282,0.05967163305577394,0.012570177669112732,0.10835600981658029,0.0,0.0,0.0,0.0,0.0,0.0,0.0014170040485829958,0.00013129173139108478,0.001091703056768559,0.00011851115803916429,0.1250152587890625,0.9593658447265625,0.004849660523763337,0.5,0.0,0.0,0.0,0.0,0.0,0.0,0.0,0.0
619546,0.000808752842079563,1.0,0.9998694687318634,0.00020242914979757084,0.0002183406113537118,1.0242617342566898e-05,1.4991923850621669e-05,0.0006828057107386717,0.03594771241830066,0.003922608634333051,0.0,0.0684931506849315,0.14534883720930233,0.06853637559555996,0.0,2.633662967955261e-05,4.0716869807567844e-05,0.9996480264404436,2.5975968238884937e-08,0.13995379354715817,0.9998728725600432,0.999869464674756,0.9996480632466689,0.0,0.13995379354715817,0.9998728944974722,2.4167832966005885e-07,2.6060557060223225e-07,0.0,2.427527932371081e-07,2.6060557060223225e-07,0.0,0.0,0.0,0.0,0.00011200089600716806,8.733052420147152e-05,2.0358306188924998e-05,4.0716612377849995e-05,0.055837563451776644,0.0015518311607697084,0.02633754526920123,0.003481247225624216,1.2119082245907967e-05,0.0,0.0,0.0,0.0,0.0,0.0,0.0,0.0,0.01282051282051282,0.03290860826331719,0.003922608634333051,0.06853637559555996,0.0,0.0,0.0,0.0,0.0,0.0,0.00020242914979757084,1.0242617342566898e-05,0.0002183406113537118,1.4991923850621669e-05,0.0,0.0,0.0009699321047526673,0.2,0.0,0.0,0.0,0.0,0.0,0.0,0.0,0.0
710552,0.000808752842079563,1.0,0.9998694434688704,0.0,0.0001091703056768559,4.53934177681942e-06,1.581647966240586e-05,0.0006052141527001862,0.031862745098039214,0.0034768576531588407,0.0,0.14452054794520547,0.3066860465116279,0.14461175250663152,0.0,0.00041901665172173834,0.00037313458570234015,0.9996480063516953,0.0,0.13995377652584798,0.9998728739492795,0.9998694421197557,0.9996480024200123,0.0,0.13995377534960354,0.9998728725293126,0.0,0.0,0.0,0.0,0.0,0.0,0.0,0.0,0.0,5.600044800358403e-05,4.366526210073576e-05,0.00018656716417909998,0.00037313432835819996,0.049492385786802026,0.0032743637492240844,0.03821059529516326,0.011270781529468775,0.0001270305162850553,0.0,0.0,0.0,0.0,0.0,0.0,0.0,0.0,0.01282051282051282,0.057292697518666676,0.0034768576531588407,0.14461175250663152,0.0,0.0,0.0,0.0,0.0,0.0,0.0,4.53934177681942e-06,0.0001091703056768559,1.581647966240586e-05,0.0,0.0,0.0,0.2,0.0,0.0,0.0,0.0,0.0,0.0,0.0,0.0
420523,0.7699021866845711,0.3529411764705882,0.999869452446916,0.00020242914979757084,0.0001091703056768559,4.422948397926615e-06,0.0,0.0005896958410924892,0.0,0.0016938537284619992,0.0017048622912648017,0.0,0.0,0.0,0.0,8.897551253407523e-06,7.819041588547066e-05,0.9996480164919165,1.5912130220470903e-08,0.13995378375185105,0.999872872550506,0.9998694525557001,0.9996480305638206,0.0,0.13995378376940693,0.9998728826937323,0.0,0.0,0.0,0.0,0.0,1.0,0.0,0.0,0.0,0.00028000224001792015,0.00010916315525183939,5.2126772310249995e-05,5.2126772310249995e-05,0.0,0.0005896958410924892,0.007536345784861798,0.0024900563844172563,6.200380797580036e-06,0.0,1.0,0.0,0.0,1.0,0.0,0.0,0.0,0.0,0.010044394489995244,0.0016938537284619992,0.0,0.0,0.0,0.0,0.0,0.0,0.0,0.00020242914979757084,4.422948397926615e-06,0.0001091703056768559,0.0,0.00189208984375,1.52587890625e-05,0.0,0.5,0.0,0.0,0.0,0.0,0.0,0.0,0.0,0.0
131140,0.0003204492393145438,0.3529411764705882,0.9998694420305553,0.0,0.0001091703056768559,0.0,0.0,0.0,0.0,0.0,0.0,0.0,0.0,0.0,0.0,0.0,0.027777778028066837,0.9996480024728259,0.0,0.13995377536540385,0.9998728725483867,0.9998694421197557,0.9996480024200123,0.0,0.13995377534960354,0.9998728725293126,0.0,0.0,0.0,0.0,0.0,0.0,0.0,0.0,0.0,0.00028000224001792015,0.00010916315525183939,0.013888888888888899,0.027777777777777797,0.0,0.0,0.0,0.0,0.0,0.0,0.0,0.0,1.0,0.0,0.0,0.0,0.0,0.01282051282051282,0.0,0.0,0.0,0.0,0.0,0.0,0.0,0.0,0.0,0.0,0.0,0.0001091703056768559,0.0,0.41021728515625,1.52587890625e-05,0.0,1.0,0.0,0.0,0.0,0.0,0.0,0.0,0.0,0.0
473387,0.000808752842079563,1.0,0.9998695055274889,0.00020242914979757084,0.0002183406113537118,6.983602733568339e-06,1.7840389382239785e-05,0.0004655493482309125,0.024509803921568627,0.002674505887045262,0.0,0.08150684931506849,0.17296511627906977,0.08155828695871635,0.0,1.1464318558788995e-05,1.7129411255590202e-05,0.9996480595174383,4.674241841641569e-08,0.139953810164683,0.9998728725303723,0.9998694624835559,0.999648057337408,0.0,0.13995379177928036,0.999872892363283,8.33373550551927e-09,8.98639898628387e-09,0.0,8.370785973693382e-09,8.98639898628387e-09,0.0,0.0,0.0,0.0,0.00011200089600716806,8.733052420147152e-05,8.564576909899999e-06,1.7129153819799998e-05,0.03807106598984771,0.0018466790813159528,0.02602022544668073,0.0055326964835839786,3.061073037941231e-05,0.0,0.0,0.0,0.0,0.0,0.0,0.0,0.0,0.01282051282051282,0.03251211900713265,0.002674505887045262,0.08155828695871635,0.0,0.0,0.0,0.0,0.0,0.0,0.00020242914979757084,6.983602733568339e-06,0.0002183406113537118,1.7840389382239785e-05,0.0,0.0,0.0009699321047526673,0.2,0.0,0.0,0.0,0.0,0.0,0.0,0.0,0.0
829659,0.006759953000778234,0.3529411764705882,0.9999349224930867,0.0016194331983805667,0.0007641921397379913,0.0002940096750832271,0.00031595479515185166,0.020437616387337057,0.0,0.02502148840991531,0.029887549283319693,1.0,0.0,0.41268689019329396,0.6928279536641594,2.515539358131387e-07,6.671902743282385e-08,0.9996597750018316,3.64571621357466e-05,0.14000640041467005,0.9998728725303723,0.9999349226018779,0.9996700760109234,4.9907222524958185e-05,0.14000640041467005,0.9998728727878737,0.001268202868023406,0.0002279205397559531,0.0003532810837764739,0.0006825455175089847,8.98639898628387e-09,0.0,0.0,0.0,0.0,0.0013440107520860168,0.0008296399799139793,3.7384642825e-08,5.815388885e-08,0.0,0.02265673494723774,0.15728330320666448,0.06293371352394174,0.003960652297914159,0.0,0.0,0.0,1.0,0.0,0.0,0.0,0.0,0.0,0.1670458797462509,0.02502148840991531,0.41268689019329396,0.0,0.0,0.0,0.0,0.0,0.0,0.0016194331983805667,0.0002940096750832271,0.0007641921397379913,0.00031595479515185166,0.1250152587890625,0.007843017578125,0.0038797284190106693,0.5,0.0,0.0,0.0,0.0,0.0,0.0,0.0,0.0
726366,0.05171440343033281,0.3529411764705882,0.9998718266003286,0.0014170040485829958,0.0007641921397379913,0.00013245566518001284,0.00011851115803916429,0.010505896958410926,0.0,0.012681615414406284,0.014450156496087474,0.8034246575342466,0.0,0.15479429973794248,0.4552779038383969,2.78621267915059e-06,1.7112190001594636e-06,0.9996484617625588,5.836446427511453e-07,0.13995461198241954,0.9998728725897141,0.9998718267091129,0.9996489211051054,9.471912970502401e-07,0.13995483718055965,0.9998728725897141,0.016639269650087864,0.002990397999733023,0.0036088232034904863,0.007978263077814952,0.0017591594927569578,0.0,0.0,0.0,0.0,0.0012040096320770567,0.0008296399799139793,9.125128322e-07,1.59689745635e-06,0.0,0.01820297951582868,0.06740567167447115,0.03624687204100493,0.001313835732757029,0.0,0.0,0.0,1.0,0.0,0.0,0.0,0.0,0.0,0.07187028583773164,0.012681615414406284,0.15479429973794248,0.0,0.0,0.0,0.0,0.0,0.0,0.0014170040485829958,0.00013245566518001284,0.0007641921397379913,0.00011851115803916429,0.1250152587890625,0.9592132568359375,0.004849660523763337,0.5,0.0,0.0,0.0,0.0,0.0,0.0,0.0,0.0
71155,0.0003204492393145438,0.3529411764705882,0.9998694420120596,0.0,0.0001091703056768559,0.0,0.0,0.0,0.0,0.0,0.0,0.0,0.0,0.0,0.0,0.0,0.5000000001287201,0.9996480024229464,0.0,0.13995377535048134,0.9998728725303723,0.9998694421197557,0.9996480024200123,0.0,0.13995377534960354,0.9998728725293126,0.0,0.0,0.0,0.0,0.0,0.0,0.0,0.0,0.0,0.00028000224001792015,0.00010916315525183939,0.25,0.5,0.0,0.0,0.0,0.0,0.0,0.0,0.0,0.0,1.0,0.0,0.0,0.0,0.0,0.01282051282051282,0.0,0.0,0.0,0.0,0.0,0.0,0.0,0.0,0.0,0.0,0.0,0.0001091703056768559,0.0,0.41021728515625,1.52587890625e-05,0.0,1.0,0.0,0.0,0.0,0.0,0.0,0.0,0.0,0.0
468501,0.006759953000778234,0.3529411764705882,0.9998696058875028,0.002226720647773279,0.002292576419213974,0.00011231961063155745,0.0018373352275129387,0.008022967101179392,0.0,0.007169161613888188,0.01063841805655206,1.0,0.0,0.799950048677526,0.5890245492885557,0.00037986837194105787,5.4772405290974396e-05,0.9996480162307823,2.7660741512031144e-08,0.13995380677464123,0.9998728725303723,0.9998696059538555,0.9996480425863951,4.152635409843673e-08,0.13995380789909578,0.9998728725536852,0.0009627881292171358,5.190948442431946e-05,0.00016326274762466352,0.000354904583712652,8.98639898628387e-09,0.0,0.0,0.0,0.0,0.001764014112112897,0.002357924153439731,1.9917144678149997e-05,6.971000637349999e-05,0.0,0.02265673494723774,0.2972073455342875,0.0792749327354311,0.006284514960207844,0.0,0.0,0.0,1.0,0.0,0.0,0.0,0.0,0.01282051282051282,0.3060897057744683,0.007169161613888188,0.799950048677526,0.0,0.0,0.0,0.0,0.0,0.0,0.002226720647773279,0.00011231961063155745,0.002292576419213974,0.0018373352275129387,0.1250152587890625,0.0009613037109375,0.002909796314258002,0.5,0.0,0.0,0.0,0.0,0.0,0.0,0.0,0.0
503160,0.7711992431294157,0.3529411764705882,0.999869442057755,0.0,0.0001091703056768559,0.0,0.0,0.0,0.0,0.0,0.0,0.0,0.0,0.0,0.0,0.0,0.011627907231190884,0.9996480025461782,0.0,0.1399537753873487,0.9998728725748787,0.9998694421197557,0.9996480024200123,0.0,0.13995377534960354,0.9998728725293126,0.0,0.0,0.0,0.0,0.0,0.0,0.0,0.0,0.0,0.00014000112000896008,0.00010916315525183939,0.0058139534883721,0.0116279069767442,0.0,0.0,0.0,0.0,0.0,0.0,0.0,0.0,0.0,1.0,1.0,0.0,0.0,0.01282051282051282,0.0,0.0,0.0,0.0,0.0,0.0,0.0,0.0,0.0,0.0,0.0,0.0001091703056768559,0.0,0.0027618408203125,0.0038909912109375,0.0,0.5,0.0,0.0,0.0,0.0,0.0,0.0,0.0,0.0
494173,0.000808752842079563,1.0,0.9998694423558626,0.0,0.0001091703056768559,5.121308671283449e-06,4.497577155186501e-06,0.0006828057107386717,0.03594771241830066,0.003922608634333051,0.0,0.0410958904109589,0.0872093023255814,0.041121825357335974,0.0,0.0007368348338667714,0.0015772873232801931,0.9996480033501194,0.0,0.13995377562786435,0.9998728728652301,0.9998694421197557,0.9996480024200123,0.0,0.13995377534960354,0.9998728725293126,0.0,0.0,0.0,0.0,0.0,0.0,0.0,0.0,0.0,5.600044800358403e-05,4.366526210073576e-05,0.000788643533123025,0.00157728706624605,0.055837563451776644,0.000931098696461825,0.019568055722084077,0.0010484447934352606,1.0992364848891821e-06,0.0,0.0,0.0,0.0,0.0,0.0,0.0,0.0,0.01282051282051282,0.029340204957656293,0.003922608634333051,0.041121825357335974,0.0,0.0,0.0,0.0,0.0,0.0,0.0,5.121308671283449e-06,0.0001091703056768559,4.497577155186501e-06,0.0,0.0,0.0,0.2,0.0,0.0,0.0,0.0,0.0,0.0,0.0,0.0
74288,0.0003204492393145438,0.3529411764705882,0.9998694420120596,0.0,0.0001091703056768559,0.0,0.0,0.0,0.0,0.0,0.0,0.0,0.0,0.0,0.0,0.0,0.5000000001287201,0.9996480024229464,0.0,0.13995377535048134,0.9998728725303723,0.9998694421197557,0.9996480024200123,0.0,0.13995377534960354,0.9998728725293126,0.0,0.0,0.0,0.0,0.0,0.0,0.0,0.0,0.0,0.00028000224001792015,0.00010916315525183939,0.25,0.5,0.0,0.0,0.0,0.0,0.0,0.0,0.0,0.0,1.0,0.0,0.0,0.0,0.0,0.01282051282051282,0.0,0.0,0.0,0.0,0.0,0.0,0.0,0.0,0.0,0.0,0.0,0.0001091703056768559,0.0,0.41021728515625,1.52587890625e-05,0.0,1.0,0.0,0.0,0.0,0.0,0.0,0.0,0.0,0.0
832948,0.006790471975951048,0.3529411764705882,0.9998701821949063,0.001012145748987854,0.0005458515283842794,0.0001691195795312466,2.5336351307550622e-05,0.016821849782743637,0.0,0.02158920585487389,0.026466744822591468,0.09931506849315068,0.0,0.04633058990259853,0.07384276992570547,5.912546768067602e-06,4.042437217684315e-06,0.9996482020339045,1.817498163240179e-07,0.1399539157370093,0.9998728726045496,0.9998701197380714,0.9996483679022203,1.627387619785991e-07,0.1399539158133774,0.9998728736780021,0.005669065246307011,0.0015282607106036335,0.00032911191168732127,0.0017709402221665193,0.0013822968784691712,0.0,0.0,0.0,0.0,0.0009240073920591365,0.0006113136694103006,2.204825333725e-06,3.67470888955e-06,0.0,0.016821849782743637,0.059199979388980174,0.03416762961765844,0.001167426913689242,0.0,0.0,0.0,1.0,0.0,0.0,0.0,0.0,0.0,0.06455565980241804,0.02158920585487389,0.04633058990259853,0.0,0.0,0.0,0.0,0.0,0.0,0.001012145748987854,0.0001691195795312466,0.0005458515283842794,2.5336351307550622e-05,0.1250152587890625,0.00384521484375,0.0038797284190106693,0.5,0.0,0.0,0.0,0.0,0.0,0.0,0.0,0.0
194720,0.00033570872690095066,0.3529411764705882,0.9998698684594323,0.004251012145748988,0.002183406113537118,0.0002225441404430444,0.00019976738530953374,0.009931719428926133,0.0,0.007747962509137994,0.008736085312671723,0.6684931506849315,0.0,0.09132472048108364,0.284505952267003,2.6226058117947445e-05,2.6788568545103546e-05,0.9996480304700728,4.9555855602585605e-08,0.13995386875570018,0.9998728725324916,0.9998698685138171,0.9996480571774302,6.655806126071558e-08,0.13995386875570018,0.999872872783635,0.0032664576338013113,0.0001853827895298881,0.0004989200279288658,0.001222837898181024,6.290479290398709e-08,0.0,0.0,0.0,0.0,0.004984039872318979,0.003536886230159596,1.4031972487125e-05,2.5512677249349997e-05,0.0,0.015145872129112354,0.042220140339421265,0.023527104438524276,0.00055352464326126,0.0,0.0,0.0,1.0,0.0,0.0,0.0,0.0,0.0,0.04320788870373378,0.007747962509137994,0.09132472048108364,0.0,0.0,0.0,0.0,0.0,0.0,0.004251012145748988,0.0002225441404430444,0.002183406113537118,0.00019976738530953374,0.41021728515625,0.0035247802734375,0.015518913676042677,0.8,0.0,0.0,0.0,0.0,0.0,0.0,0.0,0.0
701031,0.000808752842079563,1.0,0.9998694571502716,0.0,0.0001091703056768559,3.957374882355392e-06,1.1618740984231794e-05,0.0005276225946617008,0.02777777777777778,0.0030311066719846303,0.0,0.10616438356164383,0.2252906976744186,0.10623138217311794,0.0,3.0505255397785962e-05,3.5932704430599485e-05,0.9996480432478994,0.0,0.1399537875641119,0.9998728872747151,0.9998694421197557,0.9996480024200123,0.0,0.13995377534960354,0.9998728725293126,0.0,0.0,0.0,0.0,0.0,0.0,0.0,0.0,0.0,5.600044800358403e-05,4.366526210073576e-05,1.7966223499824998e-05,3.5932446999649996e-05,0.04314720812182741,0.002405338299193048,0.029484300175849604,0.007928863750378276,6.286688037214333e-05,0.0,0.0,0.0,0.0,0.0,0.0,0.0,0.0,0.01282051282051282,0.04420855206457671,0.0030311066719846303,0.10623138217311794,0.0,0.0,0.0,0.0,0.0,0.0,0.0,3.957374882355392e-06,0.0001091703056768559,1.1618740984231794e-05,0.0,0.0,0.0,0.2,0.0,0.0,0.0,0.0,0.0,0.0,0.0,0.0
380262,0.00033570872690095066,0.3529411764705882,0.9998694420164115,0.0,0.0001091703056768559,0.0,0.0,0.0,0.0,0.0,0.0,0.0,0.0,0.0,0.0,0.0,0.1000000002316962,0.9996480024346828,0.0,0.1399537753539925,0.999872872534611,0.9998694421197557,0.9996480024200123,0.0,0.13995377534960354,0.9998728725293126,0.0,0.0,0.0,0.0,0.0,0.0,0.0,0.0,0.0,0.00022400179201433613,0.00017466104840294303,0.049999999999999996,0.09999999999999999,0.0,0.0,0.0,0.0,0.0,0.0,0.0,0.0,0.0,1.0,1.0,0.0,0.0,0.01282051282051282,0.0,0.0,0.0,0.0,0.0,0.0,0.0,0.0,0.0,0.0,0.0,0.0001091703056768559,0.0,0.003692626953125,0.0035247802734375,0.0,0.8,0.0,0.0,0.0,0.0,0.0,0.0,0.0,0.0
970239,0.0012207590069125479,0.3529411764705882,0.9999286670866204,0.00020242914979757084,0.0,0.0,0.0,0.0,0.0,0.0,0.0,0.0,0.0,0.0,0.0,0.0,9.442605272569095e-09,0.9998077214751353,0.0,0.14000155861427874,0.9999305566744681,0.999928667195411,0.9998077214751353,0.0,0.14000155861427874,0.9999305566744681,0.0,0.0,0.0,0.0,0.0,0.0,0.0,0.0,0.0,0.00028000224001792015,0.0,9.185165074999998e-09,0.0,0.0,0.0,0.0,0.0,0.0,0.0,0.0,0.0,0.0,1.0,0.0,0.0,0.0,0.0,0.0,0.0,0.0,0.0,0.0,0.0,0.0,0.0,0.0,0.00020242914979757084,0.0,0.0,0.0,0.0042724609375,0.0,0.0,0.5,0.0,0.0,0.0,0.0,0.0,0.0,0.0,0.0
713650,0.05171440343033281,0.3529411764705882,0.9998718117504323,0.0014170040485829958,0.0007641921397379913,0.00013245566518001284,0.00011851115803916429,0.010505896958410926,0.0,0.012681615414406284,0.014450156496087474,0.8034246575342466,0.0,0.15479429973794248,0.4552779038383969,2.8036723914677145e-06,1.7219406858567034e-06,0.9996484589020289,5.744440389576051e-07,0.1399545983028724,0.9998728725324916,0.9998718118592167,0.9996489153840455,9.354910988082752e-07,0.13995482541021526,0.9998728725324916,0.016524589115796413,0.002969787693657981,0.003532802919025425,0.007847812749200914,0.0017572274169749067,0.0,0.0,0.0,0.0,0.0012040096320770567,0.0008296399799139793,9.18231064575e-07,1.6069043629999999e-06,0.0,0.01820297951582868,0.06740567167447115,0.03624687204100493,0.001313835732757029,0.0,0.0,0.0,1.0,0.0,0.0,0.0,0.0,0.0,0.07187028583773164,0.012681615414406284,0.15479429973794248,0.0,0.0,0.0,0.0,0.0,0.0,0.0014170040485829958,0.00013245566518001284,0.0007641921397379913,0.00011851115803916429,0.1250152587890625,0.9592132568359375,0.004849660523763337,0.5,0.0,0.0,0.0,0.0,0.0,0.0,0.0,0.0
444222,0.7676590420093693,0.3529411764705882,0.9998694420555789,0.00020242914979757084,0.0,0.0,0.0,0.0,0.0,0.0,0.0,0.0,0.0,0.0,0.0,0.0,0.012195122205520213,0.99964800254031,0.0,0.13995377538559312,0.9998728725727594,0.999869442164363,0.99964800254031,0.0,0.13995377538559312,0.9998728725727594,0.0,0.0,0.0,0.0,0.0,0.0,0.0,0.0,0.0,0.00028000224001792015,0.0,0.012195121951219525,0.0,0.0,0.0,0.0,0.0,0.0,1.0,0.0,0.0,0.0,0.0,0.0,0.0,0.0,0.0,0.0,0.0,0.0,0.0,0.0,0.0,0.0,0.0,0.0,0.00020242914979757084,0.0,0.0,0.0,1.52587890625e-05,0.0,0.0,0.5,0.0,0.0,0.0,0.0,0.0,0.0,0.0,0.0
568773,0.000808752842079563,1.0,0.9998694622518296,0.0,0.0001091703056768559,4.306555019033809e-06,1.6491116235683837e-05,0.0005741775294847921,0.03022875816993464,0.0032985572606891566,0.0,0.1506849315068493,0.31976744186046513,0.1507800263102319,0.0,3.102579112447479e-05,2.687619809120599e-05,0.9996480570058557,0.0,0.13995379168008962,0.9998728922435396,0.9998694421197557,0.9996480024200123,0.0,0.13995377534960354,0.9998728725293126,0.0,0.0,0.0,0.0,0.0,0.0,0.0,0.0,0.0,5.600044800358403e-05,4.366526210073576e-05,1.3437970328949999e-05,2.6875940657899998e-05,0.04695431472081218,0.0034140285536933585,0.03887167825876085,0.011991587324959772,0.0001437981665721414,0.0,0.0,0.0,0.0,0.0,0.0,0.0,0.0,0.01282051282051282,0.05828392065912804,0.0032985572606891566,0.1507800263102319,0.0,0.0,0.0,0.0,0.0,0.0,0.0,4.306555019033809e-06,0.0001091703056768559,1.6491116235683837e-05,0.0,0.0,0.0,0.2,0.0,0.0,0.0,0.0,0.0,0.0,0.0,0.0
872002,0.7700242625852624,0.3529411764705882,0.9998694424320215,0.00020242914979757084,0.0,0.0,0.0,0.0,0.0,0.0,0.0,0.0,0.0,0.0,0.0,0.0,0.0012919899211902902,0.9996480035555058,0.0,0.13995377568930994,0.9998728729394075,0.9998694425408056,0.9996480035555058,0.0,0.13995377568930994,0.9998728729394075,0.0,0.0,0.0,0.0,0.0,0.0,0.0,0.0,0.0,0.00028000224001792015,0.0,0.0012919896640827,0.0,0.0,0.0,0.0,0.0,0.0,0.0,0.0,0.0,0.0,1.0,0.0,0.0,0.0,0.0,0.0,0.0,0.0,0.0,0.0,0.0,0.0,0.0,0.0,0.00020242914979757084,0.0,0.0,0.0,0.00189208984375,0.0,0.0,0.5,0.0,0.0,0.0,0.0,0.0,0.0,0.0,0.0
405136,0.006759953000778234,0.3529411764705882,0.9998698850294315,0.0014170040485829958,0.000982532751091703,5.9593409993116494e-05,0.00033806788283151866,0.0030105524518932343,0.0,0.005705612559029892,0.00547455584789747,0.9794520547945206,0.0,0.3434433932621873,0.7003335463030687,2.769960291389242e-05,1.0437594123887945e-05,0.999648077091181,8.086255729929575e-08,0.13995385992157786,0.999872872544148,0.9998697812607488,0.9996481330772149,9.546503759256973e-08,0.13995385995756743,0.9998728727645608,0.002590508346948643,0.00034917327241129945,0.0005354347603653007,0.0009363058943014996,9.166126966009547e-07,0.0,0.0,0.0,0.0,0.0012040096320770567,0.0010479662904176582,4.911687852424999e-06,1.1051297667949998e-05,0.0,0.02219118559900683,0.11066528810402324,0.058039194281055154,0.0033685480727936408,0.0,0.0,0.0,1.0,0.0,0.0,0.0,0.0,0.01282051282051282,0.11712759085640596,0.005705612559029892,0.3434433932621873,0.0,0.0,0.0,0.0,0.0,0.0,0.0014170040485829958,5.9593409993116494e-05,0.000982532751091703,0.00033806788283151866,0.1250152587890625,0.0027008056640625,0.0038797284190106693,0.5,0.0,0.0,0.0,0.0,0.0,0.0,0.0,0.0
614362,0.7581371217554514,0.3529411764705882,0.9998699990588789,0.00020242914979757084,0.0,0.0,0.0,0.0,0.0,0.0,0.0,0.0,0.0,0.0,0.0,0.0,9.768199399485273e-07,0.9996495046750019,0.0,0.13995422478031003,0.9998734150838301,0.9998699991676631,0.9996495046750019,0.0,0.13995422478031003,0.9998734150838301,0.0,0.0,0.0,0.0,0.0,0.0,0.0,0.0,0.0,0.00028000224001792015,0.0,9.765625e-07,0.0,0.0,0.0,0.0,0.0,0.0,0.0,0.0,0.0,0.0,1.0,1.0,0.0,0.0,0.0,0.0,0.0,0.0,0.0,0.0,0.0,0.0,0.0,0.0,0.00020242914979757084,0.0,0.0,0.0,0.0009613037109375,0.0,0.0,0.5,0.0,0.0,0.0,0.0,0.0,0.0,0.0,0.0
632951,0.05171440343033281,0.3529411764705882,0.9998742785141475,0.0020242914979757085,0.0008733624454148472,0.00013361959896894088,0.0002064387914230604,0.010505896958410926,0.0,0.00930403866159664,0.012835261684409164,0.8034246575342466,0.0,0.23593647298771517,0.5507409112443676,1.971398608464907e-06,1.0687825153998525e-06,0.9996487270396179,1.104003487139434e-06,0.1399554380430804,0.9998728726013706,0.9998742786229321,0.9996493067353025,1.4172240534466448e-06,0.1399554380430804,0.9998728726013706,0.03592334193394283,0.005533815509354621,0.008040553506908143,0.016881271994501734,0.001107960090215897,0.0,0.0,0.0,0.0,0.0017080136641093129,0.0009388031351658187,6.18619780525e-07,8.998105898499999e-07,0.0,0.01820297951582868,0.07738637171718614,0.04207131140638686,0.0017699952434527193,0.0,0.0,0.0,1.0,0.0,0.0,0.0,0.0,0.0,0.08142637250693972,0.00930403866159664,0.23593647298771517,0.0,0.0,0.0,0.0,0.0,0.0,0.0020242914979757085,0.00013361959896894088,0.0008733624454148472,0.0002064387914230604,0.1250152587890625,0.9590606689453125,0.004849660523763337,0.5,0.0,0.0,0.0,0.0,0.0,0.0,0.0,0.0
167913,0.0003204492393145438,0.3529411764705882,0.9998694420131475,0.0,0.0001091703056768559,0.0,0.0,0.0,0.0,0.0,0.0,0.0,0.0,0.0,0.0,0.0,0.25000000019308016,0.9996480024258805,0.0,0.13995377535135914,0.9998728725314319,0.9998694421197557,0.9996480024200123,0.0,0.13995377534960354,0.9998728725293126,0.0,0.0,0.0,0.0,0.0,0.0,0.0,0.0,0.0,0.00028000224001792015,0.00010916315525183939,0.125,0.25,0.0,0.0,0.0,0.0,0.0,0.0,0.0,0.0,1.0,0.0,0.0,0.0,0.0,0.01282051282051282,0.0,0.0,0.0,0.0,0.0,0.0,0.0,0.0,0.0,0.0,0.0,0.0001091703056768559,0.0,0.41021728515625,1.52587890625e-05,0.0,1.0,0.0,0.0,0.0,0.0,0.0,0.0,0.0,0.0
877355,0.006759953000778234,0.3529411764705882,0.9999979564414646,0.003036437246963563,0.0018558951965065502,0.00014572451037379267,0.0004696220146207238,0.009342023587833644,0.0,0.0069760028553763915,0.00974466423388227,0.9794520547945206,0.0,0.2525767018271625,0.5747014222778712,1.429260239049972e-07,7.010072210695326e-08,0.9996588330327126,3.389445281572586e-05,0.14000552332431254,0.9998728725303723,0.9999979565502627,0.9996711077271063,4.8519437770647844e-05,0.14000552332431254,0.9998728725632222,0.983105351359081,0.06625612943178756,0.23701241783847582,0.49479779508474986,8.98639898628387e-09,0.0,0.0,0.0,0.0,0.0023240185921487373,0.0019212715324323734,3.3863409425e-08,7.1959745e-08,0.0,0.02219118559900683,0.08769459948111705,0.04764295354512775,0.0022698510225029906,0.0,0.0,0.0,1.0,0.0,0.0,0.0,0.0,0.01282051282051282,0.09031544662846966,0.0069760028553763915,0.2525767018271625,0.0,0.0,0.0,0.0,0.0,0.0,0.003036437246963563,0.00014572451037379267,0.0018558951965065502,0.0004696220146207238,0.1250152587890625,0.002777099609375,0.007759456838021339,0.5,0.004435127209337979,0.007240391831399939,0.007329095785752641,0.0015411586329233174,0.00017243673917666523,2.4333174763123124e-06,6.016882956497422e-05,0.004611214314052209
1042857,0.0012207590069125479,0.3529411764705882,0.9998695567682804,0.0006072874493927125,0.0003275109170305677,5.0747513197263264e-05,5.9068179971449376e-05,0.006765983860955929,0.0,0.009717371389597785,0.013831752199840638,0.5397260273972603,0.0,0.180022213231027,0.4815863067148438,2.6062718943008648e-05,1.659155222057867e-05,0.9996480539998787,4.591725538534163e-08,0.1399538198414879,0.9998728725801771,0.9998695568770646,0.999648105579745,6.261037269199523e-08,0.13995383135639416,0.9998728845057797,0.0003628258427037925,0.0001956204263329204,0.00033792032685983723,0.00035117958395435847,1.423445599427365e-05,0.0,0.0,0.0,0.0,0.0006440051520412163,0.00039298735890662184,9.48073987695e-06,1.42211098154e-05,0.0,0.012228429546865302,0.060687416057045,0.03388041627034194,0.0011478826066517133,0.0,0.0,0.0,1.0,0.0,0.0,0.0,0.0,0.0,0.06932897850996621,0.009717371389597785,0.180022213231027,0.0,0.0,0.0,0.0,0.0,0.0,0.0006072874493927125,5.0747513197263264e-05,0.0003275109170305677,5.9068179971449376e-05,0.1250152587890625,0.0044097900390625,0.0009699321047526673,0.5,0.0,0.0,0.0,0.0,0.0,0.0,0.0,0.0
116641,0.0003204492393145438,0.3529411764705882,0.9998694420131475,0.0,0.0001091703056768559,0.0,0.0,0.0,0.0,0.0,0.0,0.0,0.0,0.0,0.0,0.0,0.25000000019308016,0.9996480024258805,0.0,0.13995377535135914,0.9998728725314319,0.9998694421197557,0.9996480024200123,0.0,0.13995377534960354,0.9998728725293126,0.0,0.0,0.0,0.0,0.0,0.0,0.0,0.0,0.0,0.00028000224001792015,0.00010916315525183939,0.125,0.25,0.0,0.0,0.0,0.0,0.0,0.0,0.0,0.0,1.0,0.0,0.0,0.0,0.0,0.01282051282051282,0.0,0.0,0.0,0.0,0.0,0.0,0.0,0.0,0.0,0.0,0.0,0.0001091703056768559,0.0,0.41021728515625,1.52587890625e-05,0.0,1.0,0.0,0.0,0.0,0.0,0.0,0.0,0.0,0.0
561847,0.006790471975951048,0.3529411764705882,0.9998702776067682,0.001214574898785425,0.0005458515283842794,4.236718991698126e-05,4.3626498405309054e-05,0.0015983860955927996,0.0,0.004635810204211788,0.003122753177557378,0.28013698630136985,0.0,0.07977634119323179,0.1768140889716656,2.7663909022843347e-06,3.906395544619338e-06,0.9996482072788336,1.8741305582389103e-07,0.13995391004187957,0.999872872609848,0.9998702777155524,0.999648377994518,1.4726228120331128e-07,0.13995391194142653,0.9998728729839139,0.0051210971356126025,0.0013805400374673526,1.592421148230772e-05,0.0013019501964184003,0.0013697967974792503,0.0,0.0,0.0,0.0,0.0010640085120680967,0.0006113136694103006,2.2785805615e-06,3.25511508785e-06,0.0,0.006346989447548107,0.02886389924079452,0.01243174391600464,0.0001545482567931324,0.0,0.0,0.0,1.0,0.0,0.0,0.0,0.0,0.0,0.031256569695868375,0.004635810204211788,0.07977634119323179,0.0,0.0,0.0,0.0,0.0,0.0,0.001214574898785425,4.236718991698126e-05,0.0005458515283842794,4.3626498405309054e-05,0.1250152587890625,0.0039520263671875,0.0038797284190106693,0.5,0.0,0.0,0.0,0.0,0.0,0.0,0.0,0.0
224555,0.00033570872690095066,0.3529411764705882,0.9998699098768145,0.004251012145748988,0.00240174672489083,0.00022813102262989908,0.00019976738530953374,0.009931719428926133,0.0,0.00794247202819421,0.008752921671849528,0.6684931506849315,0.0,0.08302247316464642,0.2737832352974904,2.4155111960053677e-05,2.5579868158439716e-05,0.9996480317629771,5.730998083652713e-08,0.13995386208007415,0.9998728725335513,0.9998699098670084,0.9996480624879966,8.759582178187442e-08,0.13995389418452467,0.9998728728143657,0.0035837062770254185,0.00018401748750846326,0.0004801822584780587,0.0010758803796268631,8.986398986283869e-08,0.0,0.0,0.0,0.0,0.004984039872318979,0.0038862083269654824,1.2789805362425e-05,2.557961072485e-05,0.0,0.015145872129112354,0.040766782754378186,0.02312472522348347,0.0005347529166616369,0.0,0.0,0.0,1.0,0.0,0.0,0.0,0.0,0.01282051282051282,0.04167642749665645,0.00794247202819421,0.08302247316464642,0.0,0.0,0.0,0.0,0.0,0.0,0.004251012145748988,0.00022813102262989908,0.00240174672489083,0.00019976738530953374,0.41021728515625,0.0035247802734375,0.015518913676042677,0.8,0.0,0.0,0.0,0.0,0.0,0.0,0.0,0.0
473712,0.000808752842079563,1.0,0.9998696732054368,0.00020242914979757084,0.0002183406113537118,7.681963006925173e-06,1.8290147097758435e-05,0.0005121042830540037,0.02696078431372549,0.0029419564757497884,0.0,0.08356164383561644,0.17732558139534885,0.08361437822658314,0.0,3.276445277135991e-06,4.706184083013441e-06,0.9996482102495571,1.5341860520024402e-07,0.13995388780647092,0.9998728725303723,0.9998695815046748,0.9996483783153121,0.0,0.13995388780647092,0.9998730082876854,8.33373550551927e-09,8.98639898628387e-09,0.0,8.370785973693382e-09,8.98639898628387e-09,0.0,0.0,0.0,0.0,0.00011200089600716806,8.733052420147152e-05,2.352963322e-06,4.705926644e-06,0.04187817258883248,0.0018932340161390442,0.027210174781132593,0.0055326964835839786,3.061073037941231e-05,0.0,0.0,0.0,0.0,0.0,0.0,0.0,0.0,0.01282051282051282,0.03399895371782469,0.0029419564757497884,0.08361437822658314,0.0,0.0,0.0,0.0,0.0,0.0,0.00020242914979757084,7.681963006925173e-06,0.0002183406113537118,1.8290147097758435e-05,0.0,0.0,0.0009699321047526673,0.2,0.0,0.0,0.0,0.0,0.0,0.0,0.0,0.0
496244,0.000808752842079563,1.0,0.9998694436005165,0.0,0.0001091703056768559,5.004915292390643e-06,7.4210023060577264e-06,0.0006672873991309746,0.035130718954248366,0.003833458438098209,0.0,0.06780821917808219,0.1438953488372093,0.06785101183960436,0.0,0.00021829018066971272,0.00034223160574362087,0.9996480067067204,0.0,0.1399537766320611,0.9998728740775004,0.9998694421197557,0.9996480024200123,0.0,0.13995377534960354,0.9998728725293126,0.0,0.0,0.0,0.0,0.0,0.0,0.0,0.0,0.0,5.600044800358403e-05,4.366526210073576e-05,0.00017111567419574999,0.00034223134839149997,0.05456852791878172,0.0015363128491620113,0.024460069652634846,0.0036695567770347617,1.3465646939897312e-05,0.0,0.0,0.0,0.0,0.0,0.0,0.0,0.0,0.01282051282051282,0.03667525619707036,0.003833458438098209,0.06785101183960436,0.0,0.0,0.0,0.0,0.0,0.0,0.0,5.004915292390643e-06,0.0001091703056768559,7.4210023060577264e-06,0.0,0.0,0.0,0.2,0.0,0.0,0.0,0.0,0.0,0.0,0.0,0.0
191730,0.00033570872690095066,0.3529411764705882,0.9998698780870043,0.004251012145748988,0.00240174672489083,0.00023185561075446886,0.00019976738530953374,0.009931719428926133,0.0,0.008072145040904297,0.008762855224543722,0.6684931506849315,0.0,0.08302247316464642,0.2737832352974904,2.609532306320247e-05,2.7444614000184656e-05,0.9996480297692276,8.148658509301095e-08,0.13995396855916203,0.9998728725335513,0.9998698781413893,0.9996480584138006,1.1508002527017809e-07,0.13995396855916203,0.9998728727158157,0.00334018619181864,0.0001715131272809298,0.000685713454591863,0.0021800289034868887,7.189119189027096e-08,0.0,0.0,0.0,0.0,0.004984039872318979,0.0038862083269654824,1.3722178283525e-05,2.744435656705e-05,0.0,0.015145872129112354,0.041048844818836444,0.023125076332472176,0.0005347691553824363,0.0,0.0,0.0,1.0,0.0,0.0,0.0,0.0,0.01282051282051282,0.04196478331934693,0.008072145040904297,0.08302247316464642,0.0,0.0,0.0,0.0,0.0,0.0,0.004251012145748988,0.00023185561075446886,0.00240174672489083,0.00019976738530953374,0.41021728515625,0.0035247802734375,0.015518913676042677,0.8,0.0,0.0,0.0,0.0,0.0,0.0,0.0,0.0
505194,0.0012207590069125479,0.3529411764705882,0.9998694421001864,0.00020242914979757084,0.0,0.0,0.0,0.0,0.0,0.0,0.0,0.0,0.0,0.0,0.0,0.0,0.006097561231480194,0.9996480026606078,0.0,0.1399537754215827,0.999872872616206,0.9998694422089704,0.9996480026606078,0.0,0.1399537754215827,0.999872872616206,0.0,0.0,0.0,0.0,0.0,0.0,0.0,0.0,0.0,0.00028000224001792015,0.0,0.00609756097560975,0.0,0.0,0.0,0.0,0.0,0.0,0.0,0.0,0.0,0.0,1.0,0.0,0.0,0.0,0.0,0.0,0.0,0.0,0.0,0.0,0.0,0.0,0.0,0.0,0.00020242914979757084,0.0,0.0,0.0,0.0042724609375,0.0,0.0,0.5,0.0,0.0,0.0,0.0,0.0,0.0,0.0,0.0
300192,0.00033570872690095066,0.3529411764705882,0.9998698331652249,0.004251012145748988,0.002183406113537118,0.0002244064345053293,0.00019976738530953374,0.009931719428926133,0.0,0.007812799015493038,0.008741956209752828,0.6684931506849315,0.0,0.09132472048108364,0.284505952267003,2.8692411201758562e-05,2.9205702440231282e-05,0.9996480281485621,5.470001117134158e-08,0.1399538933725649,0.9998728725324916,0.9998698332261378,0.9996480526457954,7.27250724914677e-08,0.1399538933725649,0.9998728728143657,0.0029961362552087824,0.00017004111458683065,0.0005005234284769251,0.0014320908059514113,6.290479290398709e-08,0.0,0.0,0.0,0.0,0.004984039872318979,0.003536886230159596,1.529809024205e-05,2.7814709530999996e-05,0.0,0.015145872129112354,0.0423677309545646,0.023526556300807605,0.0005534988513752984,0.0,0.0,0.0,1.0,0.0,0.0,0.0,0.0,0.0,0.04335893222987855,0.007812799015493038,0.09132472048108364,0.0,0.0,0.0,0.0,0.0,0.0,0.004251012145748988,0.0002244064345053293,0.002183406113537118,0.00019976738530953374,0.41021728515625,0.0035247802734375,0.015518913676042677,0.8,0.0,0.0,0.0,0.0,0.0,0.0,0.0,0.0
878602,0.006790471975951048,0.3529411764705882,0.9998719448457147,0.001012145748987854,0.0006550218340611354,5.295898739622657e-05,2.5336351307550622e-05,0.0021725636250775914,0.0,0.006760556547805886,0.00399320218452724,0.09931506849315068,0.0,0.038608824918809265,0.072219226462526,7.742115931263335e-07,1.3043597545142054e-06,0.9996486160274257,6.830044487729894e-07,0.13995431839883288,0.9998728725452077,0.9998719448816041,0.9996493523170051,6.048011066551878e-07,0.13995431849890144,0.9998728771537421,0.019170716813508893,0.0041344175136145515,0.003040225218186494,0.005179515899868491,3.756314776266658e-05,0.0,0.0,0.0,0.0,0.0009240073920591365,0.00072047682466214,6.520511573249999e-07,1.3041023146499998e-06,0.0,0.002250155183116077,0.024195636467187878,0.007196879776097885,5.179507851164386e-05,0.0,0.0,0.0,1.0,0.0,0.0,0.0,0.0,0.01282051282051282,0.02620133167951543,0.006760556547805886,0.038608824918809265,0.0,0.0,0.0,0.0,0.0,0.0,0.001012145748987854,5.295898739622657e-05,0.0006550218340611354,2.5336351307550622e-05,0.1250152587890625,1.52587890625e-05,0.0038797284190106693,0.5,0.0,0.0,0.0,0.0,0.0,0.0,0.0,0.0
156340,0.0003204492393145438,0.3529411764705882,0.9998694420131475,0.0,0.0001091703056768559,0.0,0.0,0.0,0.0,0.0,0.0,0.0,0.0,0.0,0.0,0.0,0.25000000019308016,0.9996480024258805,0.0,0.13995377535135914,0.9998728725314319,0.9998694421197557,0.9996480024200123,0.0,0.13995377534960354,0.9998728725293126,0.0,0.0,0.0,0.0,0.0,0.0,0.0,0.0,0.0,0.00028000224001792015,0.00010916315525183939,0.125,0.25,0.0,0.0,0.0,0.0,0.0,0.0,0.0,0.0,1.0,0.0,0.0,0.0,0.0,0.01282051282051282,0.0,0.0,0.0,0.0,0.0,0.0,0.0,0.0,0.0,0.0,0.0,0.0001091703056768559,0.0,0.41021728515625,1.52587890625e-05,0.0,1.0,0.0,0.0,0.0,0.0,0.0,0.0,0.0,0.0
152699,0.0003204492393145438,0.3529411764705882,0.9998694420131475,0.0,0.0001091703056768559,0.0,0.0,0.0,0.0,0.0,0.0,0.0,0.0,0.0,0.0,0.0,0.25000000019308016,0.9996480024258805,0.0,0.13995377535135914,0.9998728725314319,0.9998694421197557,0.9996480024200123,0.0,0.13995377534960354,0.9998728725293126,0.0,0.0,0.0,0.0,0.0,0.0,0.0,0.0,0.0,0.00028000224001792015,0.00010916315525183939,0.125,0.25,0.0,0.0,0.0,0.0,0.0,0.0,0.0,0.0,1.0,0.0,0.0,0.0,0.0,0.01282051282051282,0.0,0.0,0.0,0.0,0.0,0.0,0.0,0.0,0.0,0.0,0.0,0.0001091703056768559,0.0,0.41021728515625,1.52587890625e-05,0.0,1.0,0.0,0.0,0.0,0.0,0.0,0.0,0.0,0.0
333561,0.00033570872690095066,0.3529411764705882,0.9998698486787916,0.004858299595141701,0.002183406113537118,0.0002225441404430444,0.00019976738530953374,0.009931719428926133,0.0,0.0068182070080407215,0.008374010079303471,0.6684931506849315,0.0,0.09132472048108364,0.284505952267003,2.750171408398765e-05,3.0098095471301545e-05,0.9996480273451887,3.6597699320923586e-08,0.13995383647042403,0.9998728725324916,0.9998698487255606,0.9996480481092004,4.4445377445091835e-08,0.13995383647042403,0.9998728728355591,0.003114808648807377,0.00017677618414286723,0.0003864404982775067,0.000926302805062936,1.2580958580797418e-07,0.0,0.0,0.0,0.0,0.005656045248361987,0.003536886230159596,1.67210211327e-05,2.6753633812299996e-05,0.0,0.015145872129112354,0.039466652925986785,0.02292854756746915,0.000525718293553744,0.0,0.0,0.0,1.0,0.0,0.0,0.0,0.0,0.0,0.040327362790143595,0.0068182070080407215,0.09132472048108364,0.0,0.0,0.0,0.0,0.0,0.0,0.004858299595141701,0.0002225441404430444,0.002183406113537118,0.00019976738530953374,0.41021728515625,0.0035247802734375,0.015518913676042677,0.8,0.0,0.0,0.0,0.0,0.0,0.0,0.0,0.0
38157,0.0003204492393145438,0.3529411764705882,0.9998694420131475,0.0,0.0001091703056768559,0.0,0.0,0.0,0.0,0.0,0.0,0.0,0.0,0.0,0.0,0.0,0.25000000019308016,0.9996480024258805,0.0,0.13995377535135914,0.9998728725314319,0.9998694421197557,0.9996480024200123,0.0,0.13995377534960354,0.9998728725293126,0.0,0.0,0.0,0.0,0.0,0.0,0.0,0.0,0.0,0.00028000224001792015,0.00010916315525183939,0.125,0.25,0.0,0.0,0.0,0.0,0.0,0.0,0.0,0.0,1.0,0.0,0.0,0.0,0.0,0.01282051282051282,0.0,0.0,0.0,0.0,0.0,0.0,0.0,0.0,0.0,0.0,0.0,0.0001091703056768559,0.0,0.41021728515625,1.52587890625e-05,0.0,1.0,0.0,0.0,0.0,0.0,0.0,0.0,0.0,0.0
102894,0.0003204492393145438,0.3529411764705882,0.9998694420120596,0.0,0.0001091703056768559,0.0,0.0,0.0,0.0,0.0,0.0,0.0,0.0,0.0,0.0,0.0,0.5000000001287201,0.9996480024229464,0.0,0.13995377535048134,0.9998728725303723,0.9998694421197557,0.9996480024200123,0.0,0.13995377534960354,0.9998728725293126,0.0,0.0,0.0,0.0,0.0,0.0,0.0,0.0,0.0,0.00028000224001792015,0.00010916315525183939,0.25,0.5,0.0,0.0,0.0,0.0,0.0,0.0,0.0,0.0,1.0,0.0,0.0,0.0,0.0,0.01282051282051282,0.0,0.0,0.0,0.0,0.0,0.0,0.0,0.0,0.0,0.0,0.0,0.0001091703056768559,0.0,0.41021728515625,1.52587890625e-05,0.0,1.0,0.0,0.0,0.0,0.0,0.0,0.0,0.0,0.0
688970,0.0012207590069125479,0.3529411764705882,0.9998694421273859,0.00020242914979757084,0.0,0.0,0.0,0.0,0.0,0.0,0.0,0.0,0.0,0.0,0.0,0.0,0.004672897452498884,0.9996480027339602,0.0,0.13995377544352755,0.999872872642698,0.99986944223617,0.9996480027339602,0.0,0.13995377544352755,0.999872872642698,0.0,0.0,0.0,0.0,0.0,0.0,0.0,0.0,0.0,0.00028000224001792015,0.0,0.004672897196261675,0.0,0.0,0.0,0.0,0.0,0.0,0.0,0.0,0.0,0.0,1.0,0.0,0.0,0.0,0.0,0.0,0.0,0.0,0.0,0.0,0.0,0.0,0.0,0.0,0.00020242914979757084,0.0,0.0,0.0,0.0039215087890625,0.0,0.0,0.5,0.0,0.0,0.0,0.0,0.0,0.0,0.0,0.0
615614,0.006759953000778234,0.3529411764705882,0.999869442600659,0.00040485829959514163,0.0,8.962290174746036e-06,0.0,0.0007138423339540658,0.0,0.0022881883700305848,0.0014884478239162674,0.0,0.0,0.0,0.0,0.00031907113007121165,0.0013837640947223387,0.9996480032151511,8.429164459336721e-10,0.13995377580956778,0.9998728725483867,0.9998694427094431,0.9996480032151511,8.429164459336721e-10,0.13995377580956778,0.9998728725483867,0.0,0.0,0.0,0.0,0.0,1.0,0.0,0.0,0.0,0.0004200033600268802,0.0,0.001383763837638375,0.0,0.0,0.0007138423339540658,0.012196980678131594,0.002461221012286285,6.0576088713203884e-06,0.0,1.0,0.0,0.0,1.0,0.0,0.0,0.0,0.0,0.016256059503566324,0.0022881883700305848,0.0,0.0,0.0,0.0,0.0,0.0,0.0,0.00040485829959514163,8.962290174746036e-06,0.0,0.0,0.00390625,0.0,0.0009699321047526673,0.5,0.0,0.0,0.0,0.0,0.0,0.0,0.0,0.0
738519,0.0012207590069125479,0.3529411764705882,0.9998694428519834,0.00040485829959514163,0.0004366812227074236,1.7226220076135237e-05,1.8215187478505327e-05,0.0022967101179391684,0.0,0.00439807634758257,0.005421529113210705,0.16643835616438357,0.0,0.04163584817430267,0.12861298490144915,0.001136039247105242,0.0022639071132610046,0.9996480027980211,1.7597745287791971e-10,0.13995377554886285,0.9998728725600432,0.9998694426006447,0.9996480030684466,1.9323776230880822e-10,0.13995377559450817,0.9998728727020398,4.550219586013522e-06,1.6355246155036643e-06,2.1043500880839582e-06,3.155786312082405e-06,2.6060557060223225e-07,0.0,0.0,0.0,0.0,0.0005040040320322563,0.0005021505141584612,0.0009702457956015499,0.00258732212160415,0.0,0.003770949720670391,0.019386257907111598,0.010667975942491227,0.00011380571070948786,0.0,0.0,0.0,1.0,0.0,0.0,0.0,0.0,0.01282051282051282,0.022146757024005422,0.00439807634758257,0.04163584817430267,0.0,0.0,0.0,0.0,0.0,0.0,0.00040485829959514163,1.7226220076135237e-05,0.0004366812227074236,1.8215187478505327e-05,0.1250152587890625,0.002288818359375,0.0009699321047526673,0.5,0.0,0.0,0.0,0.0,0.0,0.0,0.0,0.0
898945,0.000808752842079563,1.0,0.9998694431185395,0.0,0.0001091703056768559,3.1426212301057524e-06,1.1618740984231794e-05,0.0004189944134078212,0.022058823529411766,0.0024070552983407358,0.0,0.10616438356164383,0.2252906976744186,0.10623138217311794,0.0,0.000401531556078183,0.0004911593928736809,0.9996480054069177,0.0,0.13995377624319819,0.9998728736080635,0.9998694421197557,0.9996480024200123,0.0,0.13995377534960354,0.9998728725293126,0.0,0.0,0.0,0.0,0.0,0.0,0.0,0.0,0.0,5.600044800358403e-05,4.366526210073576e-05,0.00024557956777995,0.0004911591355599,0.03426395939086294,0.002405338299193048,0.02763326787783981,0.008387558347516134,7.035113503293471e-05,0.0,0.0,0.0,0.0,0.0,0.0,0.0,0.0,0.01282051282051282,0.0414331272712849,0.0024070552983407358,0.10623138217311794,0.0,0.0,0.0,0.0,0.0,0.0,0.0,3.1426212301057524e-06,0.0001091703056768559,1.1618740984231794e-05,0.0,0.0,0.0,0.2,0.0,0.0,0.0,0.0,0.0,0.0,0.0,0.0
235119,0.00033570872690095066,0.3529411764705882,0.9998697899504928,0.004048582995951417,0.00240174672489083,0.0002225441404430444,0.00019976738530953374,0.009931719428926133,0.0,0.008116913104808684,0.008862415286443265,0.6684931506849315,0.0,0.08302247316464642,0.2737832352974904,3.2143695761836945e-05,3.3614806433746204e-05,0.9996480247611651,4.6572784025190654e-08,0.13995386168682228,0.9998728725324916,0.9998697891279624,0.999648049210854,6.320771018924505e-08,0.13995386168682228,0.9998728728302607,0.0026650452773100074,0.00013684573961065294,0.00040451743066956334,0.001142110038250725,1.4378238378054192e-07,0.0,0.0,0.0,0.0,0.0047600380803046426,0.0038862083269654824,1.6416407652225e-05,3.4396282699899996e-05,0.0,0.015145872129112354,0.041260591695339,0.023323142390139023,0.0005439689709506553,0.0,0.0,0.0,1.0,0.0,0.0,0.0,0.0,0.01282051282051282,0.042203054082706574,0.008116913104808684,0.08302247316464642,0.0,0.0,0.0,0.0,0.0,0.0,0.004048582995951417,0.0002225441404430444,0.00240174672489083,0.00019976738530953374,0.41021728515625,0.0035247802734375,0.015518913676042677,0.8,0.0,0.0,0.0,0.0,0.0,0.0,0.0,0.0
233634,0.00033570872690095066,0.3529411764705882,0.9998694420185875,0.0,0.0001091703056768559,0.0,0.0,0.0,0.0,0.0,0.0,0.0,0.0,0.0,0.0,0.0,0.07142857166762312,0.999648002440551,0.0,0.1399537753557481,0.9998728725367303,0.9998694421197557,0.9996480024200123,0.0,0.13995377534960354,0.9998728725293126,0.0,0.0,0.0,0.0,0.0,0.0,0.0,0.0,0.0,0.00022400179201433613,0.00017466104840294303,0.03571428571428575,0.0714285714285715,0.0,0.0,0.0,0.0,0.0,0.0,0.0,0.0,0.0,1.0,1.0,0.0,0.0,0.01282051282051282,0.0,0.0,0.0,0.0,0.0,0.0,0.0,0.0,0.0,0.0,0.0,0.0001091703056768559,0.0,0.003692626953125,0.0035247802734375,0.0,0.8,0.0,0.0,0.0,0.0,0.0,0.0,0.0,0.0
980492,0.006759953000778234,0.3529411764705882,0.9998695999035898,0.0016194331983805667,0.0008733624454148472,6.0175376887580524e-05,0.00044136223816230194,0.0030881440099317196,0.0,0.005121183494819743,0.005362620636714627,1.0,0.0,0.5044277243833213,0.7514184026727481,9.912334877021516e-05,2.9285558278835726e-05,0.9996480290329582,3.3990689524809716e-08,0.13995382251963845,0.9998728725303723,0.9998696000123739,0.9996480556459042,3.9309785779177654e-08,0.13995382251963845,0.9998728725462674,0.0008578663992026481,0.00013215013217843908,0.0003187682485119749,0.0005976155230198916,8.98639898628387e-09,0.0,0.0,0.0,0.0,0.0013440107520860168,0.0009388031351658187,1.5503982800925e-05,2.75626360905e-05,0.0,0.02265673494723774,0.1411412127252494,0.0655390954162677,0.004295373027982435,0.0,0.0,0.0,1.0,0.0,0.0,0.0,0.0,0.0,0.14938315799190144,0.005121183494819743,0.5044277243833213,0.0,0.0,0.0,0.0,0.0,0.0,0.0016194331983805667,6.0175376887580524e-05,0.0008733624454148472,0.00044136223816230194,0.1250152587890625,0.0004730224609375,0.0038797284190106693,0.5,0.0,0.0,0.0,0.0,0.0,0.0,0.0,0.0
279951,0.00033570872690095066,0.3529411764705882,0.9998694420185875,0.0,0.0001091703056768559,0.0,0.0,0.0,0.0,0.0,0.0,0.0,0.0,0.0,0.0,0.0,0.07142857166762312,0.999648002440551,0.0,0.1399537753557481,0.9998728725367303,0.9998694421197557,0.9996480024200123,0.0,0.13995377534960354,0.9998728725293126,0.0,0.0,0.0,0.0,0.0,0.0,0.0,0.0,0.0,0.00022400179201433613,0.00017466104840294303,0.03571428571428575,0.0714285714285715,0.0,0.0,0.0,0.0,0.0,0.0,0.0,0.0,0.0,1.0,1.0,0.0,0.0,0.01282051282051282,0.0,0.0,0.0,0.0,0.0,0.0,0.0,0.0,0.0,0.0,0.0,0.0001091703056768559,0.0,0.003692626953125,0.0035247802734375,0.0,0.8,0.0,0.0,0.0,0.0,0.0,0.0,0.0,0.0
391088,0.000808752842079563,1.0,0.9998694440694377,0.0,0.0001091703056768559,4.073768261248197e-06,6.221648398007993e-06,0.0005431409062693979,0.028594771241830068,0.0031202568682194725,0.0,0.05684931506849315,0.12063953488372092,0.056885191744314764,0.0,0.00014007381177640898,0.0002642708704799911,0.9996480079713139,0.0,0.13995377701039044,0.999872874534221,0.9998694421197557,0.9996480024200123,0.0,0.13995377534960354,0.9998728725293126,0.0,0.0,0.0,0.0,0.0,0.0,0.0,0.0,0.0,5.600044800358403e-05,4.366526210073576e-05,0.0001321353065539,0.0002642706131078,0.04441624365482233,0.0012880198634388578,0.02022913868568167,0.003145334380317131,9.893128364006504e-06,0.0,0.0,0.0,0.0,0.0,0.0,0.0,0.0,0.01282051282051282,0.030331428098117653,0.0031202568682194725,0.056885191744314764,0.0,0.0,0.0,0.0,0.0,0.0,0.0,4.073768261248197e-06,0.0001091703056768559,6.221648398007993e-06,0.0,0.0,0.0,0.2,0.0,0.0,0.0,0.0,0.0,0.0,0.0,0.0
897975,0.000808752842079563,1.0,0.9998694428530713,0.0,0.0001091703056768559,3.724588124569781e-06,4.497577155186501e-06,0.0004965859714463067,0.026143790849673203,0.002852806279514946,0.0,0.0410958904109589,0.0872093023255814,0.041121825357335974,0.0,0.0002669579990917619,0.000645995089315245,0.9996480046909993,0.0,0.13995377602901637,0.9998728733495024,0.9998694421197557,0.9996480024200123,0.0,0.13995377534960354,0.9998728725293126,0.0,0.0,0.0,0.0,0.0,0.0,0.0,0.0,0.0,5.600044800358403e-05,4.366526210073576e-05,0.000322997416020675,0.00064599483204135,0.04060913705583756,0.000931098696461825,0.01639485749687911,0.0018347783885173808,3.366411734974006e-06,0.0,0.0,0.0,0.0,0.0,0.0,0.0,0.0,0.01282051282051282,0.02458233388344176,0.002852806279514946,0.041121825357335974,0.0,0.0,0.0,0.0,0.0,0.0,0.0,3.724588124569781e-06,0.0001091703056768559,4.497577155186501e-06,0.0,0.0,0.0,0.2,0.0,0.0,0.0,0.0,0.0,0.0,0.0,0.0
985576,0.0012207590069125479,0.3529411764705882,0.9998752934956899,0.00040485829959514163,0.0001091703056768559,0.0,0.0,0.0,0.0,0.0,0.0,0.0,0.0,0.0,0.0,0.0,1.8619045480206713e-07,0.999653262543364,7.2921691878588766e-06,0.13995848641920475,0.9998728725801771,0.9998752936044747,0.9996558926050397,8.921585918825766e-06,0.13995848641920475,0.9998728845471071,0.0,0.0,0.0,0.0,0.0,0.0,0.0,0.0,0.0,0.0005040040320322563,0.00017466104840294303,1.39449761e-07,9.296650735e-08,0.0,0.0,0.0,0.0,0.0,0.0,0.0,0.0,1.0,0.0,0.0,0.0,0.0,0.0,0.0,0.0,0.0,0.0,0.0,0.0,0.0,0.0,0.0,0.00040485829959514163,0.0,0.0001091703056768559,0.0,0.1250152587890625,1.0,0.0,0.5,0.0,0.0,0.0,0.0,0.0,0.0,0.0,0.0
622764,0.0012207590069125479,0.3529411764705882,0.9998694421262979,0.00020242914979757084,0.0,0.0,0.0,0.0,0.0,0.0,0.0,0.0,0.0,0.0,0.0,0.0,0.004716981388301336,0.999648002731026,0.0,0.13995377544264975,0.9998728726416383,0.999869442235082,0.999648002731026,0.0,0.13995377544264975,0.9998728726416383,0.0,0.0,0.0,0.0,0.0,0.0,0.0,0.0,0.0,0.00028000224001792015,0.0,0.004716981132075475,0.0,0.0,0.0,0.0,0.0,0.0,0.0,0.0,0.0,0.0,1.0,0.0,0.0,0.0,0.0,0.0,0.0,0.0,0.0,0.0,0.0,0.0,0.0,0.0,0.00020242914979757084,0.0,0.0,0.0,0.0042572021484375,0.0,0.0,0.5,0.0,0.0,0.0,0.0,0.0,0.0,0.0,0.0
626964,0.000808752842079563,1.0,0.9998694423384549,0.0,0.0001091703056768559,4.53934177681942e-06,4.122779058920959e-06,0.0006052141527001862,0.031862745098039214,0.0034768576531588407,0.0,0.03767123287671233,0.07994186046511628,0.03769500657755798,0.0,0.0007013865441976126,0.0016611298251188837,0.9996480033031739,0.0,0.13995377561381964,0.9998728728482753,0.9998694421197557,0.9996480024200123,0.0,0.13995377534960354,0.9998728725293126,0.0,0.0,0.0,0.0,0.0,0.0,0.0,0.0,0.0,5.600044800358403e-05,4.366526210073576e-05,0.00083056478405315,0.0016611295681063,0.049492385786802026,0.0008535071384233396,0.01758480683133097,0.0010484447934352606,1.0992364848891821e-06,0.0,0.0,0.0,0.0,0.0,0.0,0.0,0.0,0.01282051282051282,0.026366535536272207,0.0034768576531588407,0.03769500657755798,0.0,0.0,0.0,0.0,0.0,0.0,0.0,4.53934177681942e-06,0.0001091703056768559,4.122779058920959e-06,0.0,0.0,0.0,0.2,0.0,0.0,0.0,0.0,0.0,0.0,0.0,0.0
929831,0.006759953000778234,0.3529411764705882,0.9998694421687293,0.00020242914979757084,0.0,0.0,0.0,0.0,0.0,0.0,0.0,0.0,0.0,0.0,0.0,0.0,0.0034482761186214505,0.9996480028454556,0.0,0.13995377547688373,0.9998728726829657,0.9998694422775134,0.9996480028454556,0.0,0.13995377547688373,0.9998728726829657,0.0,0.0,0.0,0.0,0.0,0.0,0.0,0.0,0.0,0.00028000224001792015,0.0,0.003448275862068975,0.0,0.0,0.0,0.0,0.0,0.0,0.0,0.0,0.0,0.0,1.0,0.0,0.0,0.0,0.0,0.0,0.0,0.0,0.0,0.0,0.0,0.0,0.0,0.0,0.00020242914979757084,0.0,0.0,0.0,0.96636962890625,0.0,0.0,0.5,0.0,0.0,0.0,0.0,0.0,0.0,0.0,0.0
295536,0.00033570872690095066,0.3529411764705882,0.9998698582073572,0.004655870445344129,0.002183406113537118,0.00022999331669218396,0.00019976738530953374,0.009931719428926133,0.0,0.007340032823332359,0.008521840283210345,0.6684931506849315,0.0,0.09132472048108364,0.284505952267003,2.7247830062382034e-05,2.8755495460822186e-05,0.9996480285224433,4.853987976296364e-08,0.13995387514516525,0.999872872534611,0.9998698570051203,0.9996480510664886,6.332857988570895e-08,0.13995387514516525,0.9998728727571431,0.003187912176661792,0.00018092506266432405,0.0004563924923670707,0.0012666757043252564,1.168231868216903e-07,0.0,0.0,0.0,0.0,0.005432043456347651,0.003536886230159596,1.5684675288e-05,2.614112548e-05,0.0,0.015145872129112354,0.040907813786587484,0.023124936789796977,0.0005347627015318624,0.0,0.0,0.0,1.0,0.0,0.0,0.0,0.0,0.0,0.041820605408021516,0.007340032823332359,0.09132472048108364,0.0,0.0,0.0,0.0,0.0,0.0,0.004655870445344129,0.00022999331669218396,0.002183406113537118,0.00019976738530953374,0.41021728515625,0.0035247802734375,0.015518913676042677,0.8,0.0,0.0,0.0,0.0,0.0,0.0,0.0,0.0
330438,0.00033570872690095066,0.3529411764705882,0.9998697685683394,0.004251012145748988,0.00240174672489083,0.0002225441404430444,0.00019976738530953374,0.009931719428926133,0.0,0.007747962509137994,0.008736085312671723,0.6684931506849315,0.0,0.08302247316464642,0.2737832352974904,3.424838394273172e-05,3.664872202669015e-05,0.999648022900587,3.1816177411002546e-08,0.13995381579836713,0.9998728725335513,0.9998697680732923,0.9996480442788833,4.4348507815789264e-08,0.13995382031286346,0.9998728728578123,0.0025012040372714987,0.0001284327584644469,0.0003337940580886327,0.0008799537631265957,8.087759087655482e-08,0.0,0.0,0.0,0.0,0.004984039872318979,0.0038862083269654824,1.832423229795e-05,3.66484645959e-05,0.0,0.015145872129112354,0.04034368965767097,0.023123658359639084,0.0005347035759330538,0.0,0.0,0.0,1.0,0.0,0.0,0.0,0.0,0.01282051282051282,0.04124389376264055,0.007747962509137994,0.08302247316464642,0.0,0.0,0.0,0.0,0.0,0.0,0.004251012145748988,0.0002225441404430444,0.00240174672489083,0.00019976738530953374,0.41021728515625,0.0035247802734375,0.015518913676042677,0.8,0.0,0.0,0.0,0.0,0.0,0.0,0.0,0.0
978788,0.006790471975951048,0.3529411764705882,0.9998703234848857,0.0006072874493927125,0.0002183406113537118,1.5945892908314376e-05,9.96962936066341e-06,0.0021260086902545002,0.0,0.003053394221043341,0.004346215714170109,0.0910958904109589,0.0,0.045576689771047375,0.09955089820358426,7.484675179546323e-07,1.8516750084483046e-06,0.9996484778543756,5.528747769677048e-07,0.13995422622515952,0.9998728726225641,0.9998703235936699,0.9996487948106179,6.073901019467037e-07,0.1399542263208391,0.9998728726575334,0.002470585893024221,0.002664071897877771,0.0,0.0024815697266172454,0.002664071897877771,0.0,0.0,0.0,0.0,0.0006440051520412163,0.00028382420365478245,1.23427837915e-06,1.23427837915e-06,0.0,0.0021260086902545002,0.01529934858579833,0.007477596871353247,5.591445497050444e-05,0.0,0.0,0.0,1.0,0.0,0.0,0.0,0.0,0.0,0.017842016528304503,0.003053394221043341,0.045576689771047375,0.0,0.0,0.0,0.0,0.0,0.0,0.0006072874493927125,1.5945892908314376e-05,0.0002183406113537118,9.96962936066341e-06,0.1250152587890625,0.0039215087890625,0.0009699321047526673,0.5,0.0,0.0,0.0,0.0,0.0,0.0,0.0,0.0
106053,0.0003204492393145438,0.3529411764705882,0.9998694420131475,0.0,0.0001091703056768559,0.0,0.0,0.0,0.0,0.0,0.0,0.0,0.0,0.0,0.0,0.0,0.25000000019308016,0.9996480024258805,0.0,0.13995377535135914,0.9998728725314319,0.9998694421197557,0.9996480024200123,0.0,0.13995377534960354,0.9998728725293126,0.0,0.0,0.0,0.0,0.0,0.0,0.0,0.0,0.0,0.00028000224001792015,0.00010916315525183939,0.125,0.25,0.0,0.0,0.0,0.0,0.0,0.0,0.0,0.0,1.0,0.0,0.0,0.0,0.0,0.01282051282051282,0.0,0.0,0.0,0.0,0.0,0.0,0.0,0.0,0.0,0.0,0.0,0.0001091703056768559,0.0,0.41021728515625,1.52587890625e-05,0.0,1.0,0.0,0.0,0.0,0.0,0.0,0.0,0.0,0.0
269122,0.00033570872690095066,0.3529411764705882,0.9998698381275208,0.004251012145748988,0.00240174672489083,0.0002244064345053293,0.00019976738530953374,0.009931719428926133,0.0,0.007812799015493038,0.008741956209752828,0.6684931506849315,0.0,0.08302247316464642,0.2737832352974904,2.8332970943654578e-05,3.0213148449021925e-05,0.9996480272631039,4.706361091591399e-08,0.13995386279020977,0.9998728725324916,0.9998698381797299,0.9996480532819344,6.609646032554523e-08,0.13995386279020977,0.9998728728959607,0.003034146422849456,0.00015579848299648757,0.0004245857162973316,0.0011499116107782073,1.0783678783540644e-07,0.0,0.0,0.0,0.0,0.004984039872318979,0.0038862083269654824,1.5106445508299999e-05,3.0212891016599998e-05,0.0,0.015145872129112354,0.04048472068991993,0.023124086011395182,0.000534723353862232,0.0,0.0,0.0,1.0,0.0,0.0,0.0,0.0,0.01282051282051282,0.04138807167400562,0.007812799015493038,0.08302247316464642,0.0,0.0,0.0,0.0,0.0,0.0,0.004251012145748988,0.0002244064345053293,0.00240174672489083,0.00019976738530953374,0.41021728515625,0.0035247802734375,0.015518913676042677,0.8,0.0,0.0,0.0,0.0,0.0,0.0,0.0,0.0
723203,0.05171440343033281,0.3529411764705882,0.9998786038703812,0.0020242914979757085,0.0008733624454148472,0.00013245566518001284,0.0002064387914230604,0.010505896958410926,0.0,0.009222993028655065,0.012803830307879415,0.8034246575342466,0.0,0.23593647298771517,0.5507409112443676,1.0380251268076361e-06,5.643268816297198e-07,0.9996493750776352,2.8471062520786225e-06,0.13995831616747964,0.999872872613027,0.9998786039791663,0.9996504732037336,3.6938550608646906e-06,0.13995831616747964,0.9998728729118559,0.06891890924502865,0.010616621626385627,0.021956108079046886,0.04409229477940447,0.000864105167324098,0.0,0.0,0.0,0.0,0.0017080136641093129,0.0009388031351658187,3.265665188e-07,4.7500584555e-07,0.0,0.01820297951582868,0.07718804682811083,0.04206983684968111,0.0017698711725583562,0.0,0.0,0.0,1.0,0.0,0.0,0.0,0.0,0.0,0.08121769395108233,0.009222993028655065,0.23593647298771517,0.0,0.0,0.0,0.0,0.0,0.0,0.0020242914979757085,0.00013245566518001284,0.0008733624454148472,0.0002064387914230604,0.1250152587890625,0.9592132568359375,0.004849660523763337,0.5,0.005906382217710958,0.0,0.005906382217710958,0.005906382217710958,1.5239302512057638e-05,0.0,5.279737002452589e-06,0.00041045671665476474
823570,0.000808752842079563,1.0,0.9998694423166952,0.0,0.0001091703056768559,5.470488807961865e-06,1.311793336929396e-05,0.0007293606455617629,0.03839869281045752,0.0041900592230375774,0.0,0.11986301369863014,0.2543604651162791,0.11993865729222992,0.0,0.001774364036358477,0.0017793596875870965,0.9996480032444921,0.0,0.13995377559626376,0.9998728728270817,0.9998694421197557,0.9996480024200123,0.0,0.13995377534960354,0.9998728725293126,0.0,0.0,0.0,0.0,0.0,0.0,0.0,0.0,0.0,5.600044800358403e-05,4.366526210073576e-05,0.0008896797153025,0.001779359430605,0.05964467005076142,0.0027157045313469896,0.03556626344085223,0.008387558347516134,7.035113503293471e-05,0.0,0.0,0.0,0.0,0.0,0.0,0.0,0.0,0.01282051282051282,0.05332780495682123,0.0041900592230375774,0.11993865729222992,0.0,0.0,0.0,0.0,0.0,0.0,0.0,5.470488807961865e-06,0.0001091703056768559,1.311793336929396e-05,0.0,0.0,0.0,0.2,0.0,0.0,0.0,0.0,0.0,0.0,0.0,0.0
334426,0.00033570872690095066,0.3529411764705882,0.999869851397664,0.004251012145748988,0.00240174672489083,0.0002225441404430444,0.00019976738530953374,0.009931719428926133,0.0,0.007747962509137994,0.008736085312671723,0.6684931506849315,0.0,0.08302247316464642,0.2737832352974904,2.7319066099784612e-05,2.9233806917099046e-05,0.9996480280953624,6.375984996820313e-08,0.13995392234943413,0.9998728725324916,0.9998698513606583,0.9996480549746258,8.889501267362004e-08,0.13995392234943413,0.9998728728472156,0.0031357763273392636,0.00016101701326495026,0.000551438055873505,0.00172538640489768,8.087759087655482e-08,0.0,0.0,0.0,0.0,0.004984039872318979,0.0038862083269654824,1.4616774742224998e-05,2.9233549484449996e-05,0.0,0.015145872129112354,0.04034368965767097,0.023123658359639084,0.0005347035759330538,0.0,0.0,0.0,1.0,0.0,0.0,0.0,0.0,0.01282051282051282,0.04124389376264055,0.007747962509137994,0.08302247316464642,0.0,0.0,0.0,0.0,0.0,0.0,0.004251012145748988,0.0002225441404430444,0.00240174672489083,0.00019976738530953374,0.41021728515625,0.0035247802734375,0.015518913676042677,0.8,0.0,0.0,0.0,0.0,0.0,0.0,0.0,0.0
831530,0.000808752842079563,1.0,0.9998695115190178,0.00020242914979757084,0.0002183406113537118,6.983602733568339e-06,1.97893394828206e-05,0.0004655493482309125,0.024509803921568627,0.002674505887045262,0.0,0.09041095890410959,0.19186046511627908,0.09046801578613914,0.0,1.139012753840449e-05,1.5652894122820317e-05,0.9996480649034527,5.468909031601951e-08,0.1399538158176786,0.9998728726310415,0.999869492278003,0.9996481376875114,0.0,0.1399538158176786,0.999872921382532,8.0003860852985e-07,8.626943026832515e-07,0.0,8.035954534745648e-07,8.626943026832515e-07,0.0,0.0,0.0,0.0,0.00011200089600716806,8.733052420147152e-05,7.826318343324999e-06,1.5652636686649998e-05,0.03807106598984771,0.002048417132216015,0.02808280429306396,0.006340843160953124,4.020629199184518e-05,0.0,0.0,0.0,0.0,0.0,0.0,0.0,0.0,0.01282051282051282,0.03508929917233219,0.002674505887045262,0.09046801578613914,0.0,0.0,0.0,0.0,0.0,0.0,0.00020242914979757084,6.983602733568339e-06,0.0002183406113537118,1.97893394828206e-05,0.0,0.0,0.0009699321047526673,0.2,0.0,0.0,0.0,0.0,0.0,0.0,0.0,0.0
391243,0.05171440343033281,0.3529411764705882,0.9998764124656736,0.0018218623481781376,0.0007641921397379913,0.00013361959896894088,0.00011851115803916429,0.010505896958410926,0.0,0.010234442527759869,0.01333003180967785,0.8034246575342466,0.0,0.15479429973794248,0.4552779038383969,9.56667640959461e-07,6.636191605541579e-07,0.9996491772965601,1.8713789949161149e-06,0.139956599760011,0.9998728726246835,0.9998764125744585,0.9996500910894307,2.386113721051921e-06,0.139956599760011,0.999872872816485,0.050875730177945507,0.009143350937778811,0.01553303932748487,0.03054499801800715,0.0027263835884486633,0.0,0.0,0.0,0.0,0.0014840118720949769,0.0008296399799139793,3.9021277677499995e-07,5.462978875e-07,0.0,0.01820297951582868,0.060136513587386954,0.034626112304891876,0.0011989676533508086,0.0,0.0,1.0,1.0,0.0,0.0,0.0,1.0,0.0,0.06364818706632837,0.010234442527759869,0.15479429973794248,0.0,0.0,0.0,0.0,0.0,0.0,0.0018218623481781376,0.00013361959896894088,0.0007641921397379913,0.00011851115803916429,0.1250152587890625,0.9590606689453125,0.004849660523763337,0.5,0.0,0.0,0.0,0.0,0.0,0.0,0.0,0.0
860628,0.006759953000778234,0.3529411764705882,0.9998694421719933,0.00020242914979757084,0.0,0.0,0.0,0.0,0.0,0.0,0.0,0.0,0.0,0.0,0.0,0.0,0.0033783786349488453,0.9996480028542578,0.0,0.1399537754795171,0.9998728726861448,0.9998694422807773,0.9996480028542578,0.0,0.1399537754795171,0.9998728726861448,0.0,0.0,0.0,0.0,0.0,0.0,0.0,0.0,0.0,0.00028000224001792015,0.0,0.003378378378378375,0.0,0.0,0.0,0.0,0.0,0.0,0.0,0.0,0.0,0.0,1.0,0.0,0.0,0.0,0.0,0.0,0.0,0.0,0.0,0.0,0.0,0.0,0.0,0.0,0.00020242914979757084,0.0,0.0,0.0,0.00384521484375,0.0,0.0,0.5,0.0,0.0,0.0,0.0,0.0,0.0,0.0,0.0
44803,0.0003204492393145438,0.3529411764705882,0.9998694420425231,0.0,0.0001091703056768559,0.0,0.0,0.0,0.0,0.0,0.0,0.0,0.0,0.0,0.0,0.0,0.017241379563346405,0.999648002505101,0.0,0.13995377537505957,0.9998728725600432,0.9998694421197557,0.9996480024200123,0.0,0.13995377534960354,0.9998728725293126,0.0,0.0,0.0,0.0,0.0,0.0,0.0,0.0,0.0,0.00028000224001792015,0.00010916315525183939,0.008620689655172426,0.01724137931034485,0.0,0.0,0.0,0.0,0.0,0.0,0.0,0.0,1.0,0.0,0.0,0.0,0.0,0.01282051282051282,0.0,0.0,0.0,0.0,0.0,0.0,0.0,0.0,0.0,0.0,0.0,0.0001091703056768559,0.0,0.41021728515625,1.52587890625e-05,0.0,1.0,0.0,0.0,0.0,0.0,0.0,0.0,0.0,0.0
793639,0.7897852990096592,0.3529411764705882,0.9998697409313649,0.00020242914979757084,0.0,0.0,0.0,0.0,0.0,0.0,0.0,0.0,0.0,0.0,0.0,0.0,1.8201135255064298e-06,0.9996488085529257,0.0,0.13995401652096742,0.9998731636723321,0.999869741040149,0.9996488085529257,0.0,0.13995401652096742,0.9998731636723321,0.0,0.0,0.0,0.0,0.0,0.0,0.0,0.0,0.0,0.00028000224001792015,0.0,1.8198560857749998e-06,0.0,0.0,0.0,0.0,0.0,0.0,0.0,0.0,0.0,0.0,1.0,0.0,0.0,0.0,0.0,0.0,0.0,0.0,0.0,0.0,0.0,0.0,0.0,0.0,0.00020242914979757084,0.0,0.0,0.0,0.0022735595703125,0.0,0.0,0.5,0.0,0.0,0.0,0.0,0.0,0.0,0.0,0.0
832466,0.000808752842079563,1.0,0.9998694615022085,0.0,0.0001091703056768559,3.6081947456769753e-06,1.2818094892281527e-05,0.0004810676598386096,0.025326797385620915,0.002763656083280104,0.0,0.11712328767123288,0.24854651162790697,0.11719720226840753,0.0,2.5323902269169007e-05,2.790983041653989e-05,0.9996480549842665,0.0,0.1399537910752893,0.9998728915134223,0.9998694421197557,0.9996480024200123,0.0,0.13995377534960354,0.9998728725293126,0.0,0.0,0.0,0.0,0.0,0.0,0.0,0.0,0.0,5.600044800358403e-05,4.366526210073576e-05,1.3954786491774999e-05,2.7909572983549997e-05,0.03934010152284264,0.0026536312849162014,0.03080646610304478,0.009173891942586904,8.416029337436046e-05,0.0,0.0,0.0,0.0,0.0,0.0,0.0,0.0,0.01282051282051282,0.04619099834549943,0.002763656083280104,0.11719720226840753,0.0,0.0,0.0,0.0,0.0,0.0,0.0,3.6081947456769753e-06,0.0001091703056768559,1.2818094892281527e-05,0.0,0.0,0.0,0.2,0.0,0.0,0.0,0.0,0.0,0.0,0.0,0.0
615565,0.006759953000778234,0.3529411764705882,0.9999964899464817,0.004655870445344129,0.00240174672489083,0.000144327789827079,0.0005792879375880213,0.00734016139044072,0.0,0.004606093472136479,0.008159017059163741,1.0,0.0,0.24074959572838467,0.5748335155561843,1.7248313817989894e-07,9.873852277458075e-08,0.9996556163031494,1.0201787423500245e-05,0.1399625665381283,0.9998728725303723,0.9999964900552797,0.9996628991478893,1.1693454247730283e-05,0.13996259429047445,0.9998728725483867,0.9283579926761298,0.047669672711698724,0.060334707792196185,0.0841072131941668,8.98639898628387e-09,0.0,0.0,0.0,0.0,0.003528028224225794,0.0031875641333537104,5.13814344e-08,9.419929639999999e-08,0.0,0.02265673494723774,0.07568415341393209,0.04625647588886285,0.0021396615616572855,0.0,0.0,0.0,1.0,0.0,0.0,0.0,0.0,0.0,0.07729816629266173,0.004606093472136479,0.24074959572838467,0.0,0.0,0.0,0.0,0.0,0.0,0.004655870445344129,0.000144327789827079,0.00240174672489083,0.0005792879375880213,0.1250152587890625,0.015472412109375,0.015518913676042677,0.5,0.0012042260596044148,0.005454370730457036,0.010994463401832928,0.00031224540742914744,2.8308141563428376e-05,5.525810902359452e-06,1.0221762822508296e-05,0.00042405879552487503
510843,0.0012207590069125479,0.3529411764705882,0.99992943735767,0.00020242914979757084,0.0,0.0,0.0,0.0,0.0,0.0,0.0,0.0,0.0,0.0,0.0,0.0,9.324678347599454e-09,0.9998097987534315,0.0,0.14000218007512163,0.9999313069044432,0.9999294374664607,0.9998097987534315,0.0,0.14000218007512163,0.9999313069044432,0.0,0.0,0.0,0.0,0.0,0.0,0.0,0.0,0.0,0.00028000224001792015,0.0,9.06723815e-09,0.0,0.0,0.0,0.0,0.0,0.0,0.0,0.0,0.0,0.0,1.0,0.0,0.0,0.0,0.0,0.0,0.0,0.0,0.0,0.0,0.0,0.0,0.0,0.0,0.00020242914979757084,0.0,0.0,0.0,0.0042724609375,0.0,0.0,0.5,0.0,0.0,0.0,0.0,0.0,0.0,0.0,0.0
34550,0.0003204492393145438,0.3529411764705882,0.9998694420142356,0.0,0.0001091703056768559,0.0,0.0,0.0,0.0,0.0,0.0,0.0,0.0,0.0,0.0,0.0,0.16666666688120027,0.9996480024288146,0.0,0.13995377535223694,0.9998728725324916,0.9998694421197557,0.9996480024200123,0.0,0.13995377534960354,0.9998728725293126,0.0,0.0,0.0,0.0,0.0,0.0,0.0,0.0,0.0,0.00028000224001792015,0.00010916315525183939,0.08333333333333325,0.1666666666666665,0.0,0.0,0.0,0.0,0.0,0.0,0.0,0.0,1.0,0.0,0.0,0.0,0.0,0.01282051282051282,0.0,0.0,0.0,0.0,0.0,0.0,0.0,0.0,0.0,0.0,0.0,0.0001091703056768559,0.0,0.41021728515625,1.52587890625e-05,0.0,1.0,0.0,0.0,0.0,0.0,0.0,0.0,0.0,0.0
452041,0.000808752842079563,1.0,0.9998694428563353,0.0,0.0001091703056768559,4.422948397926615e-06,4.94733487070515e-06,0.0005896958410924892,0.03104575163398693,0.0033877074569239984,0.0,0.045205479452054796,0.09593023255813954,0.04523400789306957,0.0,0.000300613439299571,0.000643500900775187,0.9996480046998016,0.0,0.13995377603164974,0.9998728733526814,0.9998694421197557,0.9996480024200123,0.0,0.13995377534960354,0.9998728725293126,0.0,0.0,0.0,0.0,0.0,0.0,0.0,0.0,0.0,5.600044800358403e-05,4.366526210073576e-05,0.000321750321750325,0.00064350064350065,0.048223350253807105,0.0010242085661080075,0.018774756165782835,0.0018347783885173808,3.366411734974006e-06,0.0,0.0,0.0,0.0,0.0,0.0,0.0,0.0,0.01282051282051282,0.02815073718910266,0.0033877074569239984,0.04523400789306957,0.0,0.0,0.0,0.0,0.0,0.0,0.0,4.422948397926615e-06,0.0001091703056768559,4.94733487070515e-06,0.0,0.0,0.0,0.2,0.0,0.0,0.0,0.0,0.0,0.0,0.0,0.0
166246,0.0003204492393145438,0.3529411764705882,0.9998694420120596,0.0,0.0001091703056768559,0.0,0.0,0.0,0.0,0.0,0.0,0.0,0.0,0.0,0.0,0.0,0.5000000001287201,0.9996480024229464,0.0,0.13995377535048134,0.9998728725303723,0.9998694421197557,0.9996480024200123,0.0,0.13995377534960354,0.9998728725293126,0.0,0.0,0.0,0.0,0.0,0.0,0.0,0.0,0.0,0.00028000224001792015,0.00010916315525183939,0.25,0.5,0.0,0.0,0.0,0.0,0.0,0.0,0.0,0.0,1.0,0.0,0.0,0.0,0.0,0.01282051282051282,0.0,0.0,0.0,0.0,0.0,0.0,0.0,0.0,0.0,0.0,0.0,0.0001091703056768559,0.0,0.41021728515625,1.52587890625e-05,0.0,1.0,0.0,0.0,0.0,0.0,0.0,0.0,0.0,0.0
427194,0.8031983885981109,0.3529411764705882,0.9998694420653709,0.00020242914979757084,0.0,0.0,0.0,0.0,0.0,0.0,0.0,0.0,0.0,0.0,0.0,0.0,0.010000000254865799,0.9996480025667168,0.0,0.13995377539349327,0.9998728725822964,0.999869442174155,0.9996480025667168,0.0,0.13995377539349327,0.9998728725822964,0.0,0.0,0.0,0.0,0.0,0.0,0.0,0.0,0.0,0.00028000224001792015,0.0,0.01,0.0,0.0,0.0,0.0,0.0,0.0,0.0,0.0,0.0,0.0,1.0,0.0,0.0,0.0,0.0,0.0,0.0,0.0,0.0,0.0,0.0,0.0,0.0,0.0,0.00020242914979757084,0.0,0.0,0.0,0.0039825439453125,0.0,0.0,0.5,0.0,0.0,0.0,0.0,0.0,0.0,0.0,0.0
985478,0.006759953000778234,0.3529411764705882,0.9999350838019752,0.0020242914979757085,0.000982532751091703,0.0003547670188652716,0.0003415160253171616,0.012740533829919305,0.0,0.02470270892034452,0.021076934573848526,1.0,0.0,0.3469463635703972,0.6393319335319926,2.8306120036743406e-07,8.313026990359895e-08,0.9996573194593529,3.239044721355043e-05,0.14000640011797555,0.9998728725293126,0.9999350839107664,0.9996657047947595,4.4631436337780056e-05,0.14000640011797555,0.9998728728991397,0.0025046208688287615,0.0003375965439172193,0.00048311948931447106,0.0009233981423300644,0.0,0.0,0.0,0.0,0.0,0.001624012992103937,0.0010479662904176582,4.558005635e-08,7.458554674999999e-08,0.0,0.02265673494723774,0.14362499585985733,0.05335180612481196,0.0028464152167792436,0.0,0.0,0.0,1.0,0.0,0.0,0.0,0.0,0.0,0.1507452152013638,0.02470270892034452,0.3469463635703972,0.0,0.0,0.0,0.0,0.0,0.0,0.0020242914979757085,0.0003547670188652716,0.000982532751091703,0.0003415160253171616,0.1250152587890625,0.0077667236328125,0.005819592628516004,0.5,0.0,0.0,0.0,0.0,0.0,0.0,0.0,0.0
378548,0.0003204492393145438,0.3529411764705882,0.9998694420316433,0.0,0.0001091703056768559,0.0,0.0,0.0,0.0,0.0,0.0,0.0,0.0,0.0,0.0,0.0,0.026315789724349715,0.99964800247576,0.0,0.13995377536628165,0.9998728725494465,0.9998694421197557,0.9996480024200123,0.0,0.13995377534960354,0.9998728725293126,0.0,0.0,0.0,0.0,0.0,0.0,0.0,0.0,0.0,0.00028000224001792015,0.00010916315525183939,0.0131578947368421,0.0263157894736842,0.0,0.0,0.0,0.0,0.0,0.0,0.0,0.0,1.0,0.0,0.0,0.0,0.0,0.01282051282051282,0.0,0.0,0.0,0.0,0.0,0.0,0.0,0.0,0.0,0.0,0.0,0.0001091703056768559,0.0,0.41021728515625,1.52587890625e-05,0.0,1.0,0.0,0.0,0.0,0.0,0.0,0.0,0.0,0.0
453961,0.0012207590069125479,0.3529411764705882,0.9998694420936584,0.00020242914979757084,0.0,0.0,0.0,0.0,0.0,0.0,0.0,0.0,0.0,0.0,0.0,0.0,0.006578947624167566,0.9996480026430032,0.0,0.1399537754163159,0.999872872609848,0.9998694422024424,0.9996480026430032,0.0,0.1399537754163159,0.999872872609848,0.0,0.0,0.0,0.0,0.0,0.0,0.0,0.0,0.0,0.00028000224001792015,0.0,0.00657894736842105,0.0,0.0,0.0,0.0,0.0,0.0,0.0,0.0,0.0,0.0,1.0,0.0,0.0,0.0,0.0,0.0,0.0,0.0,0.0,0.0,0.0,0.0,0.0,0.0,0.00020242914979757084,0.0,0.0,0.0,0.0042572021484375,0.0,0.0,0.5,0.0,0.0,0.0,0.0,0.0,0.0,0.0,0.0
913655,0.000808752842079563,1.0,0.9998694431250674,0.0,0.0001091703056768559,4.772128534605031e-06,5.172213728464476e-06,0.0006362507759155804,0.03349673202614379,0.0036551580456285248,0.0,0.04726027397260274,0.1002906976744186,0.04729009916093637,0.0,0.00024126193149915778,0.0004882815073144967,0.9996480054245223,0.0,0.13995377624846495,0.9998728736144216,0.9998694421197557,0.9996480024200123,0.0,0.13995377534960354,0.9998728725293126,0.0,0.0,0.0,0.0,0.0,0.0,0.0,0.0,0.0,5.600044800358403e-05,4.366526210073576e-05,0.000244140625,0.00048828125,0.052030456852791875,0.0010707635009310987,0.019964705500234697,0.0018347783885173808,3.366411734974006e-06,0.0,0.0,0.0,0.0,0.0,0.0,0.0,0.0,0.01282051282051282,0.029934938841933108,0.0036551580456285248,0.04729009916093637,0.0,0.0,0.0,0.0,0.0,0.0,0.0,4.772128534605031e-06,0.0001091703056768559,5.172213728464476e-06,0.0,0.0,0.0,0.2,0.0,0.0,0.0,0.0,0.0,0.0,0.0,0.0
4183,0.0003204492393145438,0.3529411764705882,0.9998694420120596,0.0,0.0001091703056768559,0.0,0.0,0.0,0.0,0.0,0.0,0.0,0.0,0.0,0.0,0.0,0.5000000001287201,0.9996480024229464,0.0,0.13995377535048134,0.9998728725303723,0.9998694421197557,0.9996480024200123,0.0,0.13995377534960354,0.9998728725293126,0.0,0.0,0.0,0.0,0.0,0.0,0.0,0.0,0.0,0.00028000224001792015,0.00010916315525183939,0.25,0.5,0.0,0.0,0.0,0.0,0.0,0.0,0.0,0.0,1.0,0.0,0.0,0.0,0.0,0.01282051282051282,0.0,0.0,0.0,0.0,0.0,0.0,0.0,0.0,0.0,0.0,0.0,0.0001091703056768559,0.0,0.41021728515625,1.52587890625e-05,0.0,1.0,0.0,0.0,0.0,0.0,0.0,0.0,0.0,0.0
996469,0.05171440343033281,0.3529411764705882,0.9998722234295074,0.0014170040485829958,0.0007641921397379913,0.00013129173139108478,0.00011851115803916429,0.010257603972687771,0.0,0.012570177669112732,0.014125094513264254,0.8034246575342466,0.0,0.15479429973794248,0.4552779038383969,2.379914299224705e-06,1.4671135330223064e-06,0.9996485382036135,6.062521132171024e-07,0.13995461199119746,0.9998728726246835,0.9998722235382919,0.9996490739872149,9.415881682165166e-07,0.13995485934925594,0.999872873101538,0.019399202839863714,0.0034864112781799474,0.0033389303684480207,0.00797834678567469,0.0018739876990036932,0.0,0.0,0.0,0.0,0.0012040096320770567,0.0008296399799139793,7.823232497e-07,1.3690656869999999e-06,0.0,0.01820297951582868,0.06715776556312701,0.03606169834762521,0.0013004460877147237,0.0,0.0,1.0,1.0,0.0,0.0,0.0,1.0,0.0,0.07160595966692873,0.012570177669112732,0.15479429973794248,0.0,0.0,0.0,0.0,0.0,0.0,0.0014170040485829958,0.00013129173139108478,0.0007641921397379913,0.00011851115803916429,0.1250152587890625,0.9593658447265625,0.004849660523763337,0.5,0.0,0.0,0.0,0.0,0.0,0.0,0.0,0.0
883265,0.000808752842079563,1.0,0.9998694768068821,0.00020242914979757084,0.0002183406113537118,9.311470311424452e-06,8.395477356348135e-06,0.0006207324643078833,0.032679738562091505,0.0035660078493936825,0.0,0.038356164383561646,0.08139534883720931,0.038380370333513575,0.0,1.3483159796756878e-05,3.126784545040041e-05,0.9996480336993867,4.232127975478248e-08,0.13995380291585727,0.9998728728037688,0.9998694766338783,0.9996480954982058,0.0,0.13995380319587367,0.9998729061454394,0.00026387106731125666,0.00028453635110270615,0.0,0.00026504419628505356,0.00028453635110270615,0.0,0.0,0.0,0.0,0.00011200089600716806,8.733052420147152e-05,1.5633794009124997e-05,3.1267588018249995e-05,0.050761421319796954,0.0008690254500310367,0.01840454970618881,0.000994642064465683,9.893128364006504e-07,0.0,0.0,0.0,0.0,0.0,0.0,0.0,0.0,0.01282051282051282,0.02299637685870358,0.0035660078493936825,0.038380370333513575,0.0,0.0,0.0,0.0,0.0,0.0,0.00020242914979757084,9.311470311424452e-06,0.0002183406113537118,8.395477356348135e-06,0.0,0.0,0.0009699321047526673,0.2,0.0,0.0,0.0,0.0,0.0,0.0,0.0,0.0
416922,0.7650191506569209,0.3529411764705882,0.9998694420425231,0.0,0.0001091703056768559,0.0,0.0,0.0,0.0,0.0,0.0,0.0,0.0,0.0,0.0,0.0,0.017241379563346405,0.999648002505101,0.0,0.13995377537505957,0.9998728725600432,0.9998694421197557,0.9996480024200123,0.0,0.13995377534960354,0.9998728725293126,0.0,0.0,0.0,0.0,0.0,0.0,0.0,0.0,0.0,0.00014000112000896008,0.00010916315525183939,0.008620689655172426,0.01724137931034485,0.0,0.0,0.0,0.0,0.0,0.0,0.0,0.0,0.0,1.0,1.0,0.0,0.0,0.01282051282051282,0.0,0.0,0.0,0.0,0.0,0.0,0.0,0.0,0.0,0.0,0.0,0.0001091703056768559,0.0,0.4455718994140625,0.9802398681640625,0.0,0.5,0.0,0.0,0.0,0.0,0.0,0.0,0.0,0.0
253559,0.00033570872690095066,0.3529411764705882,0.9998698725937721,0.004251012145748988,0.00240174672489083,0.0002244064345053293,0.00019976738530953374,0.009931719428926133,0.0,0.007812799015493038,0.008741956209752828,0.6684931506849315,0.0,0.08302247316464642,0.2737832352974904,2.6065041767725545e-05,2.779473997559452e-05,0.9996480294247106,5.8282322291035e-08,0.13995390109364397,0.9998728725335513,0.9998698726535971,0.9996480577090597,8.373149169239941e-08,0.13995390109364397,0.9998728727857543,0.003298125828722284,0.0001693533960578932,0.0005084497044657334,0.0015295016423272812,9.885038884912257e-08,0.0,0.0,0.0,0.0,0.004984039872318979,0.0038862083269654824,1.3897241271274999e-05,2.7794482542549997e-05,0.0,0.015145872129112354,0.04048472068991993,0.023124086011395182,0.000534723353862232,0.0,0.0,0.0,1.0,0.0,0.0,0.0,0.0,0.01282051282051282,0.04138807167400562,0.007812799015493038,0.08302247316464642,0.0,0.0,0.0,0.0,0.0,0.0,0.004251012145748988,0.0002244064345053293,0.00240174672489083,0.00019976738530953374,0.41021728515625,0.0035247802734375,0.015518913676042677,0.8,0.0,0.0,0.0,0.0,0.0,0.0,0.0,0.0
28205,0.0003204492393145438,0.3529411764705882,0.9998694420120596,0.0,0.0001091703056768559,0.0,0.0,0.0,0.0,0.0,0.0,0.0,0.0,0.0,0.0,0.0,0.5000000001287201,0.9996480024229464,0.0,0.13995377535048134,0.9998728725303723,0.9998694421197557,0.9996480024200123,0.0,0.13995377534960354,0.9998728725293126,0.0,0.0,0.0,0.0,0.0,0.0,0.0,0.0,0.0,0.00028000224001792015,0.00010916315525183939,0.25,0.5,0.0,0.0,0.0,0.0,0.0,0.0,0.0,0.0,1.0,0.0,0.0,0.0,0.0,0.01282051282051282,0.0,0.0,0.0,0.0,0.0,0.0,0.0,0.0,0.0,0.0,0.0,0.0001091703056768559,0.0,0.41021728515625,1.52587890625e-05,0.0,1.0,0.0,0.0,0.0,0.0,0.0,0.0,0.0,0.0
5394,0.0003204492393145438,0.3529411764705882,0.9998694420131475,0.0,0.0001091703056768559,0.0,0.0,0.0,0.0,0.0,0.0,0.0,0.0,0.0,0.0,0.0,0.25000000019308016,0.9996480024258805,0.0,0.13995377535135914,0.9998728725314319,0.9998694421197557,0.9996480024200123,0.0,0.13995377534960354,0.9998728725293126,0.0,0.0,0.0,0.0,0.0,0.0,0.0,0.0,0.0,0.00028000224001792015,0.00010916315525183939,0.125,0.25,0.0,0.0,0.0,0.0,0.0,0.0,0.0,0.0,1.0,0.0,0.0,0.0,0.0,0.01282051282051282,0.0,0.0,0.0,0.0,0.0,0.0,0.0,0.0,0.0,0.0,0.0,0.0001091703056768559,0.0,0.41021728515625,1.52587890625e-05,0.0,1.0,0.0,0.0,0.0,0.0,0.0,0.0,0.0,0.0
910610,0.000808752842079563,1.0,0.9998694423852382,0.0,0.0001091703056768559,4.888521913497838e-06,4.347657916680284e-06,0.0006517690875232775,0.03431372549019608,0.003744308241863367,0.0,0.03972602739726028,0.08430232558139535,0.03975109784542478,0.0,0.0006528864108222459,0.0014534886291590388,0.9996480034293399,0.0,0.1399537756515648,0.9998728728938414,0.9998694421197557,0.9996480024200123,0.0,0.13995377534960354,0.9998728725293126,0.0,0.0,0.0,0.0,0.0,0.0,0.0,0.0,0.0,5.600044800358403e-05,4.366526210073576e-05,0.000726744186046525,0.00145348837209305,0.053299492385786795,0.0009000620732464308,0.018774756165782835,0.0010484447934352606,1.0992364848891821e-06,0.0,0.0,0.0,0.0,0.0,0.0,0.0,0.0,0.01282051282051282,0.02815073718910266,0.003744308241863367,0.03975109784542478,0.0,0.0,0.0,0.0,0.0,0.0,0.0,4.888521913497838e-06,0.0001091703056768559,4.347657916680284e-06,0.0,0.0,0.0,0.2,0.0,0.0,0.0,0.0,0.0,0.0,0.0,0.0
737441,0.0012207590069125479,0.3529411764705882,0.9998815279486685,0.001214574898785425,0.0005458515283842794,0.00015154417931843297,7.555929620713322e-05,0.006983240223463688,0.0,0.016581936499680625,0.014751765437021213,0.23013698630136986,0.0,0.13816933320064886,0.19480874316249652,4.6703592319416056e-07,2.7031944635540894e-07,0.9996509654686074,7.011072705033792e-06,0.13996250909087718,0.9998728725685206,0.9998707030020458,0.9996485691476632,7.988271448870144e-07,0.13995454714677336,0.9998728771526824,0.09237720797009462,0.0249029516088076,0.057314775593437194,0.08371513394994497,0.00027669122478768036,0.0,0.0,0.0,0.0,0.0010640085120680967,0.0006113136694103006,1.5753617029999998e-07,2.2505167185e-07,0.0,0.006983240223463688,0.07048161442522267,0.023045130511578065,0.0005310780402958926,0.0,0.0,0.0,1.0,0.0,0.0,0.0,0.0,0.0,0.0763241818155248,0.016581936499680625,0.13816933320064886,0.0,0.0,0.0,0.0,0.0,0.0,0.001214574898785425,0.00015154417931843297,0.0005458515283842794,7.555929620713322e-05,0.1250152587890625,0.0001983642578125,0.002909796314258002,0.5,0.0,0.0,0.0,0.0,0.0,0.0,0.0,0.0
825946,0.000808752842079563,1.0,0.9998694430336768,0.0,0.0001091703056768559,4.655735155712226e-06,7.570921544563943e-06,0.0006207324643078833,0.032679738562091505,0.0035660078493936825,0.0,0.06917808219178083,0.14680232558139536,0.06922173935151556,0.0,0.0003368893879842785,0.0005319151509202887,0.9996480051780585,0.0,0.13995377617473023,0.9998728735254088,0.9998694421197557,0.9996480024200123,0.0,0.13995377534960354,0.9998728725293126,0.0,0.0,0.0,0.0,0.0,0.0,0.0,0.0,0.0,5.600044800358403e-05,4.366526210073576e-05,0.00026595744680852495,0.0005319148936170499,0.050761421319796954,0.0015673494723774054,0.023931203281740906,0.003997195774990374,1.597757406357084e-05,0.0,0.0,0.0,0.0,0.0,0.0,0.0,0.0,0.01282051282051282,0.03588227768470127,0.0035660078493936825,0.06922173935151556,0.0,0.0,0.0,0.0,0.0,0.0,0.0,4.655735155712226e-06,0.0001091703056768559,7.570921544563943e-06,0.0,0.0,0.0,0.2,0.0,0.0,0.0,0.0,0.0,0.0,0.0,0.0
823592,0.05171440343033281,0.3529411764705882,0.9998712562996859,0.0014170040485829958,0.0007641921397379913,0.00013129173139108478,0.00011851115803916429,0.010257603972687771,0.0,0.012570177669112732,0.014125094513264254,0.8034246575342466,0.0,0.15479429973794248,0.4552779038383969,3.6485580788536778e-06,2.249039948771007e-06,0.9996483519057616,5.787880475987974e-07,0.13995461200611997,0.9998728725335513,0.9998712564084701,0.9996487013915109,9.126686884831978e-07,0.13995475120586998,0.9998728725335513,0.012990943587952648,0.002334723370496793,0.004027101275968373,0.007978489089036242,0.0009815753748728007,0.0,0.0,0.0,0.0,0.0012040096320770567,0.0008296399799139793,1.1993506715499999e-06,2.0988636752e-06,0.0,0.01820297951582868,0.06715776556312701,0.03606169834762521,0.0013004460877147237,0.0,0.0,1.0,1.0,0.0,0.0,0.0,1.0,0.0,0.07160595966692873,0.012570177669112732,0.15479429973794248,0.0,0.0,0.0,0.0,0.0,0.0,0.0014170040485829958,0.00013129173139108478,0.0007641921397379913,0.00011851115803916429,0.1250152587890625,0.9593658447265625,0.004849660523763337,0.5,0.0,0.0,0.0,0.0,0.0,0.0,0.0,0.0
897981,0.000808752842079563,1.0,0.9998694422862316,0.0,0.0001091703056768559,8.03114314360359e-06,8.770275452613676e-06,0.0010707635009310987,0.056372549019607844,0.006151363540204103,0.0,0.08013698630136987,0.17005813953488372,0.08018755944680515,0.0,0.001651157474705554,0.001976284841911675,0.9996480031623375,0.0,0.1399537755716855,0.9998728727974108,0.9998694421197557,0.9996480024200123,0.0,0.13995377534960354,0.9998728725293126,0.0,0.0,0.0,0.0,0.0,0.0,0.0,0.0,0.0,5.600044800358403e-05,4.366526210073576e-05,0.000988142292490125,0.00197628458498025,0.08756345177664974,0.0018156424581005587,0.03371523114280278,0.003145334380317131,9.893128364006504e-06,0.0,0.0,0.0,0.0,0.0,0.0,0.0,0.0,0.01282051282051282,0.05055238016352942,0.006151363540204103,0.08018755944680515,0.0,0.0,0.0,0.0,0.0,0.0,0.0,8.03114314360359e-06,0.0001091703056768559,8.770275452613676e-06,0.0,0.0,0.0,0.2,0.0,0.0,0.0,0.0,0.0,0.0,0.0,0.0
316455,0.00033570872690095066,0.3529411764705882,0.9998698528435951,0.004655870445344129,0.002183406113537118,0.0002244064345053293,0.00019976738530953374,0.009931719428926133,0.0,0.007161732430862675,0.008499464429141854,0.6684931506849315,0.0,0.09132472048108364,0.284505952267003,2.731808050146749e-05,2.9130919043000533e-05,0.9996480281860463,3.524072178153463e-08,0.13995382250383814,0.9998728725367303,0.9998698528871002,0.999648050583639,4.4804762676203395e-08,0.13995382250383814,0.9998728726119673,0.0031466268509674497,0.00017858197737074212,0.00033314230703841333,0.0008823896618449405,9.885038884912257e-08,0.0,0.0,0.0,0.0,0.005432043456347651,0.003536886230159596,1.5889451787425e-05,2.6482419645699996e-05,0.0,0.015145872129112354,0.04048472068991993,0.023124086011395182,0.000534723353862232,0.0,0.0,0.0,1.0,0.0,0.0,0.0,0.0,0.0,0.04138807167400562,0.007161732430862675,0.09132472048108364,0.0,0.0,0.0,0.0,0.0,0.0,0.004655870445344129,0.0002244064345053293,0.002183406113537118,0.00019976738530953374,0.41021728515625,0.0035247802734375,0.015518913676042677,0.8,0.0,0.0,0.0,0.0,0.0,0.0,0.0,0.0
783048,0.006759953000778234,0.3529411764705882,0.9998694428857109,0.00040485829959514163,0.0,8.962290174746036e-06,0.0,0.0007138423339540658,0.0,0.0022881883700305848,0.0014884478239162674,0.0,0.0,0.0,0.0,0.00021509521455049296,0.0009328360780955756,0.9996480035995172,1.279367253907283e-09,0.1399537760395499,0.9998728725483867,0.999869442994495,0.9996480035995172,1.279367253907283e-09,0.1399537760395499,0.9998728725483867,0.0,0.0,0.0,0.0,0.0,1.0,0.0,0.0,0.0,0.0004200033600268802,0.0,0.000932835820895525,0.0,0.0,0.0007138423339540658,0.012196980678131594,0.002461221012286285,6.0576088713203884e-06,0.0,1.0,0.0,0.0,1.0,0.0,0.0,0.0,0.0,0.016256059503566324,0.0022881883700305848,0.0,0.0,0.0,0.0,0.0,0.0,0.0,0.00040485829959514163,8.962290174746036e-06,0.0,0.0,0.0039215087890625,0.0,0.0009699321047526673,0.5,0.0,0.0,0.0,0.0,0.0,0.0,0.0,0.0
535262,0.7908839821158805,0.3529411764705882,0.9998694420588429,0.0,0.0001091703056768559,0.0,0.0,0.0,0.0,0.0,0.0,0.0,0.0,0.0,0.0,0.0,0.011363636618151119,0.9996480025491123,0.0,0.13995377538822648,0.9998728725759384,0.9998694421197557,0.9996480024200123,0.0,0.13995377534960354,0.9998728725293126,0.0,0.0,0.0,0.0,0.0,0.0,0.0,0.0,0.0,0.00014000112000896008,0.00010916315525183939,0.005681818181818174,0.011363636363636348,0.0,0.0,0.0,0.0,0.0,0.0,0.0,0.0,0.0,1.0,1.0,0.0,0.0,0.01282051282051282,0.0,0.0,0.0,0.0,0.0,0.0,0.0,0.0,0.0,0.0,0.0,0.0001091703056768559,0.0,0.007843017578125,0.003875732421875,0.0,0.5,0.0,0.0,0.0,0.0,0.0,0.0,0.0,0.0
784139,0.0012207590069125479,0.3529411764705882,0.9999955781232486,0.003036437246963563,0.0015283842794759825,5.202784036508413e-05,5.9068179971449376e-05,0.006765983860955929,0.0,0.0024906336073109003,0.006904300904067692,0.5397260273972603,0.0,0.0385761885494911,0.2229311412659381,2.3924682017967434e-08,6.494852115827964e-08,0.9996597322725248,1.1518354941152816e-05,0.139962556986848,0.9998728725611029,0.9999955782320464,0.9996706801348699,9.736764183091299e-06,0.1399625669006574,0.9998728727380689,0.9182561635120241,0.07616693573569694,0.04449952694423343,0.08386978422080894,4.565090685032206e-06,0.0,0.0,0.0,0.0,0.0023240185921487373,0.0023142588913389953,3.450190985e-08,6.037834225e-08,0.0,0.012228429546865302,0.015802015355347705,0.01808674334077714,0.00032713028467523404,0.0,0.0,0.0,1.0,0.0,0.0,0.0,0.0,0.0,0.016322141046276967,0.0024906336073109003,0.0385761885494911,0.0,0.0,0.0,0.0,0.0,0.0,0.003036437246963563,5.202784036508413e-05,0.0015283842794759825,5.9068179971449376e-05,0.1250152587890625,0.0044097900390625,0.011639185257032008,0.5,0.00017208171789914406,0.0003529191495990842,0.0007735520475989365,0.00011072188963462084,2.94576948644663e-05,6.338556174595652e-08,1.0210657279534917e-05,0.0007897272871538522
875335,0.0012207590069125479,0.3529411764705882,0.999876553544584,0.0006072874493927125,0.0004366812227074236,1.1290157752602148e-05,1.7390631666721135e-05,0.0015052762259466172,0.0,0.00216189225869492,0.00307724762244161,0.1589041095890411,0.0,0.03975109784542478,0.12279099793060165,1.1304498193464346e-07,3.062348152461629e-07,0.999650742204076,5.755937703019198e-06,0.13995945844741003,0.9998728725727594,0.9998695097249175,0.9996480631928772,8.39379035760003e-08,0.1399538296446952,0.9998728726522351,0.05447182871966763,0.019579278546547733,0.04466819652184246,0.05470942302306834,2.282545342516103e-06,0.0,0.0,0.0,0.0,0.0006440051520412163,0.0005021505141584612,1.5298868754999998e-07,3.0597737509999997e-07,0.0,0.0036002482929857233,0.014499753001301439,0.009080349962925583,8.245275544926571e-05,0.0,0.0,0.0,1.0,0.0,0.0,0.0,0.0,0.01282051282051282,0.016305620660589392,0.00216189225869492,0.03975109784542478,0.0,0.0,0.0,0.0,0.0,0.0,0.0006072874493927125,1.1290157752602148e-05,0.0004366812227074236,1.7390631666721135e-05,0.1250152587890625,0.002166748046875,0.0009699321047526673,0.5,0.0,0.0,0.0,0.0,0.0,0.0,0.0,0.0
981094,0.05171440343033281,0.3529411764705882,0.999879743274884,0.001012145748987854,0.0003275109170305677,0.0,0.0,0.0,0.0,0.0,0.0,0.0,0.0,0.0,0.0,0.0,2.3789472981375635e-07,0.9996514749950167,4.60516399935798e-06,0.13995865991174655,0.9998728726140867,0.9998797433836693,0.9996535585400194,5.271103809677572e-06,0.13995865991174655,0.9998733341340602,0.07493122438933698,0.04039976301428049,0.025187758650537285,0.05022605516791608,0.026879694287019956,0.0,0.0,0.0,0.0,0.0010920087360698886,0.0005239831452088291,1.58424859775e-07,1.584248598e-07,0.0,0.0,0.0,0.0,0.0,0.0,0.0,0.0,1.0,0.0,0.0,0.0,0.0,0.0,0.0,0.0,0.0,0.0,0.0,0.0,0.0,0.0,0.0,0.001012145748987854,0.0,0.0003275109170305677,0.0,0.9802398681640625,0.9765777587890625,0.0,0.5,0.033842983560964705,0.0,0.033842983560964705,0.033842983560964705,1.6392932323489907e-05,0.0,5.679418155689894e-06,0.00044152868364675076
594141,0.0012207590069125479,0.3529411764705882,0.9999290682644723,0.00020242914979757084,0.0,0.0,0.0,0.0,0.0,0.0,0.0,0.0,0.0,0.0,0.0,0.0,9.380805572585005e-09,0.9998088033774666,0.0,0.14000188228777785,0.9999309474143899,0.9999290683732628,0.9998088033774666,0.0,0.14000188228777785,0.9999309474143899,0.0,0.0,0.0,0.0,0.0,0.0,0.0,0.0,0.0,0.00028000224001792015,0.0,9.123365374999999e-09,0.0,0.0,0.0,0.0,0.0,0.0,0.0,0.0,0.0,0.0,1.0,0.0,0.0,0.0,0.0,0.0,0.0,0.0,0.0,0.0,0.0,0.0,0.0,0.0,0.00020242914979757084,0.0,0.0,0.0,0.0042724609375,0.0,0.0,0.5,0.0,0.0,0.0,0.0,0.0,0.0,0.0,0.0
754914,0.0012207590069125479,0.3529411764705882,0.999869442954254,0.00040485829959514163,0.0004366812227074236,1.873933400174171e-05,3.658029419551687e-05,0.0024984481688392303,0.0,0.004784393864606163,0.005897744508285693,0.33424657534246577,0.0,0.08361437822658314,0.2582845128885069,0.0016812088642967839,0.002018454697520344,0.9996480028439886,2.5001297856995143e-10,0.13995377559889713,0.9998728725293126,0.9998694426224044,0.9996480030977875,3.431636123760845e-10,0.13995377564278685,0.9998728726649512,4.858567799717734e-06,1.7463568696675325e-06,2.2293446954580564e-06,3.147415526108712e-06,0.0,0.0,0.0,0.0,0.0,0.0005040040320322563,0.0005021505141584612,0.0008650519031141999,0.00230680507497115,0.0,0.007572936064556177,0.032178213252469126,0.019724452737530655,0.0003890540357952733,0.0,0.0,0.0,1.0,0.0,0.0,0.0,0.0,0.01282051282051282,0.036760218180544146,0.004784393864606163,0.08361437822658314,0.0,0.0,0.0,0.0,0.0,0.0,0.00040485829959514163,1.873933400174171e-05,0.0004366812227074236,3.658029419551687e-05,0.1250152587890625,0.002288818359375,0.0009699321047526673,0.5,0.0,0.0,0.0,0.0,0.0,0.0,0.0,0.0
719271,0.006790471975951048,0.3529411764705882,0.9998705582414111,0.001012145748987854,0.0005458515283842794,5.295898739622657e-05,2.5336351307550622e-05,0.0021725636250775914,0.0,0.006760556547805886,0.00399320218452724,0.09931506849315068,0.0,0.04633058990259853,0.07384276992570547,1.7359530838472768e-06,2.6806686048348882e-06,0.999648303446679,3.114547412884598e-07,0.13995400031863936,0.9998728725992513,0.9998705582773004,0.9996486044340289,2.6954719880397787e-07,0.13995400050473175,0.999872873065509,0.008549545920170197,0.002304777693608169,3.5868149508268125e-06,0.0021506558155051985,0.0023028905498210495,0.0,0.0,0.0,0.0,0.0009240073920591365,0.0006113136694103006,1.462042453825e-06,2.436737423e-06,0.0,0.002250155183116077,0.02621193950610698,0.007196045798239752,5.1783075130283886e-05,0.0,0.0,0.0,1.0,0.0,0.0,0.0,0.0,0.0,0.028583270923118555,0.006760556547805886,0.04633058990259853,0.0,0.0,0.0,0.0,0.0,0.0,0.001012145748987854,5.295898739622657e-05,0.0005458515283842794,2.5336351307550622e-05,0.1250152587890625,1.52587890625e-05,0.0038797284190106693,0.5,0.0,0.0,0.0,0.0,0.0,0.0,0.0,0.0
634411,0.000808752842079563,1.0,0.9998694423156071,0.0,0.0001091703056768559,4.772128534605031e-06,4.2726982974271755e-06,0.0006362507759155804,0.03349673202614379,0.0036551580456285248,0.0,0.03904109589041096,0.08284883720930232,0.03906573408946917,0.0,0.0007860752386299831,0.0017857145426947857,0.999648003241558,0.0,0.13995377559538597,0.9998728728260221,0.9998694421197557,0.9996480024200123,0.0,0.13995377534960354,0.9998728725293126,0.0,0.0,0.0,0.0,0.0,0.0,0.0,0.0,0.0,5.600044800358403e-05,4.366526210073576e-05,0.00089285714285715,0.0017857142857143,0.052030456852791875,0.0008845437616387337,0.018378106387632213,0.0010484447934352606,1.0992364848891821e-06,0.0,0.0,0.0,0.0,0.0,0.0,0.0,0.0,0.01282051282051282,0.02755600330482584,0.0036551580456285248,0.03906573408946917,0.0,0.0,0.0,0.0,0.0,0.0,0.0,4.772128534605031e-06,0.0001091703056768559,4.2726982974271755e-06,0.0,0.0,0.0,0.2,0.0,0.0,0.0,0.0,0.0,0.0,0.0,0.0
170200,0.0003204492393145438,0.3529411764705882,0.9998694420142356,0.0,0.0001091703056768559,0.0,0.0,0.0,0.0,0.0,0.0,0.0,0.0,0.0,0.0,0.0,0.16666666688120027,0.9996480024288146,0.0,0.13995377535223694,0.9998728725324916,0.9998694421197557,0.9996480024200123,0.0,0.13995377534960354,0.9998728725293126,0.0,0.0,0.0,0.0,0.0,0.0,0.0,0.0,0.0,0.00028000224001792015,0.00010916315525183939,0.08333333333333325,0.1666666666666665,0.0,0.0,0.0,0.0,0.0,0.0,0.0,0.0,1.0,0.0,0.0,0.0,0.0,0.01282051282051282,0.0,0.0,0.0,0.0,0.0,0.0,0.0,0.0,0.0,0.0,0.0,0.0001091703056768559,0.0,0.41021728515625,1.52587890625e-05,0.0,1.0,0.0,0.0,0.0,0.0,0.0,0.0,0.0,0.0
990748,0.0012207590069125479,0.3529411764705882,0.9998694420990983,0.00020242914979757084,0.0,0.0,0.0,0.0,0.0,0.0,0.0,0.0,0.0,0.0,0.0,0.0,0.006172839762023914,0.9996480026576737,0.0,0.1399537754207049,0.9998728726151463,0.9998694422078824,0.9996480026576737,0.0,0.1399537754207049,0.9998728726151463,0.0,0.0,0.0,0.0,0.0,0.0,0.0,0.0,0.0,0.00028000224001792015,0.0,0.00617283950617285,0.0,0.0,0.0,0.0,0.0,0.0,0.0,0.0,0.0,0.0,1.0,0.0,0.0,0.0,0.0,0.0,0.0,0.0,0.0,0.0,0.0,0.0,0.0,0.0,0.00020242914979757084,0.0,0.0,0.0,0.0042572021484375,0.0,0.0,0.5,0.0,0.0,0.0,0.0,0.0,0.0,0.0,0.0
706345,0.05171440343033281,0.3529411764705882,0.9998754283001955,0.0018218623481781376,0.0007641921397379913,0.00013245566518001284,0.00011851115803916429,0.010505896958410926,0.0,0.010145292331525026,0.01329989818901189,0.8034246575342466,0.0,0.15479429973794248,0.4552779038383969,1.109865035325772e-06,7.726779915510818e-07,0.9996490114145641,1.7979789559600472e-06,0.13995642994542754,0.999872872613027,0.9998754284089802,0.9996497961881043,2.2851683471927692e-06,0.13995642994542754,0.9998729490358576,0.04524641684999982,0.008131654651237153,0.013714097327072182,0.026411512274983333,0.0011779910975160074,0.0,0.0,0.0,0.0,0.0014840118720949769,0.0008296399799139793,4.5436503032499996e-07,6.3611104245e-07,0.0,0.01820297951582868,0.05991615259954753,0.03461458499687299,0.001198169494506082,0.0,0.0,1.0,1.0,0.0,0.0,0.0,1.0,0.0,0.06341495809210916,0.010145292331525026,0.15479429973794248,0.0,0.0,0.0,0.0,0.0,0.0,0.0018218623481781376,0.00013245566518001284,0.0007641921397379913,0.00011851115803916429,0.1250152587890625,0.9592132568359375,0.004849660523763337,0.5,0.0,0.0,0.0,0.0,0.0,0.0,0.0,0.0
391880,0.05171440343033281,0.3529411764705882,0.9998728094700176,0.0016194331983805667,0.0007641921397379913,0.00013361959896894088,0.00011851115803916429,0.010505896958410926,0.0,0.01137160280862604,0.013875598572000457,0.8034246575342466,0.0,0.15479429973794248,0.4552779038383969,1.980249311196856e-06,1.292607759842231e-06,0.9996486078475513,6.120088656666632e-07,0.13995461200787557,0.9998728725324916,0.999872809578802,0.999649137596648,8.695207016556486e-07,0.1399548602402172,0.9998728725324916,0.023896328196971572,0.0042946315279415136,0.00394143631548714,0.00797850583060819,0.0020627020777156542,0.0,0.0,0.0,0.0,0.0013440107520860168,0.0008296399799139793,7.26947055e-07,1.13080653e-06,0.0,0.01820297951582868,0.06367395556311793,0.03541621741105054,0.0012543084557070842,0.0,0.0,0.0,1.0,0.0,0.0,0.0,0.0,0.0,0.06762619875797636,0.01137160280862604,0.15479429973794248,0.0,0.0,0.0,0.0,0.0,0.0,0.0016194331983805667,0.00013361959896894088,0.0007641921397379913,0.00011851115803916429,0.1250152587890625,0.9590606689453125,0.004849660523763337,0.5,0.0,0.0,0.0,0.0,0.0,0.0,0.0,0.0
412283,0.000808752842079563,1.0,0.9998694436734115,0.0,0.0001091703056768559,4.422948397926615e-06,6.746365732779751e-06,0.0005896958410924892,0.03104575163398693,0.0033877074569239984,0.0,0.06164383561643836,0.1308139534883721,0.061682738036003965,0.0,0.00018814067042752027,0.00032722538824600907,0.9996480069033045,0.0,0.1399537766908733,0.9998728741484987,0.9998694421197557,0.9996480024200123,0.0,0.13995377534960354,0.9998728725293126,0.0,0.0,0.0,0.0,0.0,0.0,0.0,0.0,0.0,5.600044800358403e-05,4.366526210073576e-05,0.000163612565445025,0.00032722513089005,0.048223350253807105,0.0013966480446927375,0.021947954390987803,0.0034074455786816216,1.1610685371646091e-05,0.0,0.0,0.0,0.0,0.0,0.0,0.0,0.0,0.01282051282051282,0.03290860826331719,0.0033877074569239984,0.061682738036003965,0.0,0.0,0.0,0.0,0.0,0.0,0.0,4.422948397926615e-06,0.0001091703056768559,6.746365732779751e-06,0.0,0.0,0.0,0.2,0.0,0.0,0.0,0.0,0.0,0.0,0.0,0.0
353167,0.00033570872690095066,0.3529411764705882,0.9998698580593913,0.004251012145748988,0.00240174672489083,0.0002225441404430444,0.00019976738530953374,0.009931719428926133,0.0,0.007747962509137994,0.008736085312671723,0.6684931506849315,0.0,0.08302247316464642,0.2737832352974904,2.688163584497765e-05,2.8765722138869552e-05,0.9996480285131634,6.037253322857475e-08,0.13995388163996564,0.9998728725314319,0.9998698580974564,0.9996480558397638,8.377023293018192e-08,0.13995388163996564,0.9998728728249624,0.0031867787886330416,0.00016363590668381036,0.0005443724107505493,0.0013487428900113463,7.189119189027096e-08,0.0,0.0,0.0,0.0,0.004984039872318979,0.0038862083269654824,1.438273235305e-05,2.87654647061e-05,0.0,0.015145872129112354,0.04034368965767097,0.023123658359639084,0.0005347035759330538,0.0,0.0,0.0,1.0,0.0,0.0,0.0,0.0,0.01282051282051282,0.04124389376264055,0.007747962509137994,0.08302247316464642,0.0,0.0,0.0,0.0,0.0,0.0,0.004251012145748988,0.0002225441404430444,0.00240174672489083,0.00019976738530953374,0.41021728515625,0.0035247802734375,0.015518913676042677,0.8,0.0,0.0,0.0,0.0,0.0,0.0,0.0,0.0
184592,0.00033570872690095066,0.3529411764705882,0.9998698719540374,0.004453441295546558,0.002183406113537118,0.00022813102262989908,0.00019976738530953374,0.009931719428926133,0.0,0.007597147157399668,0.008632522780653334,0.6684931506849315,0.0,0.09132472048108364,0.284505952267003,2.6285693887203816e-05,2.7203464121896738e-05,0.9996480300266024,4.852928389606951e-08,0.1399538668421085,0.999872872534611,0.999869871419823,0.9996480550446821,6.541009615582473e-08,0.1399538668421085,0.9998728727454866,0.0032932172585095334,0.00018690149095857008,0.0005145473520981859,0.0015591677078180505,8.986398986283869e-08,0.0,0.0,0.0,0.0,0.005208041664333315,0.003536886230159596,1.4550552414874999e-05,2.5305308547649997e-05,0.0,0.015145872129112354,0.04169330054422698,0.02332279208320295,0.0005439526305562911,0.0,0.0,0.0,1.0,0.0,0.0,0.0,0.0,0.0,0.04264564674078594,0.007597147157399668,0.09132472048108364,0.0,0.0,0.0,0.0,0.0,0.0,0.004453441295546558,0.00022813102262989908,0.002183406113537118,0.00019976738530953374,0.41021728515625,0.0035247802734375,0.015518913676042677,0.8,0.0,0.0,0.0,0.0,0.0,0.0,0.0,0.0
571171,0.000808752842079563,1.0,0.9998694423406308,0.0,0.0001091703056768559,4.190161640141004e-06,1.2293377557509768e-05,0.000558659217877095,0.029411764705882353,0.0032094070644543143,0.0,0.11232876712328767,0.23837209302325582,0.11239965597671833,0.0,0.001482461553286154,0.0016501652735170314,0.9996480033090421,0.0,0.13995377561557523,0.9998728728503946,0.9998694421197557,0.9996480024200123,0.0,0.13995377534960354,0.9998728725293126,0.0,0.0,0.0,0.0,0.0,0.0,0.0,0.0,0.0,5.600044800358403e-05,4.366526210073576e-05,0.0008250825082508249,0.0016501650165016498,0.04568527918781726,0.0025450031036623215,0.0312031158811954,0.008387558347516134,7.035113503293471e-05,0.0,0.0,0.0,0.0,0.0,0.0,0.0,0.0,0.01282051282051282,0.04678573222977625,0.0032094070644543143,0.11239965597671833,0.0,0.0,0.0,0.0,0.0,0.0,0.0,4.190161640141004e-06,0.0001091703056768559,1.2293377557509768e-05,0.0,0.0,0.0,0.2,0.0,0.0,0.0,0.0,0.0,0.0,0.0,0.0
770616,0.0012207590069125479,0.3529411764705882,0.9998694955430579,0.00040485829959514163,0.0004366812227074236,5.086390657615607e-05,6.439031293842006e-05,0.006781502172563626,0.0,0.012986211918211633,0.016008163665354132,0.5883561643835616,0.0,0.147181866591465,0.45464425526890867,5.915745609381875e-05,3.556719440644358e-05,0.9996480264810319,2.8389883959573878e-08,0.1399537962463758,0.9998728725727594,0.9998694694488307,0.999648039270738,3.728322722616823e-08,0.13995379619721932,0.9998728739800101,0.00021266859636534627,7.644130524365905e-05,0.00017156905128656549,0.00021128700876199465,3.6844235843763864e-07,0.0,0.0,0.0,0.0,0.0005040040320322563,0.0005021505141584612,1.5242972989449999e-05,4.064792797185e-05,0.0,0.013330229671011794,0.0642572640604006,0.03637230546247542,0.0013229446046554181,0.0,0.0,0.0,1.0,0.0,0.0,0.0,0.0,0.01282051282051282,0.0734071537164698,0.012986211918211633,0.147181866591465,0.0,0.0,0.0,0.0,0.0,0.0,0.00040485829959514163,5.086390657615607e-05,0.0004366812227074236,6.439031293842006e-05,0.1250152587890625,0.00048828125,0.0009699321047526673,0.5,0.0,0.0,0.0,0.0,0.0,0.0,0.0,0.0
839442,0.05171440343033281,0.3529411764705882,0.9998724348585638,0.0020242914979757085,0.0007641921397379913,0.00013361959896894088,0.00011851115803916429,0.010505896958410926,0.0,0.00930403866159664,0.012835261684409164,0.8034246575342466,0.0,0.15479429973794248,0.4552779038383969,2.2281149476067378e-06,1.6361338824037937e-06,0.9996484771938597,7.563681543239767e-07,0.13995464310461816,0.9998728725356706,0.9998724349673482,0.999648809535553,9.732934212390151e-07,0.13995470089947587,0.9998728725356706,0.022576681179672594,0.0040574654813618355,0.0054353826973815925,0.008783800553635413,0.000285479922996266,0.0,0.0,0.0,0.0,0.001624012992103937,0.0008296399799139793,9.99702270475e-07,1.27234834425e-06,0.0,0.01820297951582868,0.0569714339249096,0.03388129881010503,0.0011479424090595541,0.0,0.0,1.0,1.0,0.0,0.0,0.0,1.0,0.0,0.06011217667375236,0.00930403866159664,0.15479429973794248,0.0,0.0,0.0,0.0,0.0,0.0,0.0020242914979757085,0.00013361959896894088,0.0007641921397379913,0.00011851115803916429,0.1250152587890625,0.9590606689453125,0.004849660523763337,0.5,0.0,0.0,0.0,0.0,0.0,0.0,0.0,0.0
39068,0.0003204492393145438,0.3529411764705882,0.9998694420120596,0.0,0.0001091703056768559,0.0,0.0,0.0,0.0,0.0,0.0,0.0,0.0,0.0,0.0,0.0,0.5000000001287201,0.9996480024229464,0.0,0.13995377535048134,0.9998728725303723,0.9998694421197557,0.9996480024200123,0.0,0.13995377534960354,0.9998728725293126,0.0,0.0,0.0,0.0,0.0,0.0,0.0,0.0,0.0,0.00028000224001792015,0.00010916315525183939,0.25,0.5,0.0,0.0,0.0,0.0,0.0,0.0,0.0,0.0,1.0,0.0,0.0,0.0,0.0,0.01282051282051282,0.0,0.0,0.0,0.0,0.0,0.0,0.0,0.0,0.0,0.0,0.0,0.0001091703056768559,0.0,0.41021728515625,1.52587890625e-05,0.0,1.0,0.0,0.0,0.0,0.0,0.0,0.0,0.0,0.0
42570,0.0003204492393145438,0.3529411764705882,0.9998694420131475,0.0,0.0001091703056768559,0.0,0.0,0.0,0.0,0.0,0.0,0.0,0.0,0.0,0.0,0.0,0.25000000019308016,0.9996480024258805,0.0,0.13995377535135914,0.9998728725314319,0.9998694421197557,0.9996480024200123,0.0,0.13995377534960354,0.9998728725293126,0.0,0.0,0.0,0.0,0.0,0.0,0.0,0.0,0.0,0.00028000224001792015,0.00010916315525183939,0.125,0.25,0.0,0.0,0.0,0.0,0.0,0.0,0.0,0.0,1.0,0.0,0.0,0.0,0.0,0.01282051282051282,0.0,0.0,0.0,0.0,0.0,0.0,0.0,0.0,0.0,0.0,0.0,0.0001091703056768559,0.0,0.41021728515625,1.52587890625e-05,0.0,1.0,0.0,0.0,0.0,0.0,0.0,0.0,0.0,0.0
75308,0.0003204492393145438,0.3529411764705882,0.9998694420120596,0.0,0.0001091703056768559,0.0,0.0,0.0,0.0,0.0,0.0,0.0,0.0,0.0,0.0,0.0,0.5000000001287201,0.9996480024229464,0.0,0.13995377535048134,0.9998728725303723,0.9998694421197557,0.9996480024200123,0.0,0.13995377534960354,0.9998728725293126,0.0,0.0,0.0,0.0,0.0,0.0,0.0,0.0,0.0,0.00028000224001792015,0.00010916315525183939,0.25,0.5,0.0,0.0,0.0,0.0,0.0,0.0,0.0,0.0,1.0,0.0,0.0,0.0,0.0,0.01282051282051282,0.0,0.0,0.0,0.0,0.0,0.0,0.0,0.0,0.0,0.0,0.0,0.0001091703056768559,0.0,0.41021728515625,1.52587890625e-05,0.0,1.0,0.0,0.0,0.0,0.0,0.0,0.0,0.0,0.0
55281,0.0003204492393145438,0.3529411764705882,0.9998694420120596,0.0,0.0001091703056768559,0.0,0.0,0.0,0.0,0.0,0.0,0.0,0.0,0.0,0.0,0.0,0.5000000001287201,0.9996480024229464,0.0,0.13995377535048134,0.9998728725303723,0.9998694421197557,0.9996480024200123,0.0,0.13995377534960354,0.9998728725293126,0.0,0.0,0.0,0.0,0.0,0.0,0.0,0.0,0.0,0.00028000224001792015,0.00010916315525183939,0.25,0.5,0.0,0.0,0.0,0.0,0.0,0.0,0.0,0.0,1.0,0.0,0.0,0.0,0.0,0.01282051282051282,0.0,0.0,0.0,0.0,0.0,0.0,0.0,0.0,0.0,0.0,0.0,0.0001091703056768559,0.0,0.41021728515625,1.52587890625e-05,0.0,1.0,0.0,0.0,0.0,0.0,0.0,0.0,0.0,0.0
139004,0.0003204492393145438,0.3529411764705882,0.9998694420120596,0.0,0.0001091703056768559,0.0,0.0,0.0,0.0,0.0,0.0,0.0,0.0,0.0,0.0,0.0,0.5000000001287201,0.9996480024229464,0.0,0.13995377535048134,0.9998728725303723,0.9998694421197557,0.9996480024200123,0.0,0.13995377534960354,0.9998728725293126,0.0,0.0,0.0,0.0,0.0,0.0,0.0,0.0,0.0,0.00028000224001792015,0.00010916315525183939,0.25,0.5,0.0,0.0,0.0,0.0,0.0,0.0,0.0,0.0,1.0,0.0,0.0,0.0,0.0,0.01282051282051282,0.0,0.0,0.0,0.0,0.0,0.0,0.0,0.0,0.0,0.0,0.0,0.0001091703056768559,0.0,0.41021728515625,1.52587890625e-05,0.0,1.0,0.0,0.0,0.0,0.0,0.0,0.0,0.0,0.0
301831,0.00033570872690095066,0.3529411764705882,0.9998697909449104,0.004251012145748988,0.002183406113537118,0.0002244064345053293,0.00019976738530953374,0.009931719428926133,0.0,0.007812799015493038,0.008741956209752828,0.6684931506849315,0.0,0.09132472048108364,0.284505952267003,3.2164136058315106e-05,3.273950336899654e-05,0.99964802537148,4.119067549313883e-08,0.1399538550068073,0.9998728725303723,0.9998697908872329,0.9996480472086439,5.5993555684711476e-08,0.1399538550068073,0.9998728728154253,0.002672720647710591,0.00015168615817316266,0.0003970786249638694,0.0010769936941613643,5.391839391770322e-08,0.0,0.0,0.0,0.0,0.004984039872318979,0.003536886230159596,1.714912882425e-05,3.11802342259e-05,0.0,0.015145872129112354,0.0423677309545646,0.023526556300807605,0.0005534988513752984,0.0,0.0,0.0,1.0,0.0,0.0,0.0,0.0,0.0,0.04335893222987855,0.007812799015493038,0.09132472048108364,0.0,0.0,0.0,0.0,0.0,0.0,0.004251012145748988,0.0002244064345053293,0.002183406113537118,0.00019976738530953374,0.41021728515625,0.0035247802734375,0.015518913676042677,0.8,0.0,0.0,0.0,0.0,0.0,0.0,0.0,0.0
117722,0.0003204492393145438,0.3529411764705882,0.9998694420131475,0.0,0.0001091703056768559,0.0,0.0,0.0,0.0,0.0,0.0,0.0,0.0,0.0,0.0,0.0,0.25000000019308016,0.9996480024258805,0.0,0.13995377535135914,0.9998728725314319,0.9998694421197557,0.9996480024200123,0.0,0.13995377534960354,0.9998728725293126,0.0,0.0,0.0,0.0,0.0,0.0,0.0,0.0,0.0,0.00028000224001792015,0.00010916315525183939,0.125,0.25,0.0,0.0,0.0,0.0,0.0,0.0,0.0,0.0,1.0,0.0,0.0,0.0,0.0,0.01282051282051282,0.0,0.0,0.0,0.0,0.0,0.0,0.0,0.0,0.0,0.0,0.0,0.0001091703056768559,0.0,0.41021728515625,1.52587890625e-05,0.0,1.0,0.0,0.0,0.0,0.0,0.0,0.0,0.0,0.0
714458,0.000808752842079563,1.0,0.9998694438126734,0.0,0.0001091703056768559,4.306555019033809e-06,7.645881163817052e-06,0.0005741775294847921,0.03022875816993464,0.0032985572606891566,0.0,0.06986301369863014,0.14825581395348836,0.06990710310747116,0.0,0.00018851700857413315,0.00030193262451222046,0.9996480072788683,0.0,0.13995377680323098,0.9998728742841373,0.9998694421197557,0.9996480024200123,0.0,0.13995377534960354,0.9998728725293126,0.0,0.0,0.0,0.0,0.0,0.0,0.0,0.0,0.0,5.600044800358403e-05,4.366526210073576e-05,0.000150966183574875,0.00030193236714975,0.04695431472081218,0.0015828677839851025,0.023270120318182985,0.004259306973343514,1.8141695893197262e-05,0.0,0.0,0.0,0.0,0.0,0.0,0.0,0.0,0.01282051282051282,0.034891054544239915,0.0032985572606891566,0.06990710310747116,0.0,0.0,0.0,0.0,0.0,0.0,0.0,4.306555019033809e-06,0.0001091703056768559,7.645881163817052e-06,0.0,0.0,0.0,0.2,0.0,0.0,0.0,0.0,0.0,0.0,0.0,0.0
585858,0.000808752842079563,1.0,0.9998694422709998,0.0,0.0001091703056768559,5.936062323533088e-06,5.022294489958259e-06,0.0007914338919925512,0.04166666666666667,0.004546660007976946,0.0,0.04589041095890411,0.09738372093023255,0.045919371649025174,0.0,0.0011088688363220325,0.0020920504661066474,0.9996480031212602,0.0,0.1399537755593964,0.9998728727825753,0.9998694421197557,0.9996480024200123,0.0,0.13995377534960354,0.9998728725293126,0.0,0.0,0.0,0.0,0.0,0.0,0.0,0.0,0.0,5.600044800358403e-05,4.366526210073576e-05,0.0010460251046025251,0.0020920502092050502,0.06472081218274112,0.0010397268777157045,0.022344604169138423,0.0010484447934352606,1.0992364848891821e-06,0.0,0.0,0.0,0.0,0.0,0.0,0.0,0.0,0.01282051282051282,0.033503342147594005,0.004546660007976946,0.045919371649025174,0.0,0.0,0.0,0.0,0.0,0.0,0.0,5.936062323533088e-06,0.0001091703056768559,5.022294489958259e-06,0.0,0.0,0.0,0.2,0.0,0.0,0.0,0.0,0.0,0.0,0.0,0.0
518664,0.0012207590069125479,0.3529411764705882,0.9998694421023623,0.00020242914979757084,0.0,0.0,0.0,0.0,0.0,0.0,0.0,0.0,0.0,0.0,0.0,0.0,0.005952381208288769,0.999648002666476,0.0,0.13995377542333826,0.9998728726183254,0.9998694422111464,0.999648002666476,0.0,0.13995377542333826,0.9998728726183254,0.0,0.0,0.0,0.0,0.0,0.0,0.0,0.0,0.0,0.00028000224001792015,0.0,0.0059523809523809494,0.0,0.0,0.0,0.0,0.0,0.0,0.0,0.0,0.0,0.0,1.0,0.0,0.0,0.0,0.0,0.0,0.0,0.0,0.0,0.0,0.0,0.0,0.0,0.0,0.00020242914979757084,0.0,0.0,0.0,0.0042572021484375,0.0,0.0,0.5,0.0,0.0,0.0,0.0,0.0,0.0,0.0,0.0
466655,0.0012207590069125479,0.3529411764705882,0.9999284340719576,0.00020242914979757084,0.0,0.0,0.0,0.0,0.0,0.0,0.0,0.0,0.0,0.0,0.0,0.0,9.478886072559754e-09,0.9998070930777654,0.0,0.1400013706161853,0.9999303297224298,0.9999284341807482,0.9998070930777654,0.0,0.1400013706161853,0.9999303297224298,0.0,0.0,0.0,0.0,0.0,0.0,0.0,0.0,0.0,0.00028000224001792015,0.0,9.221445875e-09,0.0,0.0,0.0,0.0,0.0,0.0,0.0,0.0,0.0,0.0,1.0,0.0,0.0,0.0,0.0,0.0,0.0,0.0,0.0,0.0,0.0,0.0,0.0,0.0,0.00020242914979757084,0.0,0.0,0.0,0.0042724609375,0.0,0.0,0.5,0.0,0.0,0.0,0.0,0.0,0.0,0.0,0.0
414164,0.0012207590069125479,0.3529411764705882,0.9998694887942919,0.0008097165991902834,0.0008733624454148472,2.8981951344308607e-05,0.0005551509401885204,0.003864059590316574,0.0,0.004439679772495135,0.007065372296814613,1.0,0.0,0.6344754970758963,0.78126867393404,0.0003998276379875418,7.558165276956726e-05,0.9996480129338412,1.9196636357952715e-08,0.13995379389564255,0.9998728725303723,0.999869488903076,0.9996480339614989,2.898971627355213e-08,0.13995379434331764,0.9998728726204448,0.00018217545815065126,2.8063240262881285e-05,9.371329542488585e-05,0.0001763389773218248,8.98639898628387e-09,0.0,0.0,0.0,0.0,0.0007840062720501764,0.0009388031351658187,2.906976744185e-05,9.302325581395e-05,0.0,0.02265673494723774,0.2168824322673517,0.08053580673609569,0.0064860161666340285,0.0,0.0,0.0,1.0,0.0,0.0,0.0,0.0,0.01282051282051282,0.23347117354560967,0.004439679772495135,0.6344754970758963,0.0,0.0,0.0,0.0,0.0,0.0,0.0008097165991902834,2.8981951344308607e-05,0.0008733624454148472,0.0005551509401885204,0.1250152587890625,0.0144500732421875,0.0009699321047526673,0.5,0.0,0.0,0.0,0.0,0.0,0.0,0.0,0.0
49782,0.0003204492393145438,0.3529411764705882,0.9998694420131475,0.0,0.0001091703056768559,0.0,0.0,0.0,0.0,0.0,0.0,0.0,0.0,0.0,0.0,0.0,0.25000000019308016,0.9996480024258805,0.0,0.13995377535135914,0.9998728725314319,0.9998694421197557,0.9996480024200123,0.0,0.13995377534960354,0.9998728725293126,0.0,0.0,0.0,0.0,0.0,0.0,0.0,0.0,0.0,0.00028000224001792015,0.00010916315525183939,0.125,0.25,0.0,0.0,0.0,0.0,0.0,0.0,0.0,0.0,1.0,0.0,0.0,0.0,0.0,0.01282051282051282,0.0,0.0,0.0,0.0,0.0,0.0,0.0,0.0,0.0,0.0,0.0,0.0001091703056768559,0.0,0.41021728515625,1.52587890625e-05,0.0,1.0,0.0,0.0,0.0,0.0,0.0,0.0,0.0,0.0
772185,0.8110875436802832,0.3529411764705882,0.9998694420468751,0.00020242914979757084,0.0,0.0,0.0,0.0,0.0,0.0,0.0,0.0,0.0,0.0,0.0,0.0,0.015151515405054742,0.9996480025168373,0.0,0.13995377537857076,0.9998728725642819,0.9998694421556592,0.9996480025168373,0.0,0.13995377537857076,0.9998728725642819,0.0,0.0,0.0,0.0,0.0,0.0,0.0,0.0,0.0,0.00028000224001792015,0.0,0.01515151515151515,0.0,0.0,0.0,0.0,0.0,0.0,0.0,0.0,0.0,0.0,1.0,0.0,0.0,0.0,0.0,0.0,0.0,0.0,0.0,0.0,0.0,0.0,0.0,0.0,0.00020242914979757084,0.0,0.0,0.0,0.0039215087890625,0.0,0.0,0.5,0.0,0.0,0.0,0.0,0.0,0.0,0.0,0.0
3506,0.0003204492393145438,0.3529411764705882,0.9998694420153236,0.0,0.0001091703056768559,0.0,0.0,0.0,0.0,0.0,0.0,0.0,0.0,0.0,0.0,0.0,0.1250000002252602,0.9996480024317487,0.0,0.1399537753531147,0.9998728725335513,0.9998694421197557,0.9996480024200123,0.0,0.13995377534960354,0.9998728725293126,0.0,0.0,0.0,0.0,0.0,0.0,0.0,0.0,0.0,0.00028000224001792015,0.00010916315525183939,0.0625,0.125,0.0,0.0,0.0,0.0,0.0,0.0,0.0,0.0,1.0,0.0,0.0,0.0,0.0,0.01282051282051282,0.0,0.0,0.0,0.0,0.0,0.0,0.0,0.0,0.0,0.0,0.0,0.0001091703056768559,0.0,0.41021728515625,1.52587890625e-05,0.0,1.0,0.0,0.0,0.0,0.0,0.0,0.0,0.0,0.0
654301,0.0012207590069125479,0.3529411764705882,0.9999286975871694,0.00020242914979757084,0.0,0.0,0.0,0.0,0.0,0.0,0.0,0.0,0.0,0.0,0.0,0.0,9.437877422570312e-09,0.9998078037294642,0.0,0.1400015832223655,0.9999305863814472,0.9999286976959599,0.9998078037294642,0.0,0.1400015832223655,0.9999305863814472,0.0,0.0,0.0,0.0,0.0,0.0,0.0,0.0,0.0,0.00028000224001792015,0.0,9.180437225e-09,0.0,0.0,0.0,0.0,0.0,0.0,0.0,0.0,0.0,0.0,1.0,0.0,0.0,0.0,0.0,0.0,0.0,0.0,0.0,0.0,0.0,0.0,0.0,0.0,0.00020242914979757084,0.0,0.0,0.0,0.0042724609375,0.0,0.0,0.5,0.0,0.0,0.0,0.0,0.0,0.0,0.0,0.0
156503,0.0003204492393145438,0.3529411764705882,0.9998694420120596,0.0,0.0001091703056768559,0.0,0.0,0.0,0.0,0.0,0.0,0.0,0.0,0.0,0.0,0.0,0.5000000001287201,0.9996480024229464,0.0,0.13995377535048134,0.9998728725303723,0.9998694421197557,0.9996480024200123,0.0,0.13995377534960354,0.9998728725293126,0.0,0.0,0.0,0.0,0.0,0.0,0.0,0.0,0.0,0.00028000224001792015,0.00010916315525183939,0.25,0.5,0.0,0.0,0.0,0.0,0.0,0.0,0.0,0.0,1.0,0.0,0.0,0.0,0.0,0.01282051282051282,0.0,0.0,0.0,0.0,0.0,0.0,0.0,0.0,0.0,0.0,0.0,0.0001091703056768559,0.0,0.41021728515625,1.52587890625e-05,0.0,1.0,0.0,0.0,0.0,0.0,0.0,0.0,0.0,0.0
716799,0.05171440343033281,0.3529411764705882,0.9998707308218159,0.0014170040485829958,0.0007641921397379913,0.00013245566518001284,0.00011851115803916429,0.010505896958410926,0.0,0.012681615414406284,0.014450156496087474,0.8034246575342466,0.0,0.15479429973794248,0.4552779038383969,5.1551188681347556e-06,3.165920379859965e-06,0.9996482506831581,5.801487021974694e-07,0.1399545984292748,0.9998728726183254,0.9998707309306002,0.9996484989463039,8.943107189154863e-07,0.1399546791968884,0.9998728726596529,0.009636840057839791,0.0017319262106290246,0.0043292738997275605,0.007849018142381127,0.00026009334586001405,0.0,0.0,0.0,0.0,0.0012040096320770567,0.0008296399799139793,1.6883535682499998e-06,2.9546187444499997e-06,0.0,0.01820297951582868,0.06740567167447115,0.03624687204100493,0.001313835732757029,0.0,0.0,0.0,1.0,0.0,0.0,0.0,0.0,0.0,0.07187028583773164,0.012681615414406284,0.15479429973794248,0.0,0.0,0.0,0.0,0.0,0.0,0.0014170040485829958,0.00013245566518001284,0.0007641921397379913,0.00011851115803916429,0.1250152587890625,0.9592132568359375,0.004849660523763337,0.5,0.0,0.0,0.0,0.0,0.0,0.0,0.0,0.0
480447,0.0012207590069125479,0.3529411764705882,0.9998694421045382,0.00020242914979757084,0.0,0.0,0.0,0.0,0.0,0.0,0.0,0.0,0.0,0.0,0.0,0.0,0.0058139537443155555,0.9996480026723442,0.0,0.13995377542509385,0.9998728726204448,0.9998694422133223,0.9996480026723442,0.0,0.13995377542509385,0.9998728726204448,0.0,0.0,0.0,0.0,0.0,0.0,0.0,0.0,0.0,0.00028000224001792015,0.0,0.0058139534883721,0.0,0.0,0.0,0.0,0.0,0.0,0.0,0.0,0.0,0.0,1.0,0.0,0.0,0.0,0.0,0.0,0.0,0.0,0.0,0.0,0.0,0.0,0.0,0.0,0.00020242914979757084,0.0,0.0,0.0,0.0042724609375,0.0,0.0,0.5,0.0,0.0,0.0,0.0,0.0,0.0,0.0,0.0
821740,0.05171440343033281,0.3529411764705882,0.9998712789417249,0.0014170040485829958,0.0007641921397379913,0.00013315402545336966,0.00011851115803916429,0.010505896958410926,0.0,0.012748478061582415,0.014464327897139705,0.8034246575342466,0.0,0.15479429973794248,0.4552779038383969,3.6248695288074115e-06,2.221321418128143e-06,0.999648356267289,5.783685174624878e-07,0.13995461206581,0.9998728725335513,0.9998712790505092,0.9996487101145657,9.188467872887456e-07,0.13995475881108022,0.9998728725335513,0.013167210427629887,0.002366401924656611,0.004008969503229046,0.007979058302482453,0.0009936351223123938,0.0,0.0,0.0,0.0,0.0012040096320770567,0.0008296399799139793,1.1845674552e-06,2.0729930466e-06,0.0,0.01820297951582868,0.06755441534127762,0.036251402945741446,0.0013141642155347403,0.0,0.0,1.0,1.0,0.0,0.0,0.0,1.0,0.0,0.07202888154020547,0.012748478061582415,0.15479429973794248,0.0,0.0,0.0,0.0,0.0,0.0,0.0014170040485829958,0.00013315402545336966,0.0007641921397379913,0.00011851115803916429,0.1250152587890625,0.9591217041015625,0.004849660523763337,0.5,0.0,0.0,0.0,0.0,0.0,0.0,0.0,0.0
306475,0.00033570872690095066,0.3529411764705882,0.999869878112028,0.004655870445344129,0.002183406113537118,0.0002225441404430444,0.00019976738530953374,0.009931719428926133,0.0,0.007102298966712056,0.008491552991466549,0.6684931506849315,0.0,0.09132472048108364,0.284505952267003,2.564557445732375e-05,2.7443039233085064e-05,0.999648029770797,6.182681758033111e-08,0.1399539133142969,0.9998728725314319,0.9998698781729408,0.9996480535484751,8.236644221057574e-08,0.1399539133142969,0.999872872813306,0.0033404028689417837,0.00018957943785648267,0.0005814119971029051,0.0016451189381959342,6.290479290398709e-08,0.0,0.0,0.0,0.0,0.005432043456347651,0.003536886230159596,1.4968790072699998e-05,2.49479834545e-05,0.0,0.015145872129112354,0.04034368965767097,0.023123658359639084,0.0005347035759330538,0.0,0.0,0.0,1.0,0.0,0.0,0.0,0.0,0.0,0.04124389376264055,0.007102298966712056,0.09132472048108364,0.0,0.0,0.0,0.0,0.0,0.0,0.004655870445344129,0.0002225441404430444,0.002183406113537118,0.00019976738530953374,0.41021728515625,0.0035247802734375,0.015518913676042677,0.8,0.0,0.0,0.0,0.0,0.0,0.0,0.0,0.0
139874,0.0003204492393145438,0.3529411764705882,0.9998694420131475,0.0,0.0001091703056768559,0.0,0.0,0.0,0.0,0.0,0.0,0.0,0.0,0.0,0.0,0.0,0.25000000019308016,0.9996480024258805,0.0,0.13995377535135914,0.9998728725314319,0.9998694421197557,0.9996480024200123,0.0,0.13995377534960354,0.9998728725293126,0.0,0.0,0.0,0.0,0.0,0.0,0.0,0.0,0.0,0.00028000224001792015,0.00010916315525183939,0.125,0.25,0.0,0.0,0.0,0.0,0.0,0.0,0.0,0.0,1.0,0.0,0.0,0.0,0.0,0.01282051282051282,0.0,0.0,0.0,0.0,0.0,0.0,0.0,0.0,0.0,0.0,0.0,0.0001091703056768559,0.0,0.41021728515625,1.52587890625e-05,0.0,1.0,0.0,0.0,0.0,0.0,0.0,0.0,0.0,0.0
781579,0.000808752842079563,1.0,0.999869443978047,0.0,0.0001091703056768559,4.772128534605031e-06,8.995154310373001e-06,0.0006362507759155804,0.03349673202614379,0.0036551580456285248,0.0,0.0821917808219178,0.1744186046511628,0.08224365071467195,0.0,0.00019999701867798246,0.0002765489299353802,0.9996480077248502,0.0,0.13995377693665573,0.9998728744452082,0.9998694421197557,0.9996480024200123,0.0,0.13995377534960354,0.9998728725293126,0.0,0.0,0.0,0.0,0.0,0.0,0.0,0.0,0.0,5.600044800358403e-05,4.366526210073576e-05,0.00013827433628317497,0.00027654867256634994,0.052030456852791875,0.00186219739292365,0.026707751728795255,0.0051766961676078796,2.679818321170295e-05,0.0,0.0,0.0,0.0,0.0,0.0,0.0,0.0,0.01282051282051282,0.040045414874638995,0.0036551580456285248,0.08224365071467195,0.0,0.0,0.0,0.0,0.0,0.0,0.0,4.772128534605031e-06,0.0001091703056768559,8.995154310373001e-06,0.0,0.0,0.0,0.2,0.0,0.0,0.0,0.0,0.0,0.0,0.0,0.0
586188,0.05171440343033281,0.3529411764705882,0.9998722939526429,0.0016194331983805667,0.000982532751091703,0.00014875073822500563,0.0001229337755750977,0.010505896958410926,0.0,0.012659327865347573,0.013531478674812334,0.8034246575342466,0.0,0.12488850664078292,0.4050960086621281,2.5001341166016844e-06,1.7169576520079862e-06,0.9996484548410857,5.712479036438701e-07,0.13995461317358646,0.9998728725536852,0.9998722940614273,0.9996489638147932,8.823791053960586e-07,0.13995482893894853,0.9998728725928931,0.020225492715235948,0.0027261836410712183,0.0034435392395691647,0.007989622234381254,4.138236733183722e-05,0.0,0.0,0.0,0.0,0.0013440107520860168,0.0011134641835687617,8.583501061249999e-07,1.7167002122499998e-06,0.0,0.01820297951582868,0.060917055402281754,0.03349475586261573,0.0011218986702966022,0.0,0.0,1.0,1.0,0.0,0.0,0.0,1.0,0.01282051282051282,0.06427531386369008,0.012659327865347573,0.12488850664078292,0.0,0.0,0.0,0.0,0.0,0.0,0.0016194331983805667,0.00014875073822500563,0.000982532751091703,0.0001229337755750977,0.1250152587890625,0.9591217041015625,0.005819592628516004,0.5,0.0,0.0,0.0,0.0,0.0,0.0,0.0,0.0
119861,0.0003204492393145438,0.3529411764705882,0.9998694420153236,0.0,0.0001091703056768559,0.0,0.0,0.0,0.0,0.0,0.0,0.0,0.0,0.0,0.0,0.0,0.1250000002252602,0.9996480024317487,0.0,0.1399537753531147,0.9998728725335513,0.9998694421197557,0.9996480024200123,0.0,0.13995377534960354,0.9998728725293126,0.0,0.0,0.0,0.0,0.0,0.0,0.0,0.0,0.0,0.00028000224001792015,0.00010916315525183939,0.0625,0.125,0.0,0.0,0.0,0.0,0.0,0.0,0.0,0.0,1.0,0.0,0.0,0.0,0.0,0.01282051282051282,0.0,0.0,0.0,0.0,0.0,0.0,0.0,0.0,0.0,0.0,0.0,0.0001091703056768559,0.0,0.41021728515625,1.52587890625e-05,0.0,1.0,0.0,0.0,0.0,0.0,0.0,0.0,0.0,0.0
480074,0.000808752842079563,1.0,0.9998694625564651,0.00020242914979757084,0.0002183406113537118,6.983602733568339e-06,6.896284971285968e-06,0.0004655493482309125,0.024509803921568627,0.002674505887045262,0.0,0.031506849315068496,0.06686046511627906,0.03152673277395758,0.0,1.8077803775192586e-05,5.295513986671723e-05,0.999648020889142,2.45858079620091e-08,0.13995379145010747,0.9998728725632222,0.9998694620755618,0.9996480562371236,0.0,0.13995379145010747,0.9998728919659042,2.6667953617661665e-07,2.8756476756108383e-07,0.0,2.6786515115818824e-07,2.8756476756108383e-07,0.0,0.0,0.0,0.0,0.00011200089600716806,8.733052420147152e-05,2.6477441220075e-05,5.295488244015e-05,0.03807106598984771,0.0007138423339540658,0.014438051924682602,0.000994642064465683,9.893128364006504e-07,0.0,0.0,0.0,0.0,0.0,0.0,0.0,0.0,0.01282051282051282,0.018040261156396772,0.002674505887045262,0.03152673277395758,0.0,0.0,0.0,0.0,0.0,0.0,0.00020242914979757084,6.983602733568339e-06,0.0002183406113537118,6.896284971285968e-06,0.0,0.0,0.0009699321047526673,0.2,0.0,0.0,0.0,0.0,0.0,0.0,0.0,0.0
67405,0.0003204492393145438,0.3529411764705882,0.9998694420131475,0.0,0.0001091703056768559,0.0,0.0,0.0,0.0,0.0,0.0,0.0,0.0,0.0,0.0,0.0,0.25000000019308016,0.9996480024258805,0.0,0.13995377535135914,0.9998728725314319,0.9998694421197557,0.9996480024200123,0.0,0.13995377534960354,0.9998728725293126,0.0,0.0,0.0,0.0,0.0,0.0,0.0,0.0,0.0,0.00028000224001792015,0.00010916315525183939,0.125,0.25,0.0,0.0,0.0,0.0,0.0,0.0,0.0,0.0,1.0,0.0,0.0,0.0,0.0,0.01282051282051282,0.0,0.0,0.0,0.0,0.0,0.0,0.0,0.0,0.0,0.0,0.0,0.0001091703056768559,0.0,0.41021728515625,1.52587890625e-05,0.0,1.0,0.0,0.0,0.0,0.0,0.0,0.0,0.0,0.0
840593,0.05171440343033281,0.3529411764705882,0.9998721045900819,0.0014170040485829958,0.0007641921397379913,0.00013361959896894088,0.00011851115803916429,0.010505896958410926,0.0,0.012793053159699837,0.014474463116787318,0.8034246575342466,0.0,0.15479429973794248,0.4552779038383969,2.5044921408240315e-06,1.5325840141554515e-06,0.9996485153116199,5.935138383107e-07,0.13995461201314233,0.9998728726119673,0.9998721046988663,0.9996490282032277,9.453944200009393e-07,0.13995485883750183,0.9998728726649512,0.018549328493010858,0.0033336724500764147,0.003396971822037486,0.007978556055324031,0.0019897055587500705,0.0,0.0,0.0,0.0,0.0012040096320770567,0.0008296399799139793,8.172408396500001e-07,1.4301714694e-06,0.0,0.01820297951582868,0.06765357778581528,0.036254867373183286,0.0013144154082471075,0.0,0.0,1.0,1.0,0.0,0.0,0.0,1.0,0.0,0.07213461200849491,0.012793053159699837,0.15479429973794248,0.0,0.0,0.0,0.0,0.0,0.0,0.0014170040485829958,0.00013361959896894088,0.0007641921397379913,0.00011851115803916429,0.1250152587890625,0.9590606689453125,0.004849660523763337,0.5,0.0,0.0,0.0,0.0,0.0,0.0,0.0,0.0
1014666,0.0012207590069125479,0.3529411764705882,0.9999965307230413,0.0032388663967611335,0.0018558951965065502,3.782784814016184e-05,0.00036962588253707727,0.004872749844816884,0.0,0.0017043419868404712,0.004821498617477668,1.0,0.0,0.19879580474217204,0.6074022784078807,1.0105714761414936e-07,7.302445070620059e-08,0.9996583883202546,1.1189579310485336e-05,0.13996255798051122,0.9998728725399093,0.9999965308318393,0.999669423339262,1.026409618181881e-05,0.13996256684623412,0.9998728726204448,0.925019598237445,0.06234145520928473,0.055854873104703204,0.08383805057118268,1.8871437871196126e-07,0.0,0.0,0.0,0.0,0.0024640197121576974,0.0026417483570945134,3.638350525e-08,7.27670105e-08,0.0,0.02265673494723774,0.059565463827407635,0.04770908905410662,0.002276157178373144,0.0,0.0,0.0,1.0,0.0,0.0,0.0,0.0,0.01282051282051282,0.06129257442663905,0.0017043419868404712,0.19879580474217204,0.0,0.0,0.0,0.0,0.0,0.0,0.0032388663967611335,3.782784814016184e-05,0.0018558951965065502,0.00036962588253707727,0.1250152587890625,0.0018310546875,0.011639185257032008,0.5,0.0008470865162202956,0.004381893824029182,0.008315222800124887,9.931489806134574e-05,2.9473717024624923e-05,5.111194107672827e-09,1.0211812639763376e-05,0.0007935505831944775
910027,0.000808752842079563,1.0,0.9998694755644042,0.00020242914979757084,0.0002183406113537118,1.094097761592373e-05,1.97893394828206e-05,0.0007293606455617629,0.03839869281045752,0.0041900592230375774,0.0,0.09041095890410959,0.19186046511627908,0.09046801578613914,0.0,2.6071422589358338e-05,3.2425678962327335e-05,0.9996480325824757,3.757323368809044e-08,0.1399538005326456,0.9998728731979686,0.9998694749866702,0.9996480910559907,0.0,0.13995380186689302,0.9998729045410888,0.000244345125021825,0.00026348121827784305,0.0,0.00024543144474868997,0.00026348121827784305,0.0,0.0,0.0,0.0,0.00011200089600716806,8.733052420147152e-05,1.621271076525e-05,3.24254215305e-05,0.05964467005076142,0.002048417132216015,0.0321286320302003,0.005284035967459045,2.7921036105448044e-05,0.0,0.0,0.0,0.0,0.0,0.0,0.0,0.0,0.01282051282051282,0.04014453718868513,0.0041900592230375774,0.09046801578613914,0.0,0.0,0.0,0.0,0.0,0.0,0.00020242914979757084,1.094097761592373e-05,0.0002183406113537118,1.97893394828206e-05,0.0,0.0,0.0009699321047526673,0.2,0.0,0.0,0.0,0.0,0.0,0.0,0.0,0.0
683997,0.0012207590069125479,0.3529411764705882,0.9998857911875326,0.0006072874493927125,0.0005458515283842794,1.1639337889280565e-07,3.5605819145226464e-05,1.5518311607697083e-05,0.0,2.2287549058710517e-05,3.172420229321247e-05,0.3253424657534247,0.0,0.06510955681578195,0.2248625581706834,7.114259895833801e-08,1.4998757653638716e-07,0.99965351375749,8.65975947028318e-06,0.13996246521608224,0.999872872573819,0.9998803614457301,0.999657818219643,1.3372813211677874e-05,0.13996246521608224,0.9998728851850325,0.12513215533592958,0.033732996239129114,0.05668060375169288,0.08385160287367409,5.8645239784488535e-05,0.0,0.0,0.0,0.0,0.0006440051520412163,0.0006768115625614043,6.654672727499999e-08,1.663668182e-07,0.0,0.007371198013656114,0.018880529439969557,0.017044300067504774,0.0002905081647912346,0.0,0.0,0.0,1.0,0.0,0.0,0.0,0.0,0.01282051282051282,0.02096987621598698,2.2287549058710517e-05,0.06510955681578195,0.0,0.0,0.0,0.0,0.0,0.0,0.0006072874493927125,1.1639337889280565e-07,0.0005458515283842794,3.5605819145226464e-05,0.1250152587890625,0.0001983642578125,0.0009699321047526673,0.5,0.0013493829079277713,0.0,0.0013493829079277713,0.0013493829079277713,2.9163799930218065e-05,0.0,1.0103952822110248e-05,0.0007855003570578433
746331,0.000808752842079563,1.0,0.9998695192741691,0.00020242914979757084,0.0002183406113537118,1.3036058435994233e-05,1.2593216034522202e-05,0.0008690254500310367,0.04575163398692811,0.004992410989151156,0.0,0.057534246575342465,0.12209302325581395,0.05757055550027036,0.0,8.855314946194272e-06,1.4081789507274784e-05,0.9996480718748548,5.371926361648009e-08,0.1399538153234804,0.9998728725685206,0.9998694916654679,0.9996481360356178,0.0,0.1399538153234804,0.999872920785934,3.08348213704213e-07,3.324967624925032e-07,0.0,3.0971908102665517e-07,3.324967624925032e-07,0.0,0.0,0.0,0.0,0.00011200089600716806,8.733052420147152e-05,7.040766035349999e-06,1.4081532070699998e-05,0.07106598984771573,0.001303538175046555,0.026654865091721727,0.0017406236128064332,3.029770561476992e-06,0.0,0.0,0.0,0.0,0.0,0.0,0.0,0.0,0.01282051282051282,0.03330509751950174,0.004992410989151156,0.05757055550027036,0.0,0.0,0.0,0.0,0.0,0.0,0.00020242914979757084,1.3036058435994233e-05,0.0002183406113537118,1.2593216034522202e-05,0.0,0.0,0.0009699321047526673,0.2,0.0,0.0,0.0,0.0,0.0,0.0,0.0,0.0
733740,0.006790471975951048,0.3529411764705882,0.9998703537754536,0.001214574898785425,0.0005458515283842794,2.141638171627624e-05,3.777964810356661e-05,0.0020018621973929237,0.0,0.0023433765867431466,0.0030698176500093093,0.28013698630136985,0.0,0.06908466660032443,0.18750171811278743,1.8438450680478381e-06,3.5800772788783446e-06,0.9996482259527274,1.6226745507056482e-07,0.13995390295017904,0.9998728725992513,0.9998703538842378,0.9996484122299899,1.726679313687632e-07,0.13995395422390253,0.9998728726925028,0.005773628625694762,0.0015564487976238593,0.00036964739036500315,0.0017071548330469758,0.0013036209553442559,0.0,0.0,0.0,0.0,0.0010640085120680967,0.0006113136694103006,2.088228239775e-06,2.9831831996499998e-06,0.0,0.006346989447548107,0.020991926720595862,0.013055372861450004,0.00017044276055143138,0.0,0.0,0.0,1.0,0.0,0.0,0.0,0.0,0.0,0.022732050687900667,0.0023433765867431466,0.06908466660032443,0.0,0.0,0.0,0.0,0.0,0.0,0.001214574898785425,2.141638171627624e-05,0.0005458515283842794,3.777964810356661e-05,0.1250152587890625,0.0039520263671875,0.0038797284190106693,0.5,0.0,0.0,0.0,0.0,0.0,0.0,0.0,0.0
474664,0.05171440343033281,0.3529411764705882,0.9998729687269678,0.0016194331983805667,0.001091703056768559,0.00014304746265925814,0.00014324783239269006,0.010505896958410926,0.0,0.012173954574739618,0.013585632154711662,0.8034246575342466,0.0,0.13097301376311507,0.3847520420064775,2.17559382903717e-06,1.4656220811476903e-06,0.9996485308033218,6.992499408152879e-07,0.13995461201226453,0.9998728725759384,0.9998729688357524,0.9996491912824588,1.639196855826072e-06,0.13995560716859531,0.9998728726024303,0.025972911742765854,0.0031118891215837045,0.004166009433254621,0.007978547684538057,0.0007017838424348525,0.0,0.0,0.0,0.0,0.0013440107520860168,0.0012226273388206011,6.94120093275e-07,1.5424890961499999e-06,0.0,0.01820297951582868,0.062274015169647486,0.032893004204481414,0.0010819497255964005,0.0,0.0,1.0,1.0,0.0,0.0,0.0,1.0,0.01282051282051282,0.06552506654837853,0.012173954574739618,0.13097301376311507,0.0,0.0,0.0,0.0,0.0,0.0,0.0016194331983805667,0.00014304746265925814,0.001091703056768559,0.00014324783239269006,0.1250152587890625,0.9591217041015625,0.005819592628516004,0.5,0.0,0.0,0.0,0.0,0.0,0.0,0.0,0.0
896464,0.000808752842079563,1.0,0.999869479840182,0.00020242914979757084,0.0002183406113537118,7.216389491353951e-06,1.1693700603484903e-05,0.0004810676598386096,0.025326797385620915,0.002763656083280104,0.0,0.05342465753424658,0.11337209302325581,0.05345837296453677,0.0,1.4081466126080405e-05,2.876068308709585e-05,0.999648036426136,4.2863985400878053e-08,0.1399538039481434,0.9998728728620511,0.9998694796073391,0.9996481035170786,0.0,0.13995380559488563,0.9998729090415361,0.0002741298957185509,0.0002955986082548216,0.0,0.0002753486338186701,0.0002955986082548216,0.0,0.0,0.0,0.0,0.00011200089600716806,8.733052420147152e-05,1.438021282715e-05,2.87604256543e-05,0.03934010152284264,0.0012104283054003725,0.019753158951900922,0.002921761064357304,8.5366877172228e-06,0.0,0.0,0.0,0.0,0.0,0.0,0.0,0.0,0.01282051282051282,0.024681456197487895,0.002763656083280104,0.05345837296453677,0.0,0.0,0.0,0.0,0.0,0.0,0.00020242914979757084,7.216389491353951e-06,0.0002183406113537118,1.1693700603484903e-05,0.0,0.0,0.0009699321047526673,0.2,0.0,0.0,0.0,0.0,0.0,0.0,0.0,0.0
370937,0.9188500450154884,0.3529411764705882,0.9998696987284581,0.0,0.0001091703056768559,0.0,0.0,0.0,0.0,0.0,0.0,0.0,0.0,0.0,0.0,0.0,2.1192876019294107e-06,0.9996486947395057,0.0,0.13995398247132465,0.9998731225674694,0.9998694421197557,0.9996480024200123,0.0,0.13995377534960354,0.9998728725293126,0.0,0.0,0.0,0.0,0.0,0.0,0.0,0.0,0.0,0.00022400179201433613,0.00017466104840294303,1.05951508115e-06,2.1190301623e-06,0.0,0.0,0.0,0.0,0.0,0.0,0.0,0.0,0.0,1.0,1.0,0.0,0.0,0.01282051282051282,0.0,0.0,0.0,0.0,0.0,0.0,0.0,0.0,0.0,0.0,0.0,0.0001091703056768559,0.0,0.00335693359375,0.0018768310546875,0.0,0.8,0.0,0.0,0.0,0.0,0.0,0.0,0.0,0.0
297818,0.00033570872690095066,0.3529411764705882,0.9998694420174995,0.0,0.0001091703056768559,0.0,0.0,0.0,0.0,0.0,0.0,0.0,0.0,0.0,0.0,0.0,0.08333333356932011,0.9996480024376169,0.0,0.1399537753548703,0.9998728725356706,0.9998694421197557,0.9996480024200123,0.0,0.13995377534960354,0.9998728725293126,0.0,0.0,0.0,0.0,0.0,0.0,0.0,0.0,0.0,0.00022400179201433613,0.00017466104840294303,0.04166666666666675,0.0833333333333335,0.0,0.0,0.0,0.0,0.0,0.0,0.0,0.0,0.0,1.0,1.0,0.0,0.0,0.01282051282051282,0.0,0.0,0.0,0.0,0.0,0.0,0.0,0.0,0.0,0.0,0.0,0.0001091703056768559,0.0,0.003692626953125,0.0035247802734375,0.0,0.8,0.0,0.0,0.0,0.0,0.0,0.0,0.0,0.0
159794,0.0003204492393145438,0.3529411764705882,0.9998694420131475,0.0,0.0001091703056768559,0.0,0.0,0.0,0.0,0.0,0.0,0.0,0.0,0.0,0.0,0.0,0.25000000019308016,0.9996480024258805,0.0,0.13995377535135914,0.9998728725314319,0.9998694421197557,0.9996480024200123,0.0,0.13995377534960354,0.9998728725293126,0.0,0.0,0.0,0.0,0.0,0.0,0.0,0.0,0.0,0.00028000224001792015,0.00010916315525183939,0.125,0.25,0.0,0.0,0.0,0.0,0.0,0.0,0.0,0.0,1.0,0.0,0.0,0.0,0.0,0.01282051282051282,0.0,0.0,0.0,0.0,0.0,0.0,0.0,0.0,0.0,0.0,0.0,0.0001091703056768559,0.0,0.41021728515625,1.52587890625e-05,0.0,1.0,0.0,0.0,0.0,0.0,0.0,0.0,0.0,0.0
963624,0.000808752842079563,1.0,0.9998694452586044,0.0,0.0001091703056768559,3.957374882355392e-06,1.1618740984231794e-05,0.0005276225946617008,0.02777777777777778,0.0030311066719846303,0.0,0.10616438356164383,0.2252906976744186,0.10623138217311794,0.0,0.00014220456578230859,0.00016750444500177766,0.9996480111782763,0.0,0.13995377796981967,0.9998728756924478,0.9998694421197557,0.9996480024200123,0.0,0.13995377534960354,0.9998728725293126,0.0,0.0,0.0,0.0,0.0,0.0,0.0,0.0,0.0,5.600044800358403e-05,4.366526210073576e-05,8.375209380235e-05,0.0001675041876047,0.04314720812182741,0.002405338299193048,0.029484300175849604,0.007928863750378276,6.286688037214333e-05,0.0,0.0,0.0,0.0,0.0,0.0,0.0,0.0,0.01282051282051282,0.04420855206457671,0.0030311066719846303,0.10623138217311794,0.0,0.0,0.0,0.0,0.0,0.0,0.0,3.957374882355392e-06,0.0001091703056768559,1.1618740984231794e-05,0.0,0.0,0.0,0.2,0.0,0.0,0.0,0.0,0.0,0.0,0.0,0.0
292540,0.00033570872690095066,0.3529411764705882,0.9998698786995395,0.004251012145748988,0.00240174672489083,0.0002225441404430444,0.00019976738530953374,0.009931719428926133,0.0,0.007747962509137994,0.008736085312671723,0.6684931506849315,0.0,0.08302247316464642,0.2737832352974904,2.5611071449637953e-05,2.7406118301069568e-05,0.9996480298076438,5.4393591325195896e-08,0.13995387990983296,0.999872872534611,0.9998698787408685,0.9996480584907855,8.225131027280823e-08,0.13995387990983296,0.9998728728609914,0.0033448780849082474,0.00017175404835851515,0.00045997198056079005,0.001304277274919087,8.087759087655482e-08,0.0,0.0,0.0,0.0,0.004984039872318979,0.0038862083269654824,1.370293043395e-05,2.74058608679e-05,0.0,0.015145872129112354,0.04034368965767097,0.023123658359639084,0.0005347035759330538,0.0,0.0,0.0,1.0,0.0,0.0,0.0,0.0,0.01282051282051282,0.04124389376264055,0.007747962509137994,0.08302247316464642,0.0,0.0,0.0,0.0,0.0,0.0,0.004251012145748988,0.0002225441404430444,0.00240174672489083,0.00019976738530953374,0.41021728515625,0.0035247802734375,0.015518913676042677,0.8,0.0,0.0,0.0,0.0,0.0,0.0,0.0,0.0
531775,0.7891291410434438,0.3529411764705882,0.999869442057755,0.00040485829959514163,0.0,3.6081947456769753e-06,0.0,0.0004810676598386096,0.0,0.0009212186944237298,0.0011355905574977371,0.0,0.0,0.0,0.0,0.0016191582988391688,0.017441860718066242,0.9996480024830953,6.829955391941132e-11,0.1399537753864709,0.9998728725303723,0.9998694421665391,0.9996480024830953,6.829955391941132e-11,0.1399537753864709,0.9998728725303723,0.0,0.0,0.0,0.0,0.0,0.0,0.0,0.0,0.0,0.0004200033600268802,0.0,0.017441860465116275,0.0,0.0,0.0004810676598386096,0.003074035780667312,0.0017592109120686261,3.0948230331413575e-06,0.0,0.0,0.0,0.0,1.0,0.0,0.0,0.0,0.0,0.004097055647227077,0.0009212186944237298,0.0,0.0,0.0,0.0,0.0,0.0,0.0,0.00040485829959514163,3.6081947456769753e-06,0.0,0.0,0.0149688720703125,0.0,0.0009699321047526673,0.5,0.0,0.0,0.0,0.0,0.0,0.0,0.0,0.0
141029,0.0003204492393145438,0.3529411764705882,0.9998694420142356,0.0,0.0001091703056768559,0.0,0.0,0.0,0.0,0.0,0.0,0.0,0.0,0.0,0.0,0.0,0.16666666688120027,0.9996480024288146,0.0,0.13995377535223694,0.9998728725324916,0.9998694421197557,0.9996480024200123,0.0,0.13995377534960354,0.9998728725293126,0.0,0.0,0.0,0.0,0.0,0.0,0.0,0.0,0.0,0.00028000224001792015,0.00010916315525183939,0.08333333333333325,0.1666666666666665,0.0,0.0,0.0,0.0,0.0,0.0,0.0,0.0,1.0,0.0,0.0,0.0,0.0,0.01282051282051282,0.0,0.0,0.0,0.0,0.0,0.0,0.0,0.0,0.0,0.0,0.0,0.0001091703056768559,0.0,0.41021728515625,1.52587890625e-05,0.0,1.0,0.0,0.0,0.0,0.0,0.0,0.0,0.0,0.0
799803,0.0012207590069125479,0.3529411764705882,0.9999289302427974,0.00020242914979757084,0.0,0.0,0.0,0.0,0.0,0.0,0.0,0.0,0.0,0.0,0.0,0.0,9.401973172579555e-09,0.9998084311585839,0.0,0.14000177093078678,0.999930812983792,0.9999289303515879,0.9998084311585839,0.0,0.14000177093078678,0.999930812983792,0.0,0.0,0.0,0.0,0.0,0.0,0.0,0.0,0.0,0.00028000224001792015,0.0,9.144532975e-09,0.0,0.0,0.0,0.0,0.0,0.0,0.0,0.0,0.0,0.0,1.0,0.0,0.0,0.0,0.0,0.0,0.0,0.0,0.0,0.0,0.0,0.0,0.0,0.0,0.00020242914979757084,0.0,0.0,0.0,0.0042724609375,0.0,0.0,0.5,0.0,0.0,0.0,0.0,0.0,0.0,0.0,0.0
539983,0.006759953000778234,0.3529411764705882,0.9999970727513268,0.002834008097165992,0.0016375545851528386,9.090322891528121e-05,0.0008789764953619485,0.0029639975170701427,0.0,0.004641753550630416,0.0047228722327520975,1.0,0.0,0.5357716934890012,0.7453314401479065,2.3945092510634473e-07,6.419095205847469e-08,0.9996598712633864,3.556144853396168e-05,0.14000551492294283,0.9998728725303723,0.9999970728601247,0.9996725878812872,5.006723398404922e-05,0.14000551492294283,0.99987287257064,0.9771080369386825,0.07525936227020817,0.2517910411467774,0.4934907387088875,8.98639898628387e-09,0.0,0.0,0.0,0.0,0.0021840174721397773,0.0017029452219286946,3.196675595e-08,6.39335119e-08,0.0,0.02265673494723774,0.16002899275256446,0.06928515407880388,0.004800432575723564,0.0,0.0,0.0,1.0,0.0,0.0,0.0,0.0,0.01282051282051282,0.16529637090333657,0.004641753550630416,0.5357716934890012,0.0,0.0,0.0,0.0,0.0,0.0,0.002834008097165992,9.090322891528121e-05,0.0016375545851528386,0.0008789764953619485,0.1250152587890625,0.0009918212890625,0.006789524733268671,0.5,0.0008123851998639735,0.0004974194282327868,0.0010112026434670911,0.0006135677562608558,0.00017245924909849657,2.3332573660746514e-06,6.015906105548077e-05,0.004613186304848052
882381,0.05171440343033281,0.3529411764705882,0.9998770836180992,0.0020242914979757085,0.0013100436681222707,0.00015107860580286172,0.0001624374949214858,0.010257603972687771,0.0,0.010519723155711364,0.012159303638639275,0.8034246575342466,0.0,0.12376527159629251,0.3564582013914869,1.1079934447699046e-06,8.189214998391769e-07,0.9996489391472168,1.5575610376891004e-06,0.13995641180317392,0.9998728725335513,0.9998770837268841,0.9996500632198622,2.1554442594695437e-06,0.13995641188393101,0.9998728725335513,0.05635816141760641,0.005524718005799048,0.010086410389807676,0.025215753869427208,0.0006962212614623428,0.0,0.0,0.0,0.0,0.0017080136641093129,0.0015719494356264874,3.9153498515e-07,8.542581493999999e-07,0.0,0.01820297951582868,0.0572663117204959,0.030480797598835964,0.0009290790222612379,0.0,0.0,1.0,1.0,0.0,0.0,0.0,1.0,0.01282051282051282,0.05973196837735001,0.010519723155711364,0.12376527159629251,0.0,0.0,0.0,0.0,0.0,0.0,0.0020242914979757085,0.00015107860580286172,0.0013100436681222707,0.0001624374949214858,0.1250152587890625,0.9593658447265625,0.006789524733268671,0.5,0.0,0.0,0.0,0.0,0.0,0.0,0.0,0.0
424416,0.000808752842079563,1.0,0.999869544401164,0.00020242914979757084,0.0002183406113537118,8.380323280282008e-06,1.3792569942571936e-05,0.000558659217877095,0.029411764705882353,0.0032094070644543143,0.0,0.06301369863013699,0.13372093023255813,0.06305346554791516,0.0,6.109423959478271e-06,1.0626120788864411e-05,0.9996480944624713,6.81722507025309e-08,0.13995382550852822,0.9998728725992513,0.9998694822685484,0.999648110693867,0.0,0.13995380774197058,0.9998729116335056,5.500265433642719e-07,5.931023330947354e-07,0.0,5.524718742637632e-07,5.931023330947354e-07,0.0,0.0,0.0,0.0,0.00011200089600716806,8.733052420147152e-05,5.312931675699999e-06,1.0625863351399999e-05,0.04568527918781726,0.0014276846679081316,0.023164347043996263,0.003481247225624216,1.2119082245907967e-05,0.0,0.0,0.0,0.0,0.0,0.0,0.0,0.0,0.01282051282051282,0.028943715701471747,0.0032094070644543143,0.06305346554791516,0.0,0.0,0.0,0.0,0.0,0.0,0.00020242914979757084,8.380323280282008e-06,0.0002183406113537118,1.3792569942571936e-05,0.0,0.0,0.0009699321047526673,0.2,0.0,0.0,0.0,0.0,0.0,0.0,0.0,0.0
696569,0.7735186852425495,0.3529411764705882,0.9998694420327313,0.0,0.0001091703056768559,0.0,0.0,0.0,0.0,0.0,0.0,0.0,0.0,0.0,0.0,0.0,0.0250000002510042,0.9996480024786941,0.0,0.13995377536715942,0.999872872550506,0.9998694421197557,0.9996480024200123,0.0,0.13995377534960354,0.9998728725293126,0.0,0.0,0.0,0.0,0.0,0.0,0.0,0.0,0.0,0.00014000112000896008,0.00010916315525183939,0.012499999999999999,0.024999999999999998,0.0,0.0,0.0,0.0,0.0,0.0,0.0,0.0,0.0,1.0,1.0,0.0,0.0,0.01282051282051282,0.0,0.0,0.0,0.0,0.0,0.0,0.0,0.0,0.0,0.0,0.0,0.0001091703056768559,0.0,0.00225830078125,0.0039215087890625,0.0,0.5,0.0,0.0,0.0,0.0,0.0,0.0,0.0,0.0
341512,0.00033570872690095066,0.3529411764705882,0.9998694420174995,0.0,0.0001091703056768559,0.0,0.0,0.0,0.0,0.0,0.0,0.0,0.0,0.0,0.0,0.0,0.08333333356932011,0.9996480024376169,0.0,0.1399537753548703,0.9998728725356706,0.9998694421197557,0.9996480024200123,0.0,0.13995377534960354,0.9998728725293126,0.0,0.0,0.0,0.0,0.0,0.0,0.0,0.0,0.0,0.00022400179201433613,0.00017466104840294303,0.04166666666666675,0.0833333333333335,0.0,0.0,0.0,0.0,0.0,0.0,0.0,0.0,0.0,1.0,1.0,0.0,0.0,0.01282051282051282,0.0,0.0,0.0,0.0,0.0,0.0,0.0,0.0,0.0,0.0,0.0,0.0001091703056768559,0.0,0.003692626953125,0.0035247802734375,0.0,0.8,0.0,0.0,0.0,0.0,0.0,0.0,0.0,0.0
843641,0.05171440343033281,0.3529411764705882,0.9998712606265989,0.0014170040485829958,0.0007641921397379913,0.00013129173139108478,0.00011851115803916429,0.010257603972687771,0.0,0.012570177669112732,0.014125094513264254,0.8034246575342466,0.0,0.15479429973794248,0.4552779038383969,3.6398773034041546e-06,2.243689567722384e-06,0.9996483527392532,5.784168594985875e-07,0.13995461209126603,0.9998728726034899,0.9998712607353832,0.9996487030584942,9.24902577934872e-07,0.13995476225730083,0.9998728726034899,0.01300516927446057,0.0023372800010083906,0.004029436257494978,0.00797930105527569,0.0009732719422094746,0.0,0.0,0.0,0.0,0.0012040096320770567,0.0008296399799139793,1.196497135e-06,2.09386998625e-06,0.0,0.01820297951582868,0.06715776556312701,0.03606169834762521,0.0013004460877147237,0.0,0.0,1.0,1.0,0.0,0.0,0.0,1.0,0.0,0.07160595966692873,0.012570177669112732,0.15479429973794248,0.0,0.0,0.0,0.0,0.0,0.0,0.0014170040485829958,0.00013129173139108478,0.0007641921397379913,0.00011851115803916429,0.1250152587890625,0.9593658447265625,0.004849660523763337,0.5,0.0,0.0,0.0,0.0,0.0,0.0,0.0,0.0
1016748,0.000808752842079563,1.0,0.9998695100480631,0.0,0.0001091703056768559,4.190161640141004e-06,8.095638879335702e-06,0.000558659217877095,0.029411764705882353,0.0032094070644543143,0.0,0.07397260273972603,0.1569767441860465,0.07401928564320476,0.0,5.171724833531724e-06,7.995779945541566e-06,0.9996481859034415,0.0,0.13995383024247313,0.9998729387962008,0.9998694421197557,0.9996480024200123,0.0,0.13995377534960354,0.9998728725293126,0.0,0.0,0.0,0.0,0.0,0.0,0.0,0.0,0.0,5.600044800358403e-05,4.366526210073576e-05,3.9977612537e-06,7.9955225074e-06,0.04568527918781726,0.0016759776536312849,0.023798986689037255,0.0047180015704813725,2.2259538819014632e-05,0.0,0.0,0.0,0.0,0.0,0.0,0.0,0.0,0.01282051282051282,0.035684033056609006,0.0032094070644543143,0.07401928564320476,0.0,0.0,0.0,0.0,0.0,0.0,0.0,4.190161640141004e-06,0.0001091703056768559,8.095638879335702e-06,0.0,0.0,0.0,0.2,0.0,0.0,0.0,0.0,0.0,0.0,0.0,0.0
360918,0.0003204492393145438,0.3529411764705882,0.9998694420131475,0.0,0.0001091703056768559,0.0,0.0,0.0,0.0,0.0,0.0,0.0,0.0,0.0,0.0,0.0,0.25000000019308016,0.9996480024258805,0.0,0.13995377535135914,0.9998728725314319,0.9998694421197557,0.9996480024200123,0.0,0.13995377534960354,0.9998728725293126,0.0,0.0,0.0,0.0,0.0,0.0,0.0,0.0,0.0,0.00028000224001792015,0.00010916315525183939,0.125,0.25,0.0,0.0,0.0,0.0,0.0,0.0,0.0,0.0,1.0,0.0,0.0,0.0,0.0,0.01282051282051282,0.0,0.0,0.0,0.0,0.0,0.0,0.0,0.0,0.0,0.0,0.0,0.0001091703056768559,0.0,0.41021728515625,1.52587890625e-05,0.0,1.0,0.0,0.0,0.0,0.0,0.0,0.0,0.0,0.0
190611,0.00033570872690095066,0.3529411764705882,0.9998698452679612,0.004655870445344129,0.00240174672489083,0.0002225441404430444,0.00019976738530953374,0.009931719428926133,0.0,0.007102298966712056,0.008491552991466549,0.6684931506849315,0.0,0.08302247316464642,0.2737832352974904,2.7734329230659407e-05,3.1027167205962366e-05,0.9996480265868875,3.45387700192127e-08,0.13995382137060566,0.9998728725335513,0.9998698453103783,0.9996480496952471,5.336350865750532e-08,0.1399538561540845,0.9998728727857543,0.003088807394030157,0.00015860523494653662,0.0003326330309995705,0.000947187916067301,7.189119189027096e-08,0.0,0.0,0.0,0.0,0.005432043456347651,0.0038862083269654824,1.6187952925425e-05,2.9677913696649998e-05,0.0,0.015145872129112354,0.03862693690628325,0.022737701690194612,0.0005170030781522,0.0,0.0,0.0,1.0,0.0,0.0,0.0,0.0,0.0,0.039450680990362176,0.007102298966712056,0.08302247316464642,0.0,0.0,0.0,0.0,0.0,0.0,0.004655870445344129,0.0002225441404430444,0.00240174672489083,0.00019976738530953374,0.41021728515625,0.0035247802734375,0.015518913676042677,0.8,0.0,0.0,0.0,0.0,0.0,0.0,0.0,0.0
352165,0.00033570872690095066,0.3529411764705882,0.9998694420164115,0.0,0.0001091703056768559,0.0,0.0,0.0,0.0,0.0,0.0,0.0,0.0,0.0,0.0,0.0,0.1000000002316962,0.9996480024346828,0.0,0.1399537753539925,0.999872872534611,0.9998694421197557,0.9996480024200123,0.0,0.13995377534960354,0.9998728725293126,0.0,0.0,0.0,0.0,0.0,0.0,0.0,0.0,0.0,0.00022400179201433613,0.00017466104840294303,0.049999999999999996,0.09999999999999999,0.0,0.0,0.0,0.0,0.0,0.0,0.0,0.0,0.0,1.0,1.0,0.0,0.0,0.01282051282051282,0.0,0.0,0.0,0.0,0.0,0.0,0.0,0.0,0.0,0.0,0.0,0.0001091703056768559,0.0,0.003692626953125,0.0035247802734375,0.0,0.8,0.0,0.0,0.0,0.0,0.0,0.0,0.0,0.0
93164,0.0003204492393145438,0.3529411764705882,0.9998694420316433,0.0,0.0001091703056768559,0.0,0.0,0.0,0.0,0.0,0.0,0.0,0.0,0.0,0.0,0.0,0.026315789724349715,0.99964800247576,0.0,0.13995377536628165,0.9998728725494465,0.9998694421197557,0.9996480024200123,0.0,0.13995377534960354,0.9998728725293126,0.0,0.0,0.0,0.0,0.0,0.0,0.0,0.0,0.0,0.00028000224001792015,0.00010916315525183939,0.0131578947368421,0.0263157894736842,0.0,0.0,0.0,0.0,0.0,0.0,0.0,0.0,1.0,0.0,0.0,0.0,0.0,0.01282051282051282,0.0,0.0,0.0,0.0,0.0,0.0,0.0,0.0,0.0,0.0,0.0,0.0001091703056768559,0.0,0.41021728515625,1.52587890625e-05,0.0,1.0,0.0,0.0,0.0,0.0,0.0,0.0,0.0,0.0
656135,0.000808752842079563,1.0,0.9998694834098582,0.0,0.0001091703056768559,3.957374882355392e-06,9.369952406638543e-06,0.0005276225946617008,0.02777777777777778,0.0030311066719846303,0.0,0.08561643835616438,0.1816860465116279,0.08567046949444995,0.0,9.384845372351262e-06,1.3140516562717105e-05,0.9996481140651384,0.0,0.1399538087505563,0.9998729128510742,0.9998694421197557,0.9996480024200123,0.0,0.13995377534960354,0.9998728725293126,0.0,0.0,0.0,0.0,0.0,0.0,0.0,0.0,0.0,5.600044800358403e-05,4.366526210073576e-05,6.570129562949999e-06,1.3140259125899999e-05,0.04314720812182741,0.0019397889509621354,0.025517802394343394,0.00596302976269,3.555772395066704e-05,0.0,0.0,0.0,0.0,0.0,0.0,0.0,0.0,0.01282051282051282,0.03826121322180854,0.0030311066719846303,0.08567046949444995,0.0,0.0,0.0,0.0,0.0,0.0,0.0,3.957374882355392e-06,0.0001091703056768559,9.369952406638543e-06,0.0,0.0,0.0,0.2,0.0,0.0,0.0,0.0,0.0,0.0,0.0,0.0
996408,0.05171440343033281,0.3529411764705882,0.9998718207643813,0.0016194331983805667,0.0007641921397379913,0.00013315402545336966,0.00011851115803916429,0.010505896958410926,0.0,0.011331980499183379,0.013864036988831723,0.8034246575342466,0.0,0.15479429973794248,0.4552779038383969,2.7992116739896683e-06,1.8297605558289462e-06,0.9996484300904912,5.654189239368541e-07,0.13995459869787985,0.9998728725335513,0.9998718208731657,0.9996488043021602,9.565015920529e-07,0.13995487590094619,0.9998728725335513,0.01611868619426459,0.0028968391021536627,0.003680732634869573,0.007851579602889076,0.0009777651417026165,0.0,0.0,0.0,0.0,0.0013440107520860168,0.0008296399799139793,1.0290955028e-06,1.6008152266e-06,0.0,0.01820297951582868,0.06358062620357174,0.03541198085951544,0.0012540083883945737,0.0,0.0,1.0,1.0,0.0,0.0,0.0,1.0,0.0,0.06752707644393023,0.011331980499183379,0.15479429973794248,0.0,0.0,0.0,0.0,0.0,0.0,0.0016194331983805667,0.00013315402545336966,0.0007641921397379913,0.00011851115803916429,0.1250152587890625,0.9591217041015625,0.004849660523763337,0.5,0.0,0.0,0.0,0.0,0.0,0.0,0.0,0.0
222029,0.00033570872690095066,0.3529411764705882,0.9998698741278299,0.004655870445344129,0.002183406113537118,0.0002244064345053293,0.00019976738530953374,0.009931719428926133,0.0,0.007161732430862675,0.008499464429141854,0.6684931506849315,0.0,0.09132472048108364,0.284505952267003,2.5972508283762828e-05,2.7696066805319923e-05,0.9996480295209216,5.1479189574637856e-08,0.13995388258886132,0.9998728725324916,0.9998698732922437,0.9996480529761995,6.829933313309143e-08,0.13995388258886132,0.9998728727370092,0.0033098597283140554,0.00018784600878886534,0.0004885936709203623,0.0013476212046908713,8.986398986283869e-08,0.0,0.0,0.0,0.0,0.005432043456347651,0.003536886230159596,1.5106805112150001e-05,2.5178008520249998e-05,0.0,0.015145872129112354,0.04048472068991993,0.023124086011395182,0.000534723353862232,0.0,0.0,0.0,1.0,0.0,0.0,0.0,0.0,0.0,0.04138807167400562,0.007161732430862675,0.09132472048108364,0.0,0.0,0.0,0.0,0.0,0.0,0.004655870445344129,0.0002244064345053293,0.002183406113537118,0.00019976738530953374,0.41021728515625,0.0035247802734375,0.015518913676042677,0.8,0.0,0.0,0.0,0.0,0.0,0.0,0.0,0.0
670322,0.006759953000778234,0.3529411764705882,0.9998694420893065,0.00020242914979757084,0.0,0.0,0.0,0.0,0.0,0.0,0.0,0.0,0.0,0.0,0.0,0.0,0.006944444700096872,0.9996480026312669,0.0,0.13995377541280474,0.9998728726056093,0.9998694421980906,0.9996480026312669,0.0,0.13995377541280474,0.9998728726056093,0.0,0.0,0.0,0.0,0.0,0.0,0.0,0.0,0.0,0.00028000224001792015,0.0,0.006944444444444449,0.0,0.0,0.0,0.0,0.0,0.0,0.0,0.0,0.0,0.0,1.0,0.0,0.0,0.0,0.0,0.0,0.0,0.0,0.0,0.0,0.0,0.0,0.0,0.0,0.00020242914979757084,0.0,0.0,0.0,0.0043487548828125,0.0,0.0,0.5,0.0,0.0,0.0,0.0,0.0,0.0,0.0,0.0
632151,0.000808752842079563,1.0,0.9998695193416242,0.00020242914979757084,0.0002183406113537118,1.0475404100352509e-05,1.589143928165897e-05,0.0006983240223463687,0.03676470588235294,0.004011758830567893,0.0,0.0726027397260274,0.15406976744186046,0.07264855813129356,0.0,9.542758339195732e-06,1.4069506279377947e-05,0.9996480719354927,9.413679269880625e-08,0.1399538366477385,0.9998728729796752,0.999869518988015,0.9996482097194644,0.0,0.13995383736752987,0.9998729473975972,0.0005855032554112674,0.0006313574335793459,0.0,0.000588106310153776,0.0006313574335793459,0.0,0.0,0.0,0.0,0.00011200089600716806,8.733052420147152e-05,7.0346244214e-06,1.40692488428e-05,0.05710659898477157,0.0016449410304158908,0.027527494603653096,0.0037920728707661953,1.437981665721414e-05,0.0,0.0,0.0,0.0,0.0,0.0,0.0,0.0,0.01282051282051282,0.03439544297400923,0.004011758830567893,0.07264855813129356,0.0,0.0,0.0,0.0,0.0,0.0,0.00020242914979757084,1.0475404100352509e-05,0.0002183406113537118,1.589143928165897e-05,0.0,0.0,0.0009699321047526673,0.2,0.0,0.0,0.0,0.0,0.0,0.0,0.0,0.0
741543,0.006759953000778234,0.3529411764705882,0.9998694422764397,0.00040485829959514163,0.0,8.962290174746036e-06,0.0,0.0007138423339540658,0.0,0.0022881883700305848,0.0014884478239162674,0.0,0.0,0.0,0.0,0.0007087563626991645,0.003073770748452163,0.9996480027779715,3.3316855570497985e-10,0.13995377554447389,0.9998728725526255,0.9998694423852238,0.9996480027779715,3.3316855570497985e-10,0.13995377554447389,0.9998728725526255,0.0,0.0,0.0,0.0,0.0,1.0,0.0,0.0,0.0,0.0004200033600268802,0.0,0.0030737704918032747,0.0,0.0,0.0007138423339540658,0.012196980678131594,0.002461221012286285,6.0576088713203884e-06,0.0,1.0,0.0,0.0,1.0,0.0,0.0,0.0,0.0,0.016256059503566324,0.0022881883700305848,0.0,0.0,0.0,0.0,0.0,0.0,0.0,0.00040485829959514163,8.962290174746036e-06,0.0,0.0,0.0038909912109375,0.0,0.0009699321047526673,0.5,0.0,0.0,0.0,0.0,0.0,0.0,0.0,0.0
695444,0.05171440343033281,0.3529411764705882,0.999871837376812,0.0014170040485829958,0.0007641921397379913,0.00013245566518001284,0.00011851115803916429,0.010505896958410926,0.0,0.012681615414406284,0.014450156496087474,0.8034246575342466,0.0,0.15479429973794248,0.4552779038383969,2.7736778194259406e-06,1.7035215751614452e-06,0.9996484638384288,5.86405572124402e-07,0.1399546119745194,0.9998728725992513,0.9998718374855964,0.9996489252568452,9.161783697533496e-07,0.1399548088155131,0.9998728730676284,0.016936592331718275,0.003043832625838634,0.0035840582091094023,0.007978187740741188,0.00145830384109516,0.0,0.0,0.0,0.0,0.0012040096320770567,0.0008296399799139793,9.084075388749999e-07,1.5897131930499998e-06,0.0,0.01820297951582868,0.06740567167447115,0.03624687204100493,0.001313835732757029,0.0,0.0,0.0,1.0,0.0,0.0,0.0,0.0,0.0,0.07187028583773164,0.012681615414406284,0.15479429973794248,0.0,0.0,0.0,0.0,0.0,0.0,0.0014170040485829958,0.00013245566518001284,0.0007641921397379913,0.00011851115803916429,0.1250152587890625,0.9592132568359375,0.004849660523763337,0.5,0.0,0.0,0.0,0.0,0.0,0.0,0.0,0.0
896595,0.000808752842079563,1.0,0.9998694432686813,0.0,0.0001091703056768559,5.237702050176254e-06,5.472052205476909e-06,0.0006983240223463687,0.03676470588235294,0.004011758830567893,0.0,0.05,0.10610465116279069,0.05003155418475877,0.0,0.00022925575422228861,0.0004325262088859504,0.9996480058118223,0.0,0.13995377636433382,0.9998728737542989,0.9998694421197557,0.9996480024200123,0.0,0.13995377534960354,0.9998728725293126,0.0,0.0,0.0,0.0,0.0,0.0,0.0,0.0,0.0,5.600044800358403e-05,4.366526210073576e-05,0.00021626297577854997,0.00043252595155709994,0.05710659898477157,0.0011328367473618871,0.02155130461283718,0.0018347783885173808,3.366411734974006e-06,0.0,0.0,0.0,0.0,0.0,0.0,0.0,0.0,0.01282051282051282,0.032313874379040375,0.004011758830567893,0.05003155418475877,0.0,0.0,0.0,0.0,0.0,0.0,0.0,5.237702050176254e-06,0.0001091703056768559,5.472052205476909e-06,0.0,0.0,0.0,0.2,0.0,0.0,0.0,0.0,0.0,0.0,0.0,0.0
396391,0.006759953000778234,0.3529411764705882,0.999875674408748,0.0014170040485829958,0.0007641921397379913,4.225079653808845e-05,0.0003898649797354165,0.003196772191185599,0.0,0.0040451901541559586,0.00496138676026697,1.0,0.0,0.5092252706750104,0.7376951752161702,2.181476883550814e-06,6.548916391814047e-07,0.9996492029644404,3.5371927050117245e-06,0.13995871342384564,0.9998728725293126,0.9998756745175328,0.9996504035088684,4.994220818071891e-06,0.13995871342384564,0.9998728725494465,0.0003072148256754624,5.5212435371728096e-05,0.00010709373268171432,0.00018520363966796608,0.0,0.0,0.0,0.0,0.0,0.0012040096320770567,0.0008296399799139793,3.4913823954999997e-07,6.109919191999999e-07,0.0,0.02265673494723774,0.13793496035187844,0.06488724713023632,0.004210354840140949,0.0,0.0,0.0,1.0,0.0,0.0,0.0,0.0,0.0,0.14707108142737382,0.0040451901541559586,0.5092252706750104,0.0,0.0,0.0,0.0,0.0,0.0,0.0014170040485829958,4.225079653808845e-05,0.0007641921397379913,0.0003898649797354165,0.1250152587890625,0.0018310546875,0.002909796314258002,0.5,0.0010154987831505324,0.0,0.0010154987831505324,0.0010154987831505324,1.6572522672224674e-05,0.0,5.741638182410151e-06,0.0004463657859239863
978357,0.0012207590069125479,0.3529411764705882,0.9998694769450561,0.0,0.0001091703056768559,0.0,0.0,0.0,0.0,0.0,0.0,0.0,0.0,0.0,0.0,0.0,1.5572215454191088e-05,0.9996480966307651,0.0,0.13995380353470227,0.9998729065544747,0.9998694421197557,0.9996480024200123,0.0,0.13995377534960354,0.9998728725293126,0.0,0.0,0.0,0.0,0.0,0.0,0.0,0.0,0.0,0.00014000112000896008,0.00010916315525183939,7.785979009e-06,1.5571958018e-05,0.0,0.0,0.0,0.0,0.0,0.0,0.0,0.0,0.0,1.0,1.0,0.0,0.0,0.01282051282051282,0.0,0.0,0.0,0.0,0.0,0.0,0.0,0.0,0.0,0.0,0.0,0.0001091703056768559,0.0,0.0039215087890625,0.0149688720703125,0.0,0.5,0.0,0.0,0.0,0.0,0.0,0.0,0.0,0.0
438827,0.000808752842079563,1.0,0.9998694647128498,0.0,0.0001091703056768559,4.190161640141004e-06,8.020679260082593e-06,0.000558659217877095,0.029411764705882353,0.0032094070644543143,0.0,0.07328767123287672,0.1555232558139535,0.07333392188724916,0.0,1.5391923857551935e-05,2.3962684348631046e-05,0.9996480636427713,0.0,0.1399537936656604,0.9998728946405285,0.9998694421197557,0.9996480024200123,0.0,0.13995377534960354,0.9998728725293126,0.0,0.0,0.0,0.0,0.0,0.0,0.0,0.0,0.0,5.600044800358403e-05,4.366526210073576e-05,1.19812134573e-05,2.39624269146e-05,0.04568527918781726,0.0016604593420235878,0.023666770096333604,0.004652473770890249,2.16455121887829e-05,0.0,0.0,0.0,0.0,0.0,0.0,0.0,0.0,0.01282051282051282,0.03548578842851673,0.0032094070644543143,0.07333392188724916,0.0,0.0,0.0,0.0,0.0,0.0,0.0,4.190161640141004e-06,0.0001091703056768559,8.020679260082593e-06,0.0,0.0,0.0,0.2,0.0,0.0,0.0,0.0,0.0,0.0,0.0,0.0
31357,0.0003204492393145438,0.3529411764705882,0.9998694420131475,0.0,0.0001091703056768559,0.0,0.0,0.0,0.0,0.0,0.0,0.0,0.0,0.0,0.0,0.0,0.25000000019308016,0.9996480024258805,0.0,0.13995377535135914,0.9998728725314319,0.9998694421197557,0.9996480024200123,0.0,0.13995377534960354,0.9998728725293126,0.0,0.0,0.0,0.0,0.0,0.0,0.0,0.0,0.0,0.00028000224001792015,0.00010916315525183939,0.125,0.25,0.0,0.0,0.0,0.0,0.0,0.0,0.0,0.0,1.0,0.0,0.0,0.0,0.0,0.01282051282051282,0.0,0.0,0.0,0.0,0.0,0.0,0.0,0.0,0.0,0.0,0.0,0.0001091703056768559,0.0,0.41021728515625,1.52587890625e-05,0.0,1.0,0.0,0.0,0.0,0.0,0.0,0.0,0.0,0.0
354115,0.0003204492393145438,0.3529411764705882,0.9998694420131475,0.0,0.0001091703056768559,0.0,0.0,0.0,0.0,0.0,0.0,0.0,0.0,0.0,0.0,0.0,0.25000000019308016,0.9996480024258805,0.0,0.13995377535135914,0.9998728725314319,0.9998694421197557,0.9996480024200123,0.0,0.13995377534960354,0.9998728725293126,0.0,0.0,0.0,0.0,0.0,0.0,0.0,0.0,0.0,0.00028000224001792015,0.00010916315525183939,0.125,0.25,0.0,0.0,0.0,0.0,0.0,0.0,0.0,0.0,1.0,0.0,0.0,0.0,0.0,0.01282051282051282,0.0,0.0,0.0,0.0,0.0,0.0,0.0,0.0,0.0,0.0,0.0,0.0001091703056768559,0.0,0.41021728515625,1.52587890625e-05,0.0,1.0,0.0,0.0,0.0,0.0,0.0,0.0,0.0,0.0
25186,0.0003204492393145438,0.3529411764705882,0.9998694420131475,0.0,0.0001091703056768559,0.0,0.0,0.0,0.0,0.0,0.0,0.0,0.0,0.0,0.0,0.0,0.25000000019308016,0.9996480024258805,0.0,0.13995377535135914,0.9998728725314319,0.9998694421197557,0.9996480024200123,0.0,0.13995377534960354,0.9998728725293126,0.0,0.0,0.0,0.0,0.0,0.0,0.0,0.0,0.0,0.00028000224001792015,0.00010916315525183939,0.125,0.25,0.0,0.0,0.0,0.0,0.0,0.0,0.0,0.0,1.0,0.0,0.0,0.0,0.0,0.01282051282051282,0.0,0.0,0.0,0.0,0.0,0.0,0.0,0.0,0.0,0.0,0.0,0.0001091703056768559,0.0,0.41021728515625,1.52587890625e-05,0.0,1.0,0.0,0.0,0.0,0.0,0.0,0.0,0.0,0.0
486599,0.0012207590069125479,0.3529411764705882,0.9999277487800895,0.00020242914979757084,0.0,0.0,0.0,0.0,0.0,0.0,0.0,0.0,0.0,0.0,0.0,0.0,9.587267672531854e-09,0.9998052449725757,0.0,0.14000081771722558,0.9999296622606298,0.9999277488888799,0.9998052449725757,0.0,0.14000081771722558,0.9999296622606298,0.0,0.0,0.0,0.0,0.0,0.0,0.0,0.0,0.0,0.00028000224001792015,0.0,9.329827474999999e-09,0.0,0.0,0.0,0.0,0.0,0.0,0.0,0.0,0.0,0.0,1.0,0.0,0.0,0.0,0.0,0.0,0.0,0.0,0.0,0.0,0.0,0.0,0.0,0.0,0.00020242914979757084,0.0,0.0,0.0,0.0042724609375,0.0,0.0,0.5,0.0,0.0,0.0,0.0,0.0,0.0,0.0,0.0
411922,0.000808752842079563,1.0,0.9998694443990969,0.0,0.0001091703056768559,3.840981503462586e-06,6.746365732779751e-06,0.0005121042830540037,0.02696078431372549,0.0029419564757497884,0.0,0.06164383561643836,0.1308139534883721,0.061682738036003965,0.0,0.00012585389437225897,0.00022779069018338257,0.9996480088603438,0.0,0.13995377727636213,0.9998728748553031,0.9998694421197557,0.9996480024200123,0.0,0.13995377534960354,0.9998728725293126,0.0,0.0,0.0,0.0,0.0,0.0,0.0,0.0,0.0,5.600044800358403e-05,4.366526210073576e-05,0.00011389521640089999,0.00022779043280179997,0.04187817258883248,0.0013966480446927375,0.020625788463832288,0.003735084576625884,1.3950856794556046e-05,0.0,0.0,0.0,0.0,0.0,0.0,0.0,0.0,0.01282051282051282,0.03092616198239447,0.0029419564757497884,0.061682738036003965,0.0,0.0,0.0,0.0,0.0,0.0,0.0,3.840981503462586e-06,0.0001091703056768559,6.746365732779751e-06,0.0,0.0,0.0,0.2,0.0,0.0,0.0,0.0,0.0,0.0,0.0,0.0
959729,0.0012207590069125479,0.3529411764705882,0.9998694426474424,0.00040485829959514163,0.0004366812227074236,1.873933400174171e-05,3.658029419551687e-05,0.0024984481688392303,0.0,0.004784393864606163,0.005897744508285693,0.33424657534246577,0.0,0.08361437822658314,0.2582845128885069,0.0024916377527270297,0.00299145324812308,0.9996480027060862,1.6119127191006305e-10,0.1399537754988286,0.9998728725293126,0.999869442447239,0.999648002861593,1.7158180618804226e-10,0.139953775526918,0.9998728726342205,3.458500234790497e-06,1.243118526435636e-06,1.7020647307877715e-06,2.4024155744500007e-06,0.0,0.0,0.0,0.0,0.0,0.0005040040320322563,0.0005021505141584612,0.001282051282051275,0.0034188034188033997,0.0,0.007572936064556177,0.032178213252469126,0.019724452737530655,0.0003890540357952733,0.0,0.0,0.0,1.0,0.0,0.0,0.0,0.0,0.01282051282051282,0.036760218180544146,0.004784393864606163,0.08361437822658314,0.0,0.0,0.0,0.0,0.0,0.0,0.00040485829959514163,1.873933400174171e-05,0.0004366812227074236,3.658029419551687e-05,0.1250152587890625,0.002288818359375,0.0009699321047526673,0.5,0.0,0.0,0.0,0.0,0.0,0.0,0.0,0.0
979965,0.006759953000778234,0.3529411764705882,0.9998696157598714,0.0016194331983805667,0.0007641921397379913,6.471471866439994e-05,0.00039368792031732505,0.003181253879577902,0.0,0.005507501011843335,0.0055923549217827325,1.0,0.0,0.5142186351826772,0.6939506083289755,8.168140554516182e-05,2.504753416857676e-05,0.9996480336579182,7.011440279687018e-08,0.1399538775863113,0.9998728725303723,0.9998696158686555,0.9996480609910858,9.306823204225018e-08,0.1399538775863113,0.9998728725536852,0.0012348262573238014,0.00022192211843260863,0.0006392612362865894,0.0011261302078269444,8.98639898628387e-09,0.0,0.0,0.0,0.0,0.0013440107520860168,0.0008296399799139793,1.408909316335e-05,2.1916367142999997e-05,0.0,0.02265673494723774,0.13551423008815341,0.061063303796943406,0.003728727070598493,0.0,0.0,0.0,1.0,0.0,0.0,0.0,0.0,0.0,0.14392559999498963,0.005507501011843335,0.5142186351826772,0.0,0.0,0.0,0.0,0.0,0.0,0.0016194331983805667,6.471471866439994e-05,0.0007641921397379913,0.00039368792031732505,0.1250152587890625,0.0044403076171875,0.0038797284190106693,0.5,0.0,0.0,0.0,0.0,0.0,0.0,0.0,0.0
168850,0.0003204492393145438,0.3529411764705882,0.9998694420120596,0.0,0.0001091703056768559,0.0,0.0,0.0,0.0,0.0,0.0,0.0,0.0,0.0,0.0,0.0,0.5000000001287201,0.9996480024229464,0.0,0.13995377535048134,0.9998728725303723,0.9998694421197557,0.9996480024200123,0.0,0.13995377534960354,0.9998728725293126,0.0,0.0,0.0,0.0,0.0,0.0,0.0,0.0,0.0,0.00028000224001792015,0.00010916315525183939,0.25,0.5,0.0,0.0,0.0,0.0,0.0,0.0,0.0,0.0,1.0,0.0,0.0,0.0,0.0,0.01282051282051282,0.0,0.0,0.0,0.0,0.0,0.0,0.0,0.0,0.0,0.0,0.0,0.0001091703056768559,0.0,0.41021728515625,1.52587890625e-05,0.0,1.0,0.0,0.0,0.0,0.0,0.0,0.0,0.0,0.0
534239,0.000808752842079563,1.0,0.9998694430771962,0.0,0.0001091703056768559,3.957374882355392e-06,3.7479809626554173e-06,0.0005276225946617008,0.02777777777777778,0.0030311066719846303,0.0,0.03424657534246575,0.07267441860465117,0.03426818779777998,0.0,0.00019250822170530194,0.0005102043389415029,0.9996480052954222,0.0,0.139953776209842,0.9998728735677959,0.9998694421197557,0.9996480024200123,0.0,0.13995377534960354,0.9998728725293126,0.0,0.0,0.0,0.0,0.0,0.0,0.0,0.0,0.0,5.600044800358403e-05,4.366526210073576e-05,0.000255102040816325,0.00051020408163265,0.04314720812182741,0.0007759155803848542,0.015601557940577868,0.0010484447934352606,1.0992364848891821e-06,0.0,0.0,0.0,0.0,0.0,0.0,0.0,0.0,0.01282051282051282,0.023392866114888125,0.0030311066719846303,0.03426818779777998,0.0,0.0,0.0,0.0,0.0,0.0,0.0,3.957374882355392e-06,0.0001091703056768559,3.7479809626554173e-06,0.0,0.0,0.0,0.2,0.0,0.0,0.0,0.0,0.0,0.0,0.0,0.0
927153,0.006759953000778234,0.3529411764705882,0.9999959311621517,0.004048582995951417,0.002074235807860262,8.729503416960424e-05,0.000417899877336079,0.005912476722532588,0.0,0.0031839355798170613,0.005945631567911412,1.0,0.0,0.20110015470803905,0.5948800047610789,1.221872553581134e-07,8.627147250279027e-08,0.9996567490303551,1.0714739195787474e-05,0.13996257056018202,0.9998728725293126,0.9999959312709495,0.9996650583101808,1.1581828989366642e-05,0.13996258055913743,0.9998728725611029,0.9216109587421839,0.05521042741079909,0.0591827171138511,0.08396760522569753,0.0,0.0,0.0,0.0,0.0,0.0030240241921935377,0.002860074667598192,4.5157366975e-08,8.17133307e-08,0.0,0.02265673494723774,0.061190484068347345,0.04591836435793474,0.00210849618530785,0.0,0.0,0.0,1.0,0.0,0.0,0.0,0.0,0.0,0.0626948636341811,0.0031839355798170613,0.20110015470803905,0.0,0.0,0.0,0.0,0.0,0.0,0.004048582995951417,8.729503416960424e-05,0.002074235807860262,0.000417899877336079,0.1250152587890625,0.00189208984375,0.014548981571290009,0.5,0.0004729416069714763,0.002210451573712417,0.0044405591100871574,0.0001119465363489811,2.840018620791027e-05,5.15245459259414e-06,1.0226439377779321e-05,0.00044916361183845114
953128,0.0012207590069125479,0.3529411764705882,0.9998694421121541,0.00020242914979757084,0.0,0.0,0.0,0.0,0.0,0.0,0.0,0.0,0.0,0.0,0.0,0.0,0.0053763443420776135,0.9996480026928828,0.0,0.1399537754312384,0.9998728726278625,0.9998694422209382,0.9996480026928828,0.0,0.1399537754312384,0.9998728726278625,0.0,0.0,0.0,0.0,0.0,0.0,0.0,0.0,0.0,0.00028000224001792015,0.0,0.0053763440860215,0.0,0.0,0.0,0.0,0.0,0.0,0.0,0.0,0.0,0.0,1.0,0.0,0.0,0.0,0.0,0.0,0.0,0.0,0.0,0.0,0.0,0.0,0.0,0.0,0.00020242914979757084,0.0,0.0,0.0,0.0042724609375,0.0,0.0,0.5,0.0,0.0,0.0,0.0,0.0,0.0,0.0,0.0
570744,0.05171440343033281,0.3529411764705882,0.9998719271681475,0.0014170040485829958,0.0007641921397379913,0.00013361959896894088,0.00011851115803916429,0.010505896958410926,0.0,0.012793053159699837,0.014474463116787318,0.8034246575342466,0.0,0.15479429973794248,0.4552779038383969,2.683294449469062e-06,1.6419808553522884e-06,0.9996484811348998,5.865172297991699e-07,0.1399546120026088,0.9998728725335513,0.9998719272769319,0.9996489598497873,9.52856056804224e-07,0.13995485141399502,0.9998728725335513,0.017278867182665456,0.0031053460246329143,0.0035342796669276177,0.007978455605892347,0.0018588006847168733,0.0,0.0,0.0,0.0,0.0012040096320770567,0.0008296399799139793,8.755858216499999e-07,1.53227518785e-06,0.0,0.01820297951582868,0.06765357778581528,0.036254867373183286,0.0013144154082471075,0.0,0.0,0.0,1.0,0.0,0.0,0.0,0.0,0.0,0.07213461200849491,0.012793053159699837,0.15479429973794248,0.0,0.0,0.0,0.0,0.0,0.0,0.0014170040485829958,0.00013361959896894088,0.0007641921397379913,0.00011851115803916429,0.1250152587890625,0.9590606689453125,0.004849660523763337,0.5,0.0,0.0,0.0,0.0,0.0,0.0,0.0,0.0
766797,0.0012207590069125479,0.3529411764705882,0.9998694429912454,0.00040485829959514163,0.0004366812227074236,1.873933400174171e-05,3.658029419551687e-05,0.0024984481688392303,0.0,0.004784393864606163,0.005897744508285693,0.33424657534246577,0.0,0.08361437822658314,0.2582845128885069,0.0016177670203610555,0.0019422866054418528,0.9996480028606151,2.1832287429025242e-10,0.13995377560153052,0.9998728725611029,0.9998694426604838,0.999648003149134,3.5815619738285923e-10,0.13995377566209832,0.999872872678727,5.1169136003888325e-06,1.8392163258597316e-06,2.0897594960835695e-06,3.2060110279245654e-06,2.6959196958851607e-07,0.0,0.0,0.0,0.0,0.0005040040320322563,0.0005021505141584612,0.00083240843507215,0.00221975582685905,0.0,0.007572936064556177,0.032178213252469126,0.019724452737530655,0.0003890540357952733,0.0,0.0,0.0,1.0,0.0,0.0,0.0,0.0,0.01282051282051282,0.036760218180544146,0.004784393864606163,0.08361437822658314,0.0,0.0,0.0,0.0,0.0,0.0,0.00040485829959514163,1.873933400174171e-05,0.0004366812227074236,3.658029419551687e-05,0.1250152587890625,0.002288818359375,0.0009699321047526673,0.5,0.0,0.0,0.0,0.0,0.0,0.0,0.0,0.0
308909,0.00033570872690095066,0.3529411764705882,0.9998698663237192,0.004251012145748988,0.002183406113537118,0.0002225441404430444,0.00019976738530953374,0.009931719428926133,0.0,0.007747962509137994,0.008736085312671723,0.6684931506849315,0.0,0.09132472048108364,0.284505952267003,2.6358062948948453e-05,2.6923403390043834e-05,0.9996480303295942,7.008382631567582e-08,0.1399539354303255,0.9998728725335513,0.9998698663770161,0.9996480569030227,9.49962947108153e-08,0.1399539354303255,0.9998728727624414,0.003250115178474988,0.00018445529856082998,0.0006236857273904594,0.0018619808904164086,9.885038884912257e-08,0.0,0.0,0.0,0.0,0.004984039872318979,0.003536886230159596,1.4102600263075e-05,2.5641091387399998e-05,0.0,0.015145872129112354,0.042220140339421265,0.023527104438524276,0.00055352464326126,0.0,0.0,0.0,1.0,0.0,0.0,0.0,0.0,0.0,0.04320788870373378,0.007747962509137994,0.09132472048108364,0.0,0.0,0.0,0.0,0.0,0.0,0.004251012145748988,0.0002225441404430444,0.002183406113537118,0.00019976738530953374,0.41021728515625,0.0035247802734375,0.015518913676042677,0.8,0.0,0.0,0.0,0.0,0.0,0.0,0.0,0.0
909511,0.0012207590069125479,0.3529411764705882,0.9999283047715641,0.00020242914979757084,0.0,0.0,0.0,0.0,0.0,0.0,0.0,0.0,0.0,0.0,0.0,0.0,9.499142272554541e-09,0.9998067443785623,0.0,0.14000126629559373,0.9999302037862011,0.9999283048803547,0.9998067443785623,0.0,0.14000126629559373,0.9999302037862011,0.0,0.0,0.0,0.0,0.0,0.0,0.0,0.0,0.0,0.00028000224001792015,0.0,9.241702075e-09,0.0,0.0,0.0,0.0,0.0,0.0,0.0,0.0,0.0,0.0,1.0,0.0,0.0,0.0,0.0,0.0,0.0,0.0,0.0,0.0,0.0,0.0,0.0,0.0,0.00020242914979757084,0.0,0.0,0.0,0.0042724609375,0.0,0.0,0.5,0.0,0.0,0.0,0.0,0.0,0.0,0.0,0.0
849827,0.006759953000778234,0.3529411764705882,0.9998694425919552,0.00040485829959514163,0.0,8.962290174746036e-06,0.0,0.0007138423339540658,0.0,0.0022881883700305848,0.0014884478239162674,0.0,0.0,0.0,0.0,0.00032385122190748344,0.001404494639101102,0.9996480032034147,8.462481314907855e-10,0.1399537758069344,0.9998728725430883,0.9998694427007393,0.9996480032034147,8.462481314907855e-10,0.1399537758069344,0.9998728725430883,0.0,0.0,0.0,0.0,0.0,1.0,0.0,0.0,0.0,0.0004200033600268802,0.0,0.001404494382022475,0.0,0.0,0.0007138423339540658,0.012196980678131594,0.002461221012286285,6.0576088713203884e-06,0.0,1.0,0.0,0.0,1.0,0.0,0.0,0.0,0.0,0.016256059503566324,0.0022881883700305848,0.0,0.0,0.0,0.0,0.0,0.0,0.0,0.00040485829959514163,8.962290174746036e-06,0.0,0.0,0.003936767578125,0.0,0.0009699321047526673,0.5,0.0,0.0,0.0,0.0,0.0,0.0,0.0,0.0
763002,0.000808752842079563,1.0,0.999869462567345,0.0,0.0001091703056768559,3.6081947456769753e-06,9.51987164514476e-06,0.0004810676598386096,0.025326797385620915,0.002763656083280104,0.0,0.08698630136986302,0.18459302325581395,0.08704119700636115,0.0,1.8781455594903534e-05,2.6463684976512187e-05,0.9996480578567423,0.0,0.13995379193464996,0.9998728925508459,0.9998694421197557,0.9996480024200123,0.0,0.13995377534960354,0.9998728725293126,0.0,0.0,0.0,0.0,0.0,0.0,0.0,0.0,0.0,5.600044800358403e-05,4.366526210073576e-05,1.3231713771575e-05,2.646342754315e-05,0.03934010152284264,0.0019708255741775296,0.02498893602348912,0.006290668760634262,3.9572513456026015e-05,0.0,0.0,0.0,0.0,0.0,0.0,0.0,0.0,0.01282051282051282,0.037468234709439455,0.002763656083280104,0.08704119700636115,0.0,0.0,0.0,0.0,0.0,0.0,0.0,3.6081947456769753e-06,0.0001091703056768559,9.51987164514476e-06,0.0,0.0,0.0,0.2,0.0,0.0,0.0,0.0,0.0,0.0,0.0,0.0
1012163,0.0012207590069125479,0.3529411764705882,0.9999989862544076,0.0038461538461538464,0.001965065502183406,0.00015212614621289697,0.00015876447357808347,0.0067039106145251395,0.0,0.005825965323946929,0.01002648102796287,0.48356164383561645,0.0,0.08064446861746506,0.2865885165044225,6.460425381920269e-08,8.004369365439354e-08,0.9996574444962583,1.0690055468600105e-05,0.1399625662124666,0.999872872576998,0.9999989863632058,0.999666389621123,1.1079763488387797e-05,0.13996264913243195,0.9998728727846947,0.9560678465741625,0.06064371183975554,0.05578449939613684,0.08462226765512815,0.0008543818836209389,0.0,0.0,0.0,0.0,0.0028840230721845776,0.002750911512346353,4.1992764975e-08,7.558697694999999e-08,0.0,0.010955927995034141,0.03483398692732509,0.024387059280642998,0.0005947286603578542,0.0,0.0,0.0,1.0,0.0,0.0,0.0,0.0,0.0,0.035736202695593175,0.005825965323946929,0.08064446861746506,0.0,0.0,0.0,0.0,0.0,0.0,0.0038461538461538464,0.00015212614621289697,0.001965065502183406,0.00015876447357808347,0.1250152587890625,0.0027618408203125,0.013579049466537343,0.5,0.004150853846180018,0.018879498335850904,0.036327505335089466,0.0009328647584807551,2.9486016321005743e-05,7.658075714543868e-08,1.022138416646169e-05,0.0007897220503054827
440257,0.006790471975951048,0.3529411764705882,0.99986966183709,0.00040485829959514163,0.0001091703056768559,0.0,0.0,0.0,0.0,0.0,0.0,0.0,0.0,0.0,0.0,0.0,4.949551917000788e-06,0.9996482000301155,2.74497630005616e-07,0.13995395256926016,0.9998728725960722,0.9998696619458741,0.9996482988351669,3.3626868911583804e-07,0.1399539526245612,0.9998728726289222,0.0,0.0,0.0,0.0,0.0,0.0,0.0,0.0,0.0,0.0005040040320322563,0.00017466104840294303,3.71197085855e-06,2.47464723905e-06,0.0,0.0,0.0,0.0,0.0,0.0,0.0,0.0,1.0,0.0,0.0,0.0,0.0,0.0,0.0,0.0,0.0,0.0,0.0,0.0,0.0,0.0,0.0,0.00040485829959514163,0.0,0.0001091703056768559,0.0,0.1250152587890625,0.1250152587890625,0.0,0.5,0.0,0.0,0.0,0.0,0.0,0.0,0.0,0.0
944190,0.0012207590069125479,0.3529411764705882,0.999869442807376,0.00040485829959514163,0.0004366812227074236,1.873933400174171e-05,3.658029419551687e-05,0.0024984481688392303,0.0,0.004784393864606163,0.005897744508285693,0.33424657534246577,0.0,0.08361437822658314,0.2582845128885069,0.001991267876154798,0.0023907106393384102,0.9996480027779715,1.74174199017354e-10,0.13995377555237404,0.9998728725589835,0.9998694425690932,0.9996480030259023,2.5487394511422833e-10,0.13995377559801933,0.9998728726670706,4.175201488265154e-06,1.5007286307094062e-06,1.675872663988822e-06,2.603314437818642e-06,2.5161917161594837e-07,0.0,0.0,0.0,0.0,0.0005040040320322563,0.0005021505141584612,0.001024590163934425,0.0027322404371584496,0.0,0.007572936064556177,0.032178213252469126,0.019724452737530655,0.0003890540357952733,0.0,0.0,0.0,1.0,0.0,0.0,0.0,0.0,0.01282051282051282,0.036760218180544146,0.004784393864606163,0.08361437822658314,0.0,0.0,0.0,0.0,0.0,0.0,0.00040485829959514163,1.873933400174171e-05,0.0004366812227074236,3.658029419551687e-05,0.1250152587890625,0.002288818359375,0.0009699321047526673,0.5,0.0,0.0,0.0,0.0,0.0,0.0,0.0,0.0
330572,0.00033570872690095066,0.3529411764705882,0.9998698087171322,0.004048582995951417,0.00240174672489083,0.0002225441404430444,0.00019976738530953374,0.009931719428926133,0.0,0.008116913104808684,0.008862415286443265,0.6684931506849315,0.0,0.08302247316464642,0.2737832352974904,3.0498702546578772e-05,3.189454049301407e-05,0.9996480259661686,3.668515979643136e-08,0.13995382627484268,0.9998728725335513,0.9998698087192939,0.9996480518525636,5.894391558354082e-08,0.1399538585144735,0.9998728728323801,0.0028088605509287534,0.00014423041995857195,0.0003820404113349097,0.001084318131888346,1.4378238378054192e-07,0.0,0.0,0.0,0.0,0.0047600380803046426,0.0038862083269654824,1.5576277773975e-05,3.2636010574049995e-05,0.0,0.015145872129112354,0.041260591695339,0.023323142390139023,0.0005439689709506553,0.0,0.0,0.0,1.0,0.0,0.0,0.0,0.0,0.01282051282051282,0.042203054082706574,0.008116913104808684,0.08302247316464642,0.0,0.0,0.0,0.0,0.0,0.0,0.004048582995951417,0.0002225441404430444,0.00240174672489083,0.00019976738530953374,0.41021728515625,0.0035247802734375,0.015518913676042677,0.8,0.0,0.0,0.0,0.0,0.0,0.0,0.0,0.0
108886,0.0003204492393145438,0.3529411764705882,0.9998694420153236,0.0,0.0001091703056768559,0.0,0.0,0.0,0.0,0.0,0.0,0.0,0.0,0.0,0.0,0.0,0.1250000002252602,0.9996480024317487,0.0,0.1399537753531147,0.9998728725335513,0.9998694421197557,0.9996480024200123,0.0,0.13995377534960354,0.9998728725293126,0.0,0.0,0.0,0.0,0.0,0.0,0.0,0.0,0.0,0.00028000224001792015,0.00010916315525183939,0.0625,0.125,0.0,0.0,0.0,0.0,0.0,0.0,0.0,0.0,1.0,0.0,0.0,0.0,0.0,0.01282051282051282,0.0,0.0,0.0,0.0,0.0,0.0,0.0,0.0,0.0,0.0,0.0,0.0001091703056768559,0.0,0.41021728515625,1.52587890625e-05,0.0,1.0,0.0,0.0,0.0,0.0,0.0,0.0,0.0,0.0
495230,0.006790471975951048,0.3529411764705882,0.9998707697999376,0.001012145748987854,0.0005458515283842794,5.295898739622657e-05,2.5336351307550622e-05,0.0021725636250775914,0.0,0.006760556547805886,0.00399320218452724,0.09931506849315068,0.0,0.04633058990259853,0.07384276992570547,1.4593611811505896e-06,2.2535948371448347e-06,0.9996483605000936,3.7604065238231717e-07,0.13995410313820258,0.9998728726013706,0.999870769834739,0.9996487185402713,3.345099082563207e-07,0.1399541032294932,0.999872872645877,0.010170015788011903,0.002741622274529654,0.0005398580285214703,0.003126413224100715,0.0025364111138786224,0.0,0.0,0.0,0.0,0.0009240073920591365,0.0006113136694103006,1.229093125925e-06,2.0484885431999997e-06,0.0,0.002250155183116077,0.02621193950610698,0.007196045798239752,5.1783075130283886e-05,0.0,0.0,0.0,1.0,0.0,0.0,0.0,0.0,0.0,0.028583270923118555,0.006760556547805886,0.04633058990259853,0.0,0.0,0.0,0.0,0.0,0.0,0.001012145748987854,5.295898739622657e-05,0.0005458515283842794,2.5336351307550622e-05,0.1250152587890625,1.52587890625e-05,0.0038797284190106693,0.5,0.0,0.0,0.0,0.0,0.0,0.0,0.0,0.0
991405,0.000808752842079563,1.0,0.9998694423341029,0.0,0.0001091703056768559,5.936062323533088e-06,1.1019064030206927e-05,0.0007914338919925512,0.04166666666666667,0.004546660007976946,0.0,0.10068493150684932,0.2136627906976744,0.10074847212547314,0.0,0.0014972861688190163,0.0016835019405084743,0.9996480032914375,0.0,0.13995377561030847,0.9998728728440366,0.9998694421197557,0.9996480024200123,0.0,0.13995377534960354,0.9998728725293126,0.0,0.0,0.0,0.0,0.0,0.0,0.0,0.0,0.0,5.600044800358403e-05,4.366526210073576e-05,0.00084175084175085,0.0016835016835017,0.06472081218274112,0.0022811918063314713,0.032921931586501536,0.006290668760634262,3.9572513456026015e-05,0.0,0.0,0.0,0.0,0.0,0.0,0.0,0.0,0.01282051282051282,0.04936291239497579,0.004546660007976946,0.10074847212547314,0.0,0.0,0.0,0.0,0.0,0.0,0.0,5.936062323533088e-06,0.0001091703056768559,1.1019064030206927e-05,0.0,0.0,0.0,0.2,0.0,0.0,0.0,0.0,0.0,0.0,0.0,0.0
514005,0.006790471975951048,0.3529411764705882,0.9999528916748485,0.00020242914979757084,0.0001091703056768559,1.1639337889280565e-07,0.0,1.5518311607697083e-05,0.0,4.4575098117421034e-05,4.486479713938226e-05,0.0,0.0,0.0,0.0,2.92815503649635e-11,1.0035647897416422e-08,0.9997605265604943,0.0001271032592708697,0.14002092698857727,0.9998730852594285,0.9998696605325826,0.9996485914389365,0.0,0.13995395156681903,0.9998730852594285,0.0,0.0,0.0,0.0,0.0,0.0,0.0,0.0,0.0,0.00036400291202329623,0.00010916315525183939,6.518805125e-09,6.51880515e-09,0.0,1.5518311607697083e-05,0.00019832488907531046,6.55277995911225e-05,4.293892518670656e-09,0.0,0.0,0.0,0.0,1.0,0.0,0.0,0.0,0.0,0.0002643261708029126,4.4575098117421034e-05,0.0,0.0,0.0,0.0,0.0,0.0,0.0,0.00020242914979757084,1.1639337889280565e-07,0.0001091703056768559,0.0,0.00384521484375,1.52587890625e-05,0.0,0.5,0.0019826437734501946,0.0,0.0019826437734501946,0.0019826437734501946,0.00022536559897849557,0.0,7.807910441210843e-05,0.006070016900737919
211617,0.00033570872690095066,0.3529411764705882,0.9998697733271823,0.004251012145748988,0.002292576419213974,0.00022813102262989908,0.00019976738530953374,0.009931719428926133,0.0,0.00794247202819421,0.008752921671849528,0.6684931506849315,0.0,0.08697592426772481,0.27900511196084343,3.411047046095676e-05,3.5301367692087016e-05,0.9996480236937845,4.4621522523666606e-08,0.1399538492932439,0.9998728725314319,0.9998697723360144,0.999648044826301,5.974514382127367e-08,0.1399538492932439,0.9998728728662898,0.0025377891361407284,0.0001368269109651582,0.00038193222249124795,0.00102365504593699,8.986398986283869e-08,0.0,0.0,0.0,0.0,0.004984039872318979,0.0037115472785625393,1.8061033156775e-05,3.44801542084e-05,0.0,0.015145872129112354,0.04169330054422698,0.02332279208320295,0.0005439526305562911,0.0,0.0,0.0,1.0,0.0,0.0,0.0,0.0,0.0,0.04264564674078594,0.00794247202819421,0.08697592426772481,0.0,0.0,0.0,0.0,0.0,0.0,0.004251012145748988,0.00022813102262989908,0.002292576419213974,0.00019976738530953374,0.41021728515625,0.0035247802734375,0.015518913676042677,0.8,0.0,0.0,0.0,0.0,0.0,0.0,0.0,0.0
108384,0.0003204492393145438,0.3529411764705882,0.9998694420120596,0.0,0.0001091703056768559,0.0,0.0,0.0,0.0,0.0,0.0,0.0,0.0,0.0,0.0,0.0,0.5000000001287201,0.9996480024229464,0.0,0.13995377535048134,0.9998728725303723,0.9998694421197557,0.9996480024200123,0.0,0.13995377534960354,0.9998728725293126,0.0,0.0,0.0,0.0,0.0,0.0,0.0,0.0,0.0,0.00028000224001792015,0.00010916315525183939,0.25,0.5,0.0,0.0,0.0,0.0,0.0,0.0,0.0,0.0,1.0,0.0,0.0,0.0,0.0,0.01282051282051282,0.0,0.0,0.0,0.0,0.0,0.0,0.0,0.0,0.0,0.0,0.0,0.0001091703056768559,0.0,0.41021728515625,1.52587890625e-05,0.0,1.0,0.0,0.0,0.0,0.0,0.0,0.0,0.0,0.0
709169,0.000808752842079563,1.0,0.9998694431033077,0.0,0.0001091703056768559,6.168849081318699e-06,8.920194691119892e-06,0.0008224705152079454,0.04330065359477124,0.004724960400446629,0.0,0.08150684931506849,0.17296511627906977,0.08155828695871635,0.0,0.00038476078840170015,0.0004980082254394928,0.9996480053658404,0.0,0.13995377623090907,0.9998728735932281,0.9998694421197557,0.9996480024200123,0.0,0.13995377534960354,0.9998728725293126,0.0,0.0,0.0,0.0,0.0,0.0,0.0,0.0,0.0,5.600044800358403e-05,4.366526210073576e-05,0.00024900398406375,0.0004980079681275,0.06725888324873096,0.0018466790813159528,0.02974873336129657,0.004324834772934637,1.8704195813199798e-05,0.0,0.0,0.0,0.0,0.0,0.0,0.0,0.0,0.01282051282051282,0.044605041320761256,0.004724960400446629,0.08155828695871635,0.0,0.0,0.0,0.0,0.0,0.0,0.0,6.168849081318699e-06,0.0001091703056768559,8.920194691119892e-06,0.0,0.0,0.0,0.2,0.0,0.0,0.0,0.0,0.0,0.0,0.0,0.0
802645,0.006759953000778234,0.3529411764705882,0.9999959916736566,0.005870445344129555,0.00425764192139738,0.00019460972950877104,0.0023141533655819608,0.008022967101179392,0.0,0.00496863760348556,0.008793893836585867,1.0,0.0,0.5425269198425668,0.7692891358632831,6.283890335189219e-07,1.4856069871175453e-07,0.9996530212581253,8.788964947119705e-06,0.13996269133853984,0.9998728725303723,0.9999959917824545,0.9996597707300705,1.155447466018287e-05,0.13996273053732425,0.9998728725462674,0.9365122445200668,0.02657515752255233,0.0548434634873295,0.08536357609017245,8.98639898628387e-09,0.0,0.0,0.0,0.0,0.004284034272274179,0.00504333777263498,6.447967762499999e-08,1.6764716185e-07,0.0,0.02265673494723774,0.18440814828763147,0.07487291159238572,0.005605952890321662,0.0,0.0,0.0,1.0,0.0,0.0,0.0,0.0,0.01282051282051282,0.18700501961258878,0.00496863760348556,0.5425269198425668,0.0,0.0,0.0,0.0,0.0,0.0,0.005870445344129555,0.00019460972950877104,0.00425764192139738,0.0023141533655819608,0.1250152587890625,0.0159912109375,0.016488845780795344,0.5,0.00142132641322226,0.005970713151954538,0.011596792061634574,0.00031681808024163784,2.966837478138748e-05,1.8646190296943623e-07,1.0366871780530547e-05,0.000795419185908117
717328,0.05171440343033281,0.3529411764705882,0.9998722622705432,0.0014170040485829958,0.0007641921397379913,0.00013245566518001284,0.00011851115803916429,0.010505896958410926,0.0,0.012681615414406284,0.014450156496087474,0.8034246575342466,0.0,0.15479429973794248,0.4552779038383969,2.3558019864024704e-06,1.446911772002507e-06,0.9996485456855476,6.005405490731538e-07,0.139954611971886,0.9998728725695802,0.9998722623793276,0.999649088951083,9.680104721434776e-07,0.1399548946927676,0.9998728726437577,0.019418728782153144,0.0034899204669840912,0.0032869606038220755,0.007978162628383268,0.002359468917838693,0.0,0.0,0.0,0.0,0.0012040096320770567,0.0008296399799139793,7.7154897715e-07,1.35021071005e-06,0.0,0.01820297951582868,0.06740567167447115,0.03624687204100493,0.001313835732757029,0.0,0.0,0.0,1.0,0.0,0.0,0.0,0.0,0.0,0.07187028583773164,0.012681615414406284,0.15479429973794248,0.0,0.0,0.0,0.0,0.0,0.0,0.0014170040485829958,0.00013245566518001284,0.0007641921397379913,0.00011851115803916429,0.1250152587890625,0.9592132568359375,0.004849660523763337,0.5,0.0,0.0,0.0,0.0,0.0,0.0,0.0,0.0
564753,0.000808752842079563,1.0,0.9998694423874142,0.0,0.0001091703056768559,4.073768261248197e-06,9.819710122157193e-06,0.0005431409062693979,0.028594771241830068,0.0031202568682194725,0.0,0.08972602739726028,0.19040697674418605,0.08978265203018354,0.0,0.0010775267515489456,0.001445086962270502,0.999648003435208,0.0,0.1399537756533204,0.9998728728959607,0.9998694421197557,0.9996480024200123,0.0,0.13995377534960354,0.9998728725293126,0.0,0.0,0.0,0.0,0.0,0.0,0.0,0.0,0.0,5.600044800358403e-05,4.366526210073576e-05,0.00072254335260115,0.0014450867052023,0.04441624365482233,0.002032898820608318,0.0265755351360916,0.006290668760634262,3.9572513456026015e-05,0.0,0.0,0.0,0.0,0.0,0.0,0.0,0.0,0.01282051282051282,0.03984717024654672,0.0031202568682194725,0.08978265203018354,0.0,0.0,0.0,0.0,0.0,0.0,0.0,4.073768261248197e-06,0.0001091703056768559,9.819710122157193e-06,0.0,0.0,0.0,0.2,0.0,0.0,0.0,0.0,0.0,0.0,0.0,0.0
913529,0.000808752842079563,1.0,0.9998694573112933,0.0,0.0001091703056768559,3.724588124569781e-06,9.594831264397868e-06,0.0004965859714463067,0.026143790849673203,0.002852806279514946,0.0,0.08767123287671233,0.18604651162790697,0.08772656076231675,0.0,2.555277540471892e-05,3.5554548834021835e-05,0.999648043682145,0.0,0.13995378769402547,0.9998728874315473,0.9998694421197557,0.9996480024200123,0.0,0.13995377534960354,0.9998728725293126,0.0,0.0,0.0,0.0,0.0,0.0,0.0,0.0,0.0,5.600044800358403e-05,4.366526210073576e-05,1.7777145701475e-05,3.555429140295e-05,0.04060913705583756,0.0019863438857852266,0.02538558580163974,0.006290668760634262,3.9572513456026015e-05,0.0,0.0,0.0,0.0,0.0,0.0,0.0,0.0,0.01282051282051282,0.03806296859371627,0.002852806279514946,0.08772656076231675,0.0,0.0,0.0,0.0,0.0,0.0,0.0,3.724588124569781e-06,0.0001091703056768559,9.594831264397868e-06,0.0,0.0,0.0,0.2,0.0,0.0,0.0,0.0,0.0,0.0,0.0,0.0
876433,0.006759953000778234,0.3529411764705882,0.9999687383844053,0.0032388663967611335,0.0025109170305676856,0.00023360151143786095,0.0010097810309586226,0.010117939168218498,0.0,0.0105249672849006,0.011850262927900486,1.0,0.0,0.4014145720207686,0.7254225566518725,3.808904756157215e-07,1.0982681882172617e-07,0.9996548686743809,1.9025502726653653e-05,0.13998011422650078,0.9998728725293126,0.9999686642883262,0.9996647264077362,2.8429304928958065e-05,0.13998017411489802,0.9998728726077286,0.7600212523589367,0.037251952442025706,0.12459262813100241,0.25174254023805426,0.0,0.0,0.0,0.0,0.0,0.0024640197121576974,0.0025762504639434097,4.6566985924999995e-08,1.2600478544999997e-07,0.0,0.02265673494723774,0.1497401284442952,0.06513490697664094,0.004242556106856255,0.0,0.0,0.0,1.0,0.0,0.0,0.0,0.0,0.01282051282051282,0.1534215176806095,0.0105249672849006,0.4014145720207686,0.0,0.0,0.0,0.0,0.0,0.0,0.0032388663967611335,0.00023360151143786095,0.0025109170305676856,0.0010097810309586226,0.1250152587890625,0.001190185546875,0.008729388942774006,0.5,0.004400211609734474,0.011418831772325458,0.011853325919743508,0.0006734964357990664,8.824223034605897e-05,1.8805349736863075e-07,3.062495496442572e-05,0.002373987621994763
453876,0.0012207590069125479,0.3529411764705882,0.9998694430967798,0.00040485829959514163,0.0004366812227074236,1.873933400174171e-05,3.658029419551687e-05,0.0024984481688392303,0.0,0.004784393864606163,0.005897744508285693,0.33424657534246577,0.0,0.08361437822658314,0.2582845128885069,0.0014605291436325773,0.001753507271016827,0.9996480029080496,2.7057580919638365e-10,0.13995377563225334,0.9998728725611029,0.9998694426724517,0.9996480031652716,4.164606946311659e-10,0.1399537756822876,0.9998728726660109,5.633605201731027e-06,2.0249352382423323e-06,2.1411006557329724e-06,3.239494171819339e-06,2.6959196958851607e-07,0.0,0.0,0.0,0.0,0.0005040040320322563,0.0005021505141584612,0.000751503006012025,0.0020040080160320497,0.0,0.007572936064556177,0.032178213252469126,0.019724452737530655,0.0003890540357952733,0.0,0.0,0.0,1.0,0.0,0.0,0.0,0.0,0.01282051282051282,0.036760218180544146,0.004784393864606163,0.08361437822658314,0.0,0.0,0.0,0.0,0.0,0.0,0.00040485829959514163,1.873933400174171e-05,0.0004366812227074236,3.658029419551687e-05,0.1250152587890625,0.002288818359375,0.0009699321047526673,0.5,0.0,0.0,0.0,0.0,0.0,0.0,0.0,0.0
339491,0.00033570872690095066,0.3529411764705882,0.9998698599872993,0.004251012145748988,0.00240174672489083,0.0002225441404430444,0.00019976738530953374,0.009931719428926133,0.0,0.007747962509137994,0.008736085312671723,0.6684931506849315,0.0,0.08302247316464642,0.2737832352974904,2.6757644802569118e-05,2.863304197112871e-05,0.9996480286340753,5.379583272888616e-08,0.1399538849237943,0.9998728725324916,0.9998698599328858,0.9996480560754691,7.618612535171501e-08,0.1399538849237943,0.9998728727793963,0.0032015628354198325,0.00016439504343627082,0.0004776963204636132,0.0013683807539056308,9.885038884912257e-08,0.0,0.0,0.0,0.0,0.004984039872318979,0.0038862083269654824,1.431639226915e-05,2.86327845383e-05,0.0,0.015145872129112354,0.04034368965767097,0.023123658359639084,0.0005347035759330538,0.0,0.0,0.0,1.0,0.0,0.0,0.0,0.0,0.01282051282051282,0.04124389376264055,0.007747962509137994,0.08302247316464642,0.0,0.0,0.0,0.0,0.0,0.0,0.004251012145748988,0.0002225441404430444,0.00240174672489083,0.00019976738530953374,0.41021728515625,0.0035247802734375,0.015518913676042677,0.8,0.0,0.0,0.0,0.0,0.0,0.0,0.0,0.0
716143,0.05171440343033281,0.3529411764705882,0.9998717399663232,0.0016194331983805667,0.0008733624454148472,0.0002119523429637991,0.00011851115803916429,0.010505896958410926,0.0,0.018038056371513407,0.017624272014421644,0.8034246575342466,0.0,0.13544501227072536,0.42989732276112325,3.6175236655285793e-06,2.0124518110319145e-06,0.9996483897424993,3.762987501288503e-07,0.1399542009060593,0.9998728725314319,0.9998717400751075,0.9996487770649862,5.080470284409271e-07,0.1399543460440881,0.9998728725314319,0.016085659600456218,0.0024779173591056155,0.0016632520273603373,0.004058466759127579,0.0014329352367568808,0.0,0.0,0.0,0.0,0.0013440107520860168,0.0010043010283169224,1.0652793730750001e-06,1.89382999655e-06,0.0,0.01820297951582868,0.07496680807046735,0.03703121182407158,0.0013713106491592545,0.0,0.0,1.0,1.0,0.0,0.0,0.0,1.0,0.0,0.0793444970317448,0.018038056371513407,0.13544501227072536,0.0,0.0,0.0,0.0,0.0,0.0,0.0016194331983805667,0.0002119523429637991,0.0008733624454148472,0.00011851115803916429,0.1250152587890625,0.9591217041015625,0.005819592628516004,0.5,0.0,0.0,0.0,0.0,0.0,0.0,0.0,0.0
557414,0.0012207590069125479,0.3529411764705882,0.9998694423199591,0.00020242914979757084,0.0,0.0,0.0,0.0,0.0,0.0,0.0,0.0,0.0,0.0,0.0,0.0,0.0017605636372686603,0.9996480032532944,0.0,0.13995377559889713,0.9998728728302607,0.9998694424287432,0.9996480032532944,0.0,0.13995377559889713,0.9998728728302607,0.0,0.0,0.0,0.0,0.0,0.0,0.0,0.0,0.0,0.00028000224001792015,0.0,0.0017605633802816997,0.0,0.0,0.0,0.0,0.0,0.0,0.0,0.0,0.0,0.0,1.0,0.0,0.0,0.0,0.0,0.0,0.0,0.0,0.0,0.0,0.0,0.0,0.0,0.0,0.00020242914979757084,0.0,0.0,0.0,0.0039215087890625,0.0,0.0,0.5,0.0,0.0,0.0,0.0,0.0,0.0,0.0,0.0
83403,0.0003204492393145438,0.3529411764705882,0.9998694420120596,0.0,0.0001091703056768559,0.0,0.0,0.0,0.0,0.0,0.0,0.0,0.0,0.0,0.0,0.0,0.5000000001287201,0.9996480024229464,0.0,0.13995377535048134,0.9998728725303723,0.9998694421197557,0.9996480024200123,0.0,0.13995377534960354,0.9998728725293126,0.0,0.0,0.0,0.0,0.0,0.0,0.0,0.0,0.0,0.00028000224001792015,0.00010916315525183939,0.25,0.5,0.0,0.0,0.0,0.0,0.0,0.0,0.0,0.0,1.0,0.0,0.0,0.0,0.0,0.01282051282051282,0.0,0.0,0.0,0.0,0.0,0.0,0.0,0.0,0.0,0.0,0.0,0.0001091703056768559,0.0,0.41021728515625,1.52587890625e-05,0.0,1.0,0.0,0.0,0.0,0.0,0.0,0.0,0.0,0.0
181271,0.00033570872690095066,0.3529411764705882,0.9998698248726094,0.004251012145748988,0.00240174672489083,0.0002244064345053293,0.00019976738530953374,0.009931719428926133,0.0,0.007812799015493038,0.008741956209752828,0.6684931506849315,0.0,0.08302247316464642,0.2737832352974904,2.9313876271891523e-05,3.1259137795902645e-05,0.9996480264318006,4.961704323782439e-08,0.13995388166278827,0.9998728725324916,0.9998698238814415,0.9996480514457518,6.857987757300035e-08,0.13995388166278827,0.999872872793172,0.0029326165231857147,0.0001505850878131588,0.00046143087360005,0.001345854968850422,8.986398986283869e-08,0.0,0.0,0.0,0.0,0.004984039872318979,0.0038862083269654824,1.5629440181875e-05,3.125888036375e-05,0.0,0.015145872129112354,0.04048472068991993,0.023124086011395182,0.000534723353862232,0.0,0.0,0.0,1.0,0.0,0.0,0.0,0.0,0.01282051282051282,0.04138807167400562,0.007812799015493038,0.08302247316464642,0.0,0.0,0.0,0.0,0.0,0.0,0.004251012145748988,0.0002244064345053293,0.00240174672489083,0.00019976738530953374,0.41021728515625,0.0035247802734375,0.015518913676042677,0.8,0.0,0.0,0.0,0.0,0.0,0.0,0.0,0.0
201971,0.00033570872690095066,0.3529411764705882,0.9998698778868153,0.004251012145748988,0.002183406113537118,0.0002225441404430444,0.00019976738530953374,0.009931719428926133,0.0,0.007747962509137994,0.008736085312671723,0.6684931506849315,0.0,0.09132472048108364,0.284505952267003,2.5658825271454463e-05,2.6209174955227707e-05,0.9996480310901681,5.835644315022855e-08,0.13995388963052757,0.9998728725314319,0.9998698779412002,0.9996480583880923,8.02377176576467e-08,0.13995388963052757,0.9998728728376786,0.00333866111822113,0.00018948058746763355,0.0005389871267669448,0.0014194425483451604,7.189119189027096e-08,0.0,0.0,0.0,0.0,0.004984039872318979,0.003536886230159596,1.372848060665e-05,2.496087383025e-05,0.0,0.015145872129112354,0.042220140339421265,0.023527104438524276,0.00055352464326126,0.0,0.0,0.0,1.0,0.0,0.0,0.0,0.0,0.0,0.04320788870373378,0.007747962509137994,0.09132472048108364,0.0,0.0,0.0,0.0,0.0,0.0,0.004251012145748988,0.0002225441404430444,0.002183406113537118,0.00019976738530953374,0.41021728515625,0.0035247802734375,0.015518913676042677,0.8,0.0,0.0,0.0,0.0,0.0,0.0,0.0,0.0
245728,0.00033570872690095066,0.3529411764705882,0.9998694420164115,0.0,0.0001091703056768559,0.0,0.0,0.0,0.0,0.0,0.0,0.0,0.0,0.0,0.0,0.0,0.1000000002316962,0.9996480024346828,0.0,0.1399537753539925,0.999872872534611,0.9998694421197557,0.9996480024200123,0.0,0.13995377534960354,0.9998728725293126,0.0,0.0,0.0,0.0,0.0,0.0,0.0,0.0,0.0,0.00022400179201433613,0.00017466104840294303,0.049999999999999996,0.09999999999999999,0.0,0.0,0.0,0.0,0.0,0.0,0.0,0.0,0.0,1.0,1.0,0.0,0.0,0.01282051282051282,0.0,0.0,0.0,0.0,0.0,0.0,0.0,0.0,0.0,0.0,0.0,0.0001091703056768559,0.0,0.003692626953125,0.0035247802734375,0.0,0.8,0.0,0.0,0.0,0.0,0.0,0.0,0.0,0.0
1027623,0.000808752842079563,1.0,0.9998694447309321,0.0,0.0001091703056768559,5.703275565747477e-06,1.2293377557509768e-05,0.0007603972687771571,0.040032679738562095,0.004368359615507261,0.0,0.11232876712328767,0.23837209302325582,0.11239965597671833,0.0,0.00019135317237507017,0.00020000025738871192,0.9996480097552417,0.0,0.1399537775440894,0.9998728751785045,0.9998694421197557,0.9996480024200123,0.0,0.13995377534960354,0.9998728725293126,0.0,0.0,0.0,0.0,0.0,0.0,0.0,0.0,0.0,5.600044800358403e-05,4.366526210073576e-05,9.999999999999999e-05,0.00019999999999999998,0.06218274111675126,0.0025450031036623215,0.034640747291807675,0.00753569695284289,5.678672856509767e-05,0.0,0.0,0.0,0.0,0.0,0.0,0.0,0.0,0.01282051282051282,0.05194009256017532,0.004368359615507261,0.11239965597671833,0.0,0.0,0.0,0.0,0.0,0.0,0.0,5.703275565747477e-06,0.0001091703056768559,1.2293377557509768e-05,0.0,0.0,0.0,0.2,0.0,0.0,0.0,0.0,0.0,0.0,0.0,0.0
147187,0.0003204492393145438,0.3529411764705882,0.9998694420120596,0.0,0.0001091703056768559,0.0,0.0,0.0,0.0,0.0,0.0,0.0,0.0,0.0,0.0,0.0,0.5000000001287201,0.9996480024229464,0.0,0.13995377535048134,0.9998728725303723,0.9998694421197557,0.9996480024200123,0.0,0.13995377534960354,0.9998728725293126,0.0,0.0,0.0,0.0,0.0,0.0,0.0,0.0,0.0,0.00028000224001792015,0.00010916315525183939,0.25,0.5,0.0,0.0,0.0,0.0,0.0,0.0,0.0,0.0,1.0,0.0,0.0,0.0,0.0,0.01282051282051282,0.0,0.0,0.0,0.0,0.0,0.0,0.0,0.0,0.0,0.0,0.0,0.0001091703056768559,0.0,0.41021728515625,1.52587890625e-05,0.0,1.0,0.0,0.0,0.0,0.0,0.0,0.0,0.0,0.0
654078,0.0012207590069125479,0.3529411764705882,0.9999298963879933,0.00020242914979757084,0.0,0.0,0.0,0.0,0.0,0.0,0.0,0.0,0.0,0.0,0.0,0.0,9.255830772617178e-09,0.9998110366731588,0.0,0.14000255042445744,0.9999317539916188,0.999929896496784,0.9998110366731588,0.0,0.14000255042445744,0.9999317539916188,0.0,0.0,0.0,0.0,0.0,0.0,0.0,0.0,0.0,0.00028000224001792015,0.0,8.998390574999999e-09,0.0,0.0,0.0,0.0,0.0,0.0,0.0,0.0,0.0,0.0,1.0,0.0,0.0,0.0,0.0,0.0,0.0,0.0,0.0,0.0,0.0,0.0,0.0,0.0,0.00020242914979757084,0.0,0.0,0.0,0.0042724609375,0.0,0.0,0.5,0.0,0.0,0.0,0.0,0.0,0.0,0.0,0.0
847355,0.000808752842079563,1.0,0.999869442464661,0.0,0.0001091703056768559,4.53934177681942e-06,1.2518256415269093e-05,0.0006052141527001862,0.031862745098039214,0.0034768576531588407,0.0,0.11438356164383562,0.24273255813953487,0.11445574724458513,0.0,0.0011094998229378326,0.001199041024517619,0.9996480036435286,0.0,0.1399537757156438,0.9998728729711978,0.9998694421197557,0.9996480024200123,0.0,0.13995377534960354,0.9998728725293126,0.0,0.0,0.0,0.0,0.0,0.0,0.0,0.0,0.0,5.600044800358403e-05,4.366526210073576e-05,0.00059952038369305,0.0011990407673861,0.049492385786802026,0.002591558038485413,0.03239306521564726,0.008387558347516134,7.035113503293471e-05,0.0,0.0,0.0,0.0,0.0,0.0,0.0,0.0,0.01282051282051282,0.0485699338826067,0.0034768576531588407,0.11445574724458513,0.0,0.0,0.0,0.0,0.0,0.0,0.0,4.53934177681942e-06,0.0001091703056768559,1.2518256415269093e-05,0.0,0.0,0.0,0.2,0.0,0.0,0.0,0.0,0.0,0.0,0.0,0.0
695005,0.05171440343033281,0.3529411764705882,0.9998998971887463,0.001214574898785425,0.0006550218340611354,4.376391046369492e-05,0.00018170211706953462,0.0030881440099317196,0.0,0.0047886391120442184,0.005129090210866553,0.8034246575342466,0.0,0.27688695740606223,0.6309492213582977,2.2465472141807973e-07,1.1636080547004407e-07,0.9996548467509601,9.054418329156002e-06,0.13996480268148617,0.9998728725748787,0.9998998972975337,0.9996616910819078,1.040926963682926e-05,0.13996480345131182,0.999872903317162,0.23303794602287847,0.05025770161576981,0.05008776756189987,0.10515874379447478,0.01919747341281749,0.0,0.0,0.0,0.0,0.0011480091840734726,0.00072047682466214,6.251719669999999e-08,1.071723372e-07,0.0,0.01820297951582868,0.07932995563012418,0.047271351178821024,0.0022345806422717556,0.0,0.0,1.0,1.0,0.0,0.0,0.0,1.0,0.0,0.08539768594743426,0.0047886391120442184,0.27688695740606223,0.0,0.0,0.0,0.0,0.0,0.0,0.001214574898785425,4.376391046369492e-05,0.0006550218340611354,0.00018170211706953462,0.1250152587890625,0.9708404541015625,0.002909796314258002,0.5,0.043575660861587755,0.02583488679612462,0.0539018078856997,0.03324951383747581,2.819094620806985e-05,1.7400184010260255e-05,1.2821789767305144e-05,0.00052180472903277
167380,0.0003204492393145438,0.3529411764705882,0.9998694420131475,0.0,0.0001091703056768559,0.0,0.0,0.0,0.0,0.0,0.0,0.0,0.0,0.0,0.0,0.0,0.25000000019308016,0.9996480024258805,0.0,0.13995377535135914,0.9998728725314319,0.9998694421197557,0.9996480024200123,0.0,0.13995377534960354,0.9998728725293126,0.0,0.0,0.0,0.0,0.0,0.0,0.0,0.0,0.0,0.00028000224001792015,0.00010916315525183939,0.125,0.25,0.0,0.0,0.0,0.0,0.0,0.0,0.0,0.0,1.0,0.0,0.0,0.0,0.0,0.01282051282051282,0.0,0.0,0.0,0.0,0.0,0.0,0.0,0.0,0.0,0.0,0.0,0.0001091703056768559,0.0,0.41021728515625,1.52587890625e-05,0.0,1.0,0.0,0.0,0.0,0.0,0.0,0.0,0.0,0.0
504800,0.006790471975951048,0.3529411764705882,0.9998703813166855,0.001214574898785425,0.0005458515283842794,4.236718991698126e-05,4.3626498405309054e-05,0.0015983860955927996,0.0,0.004635810204211788,0.003122753177557378,0.28013698630136985,0.0,0.07977634119323179,0.1768140889716656,2.46095022679708e-06,3.4751139566803667e-06,0.9996482327048727,2.088207685400969e-07,0.1399539256648634,0.9998728725324916,0.9998703814254697,0.9996484246089231,1.6623318188170725e-07,0.13995393248356988,0.9998728725324916,0.005770036785691883,0.0015554805131330874,4.532914727209537e-05,0.001496939284889614,0.001536746117846432,0.0,0.0,0.0,0.0,0.0010640085120680967,0.0006113136694103006,2.02699963515e-06,2.8957137644999998e-06,0.0,0.006346989447548107,0.02886389924079452,0.01243174391600464,0.0001545482567931324,0.0,0.0,0.0,1.0,0.0,0.0,0.0,0.0,0.0,0.031256569695868375,0.004635810204211788,0.07977634119323179,0.0,0.0,0.0,0.0,0.0,0.0,0.001214574898785425,4.236718991698126e-05,0.0005458515283842794,4.3626498405309054e-05,0.1250152587890625,0.003936767578125,0.0038797284190106693,0.5,0.0,0.0,0.0,0.0,0.0,0.0,0.0,0.0
680187,0.8889109303709581,0.3529411764705882,0.999869621917862,0.00020242914979757084,0.0001091703056768559,0.0,0.0,0.0,0.0,0.0,0.0,0.0,0.0,0.0,0.0,0.0,4.535871077332286e-06,0.9996482450077863,2.7535048454795657e-07,0.13995392047095423,0.9998728725642819,0.9998694421556592,0.9996480025168373,0.0,0.13995377537857076,0.9998728725642819,0.0,0.0,0.0,0.0,0.0,0.0,0.0,0.0,0.0,0.00028000224001792015,0.00010916315525183939,3.023742425525e-06,3.02374242555e-06,0.0,0.0,0.0,0.0,0.0,0.0,0.0,0.0,0.0,1.0,0.0,0.0,0.0,0.0,0.0,0.0,0.0,0.0,0.0,0.0,0.0,0.0,0.0,0.00020242914979757084,0.0,0.0001091703056768559,0.0,0.0039215087890625,1.52587890625e-05,0.0,0.5,0.0,0.0,0.0,0.0,0.0,0.0,0.0,0.0
344529,0.00033570872690095066,0.3529411764705882,0.9998694420164115,0.0,0.0001091703056768559,0.0,0.0,0.0,0.0,0.0,0.0,0.0,0.0,0.0,0.0,0.0,0.1000000002316962,0.9996480024346828,0.0,0.1399537753539925,0.999872872534611,0.9998694421197557,0.9996480024200123,0.0,0.13995377534960354,0.9998728725293126,0.0,0.0,0.0,0.0,0.0,0.0,0.0,0.0,0.0,0.00022400179201433613,0.00017466104840294303,0.049999999999999996,0.09999999999999999,0.0,0.0,0.0,0.0,0.0,0.0,0.0,0.0,0.0,1.0,1.0,0.0,0.0,0.01282051282051282,0.0,0.0,0.0,0.0,0.0,0.0,0.0,0.0,0.0,0.0,0.0,0.0001091703056768559,0.0,0.003692626953125,0.0035247802734375,0.0,0.8,0.0,0.0,0.0,0.0,0.0,0.0,0.0,0.0
710279,0.05171440343033281,0.3529411764705882,0.9998717951456175,0.0014170040485829958,0.0007641921397379913,0.00013361959896894088,0.00011851115803916429,0.010505896958410926,0.0,0.012793053159699837,0.014474463116787318,0.8034246575342466,0.0,0.15479429973794248,0.4552779038383969,2.8338405827065694e-06,1.7340896852535758e-06,0.9996484557034497,5.835335344007503e-07,0.13995461202630924,0.9998728725324916,0.9998717952544018,0.9996489089868872,9.349412020603003e-07,0.1399548233201869,0.9998728725324916,0.016481953724950177,0.002962125290789015,0.003628200805336958,0.007978681617113638,0.0016708052179238147,0.0,0.0,0.0,0.0,0.0012040096320770567,0.0008296399799139793,9.24710530925e-07,1.6182434291e-06,0.0,0.01820297951582868,0.06765357778581528,0.036254867373183286,0.0013144154082471075,0.0,0.0,0.0,1.0,0.0,0.0,0.0,0.0,0.0,0.07213461200849491,0.012793053159699837,0.15479429973794248,0.0,0.0,0.0,0.0,0.0,0.0,0.0014170040485829958,0.00013361959896894088,0.0007641921397379913,0.00011851115803916429,0.1250152587890625,0.9590606689453125,0.004849660523763337,0.5,0.0,0.0,0.0,0.0,0.0,0.0,0.0,0.0
767362,0.0,0.0,0.9999919946917243,0.00040485829959514163,0.0,0.0,0.0,0.0,0.0,0.0,0.0,0.0,0.0,0.0,0.0,0.0,6.915704548219621e-09,0.9998132533560234,6.763321680810644e-10,0.1400032137692577,0.9999325543538433,0.9999919948005217,0.9998132533560234,6.763321680810644e-10,0.1400032137692577,0.9999325543538433,0.0,0.0,0.0,0.0,0.0,0.0,0.0,0.0,0.0,0.0,0.0,6.65826435e-09,0.0,0.0,0.0,0.0,0.0,0.0,0.0,0.0,0.0,0.0,0.0,0.0,0.0,0.0,0.0,0.0,0.0,0.0,0.0,0.0,0.0,0.0,0.0,0.0,0.00040485829959514163,0.0,0.0,0.0,0.0,0.0,0.0,0.0,0.0,0.0,0.0,0.0,0.00016591819752706814,1.1801186601349194e-09,5.7483444769800605e-05,0.004468839244624295
811938,0.05171440343033281,0.3529411764705882,0.9998720721191937,0.0016194331983805667,0.0007641921397379913,0.00013361959896894088,0.00011851115803916429,0.010505896958410926,0.0,0.01137160280862604,0.013875598572000457,0.8034246575342466,0.0,0.15479429973794248,0.4552779038383969,2.5354121933855135e-06,1.6549181639989578e-06,0.9996484752809816,5.933550592445924e-07,0.13995459866715707,0.9998728726087883,0.999872072227978,0.9996488890343296,8.758130186793373e-07,0.13995478532485853,0.9998728726087883,0.01892199647734667,0.0034006480817211884,0.004373341196009971,0.007851286625379997,0.0009134764433547417,0.0,0.0,0.0,0.0,0.0013160105280842248,0.0008078073488636115,9.307466573749999e-07,1.4478281337e-06,0.0,0.01820297951582868,0.06367395556311793,0.03541621741105054,0.0012543084557070842,0.0,0.0,0.0,1.0,0.0,0.0,0.0,0.0,0.0,0.06762619875797636,0.01137160280862604,0.15479429973794248,0.0,0.0,0.0,0.0,0.0,0.0,0.0016194331983805667,0.00013361959896894088,0.0007641921397379913,0.00011851115803916429,0.1250152587890625,0.9590606689453125,0.004849660523763337,0.5,0.0,0.0,0.0,0.0,0.0,0.0,0.0,0.0
817429,0.006790471975951048,0.3529411764705882,0.9998697166932531,0.00040485829959514163,0.0001091703056768559,0.0,0.0,0.0,0.0,0.0,0.0,0.0,0.0,0.0,0.0,0.0,3.961139765330245e-06,0.9996482493424179,3.4317051489880067e-07,0.13995399686802976,0.9998728725293126,0.9998697168020372,0.9996483728036206,4.2057366045142997e-07,0.13995399696546493,0.9998728725293126,0.0,0.0,0.0,0.0,0.0,0.0,0.0,0.0,0.0,0.0005040040320322563,0.00017466104840294303,2.9706617446e-06,1.98044116305e-06,0.0,0.0,0.0,0.0,0.0,0.0,0.0,0.0,1.0,0.0,0.0,0.0,0.0,0.0,0.0,0.0,0.0,0.0,0.0,0.0,0.0,0.0,0.0,0.00040485829959514163,0.0,0.0001091703056768559,0.0,0.1250152587890625,0.1250152587890625,0.0,0.5,0.0,0.0,0.0,0.0,0.0,0.0,0.0,0.0
265706,0.00033570872690095066,0.3529411764705882,0.9998694420185875,0.0,0.0001091703056768559,0.0,0.0,0.0,0.0,0.0,0.0,0.0,0.0,0.0,0.0,0.0,0.07142857166762312,0.999648002440551,0.0,0.1399537753557481,0.9998728725367303,0.9998694421197557,0.9996480024200123,0.0,0.13995377534960354,0.9998728725293126,0.0,0.0,0.0,0.0,0.0,0.0,0.0,0.0,0.0,0.00022400179201433613,0.00017466104840294303,0.03571428571428575,0.0714285714285715,0.0,0.0,0.0,0.0,0.0,0.0,0.0,0.0,0.0,1.0,1.0,0.0,0.0,0.01282051282051282,0.0,0.0,0.0,0.0,0.0,0.0,0.0,0.0,0.0,0.0,0.0,0.0001091703056768559,0.0,0.003692626953125,0.0035247802734375,0.0,0.8,0.0,0.0,0.0,0.0,0.0,0.0,0.0,0.0
80357,0.0003204492393145438,0.3529411764705882,0.9998694420120596,0.0,0.0001091703056768559,0.0,0.0,0.0,0.0,0.0,0.0,0.0,0.0,0.0,0.0,0.0,0.5000000001287201,0.9996480024229464,0.0,0.13995377535048134,0.9998728725303723,0.9998694421197557,0.9996480024200123,0.0,0.13995377534960354,0.9998728725293126,0.0,0.0,0.0,0.0,0.0,0.0,0.0,0.0,0.0,0.00028000224001792015,0.00010916315525183939,0.25,0.5,0.0,0.0,0.0,0.0,0.0,0.0,0.0,0.0,1.0,0.0,0.0,0.0,0.0,0.01282051282051282,0.0,0.0,0.0,0.0,0.0,0.0,0.0,0.0,0.0,0.0,0.0,0.0001091703056768559,0.0,0.41021728515625,1.52587890625e-05,0.0,1.0,0.0,0.0,0.0,0.0,0.0,0.0,0.0,0.0
1018170,0.000808752842079563,1.0,0.9998694555095915,0.0,0.0001091703056768559,4.655735155712226e-06,6.596446494273534e-06,0.0006207324643078833,0.032679738562091505,0.0035660078493936825,0.0,0.06027397260273973,0.12790697674418605,0.06031201052409276,0.0,2.3170705602744524e-05,4.030008817052515e-05,0.999648038823289,0.0,0.13995378624039803,0.9998728856767225,0.9998694421197557,0.9996480024200123,0.0,0.13995377534960354,0.9998728725293126,0.0,0.0,0.0,0.0,0.0,0.0,0.0,0.0,0.0,5.600044800358403e-05,4.366526210073576e-05,2.014991537035e-05,4.02998307407e-05,0.050761421319796954,0.0013656114214773433,0.02221238757643477,0.003145334380317131,9.893128364006504e-06,0.0,0.0,0.0,0.0,0.0,0.0,0.0,0.0,0.01282051282051282,0.03330509751950174,0.0035660078493936825,0.06031201052409276,0.0,0.0,0.0,0.0,0.0,0.0,0.0,4.655735155712226e-06,0.0001091703056768559,6.596446494273534e-06,0.0,0.0,0.0,0.2,0.0,0.0,0.0,0.0,0.0,0.0,0.0,0.0
940264,0.0012207590069125479,0.3529411764705882,0.9998694421023623,0.00020242914979757084,0.0,0.0,0.0,0.0,0.0,0.0,0.0,0.0,0.0,0.0,0.0,0.0,0.005952381208288769,0.999648002666476,0.0,0.13995377542333826,0.9998728726183254,0.9998694422111464,0.999648002666476,0.0,0.13995377542333826,0.9998728726183254,0.0,0.0,0.0,0.0,0.0,0.0,0.0,0.0,0.0,0.00028000224001792015,0.0,0.0059523809523809494,0.0,0.0,0.0,0.0,0.0,0.0,0.0,0.0,0.0,0.0,1.0,0.0,0.0,0.0,0.0,0.0,0.0,0.0,0.0,0.0,0.0,0.0,0.0,0.0,0.00020242914979757084,0.0,0.0,0.0,0.0042572021484375,0.0,0.0,0.5,0.0,0.0,0.0,0.0,0.0,0.0,0.0,0.0
498501,0.05171440343033281,0.3529411764705882,0.999884399283658,0.0020242914979757085,0.0015283842794759825,0.0001666753185744977,0.00016963361836978418,0.010257603972687771,0.0,0.011605734637116,0.011903327161736432,0.8034246575342466,0.0,0.11078415569485237,0.33186234324147396,6.036437233998877e-07,4.5487917188289586e-07,0.9996496831280531,3.875547318661091e-06,0.13996071519172346,0.9998728725536852,0.9998843993924438,0.9996520361193103,6.607451338066152e-06,0.13996174389384305,0.9998728725950126,0.11320390469843424,0.00938996641331303,0.02555153742654788,0.06617943390801988,5.08630182623667e-05,0.0,0.0,0.0,0.0,0.001624012992103937,0.0017902757461301661,2.0003356199999998e-07,5.091763396e-07,0.0,0.01820297951582868,0.05637003577948857,0.02921807492831999,0.0008536959025170126,0.0,0.0,1.0,1.0,0.0,0.0,0.0,1.0,0.01282051282051282,0.05860111206407568,0.011605734637116,0.11078415569485237,0.0,0.0,0.0,0.0,0.0,0.0,0.0020242914979757085,0.0001666753185744977,0.0015283842794759825,0.00016963361836978418,0.1250152587890625,0.9593658447265625,0.007759456838021339,0.5,0.05607601998429865,0.0,0.05607601998429865,0.05607601998429865,2.3290595733359357e-05,0.0,8.069150146818523e-06,0.000627310957708482
572197,0.0012207590069125479,0.3529411764705882,0.9999283634541676,0.00020242914979757084,0.0,0.0,0.0,0.0,0.0,0.0,0.0,0.0,0.0,0.0,0.0,0.0,9.48993804755691e-09,0.9998069026346704,0.0,0.1400013136411875,0.9999302609419883,0.9999283635629581,0.9998069026346704,0.0,0.1400013136411875,0.9999302609419883,0.0,0.0,0.0,0.0,0.0,0.0,0.0,0.0,0.0,0.00028000224001792015,0.0,9.23249785e-09,0.0,0.0,0.0,0.0,0.0,0.0,0.0,0.0,0.0,0.0,1.0,0.0,0.0,0.0,0.0,0.0,0.0,0.0,0.0,0.0,0.0,0.0,0.0,0.0,0.00020242914979757084,0.0,0.0,0.0,0.0042724609375,0.0,0.0,0.5,0.0,0.0,0.0,0.0,0.0,0.0,0.0,0.0
817367,0.006759953000778234,0.3529411764705882,0.9999967279985114,0.004655870445344129,0.004039301310043668,0.00011895403322844738,0.0028646568093767884,0.003879577901924271,0.0,0.0037963125229973863,0.004796344571453875,1.0,0.0,0.7078881431783807,0.6766263359847239,7.532600320359349e-07,1.3060767964137634e-07,0.9996537235320687,2.4797546809119322e-05,0.14000500814856492,0.9998728725293126,0.9999967281073092,0.9996629270601595,3.945276996199408e-05,0.14000500814856492,0.999872872813306,0.9744660844424584,0.02918839479340785,0.16001839232696827,0.48866593486465426,0.0,0.0,0.0,0.0,0.0,0.003444027552220418,0.004104534637469162,5.1285340125e-08,1.5812979869999997e-07,0.0,0.02265673494723774,0.2510281289527934,0.07895942142941437,0.0062345902324680335,0.0,0.0,0.0,1.0,0.0,0.0,0.0,0.0,0.01282051282051282,0.2550400890847227,0.0037963125229973863,0.7078881431783807,0.0,0.0,0.0,0.0,0.0,0.0,0.004655870445344129,0.00011895403322844738,0.004039301310043668,0.0028646568093767884,0.1250152587890625,0.00201416015625,0.007759456838021339,0.5,0.0030276279014855864,0.005735223028036261,0.005319983841379175,0.0007352719615919977,0.00017133148021479582,1.2025205678041927e-06,5.956982019451286e-05,0.004598244148218678
185568,0.00033570872690095066,0.3529411764705882,0.9998698937158973,0.004251012145748988,0.00240174672489083,0.00022813102262989908,0.00019976738530953374,0.009931719428926133,0.0,0.00794247202819421,0.008752921671849528,0.6684931506849315,0.0,0.08302247316464642,0.2737832352974904,2.5019323843820327e-05,2.649504518605411e-05,0.999648030749419,5.6775667275515e-08,0.13995387861947528,0.9998728725356706,0.999869893778986,0.9996480604219768,8.941494996132731e-08,0.1399539105000882,0.9998728726967415,0.003459783630058347,0.0001776542611786521,0.00046525154630249946,0.0009848731945208686,7.189119189027096e-08,0.0,0.0,0.0,0.0,0.004984039872318979,0.0038862083269654824,1.3247393876325e-05,2.649478775265e-05,0.0,0.015145872129112354,0.040766782754378186,0.02312472522348347,0.0005347529166616369,0.0,0.0,0.0,1.0,0.0,0.0,0.0,0.0,0.01282051282051282,0.04167642749665645,0.00794247202819421,0.08302247316464642,0.0,0.0,0.0,0.0,0.0,0.0,0.004251012145748988,0.00022813102262989908,0.00240174672489083,0.00019976738530953374,0.41021728515625,0.0035247802734375,0.015518913676042677,0.8,0.0,0.0,0.0,0.0,0.0,0.0,0.0,0.0
813656,0.774098545770833,0.3529411764705882,0.9998694421273859,0.00040485829959514163,0.0001091703056768559,3.6081947456769753e-06,0.0,0.0004810676598386096,0.0,0.0009212186944237298,0.0011355905574977371,0.0,0.0,0.0,0.0,0.0006506897836456462,0.009345794647557594,0.9996480025246616,1.4350118002694696e-10,0.13995377544264975,0.9998728725293126,0.9998694421208437,0.9996480024214793,1.6658427785567034e-12,0.13995377535048134,0.9998728725293126,0.0,0.0,0.0,0.0,0.0,0.0,0.0,0.0,0.0,0.0004200033600268802,0.00010916315525183939,0.007009345794392525,0.004672897196261699,0.0,0.0004810676598386096,0.00245922862453385,0.001573486074458089,2.4758584265130856e-06,0.0,0.0,0.0,0.0,1.0,0.0,0.0,0.0,0.0,0.00307279173543022,0.0009212186944237298,0.0,0.0,0.0,0.0,0.0,0.0,0.0,0.00040485829959514163,3.6081947456769753e-06,0.0001091703056768559,0.0,0.0149688720703125,1.52587890625e-05,0.0009699321047526673,0.5,0.0,0.0,0.0,0.0,0.0,0.0,0.0,0.0
849573,0.7576335586651001,0.3529411764705882,0.9998694421415297,0.00040485829959514163,0.0,3.6081947456769753e-06,0.0,0.0004810676598386096,0.0,0.0009212186944237298,0.0011355905574977371,0.0,0.0,0.0,0.0,0.0005801983904173678,0.0062500002558312,0.9996480025960578,1.9990113342303503e-10,0.13995377545493887,0.9998728725293126,0.9998694422503138,0.9996480025960578,1.9990113342303503e-10,0.13995377545493887,0.9998728725293126,0.0,0.0,0.0,0.0,0.0,0.0,0.0,0.0,0.0,0.0004200033600268802,0.0,0.0062499999999999995,0.0,0.0,0.0004810676598386096,0.003074035780667312,0.0017592109120686261,3.0948230331413575e-06,0.0,0.0,0.0,0.0,1.0,0.0,0.0,0.0,0.0,0.004097055647227077,0.0009212186944237298,0.0,0.0,0.0,0.0,0.0,0.0,0.0,0.00040485829959514163,3.6081947456769753e-06,0.0,0.0,0.0144500732421875,0.0,0.0009699321047526673,0.5,0.0,0.0,0.0,0.0,0.0,0.0,0.0,0.0
653681,0.0012207590069125479,0.3529411764705882,0.9999946762637747,0.003036437246963563,0.0015283842794759825,5.342456091179779e-05,6.843813237808791e-05,0.0069522036002482935,0.0,0.002557496254487032,0.007094644588238208,0.6253424657534247,0.0,0.04469550779911425,0.2582945837255786,2.6770078229533967e-08,6.541438623315972e-08,0.999659648405356,1.1491109932694342e-05,0.13996256217197922,0.9998728726056093,0.9999946763725724,0.9996705179916769,9.84014293286274e-06,0.1399625805837157,0.999872873698136,0.9196787071616097,0.07628493199321708,0.0445391475708302,0.08399302730269964,1.1143134742991998e-06,0.0,0.0,0.0,0.0,0.0023240185921487373,0.0023142588913389953,3.4750371225e-08,6.081314965e-08,0.0,0.014168218497827437,0.017554951471686932,0.020445953906953578,0.000418037031165475,0.0,0.0,0.0,1.0,0.0,0.0,0.0,0.0,0.0,0.018132775316159953,0.002557496254487032,0.04469550779911425,0.0,0.0,0.0,0.0,0.0,0.0,0.003036437246963563,5.342456091179779e-05,0.0015283842794759825,6.843813237808791e-05,0.1250152587890625,0.0144500732421875,0.011639185257032008,0.5,0.0002898875243785612,0.00045576121864061007,0.0010662228599646803,0.00020696529472688556,2.946829087233349e-05,8.958008339983876e-08,1.0216686177829536e-05,0.0007884921844005396
947090,0.006790471975951048,0.3529411764705882,0.999870583373846,0.001012145748987854,0.0005458515283842794,5.295898739622657e-05,2.5336351307550622e-05,0.0021725636250775914,0.0,0.006760556547805886,0.00399320218452724,0.09931506849315068,0.0,0.04633058990259853,0.07384276992570547,1.6977279682326781e-06,2.621646833100083e-06,0.999648310224431,3.1879510281935545e-07,0.13995400604888086,0.9998728725324916,0.9998705834151752,0.9996486179924671,2.7629665551558937e-07,0.13995400611208206,0.9998728725324916,0.00874200520793466,0.0023566606681554793,6.148433280281461e-06,0.002201642272870965,0.0023536906632905122,0.0,0.0,0.0,0.0,0.0009240073920591365,0.0006113136694103006,1.429848760125e-06,2.3830812669e-06,0.0,0.002250155183116077,0.02621193950610698,0.007196045798239752,5.1783075130283886e-05,0.0,0.0,0.0,1.0,0.0,0.0,0.0,0.0,0.0,0.028583270923118555,0.006760556547805886,0.04633058990259853,0.0,0.0,0.0,0.0,0.0,0.0,0.001012145748987854,5.295898739622657e-05,0.0005458515283842794,2.5336351307550622e-05,0.1250152587890625,1.52587890625e-05,0.0038797284190106693,0.5,0.0,0.0,0.0,0.0,0.0,0.0,0.0,0.0
450712,0.7668502891672898,0.3529411764705882,0.999874419034922,0.00020242914979757084,0.0,0.0,0.0,0.0,0.0,0.0,0.0,0.0,0.0,0.0,0.0,0.0,1.0955811912179536e-07,0.9996614245314063,0.0,0.13995779085232954,0.9998777200600054,0.9998744191437066,0.9996614245314063,0.0,0.13995779085232954,0.9998777200600054,0.0,0.0,0.0,0.0,0.0,0.0,0.0,0.0,0.0,0.00028000224001792015,0.0,1.0930067894999998e-07,0.0,0.0,0.0,0.0,0.0,0.0,0.0,0.0,0.0,0.0,1.0,0.0,0.0,0.0,0.0,0.0,0.0,0.0,0.0,0.0,0.0,0.0,0.0,0.0,0.00020242914979757084,0.0,0.0,0.0,0.003631591796875,0.0,0.0,0.5,0.0,0.0,0.0,0.0,0.0,0.0,0.0,0.0
27329,0.0003204492393145438,0.3529411764705882,0.9998694420305553,0.0,0.0001091703056768559,0.0,0.0,0.0,0.0,0.0,0.0,0.0,0.0,0.0,0.0,0.0,0.027777778028066837,0.9996480024728259,0.0,0.13995377536540385,0.9998728725483867,0.9998694421197557,0.9996480024200123,0.0,0.13995377534960354,0.9998728725293126,0.0,0.0,0.0,0.0,0.0,0.0,0.0,0.0,0.0,0.00028000224001792015,0.00010916315525183939,0.013888888888888899,0.027777777777777797,0.0,0.0,0.0,0.0,0.0,0.0,0.0,0.0,1.0,0.0,0.0,0.0,0.0,0.01282051282051282,0.0,0.0,0.0,0.0,0.0,0.0,0.0,0.0,0.0,0.0,0.0,0.0001091703056768559,0.0,0.41021728515625,1.52587890625e-05,0.0,1.0,0.0,0.0,0.0,0.0,0.0,0.0,0.0,0.0
918112,0.05171440343033281,0.3529411764705882,0.9998718805589046,0.0014170040485829958,0.0007641921397379913,0.00013361959896894088,0.00011851115803916429,0.010505896958410926,0.0,0.012793053159699837,0.014474463116787318,0.8034246575342466,0.0,0.15479429973794248,0.4552779038383969,2.7345816605924763e-06,1.67335997419421e-06,0.9996484721565789,5.766145712798526e-07,0.13995459830901696,0.9998728725324916,0.9998718806676891,0.9996489418931456,9.223700735254887e-07,0.13995481994243425,0.9998728725324916,0.017105958838396943,0.0030742710569383446,0.0034615281470898023,0.007847871344702731,0.0018543254580217039,0.0,0.0,0.0,0.0,0.0012040096320770567,0.0008296399799139793,8.923213517e-07,1.5615623654499998e-06,0.0,0.01820297951582868,0.06765357778581528,0.036254867373183286,0.0013144154082471075,0.0,0.0,0.0,1.0,0.0,0.0,0.0,0.0,0.0,0.07213461200849491,0.012793053159699837,0.15479429973794248,0.0,0.0,0.0,0.0,0.0,0.0,0.0014170040485829958,0.00013361959896894088,0.0007641921397379913,0.00011851115803916429,0.1250152587890625,0.9590606689453125,0.004849660523763337,0.5,0.0,0.0,0.0,0.0,0.0,0.0,0.0,0.0
222754,0.00033570872690095066,0.3529411764705882,0.999869879347978,0.004048582995951417,0.00240174672489083,0.0002225441404430444,0.00019976738530953374,0.009931719428926133,0.0,0.008116913104808684,0.008862415286443265,0.6684931506849315,0.0,0.08302247316464642,0.2737832352974904,2.5573097972552496e-05,2.6743546733515138e-05,0.9996480305013664,8.482487803762924e-08,0.13995397383470606,0.9998728725303723,0.9998698793871312,0.9996480613814668,1.1963977261232716e-07,0.13995397383470606,0.9998728728281414,0.0033497699876499872,0.00017200523960637001,0.0006972650091535722,0.0022076776095579977,8.087759087655482e-08,0.0,0.0,0.0,0.0,0.0047600380803046426,0.0038862083269654824,1.3060676169875e-05,2.736522626065e-05,0.0,0.015145872129112354,0.041260591695339,0.023323142390139023,0.0005439689709506553,0.0,0.0,0.0,1.0,0.0,0.0,0.0,0.0,0.01282051282051282,0.042203054082706574,0.008116913104808684,0.08302247316464642,0.0,0.0,0.0,0.0,0.0,0.0,0.004048582995951417,0.0002225441404430444,0.00240174672489083,0.00019976738530953374,0.41021728515625,0.0035247802734375,0.015518913676042677,0.8,0.0,0.0,0.0,0.0,0.0,0.0,0.0,0.0
746870,0.000808752842079563,1.0,0.9998694423656544,0.0,0.0001091703056768559,5.470488807961865e-06,4.722456012945826e-06,0.0007293606455617629,0.03839869281045752,0.0041900592230375774,0.0,0.04315068493150685,0.09156976744186046,0.043177916625202775,0.0,0.0007578288891261898,0.0015337425883337034,0.9996480033765262,0.0,0.1399537756357645,0.9998728728747672,0.9998694421197557,0.9996480024200123,0.0,0.13995377534960354,0.9998728725293126,0.0,0.0,0.0,0.0,0.0,0.0,0.0,0.0,0.0,5.600044800358403e-05,4.366526210073576e-05,0.0007668711656441749,0.0015337423312883499,0.05964467005076142,0.0009776536312849163,0.02075800505653594,0.0010484447934352606,1.0992364848891821e-06,0.0,0.0,0.0,0.0,0.0,0.0,0.0,0.0,0.01282051282051282,0.03112440661048674,0.0041900592230375774,0.043177916625202775,0.0,0.0,0.0,0.0,0.0,0.0,0.0,5.470488807961865e-06,0.0001091703056768559,4.722456012945826e-06,0.0,0.0,0.0,0.2,0.0,0.0,0.0,0.0,0.0,0.0,0.0,0.0
539417,0.006759953000778234,0.3529411764705882,0.9998770715632344,0.0018218623481781376,0.0029475982532751093,0.0002890047597908364,0.0004430863094051234,0.017597765363128494,0.0,0.022135993725111287,0.023281809717675583,1.0,0.0,0.1500438948686322,0.498626253181573,2.688367091095789e-06,1.319319613760354e-06,0.9996485739613667,2.25981015711253e-06,0.13995883225701117,0.9998728725293126,0.9998770716720192,0.9996502885854303,4.427615857192869e-06,0.13995883225701117,0.9998728730305397,0.00961989757355707,0.00039897261210134724,0.001357128622657924,0.004857249010667269,0.0,0.0,0.0,0.0,0.0,0.0014840118720949769,0.0030129030849507673,3.5650329025e-07,1.9251177672999998e-06,0.0,0.02265673494723774,0.08761784836305876,0.04949808187660737,0.002450060109462805,0.0,0.0,0.0,1.0,0.0,0.0,0.0,0.0,0.02564102564102564,0.0899494815246914,0.022135993725111287,0.1500438948686322,0.0,0.0,0.0,0.0,0.0,0.0,0.0018218623481781376,0.0002890047597908364,0.0029475982532751093,0.0004430863094051234,0.1250152587890625,0.0039215087890625,0.004849660523763337,0.5,0.0,0.0,0.0,0.0,0.0,0.0,0.0,0.0
290037,0.00033570872690095066,0.3529411764705882,0.9998694420185875,0.0,0.0001091703056768559,0.0,0.0,0.0,0.0,0.0,0.0,0.0,0.0,0.0,0.0,0.0,0.07142857166762312,0.999648002440551,0.0,0.1399537753557481,0.9998728725367303,0.9998694421197557,0.9996480024200123,0.0,0.13995377534960354,0.9998728725293126,0.0,0.0,0.0,0.0,0.0,0.0,0.0,0.0,0.0,0.00022400179201433613,0.00017466104840294303,0.03571428571428575,0.0714285714285715,0.0,0.0,0.0,0.0,0.0,0.0,0.0,0.0,0.0,1.0,1.0,0.0,0.0,0.01282051282051282,0.0,0.0,0.0,0.0,0.0,0.0,0.0,0.0,0.0,0.0,0.0,0.0001091703056768559,0.0,0.003692626953125,0.0035247802734375,0.0,0.8,0.0,0.0,0.0,0.0,0.0,0.0,0.0,0.0
727336,0.05171440343033281,0.3529411764705882,0.999871771713702,0.0018218623481781376,0.0008733624454148472,0.00013245566518001284,0.0002064387914230604,0.010505896958410926,0.0,0.010145292331525026,0.01329989818901189,0.8034246575342466,0.0,0.23593647298771517,0.5507409112443676,4.0821690044494106e-06,2.101782586508917e-06,0.9996483719951058,5.515829650001856e-07,0.139954612035965,0.9998728726056093,0.9998717718224863,0.9996487005063001,7.954616774569969e-07,0.13995473103766704,0.999872872649056,0.017133718511365827,0.0026393657195219068,0.0038973187349589616,0.007978773695759347,0.0003496517981573191,0.0,0.0,0.0,0.0,0.0015680125441003528,0.0009388031351658187,1.1675139704749999e-06,1.86802235275e-06,0.0,0.01820297951582868,0.08125057560855442,0.042891373985337385,0.0018396699623504367,0.0,0.0,0.0,1.0,0.0,0.0,0.0,0.0,0.0,0.08572978805944936,0.010145292331525026,0.23593647298771517,0.0,0.0,0.0,0.0,0.0,0.0,0.0018218623481781376,0.00013245566518001284,0.0008733624454148472,0.0002064387914230604,0.1250152587890625,0.9592132568359375,0.004849660523763337,0.5,0.0,0.0,0.0,0.0,0.0,0.0,0.0,0.0
900747,0.7941037339966124,0.3529411764705882,0.999869442053403,0.00020242914979757084,0.0,0.0,0.0,0.0,0.0,0.0,0.0,0.0,0.0,0.0,0.0,0.0,0.012820513074652512,0.9996480025344419,0.0,0.13995377538383752,0.99987287257064,0.9998694421621871,0.9996480025344419,0.0,0.13995377538383752,0.99987287257064,0.0,0.0,0.0,0.0,0.0,0.0,0.0,0.0,0.0,0.00028000224001792015,0.0,0.012820512820512825,0.0,0.0,0.0,0.0,0.0,0.0,0.0,0.0,0.0,0.0,1.0,0.0,0.0,0.0,0.0,0.0,0.0,0.0,0.0,0.0,0.0,0.0,0.0,0.0,0.00020242914979757084,0.0,0.0,0.0,0.0039215087890625,0.0,0.0,0.5,0.0,0.0,0.0,0.0,0.0,0.0,0.0,0.0
253707,0.00033570872690095066,0.3529411764705882,0.9998694420185875,0.0,0.0001091703056768559,0.0,0.0,0.0,0.0,0.0,0.0,0.0,0.0,0.0,0.0,0.0,0.07142857166762312,0.999648002440551,0.0,0.1399537753557481,0.9998728725367303,0.9998694421197557,0.9996480024200123,0.0,0.13995377534960354,0.9998728725293126,0.0,0.0,0.0,0.0,0.0,0.0,0.0,0.0,0.0,0.00022400179201433613,0.00017466104840294303,0.03571428571428575,0.0714285714285715,0.0,0.0,0.0,0.0,0.0,0.0,0.0,0.0,0.0,1.0,1.0,0.0,0.0,0.01282051282051282,0.0,0.0,0.0,0.0,0.0,0.0,0.0,0.0,0.0,0.0,0.0,0.0001091703056768559,0.0,0.003692626953125,0.0035247802734375,0.0,0.8,0.0,0.0,0.0,0.0,0.0,0.0,0.0,0.0
506565,0.006759953000778234,0.3529411764705882,0.9998763056223618,0.004251012145748988,0.0027292576419213972,0.0008046274282859654,0.001971737824833762,0.010257603972687771,0.0,0.02801342302597803,0.020789427140816115,1.0,0.0,0.7211123294662437,0.6004468188984254,1.1825686948505784e-05,1.862806694245439e-06,0.9996484048088852,1.6918777662433592e-06,0.13995806971969393,0.9998728725356706,0.9998709830644092,0.9996482003077364,1.2923514626479836e-07,0.1399539088893356,0.9998728725611029,0.051724254459646464,0.0023239617832774328,0.011826360976020014,0.04137137916944141,6.290479290398709e-08,0.0,0.0,0.0,0.0,0.003164025312202498,0.0027945767744470885,8.7183156595e-07,1.98143537715e-06,0.0,0.02265673494723774,0.27448991001726125,0.06793371417705163,0.0046149895218901395,0.0,0.0,0.0,1.0,0.0,0.0,0.0,0.0,0.01282051282051282,0.2802166728230359,0.02801342302597803,0.7211123294662437,0.0,0.0,0.0,0.0,0.0,0.0,0.004251012145748988,0.0008046274282859654,0.0027292576419213972,0.001971737824833762,0.1250152587890625,0.172332763671875,0.011639185257032008,0.5,0.0,0.0,0.0,0.0,0.0,0.0,0.0,0.0
562112,0.0012207590069125479,0.3529411764705882,0.9998694428476315,0.00040485829959514163,0.0004366812227074236,1.873933400174171e-05,3.658029419551687e-05,0.0024984481688392303,0.0,0.004784393864606163,0.005897744508285693,0.33424657534246577,0.0,0.08361437822658314,0.2582845128885069,0.0018954591486935136,0.002275682961665798,0.999648002796065,2.0977143516036144e-10,0.13995377557695227,0.9998728725293126,0.9998694426267564,0.9996480031036556,2.898566434634479e-10,0.13995377563049774,0.9998728726840254,4.250205107814828e-06,1.527687827668258e-06,2.067804823029811e-06,2.9214043048189903e-06,0.0,0.0,0.0,0.0,0.0,0.0005040040320322563,0.0005021505141584612,0.000975292587776325,0.00260078023407025,0.0,0.007572936064556177,0.032178213252469126,0.019724452737530655,0.0003890540357952733,0.0,0.0,0.0,1.0,0.0,0.0,0.0,0.0,0.01282051282051282,0.036760218180544146,0.004784393864606163,0.08361437822658314,0.0,0.0,0.0,0.0,0.0,0.0,0.00040485829959514163,1.873933400174171e-05,0.0004366812227074236,3.658029419551687e-05,0.1250152587890625,0.002288818359375,0.0009699321047526673,0.5,0.0,0.0,0.0,0.0,0.0,0.0,0.0,0.0
737748,0.006790471975951048,0.3529411764705882,0.9998696669886952,0.00040485829959514163,0.0001091703056768559,0.0,0.0,0.0,0.0,0.0,0.0,0.0,0.0,0.0,0.0,0.0,4.836221536754963e-06,0.9996482046610903,2.811215925272102e-07,0.1399539568046179,0.9998728725303723,0.9998696670974793,0.9996483057816292,3.444663014289596e-07,0.13995395686255233,0.9998728725303723,0.0,0.0,0.0,0.0,0.0,0.0,0.0,0.0,0.0,0.0004760038080304643,0.00017466104840294303,3.6269730733499997e-06,2.4179820488999997e-06,0.0,0.0,0.0,0.0,0.0,0.0,0.0,0.0,1.0,0.0,0.0,0.0,0.0,0.0,0.0,0.0,0.0,0.0,0.0,0.0,0.0,0.0,0.0,0.00040485829959514163,0.0,0.0001091703056768559,0.0,0.1250152587890625,0.1250152587890625,0.0,0.5,0.0,0.0,0.0,0.0,0.0,0.0,0.0,0.0
447444,0.006759953000778234,0.3529411764705882,0.9999980354323811,0.004655870445344129,0.0034934497816593887,0.00016364909072328474,0.0016233255145453142,0.007898820608317815,0.0,0.005222715662754859,0.007349637003760308,0.9794520547945206,0.0,0.463819921842952,0.7220565501181562,4.382247220080853e-07,1.1870656879444017e-07,0.9996543077405627,2.5993984689051235e-05,0.1400054820267218,0.9998728725303723,0.9999980355411792,0.999663080360459,3.9665377246015256e-05,0.1400054820267218,0.9998728725494465,0.9837014467923197,0.03421744677597713,0.17301711905362568,0.4943906316842034,8.98639898628387e-09,0.0,0.0,0.0,0.0,0.003444027552220418,0.0035587188612099642,5.0763912275e-08,1.3537043274999998e-07,0.0,0.02219118559900683,0.1604831084861455,0.06806456724753161,0.004632785314594033,0.0,0.0,0.0,1.0,0.0,0.0,0.0,0.0,0.01282051282051282,0.1632827718951309,0.005222715662754859,0.463819921842952,0.0,0.0,0.0,0.0,0.0,0.0,0.004655870445344129,0.00016364909072328474,0.0034934497816593887,0.0016233255145453142,0.1250152587890625,0.0028228759765625,0.009699321047526674,0.5,0.005841609270322798,0.010760318111226446,0.010142484583599032,0.0015407339570465634,0.00017212431495404796,2.7763396024236455e-06,6.012081169159231e-05,0.00459811759104975
29755,0.0003204492393145438,0.3529411764705882,0.9998694420131475,0.0,0.0001091703056768559,0.0,0.0,0.0,0.0,0.0,0.0,0.0,0.0,0.0,0.0,0.0,0.25000000019308016,0.9996480024258805,0.0,0.13995377535135914,0.9998728725314319,0.9998694421197557,0.9996480024200123,0.0,0.13995377534960354,0.9998728725293126,0.0,0.0,0.0,0.0,0.0,0.0,0.0,0.0,0.0,0.00028000224001792015,0.00010916315525183939,0.125,0.25,0.0,0.0,0.0,0.0,0.0,0.0,0.0,0.0,1.0,0.0,0.0,0.0,0.0,0.01282051282051282,0.0,0.0,0.0,0.0,0.0,0.0,0.0,0.0,0.0,0.0,0.0,0.0001091703056768559,0.0,0.41021728515625,1.52587890625e-05,0.0,1.0,0.0,0.0,0.0,0.0,0.0,0.0,0.0,0.0
562597,0.0012207590069125479,0.3529411764705882,0.9998694482244493,0.00020242914979757084,0.0,0.0,0.0,0.0,0.0,0.0,0.0,0.0,0.0,0.0,0.0,0.0,8.755059886398598e-05,0.9996480191766104,0.0,0.13995378036268707,0.9998728785811267,0.9998694483332334,0.9996480191766104,0.0,0.13995378036268707,0.9998728785811267,0.0,0.0,0.0,0.0,0.0,0.0,0.0,0.0,0.0,0.00028000224001792015,0.0,8.7550341446325e-05,0.0,0.0,0.0,0.0,0.0,0.0,0.0,0.0,0.0,0.0,1.0,0.0,0.0,0.0,0.0,0.0,0.0,0.0,0.0,0.0,0.0,0.0,0.0,0.0,0.00020242914979757084,0.0,0.0,0.0,0.003875732421875,0.0,0.0,0.5,0.0,0.0,0.0,0.0,0.0,0.0,0.0,0.0
872046,0.7696122564204294,0.3529411764705882,0.9998694420729867,0.00040485829959514163,0.0001091703056768559,3.6081947456769753e-06,0.0,0.0004810676598386096,0.0,0.0009212186944237298,0.0011355905574977371,0.0,0.0,0.0,0.0,0.0012214702956155124,0.017543859902046512,0.99964800247576,3.27286176735162e-11,0.13995377537418177,0.9998728725324916,0.9998694421817708,0.999648002503634,8.495798170474276e-11,0.13995377539700443,0.9998728725324916,0.0,0.0,0.0,0.0,0.0,0.0,0.0,0.0,0.0,0.0004200033600268802,0.00010916315525183939,0.0131578947368421,0.008771929824561401,0.0,0.0004810676598386096,0.00245922862453385,0.001573486074458089,2.4758584265130856e-06,0.0,0.0,0.0,0.0,1.0,0.0,0.0,0.0,0.0,0.00307279173543022,0.0009212186944237298,0.0,0.0,0.0,0.0,0.0,0.0,0.0,0.00040485829959514163,3.6081947456769753e-06,0.0001091703056768559,0.0,0.001251220703125,1.52587890625e-05,0.0009699321047526673,0.5,0.0,0.0,0.0,0.0,0.0,0.0,0.0,0.0
312193,0.00033570872690095066,0.3529411764705882,0.9998698601058896,0.004655870445344129,0.00240174672489083,0.0002225441404430444,0.00019976738530953374,0.009931719428926133,0.0,0.007102298966712056,0.008491552991466549,0.6684931506849315,0.0,0.08302247316464642,0.2737832352974904,2.67500551467845e-05,2.992604148804584e-05,0.9996480274761128,3.873710673889268e-08,0.1399538272000379,0.999872872534611,0.9998698601668025,0.9996480514372046,5.598879432758532e-08,0.13995384981465372,0.9998728727624414,0.0032024628788544286,0.00016444125920248636,0.0003708801059098452,0.000808283093619833,9.885038884912257e-08,0.0,0.0,0.0,0.0,0.005432043456347651,0.0038862083269654824,1.5613452550725e-05,2.862466300965e-05,0.0,0.015145872129112354,0.03862693690628325,0.022737701690194612,0.0005170030781522,0.0,0.0,0.0,1.0,0.0,0.0,0.0,0.0,0.0,0.039450680990362176,0.007102298966712056,0.08302247316464642,0.0,0.0,0.0,0.0,0.0,0.0,0.004655870445344129,0.0002225441404430444,0.00240174672489083,0.00019976738530953374,0.41021728515625,0.0035247802734375,0.015518913676042677,0.8,0.0,0.0,0.0,0.0,0.0,0.0,0.0,0.0
620457,0.05171440343033281,0.3529411764705882,0.999892313441706,0.0,0.0004366812227074236,0.0,0.0,0.0,0.0,0.0,0.0,0.0,0.0,0.0,0.0,0.0,5.971940643462584e-08,0.9996634224227147,1.2083757075116154e-05,0.13996432237787468,0.9998728726109076,0.9998694421197557,0.9996480024200123,0.0,0.13995377534960354,0.9998728725293126,0.1751898210354468,0.06296998623316628,0.054314666498095764,0.10057813251866612,0.02701791408982799,0.0,0.0,0.0,0.0,0.00022400179201433613,0.0006113136694103006,1.1892393249999999e-08,9.513914599999999e-08,0.0,0.0,0.0,0.0,0.0,0.0,0.0,1.0,1.0,0.0,0.0,0.0,1.0,0.05128205128205128,0.0,0.0,0.0,0.0,0.0,0.0,0.0,0.0,0.0,0.0,0.0,0.0004366812227074236,0.0,0.1250152587890625,1.52587890625e-05,0.0,0.8,0.029693840987979392,0.0,0.029693840987979392,0.029693840987979392,2.6535886603433308e-05,1.7485289168511716e-05,1.226332721291799e-05,0.0004760656192969928
521924,0.7809653151847161,0.3529411764705882,0.9998694420740747,0.00040485829959514163,0.0001091703056768559,3.6081947456769753e-06,0.0,0.0004810676598386096,0.0,0.0009212186944237298,0.0011355905574977371,0.0,0.0,0.0,0.0,0.0012004104629324873,0.017241379563346405,0.999648002476738,3.384026111747605e-11,0.13995377537593737,0.9998728725324916,0.9998694421828588,0.999648002505101,8.662382448329947e-11,0.13995377539788223,0.9998728725324916,0.0,0.0,0.0,0.0,0.0,0.0,0.0,0.0,0.0,0.0004200033600268802,0.00010916315525183939,0.012931034482758624,0.0086206896551724,0.0,0.0004810676598386096,0.00245922862453385,0.001573486074458089,2.4758584265130856e-06,0.0,0.0,0.0,0.0,1.0,0.0,0.0,0.0,0.0,0.00307279173543022,0.0009212186944237298,0.0,0.0,0.0,0.0,0.0,0.0,0.0,0.00040485829959514163,3.6081947456769753e-06,0.0001091703056768559,0.0,0.0044403076171875,1.52587890625e-05,0.0009699321047526673,0.5,0.0,0.0,0.0,0.0,0.0,0.0,0.0,0.0
683869,0.05307249782552302,1.0,0.9998763308472753,0.001214574898785425,0.0,1.629507304499279e-05,0.0,0.00031036623215394165,0.016339869281045753,0.0017830039246968413,0.0,0.0,0.0,0.0,0.0,4.9659326895002805e-08,2.766426313787811e-07,0.9996510987391903,2.795418565546991e-06,0.13995658685204512,0.9998729781525968,0.9998763309560602,0.9996510987391903,2.795418565546991e-06,0.13995658685204512,0.9998729781525968,0.0,0.0,0.0,0.0,0.0,0.0,0.0,0.0,0.0,0.0003920031360250882,0.0,2.7638519125e-07,0.0,0.025380710659898477,0.00031036623215394165,0.007932995563012418,0.0,0.0,0.0,0.0,0.0,0.0,0.0,0.0,0.0,0.0,0.0,0.009062611569915453,0.0017830039246968413,0.0,0.0,0.0,0.0,0.0,0.0,0.0,0.001214574898785425,1.629507304499279e-05,0.0,0.0,0.0,0.0,0.005819592628516004,0.2,0.0,0.0,0.0,0.0,0.0,0.0,0.0,0.0
175134,0.0003204492393145438,0.3529411764705882,0.9998694420305553,0.0,0.0001091703056768559,0.0,0.0,0.0,0.0,0.0,0.0,0.0,0.0,0.0,0.0,0.0,0.027777778028066837,0.9996480024728259,0.0,0.13995377536540385,0.9998728725483867,0.9998694421197557,0.9996480024200123,0.0,0.13995377534960354,0.9998728725293126,0.0,0.0,0.0,0.0,0.0,0.0,0.0,0.0,0.0,0.00028000224001792015,0.00010916315525183939,0.013888888888888899,0.027777777777777797,0.0,0.0,0.0,0.0,0.0,0.0,0.0,0.0,1.0,0.0,0.0,0.0,0.0,0.01282051282051282,0.0,0.0,0.0,0.0,0.0,0.0,0.0,0.0,0.0,0.0,0.0,0.0001091703056768559,0.0,0.41021728515625,1.52587890625e-05,0.0,1.0,0.0,0.0,0.0,0.0,0.0,0.0,0.0,0.0
107098,0.0003204492393145438,0.3529411764705882,0.9998694420131475,0.0,0.0001091703056768559,0.0,0.0,0.0,0.0,0.0,0.0,0.0,0.0,0.0,0.0,0.0,0.25000000019308016,0.9996480024258805,0.0,0.13995377535135914,0.9998728725314319,0.9998694421197557,0.9996480024200123,0.0,0.13995377534960354,0.9998728725293126,0.0,0.0,0.0,0.0,0.0,0.0,0.0,0.0,0.0,0.00028000224001792015,0.00010916315525183939,0.125,0.25,0.0,0.0,0.0,0.0,0.0,0.0,0.0,0.0,1.0,0.0,0.0,0.0,0.0,0.01282051282051282,0.0,0.0,0.0,0.0,0.0,0.0,0.0,0.0,0.0,0.0,0.0,0.0001091703056768559,0.0,0.41021728515625,1.52587890625e-05,0.0,1.0,0.0,0.0,0.0,0.0,0.0,0.0,0.0,0.0
57846,0.0003204492393145438,0.3529411764705882,0.9998694420131475,0.0,0.0001091703056768559,0.0,0.0,0.0,0.0,0.0,0.0,0.0,0.0,0.0,0.0,0.0,0.25000000019308016,0.9996480024258805,0.0,0.13995377535135914,0.9998728725314319,0.9998694421197557,0.9996480024200123,0.0,0.13995377534960354,0.9998728725293126,0.0,0.0,0.0,0.0,0.0,0.0,0.0,0.0,0.0,0.00028000224001792015,0.00010916315525183939,0.125,0.25,0.0,0.0,0.0,0.0,0.0,0.0,0.0,0.0,1.0,0.0,0.0,0.0,0.0,0.01282051282051282,0.0,0.0,0.0,0.0,0.0,0.0,0.0,0.0,0.0,0.0,0.0,0.0001091703056768559,0.0,0.41021728515625,1.52587890625e-05,0.0,1.0,0.0,0.0,0.0,0.0,0.0,0.0,0.0,0.0
893125,0.000808752842079563,1.0,0.9998694438192013,0.0,0.0001091703056768559,5.004915292390643e-06,7.645881163817052e-06,0.0006672873991309746,0.035130718954248366,0.003833458438098209,0.0,0.06986301369863014,0.14825581395348836,0.06990710310747116,0.0,0.00019594448960176642,0.00030084261596685104,0.9996480072964729,0.0,0.13995377680849774,0.9998728742904954,0.9998694421197557,0.9996480024200123,0.0,0.13995377534960354,0.9998728725293126,0.0,0.0,0.0,0.0,0.0,0.0,0.0,0.0,0.0,5.600044800358403e-05,4.366526210073576e-05,0.00015042117930205,0.0003008423586041,0.05456852791878172,0.0015828677839851025,0.02485671943078547,0.003866140175808129,1.4947039858986828e-05,0.0,0.0,0.0,0.0,0.0,0.0,0.0,0.0,0.01282051282051282,0.03726999008134718,0.003833458438098209,0.06990710310747116,0.0,0.0,0.0,0.0,0.0,0.0,0.0,5.004915292390643e-06,0.0001091703056768559,7.645881163817052e-06,0.0,0.0,0.0,0.2,0.0,0.0,0.0,0.0,0.0,0.0,0.0,0.0
109139,0.0003204492393145438,0.3529411764705882,0.9998694420131475,0.0,0.0001091703056768559,0.0,0.0,0.0,0.0,0.0,0.0,0.0,0.0,0.0,0.0,0.0,0.25000000019308016,0.9996480024258805,0.0,0.13995377535135914,0.9998728725314319,0.9998694421197557,0.9996480024200123,0.0,0.13995377534960354,0.9998728725293126,0.0,0.0,0.0,0.0,0.0,0.0,0.0,0.0,0.0,0.00028000224001792015,0.00010916315525183939,0.125,0.25,0.0,0.0,0.0,0.0,0.0,0.0,0.0,0.0,1.0,0.0,0.0,0.0,0.0,0.01282051282051282,0.0,0.0,0.0,0.0,0.0,0.0,0.0,0.0,0.0,0.0,0.0,0.0001091703056768559,0.0,0.41021728515625,1.52587890625e-05,0.0,1.0,0.0,0.0,0.0,0.0,0.0,0.0,0.0,0.0
778926,0.05171440343033281,0.3529411764705882,0.9998741603927915,0.0020242914979757085,0.0007641921397379913,0.000131757304906656,0.00011851115803916429,0.010257603972687771,0.0,0.009174365648895467,0.012548338231647327,0.8034246575342466,0.0,0.15479429973794248,0.4552779038383969,1.404996912249298e-06,1.0378862413828064e-06,0.9996487509259824,9.945830117930897e-07,0.13995518905232443,0.999872872609848,0.9998741605015761,0.9996492748801615,1.2779355507291915e-06,0.13995518905232443,0.999872872609848,0.030529431632821548,0.005486728276399661,0.008114874864084957,0.01547748281592738,0.0010692736425799451,0.0,0.0,0.0,0.0,0.001624012992103937,0.0008296399799139793,6.341064897749999e-07,8.0704462335e-07,0.0,0.01820297951582868,0.056637413059081855,0.033703136804440675,0.001135901430458626,0.0,0.0,1.0,1.0,0.0,0.0,0.0,1.0,0.0,0.0597597417793617,0.009174365648895467,0.15479429973794248,0.0,0.0,0.0,0.0,0.0,0.0,0.0020242914979757085,0.000131757304906656,0.0007641921397379913,0.00011851115803916429,0.1250152587890625,0.9593048095703125,0.004849660523763337,0.5,0.0,0.0,0.0,0.0,0.0,0.0,0.0,0.0
759887,0.000808752842079563,1.0,0.999869459333856,0.0,0.0001091703056768559,5.35409542906906e-06,9.51987164514476e-06,0.0007138423339540658,0.03758169934640523,0.004100909026802735,0.0,0.08698630136986302,0.18459302325581395,0.08704119700636115,0.0,2.4403075041360136e-05,3.140334749619052e-05,0.9996480491366215,0.0,0.13995378932584515,0.9998728894014864,0.9998694421197557,0.9996480024200123,0.0,0.13995377534960354,0.9998728725293126,0.0,0.0,0.0,0.0,0.0,0.0,0.0,0.0,0.0,5.600044800358403e-05,4.366526210073576e-05,1.5701545032025e-05,3.140309006405e-05,0.05837563451776649,0.0019708255741775296,0.028955433804995327,0.005307751766790125,2.8172228817815394e-05,0.0,0.0,0.0,0.0,0.0,0.0,0.0,0.0,0.01282051282051282,0.04341557355220762,0.004100909026802735,0.08704119700636115,0.0,0.0,0.0,0.0,0.0,0.0,0.0,5.35409542906906e-06,0.0001091703056768559,9.51987164514476e-06,0.0,0.0,0.0,0.2,0.0,0.0,0.0,0.0,0.0,0.0,0.0,0.0
294207,0.00033570872690095066,0.3529411764705882,0.9998694420174995,0.0,0.0001091703056768559,0.0,0.0,0.0,0.0,0.0,0.0,0.0,0.0,0.0,0.0,0.0,0.08333333356932011,0.9996480024376169,0.0,0.1399537753548703,0.9998728725356706,0.9998694421197557,0.9996480024200123,0.0,0.13995377534960354,0.9998728725293126,0.0,0.0,0.0,0.0,0.0,0.0,0.0,0.0,0.0,0.00022400179201433613,0.00017466104840294303,0.04166666666666675,0.0833333333333335,0.0,0.0,0.0,0.0,0.0,0.0,0.0,0.0,0.0,1.0,1.0,0.0,0.0,0.01282051282051282,0.0,0.0,0.0,0.0,0.0,0.0,0.0,0.0,0.0,0.0,0.0,0.0001091703056768559,0.0,0.003692626953125,0.0035247802734375,0.0,0.8,0.0,0.0,0.0,0.0,0.0,0.0,0.0,0.0
739985,0.8027863824332779,0.3529411764705882,0.9998694867804332,0.00020242914979757084,0.0,0.0,0.0,0.0,0.0,0.0,0.0,0.0,0.0,0.0,0.0,0.0,1.215122100847179e-05,0.9996481231549548,0.0,0.1399538114699632,0.9998729161339529,0.9998694868892173,0.9996481231549548,0.0,0.1399538114699632,0.9998729161339529,0.0,0.0,0.0,0.0,0.0,0.0,0.0,0.0,0.0,0.00036400291202329623,0.0,1.21509635714e-05,0.0,0.0,0.0,0.0,0.0,0.0,0.0,0.0,0.0,0.0,1.0,0.0,0.0,0.0,0.0,0.0,0.0,0.0,0.0,0.0,0.0,0.0,0.0,0.0,0.00020242914979757084,0.0,0.0,0.0,0.0018157958984375,0.0,0.0,0.5,0.0,0.0,0.0,0.0,0.0,0.0,0.0,0.0
314212,0.00033570872690095066,0.3529411764705882,0.9998698048493483,0.004251012145748988,0.00240174672489083,0.0002225441404430444,0.00019976738530953374,0.009931719428926133,0.0,0.007747962509137994,0.008736085312671723,0.6684931506849315,0.0,0.08302247316464642,0.2737832352974904,3.082381255555373e-05,3.298416128663356e-05,0.9996480251760093,4.447169126180766e-08,0.13995385355142426,0.999872872534611,0.9998698049113491,0.9996480490096173,5.8652604344118876e-08,0.13995385355142426,0.9998728727274722,0.002779167451322588,0.00014270572759723308,0.00040146208503821985,0.001062964256869454,9.885038884912257e-08,0.0,0.0,0.0,0.0,0.004984039872318979,0.0038862083269654824,1.6491951927449998e-05,3.2983903854899995e-05,0.0,0.015145872129112354,0.04034368965767097,0.023123658359639084,0.0005347035759330538,0.0,0.0,0.0,1.0,0.0,0.0,0.0,0.0,0.01282051282051282,0.04124389376264055,0.007747962509137994,0.08302247316464642,0.0,0.0,0.0,0.0,0.0,0.0,0.004251012145748988,0.0002225441404430444,0.00240174672489083,0.00019976738530953374,0.41021728515625,0.0035247802734375,0.015518913676042677,0.8,0.0,0.0,0.0,0.0,0.0,0.0,0.0,0.0
658627,0.05171440343033281,0.3529411764705882,0.9998725477695635,0.0014170040485829958,0.0007641921397379913,0.00013129173139108478,0.00011851115803916429,0.010257603972687771,0.0,0.012570177669112732,0.014125094513264254,0.8034246575342466,0.0,0.15479429973794248,0.4552779038383969,2.131375491617518e-06,1.3139270656117425e-06,0.9996486006811159,6.169588027159378e-07,0.13995461201138676,0.9998728725335513,0.9998725478783479,0.9996491989422197,9.932462564990654e-07,0.13995494123605734,0.9998728725335513,0.021174946867644255,0.0038055467631130137,0.003077798648492594,0.007978539313752085,0.002723121525616642,0.0,0.0,0.0,0.0,0.0012040096320770567,0.0008296399799139793,7.006238004e-07,1.2260916506999999e-06,0.0,0.01820297951582868,0.06715776556312701,0.03606169834762521,0.0013004460877147237,0.0,0.0,0.0,1.0,0.0,0.0,0.0,0.0,0.0,0.07160595966692873,0.012570177669112732,0.15479429973794248,0.0,0.0,0.0,0.0,0.0,0.0,0.0014170040485829958,0.00013129173139108478,0.0007641921397379913,0.00011851115803916429,0.9802398681640625,0.9593658447265625,0.004849660523763337,0.5,0.0,0.0,0.0,0.0,0.0,0.0,0.0,0.0
606344,0.0012207590069125479,0.3529411764705882,0.9998694433698638,0.00040485829959514163,0.0004366812227074236,1.7226220076135237e-05,1.8215187478505327e-05,0.0022967101179391684,0.0,0.00439807634758257,0.005421529113210705,0.16643835616438357,0.0,0.04163584817430267,0.12861298490144915,0.0007030891417232611,0.0014011211537968704,0.9996480030307924,4.3228133293002997e-10,0.13995377579991206,0.9998728725293126,0.9998694430478062,0.9996480036714024,2.881908006848912e-10,0.13995377579991206,0.9998728728896027,8.0003860852985e-06,2.875647675610838e-06,4.531001503964502e-06,6.227864764427877e-06,0.0,0.0,0.0,0.0,0.0,0.0005040040320322563,0.0005021505141584612,0.0006004803843074499,0.00160128102481985,0.0,0.003770949720670391,0.019386257907111598,0.010667975942491227,0.00011380571070948786,0.0,0.0,0.0,1.0,0.0,0.0,0.0,0.0,0.01282051282051282,0.022146757024005422,0.00439807634758257,0.04163584817430267,0.0,0.0,0.0,0.0,0.0,0.0,0.00040485829959514163,1.7226220076135237e-05,0.0004366812227074236,1.8215187478505327e-05,0.1250152587890625,0.002288818359375,0.0009699321047526673,0.5,0.0,0.0,0.0,0.0,0.0,0.0,0.0,0.0
124383,0.0003204492393145438,0.3529411764705882,0.9998694420131475,0.0,0.0001091703056768559,0.0,0.0,0.0,0.0,0.0,0.0,0.0,0.0,0.0,0.0,0.0,0.25000000019308016,0.9996480024258805,0.0,0.13995377535135914,0.9998728725314319,0.9998694421197557,0.9996480024200123,0.0,0.13995377534960354,0.9998728725293126,0.0,0.0,0.0,0.0,0.0,0.0,0.0,0.0,0.0,0.00028000224001792015,0.00010916315525183939,0.125,0.25,0.0,0.0,0.0,0.0,0.0,0.0,0.0,0.0,1.0,0.0,0.0,0.0,0.0,0.01282051282051282,0.0,0.0,0.0,0.0,0.0,0.0,0.0,0.0,0.0,0.0,0.0,0.0001091703056768559,0.0,0.41021728515625,1.52587890625e-05,0.0,1.0,0.0,0.0,0.0,0.0,0.0,0.0,0.0,0.0
210795,0.00033570872690095066,0.3529411764705882,0.9998694420174995,0.0,0.0001091703056768559,0.0,0.0,0.0,0.0,0.0,0.0,0.0,0.0,0.0,0.0,0.0,0.08333333356932011,0.9996480024376169,0.0,0.1399537753548703,0.9998728725356706,0.9998694421197557,0.9996480024200123,0.0,0.13995377534960354,0.9998728725293126,0.0,0.0,0.0,0.0,0.0,0.0,0.0,0.0,0.0,0.00022400179201433613,0.00017466104840294303,0.04166666666666675,0.0833333333333335,0.0,0.0,0.0,0.0,0.0,0.0,0.0,0.0,0.0,1.0,1.0,0.0,0.0,0.01282051282051282,0.0,0.0,0.0,0.0,0.0,0.0,0.0,0.0,0.0,0.0,0.0,0.0001091703056768559,0.0,0.003692626953125,0.0035247802734375,0.0,0.8,0.0,0.0,0.0,0.0,0.0,0.0,0.0,0.0
106415,0.0003204492393145438,0.3529411764705882,0.9998694420120596,0.0,0.0001091703056768559,0.0,0.0,0.0,0.0,0.0,0.0,0.0,0.0,0.0,0.0,0.0,0.5000000001287201,0.9996480024229464,0.0,0.13995377535048134,0.9998728725303723,0.9998694421197557,0.9996480024200123,0.0,0.13995377534960354,0.9998728725293126,0.0,0.0,0.0,0.0,0.0,0.0,0.0,0.0,0.0,0.00028000224001792015,0.00010916315525183939,0.25,0.5,0.0,0.0,0.0,0.0,0.0,0.0,0.0,0.0,1.0,0.0,0.0,0.0,0.0,0.01282051282051282,0.0,0.0,0.0,0.0,0.0,0.0,0.0,0.0,0.0,0.0,0.0,0.0001091703056768559,0.0,0.41021728515625,1.52587890625e-05,0.0,1.0,0.0,0.0,0.0,0.0,0.0,0.0,0.0,0.0
214471,0.00033570872690095066,0.3529411764705882,0.9998698065009083,0.004251012145748988,0.00240174672489083,0.0002244064345053293,0.00019976738530953374,0.009931719428926133,0.0,0.007812799015493038,0.008741956209752828,0.6684931506849315,0.0,0.08302247316464642,0.2737832352974904,3.0791408896579225e-05,3.283470614134703e-05,0.9996480252795895,5.2464407576878016e-08,0.13995388516167656,0.9998728725324916,0.9998698060722283,0.9996480491586971,7.11490246881525e-08,0.13995388516167656,0.9998728726713092,0.0027918930654395164,0.0001433591671806644,0.000476734959262751,0.001374164967013453,1.168231868216903e-07,0.0,0.0,0.0,0.0,0.004984039872318979,0.0038862083269654824,1.64172243548e-05,3.28344487096e-05,0.0,0.015145872129112354,0.04048472068991993,0.023124086011395182,0.000534723353862232,0.0,0.0,0.0,1.0,0.0,0.0,0.0,0.0,0.01282051282051282,0.04138807167400562,0.007812799015493038,0.08302247316464642,0.0,0.0,0.0,0.0,0.0,0.0,0.004251012145748988,0.0002244064345053293,0.00240174672489083,0.00019976738530953374,0.41021728515625,0.0035247802734375,0.015518913676042677,0.8,0.0,0.0,0.0,0.0,0.0,0.0,0.0,0.0
702288,0.05171440343033281,0.3529411764705882,0.9998750841348915,0.0020242914979757085,0.0008733624454148472,0.00013245566518001284,0.0002064387914230604,0.010505896958410926,0.0,0.009222993028655065,0.012803830307879415,0.8034246575342466,0.0,0.23593647298771517,0.5507409112443676,1.685578057211005e-06,9.162112535141306e-07,0.9996488477401664,1.5868601675135925e-06,0.13995624392324918,0.9998728725642819,0.9998750842436762,0.9996495239962897,2.040500965198833e-06,0.13995624392324918,0.9998728725642819,0.042681226391516947,0.0065748346297504045,0.01194104881681078,0.024084969504598888,0.0006018011673134582,0.0,0.0,0.0,0.0,0.0017080136641093129,0.0009388031351658187,5.3028904995e-07,7.713295272e-07,0.0,0.01820297951582868,0.07718804682811083,0.04206983684968111,0.0017698711725583562,0.0,0.0,0.0,1.0,0.0,0.0,0.0,0.0,0.0,0.08121769395108233,0.009222993028655065,0.23593647298771517,0.0,0.0,0.0,0.0,0.0,0.0,0.0020242914979757085,0.00013245566518001284,0.0008733624454148472,0.0002064387914230604,0.1250152587890625,0.9592132568359375,0.004849660523763337,0.5,0.0,0.0,0.0,0.0,0.0,0.0,0.0,0.0
44120,0.0003204492393145438,0.3529411764705882,0.9998694420120596,0.0,0.0001091703056768559,0.0,0.0,0.0,0.0,0.0,0.0,0.0,0.0,0.0,0.0,0.0,0.5000000001287201,0.9996480024229464,0.0,0.13995377535048134,0.9998728725303723,0.9998694421197557,0.9996480024200123,0.0,0.13995377534960354,0.9998728725293126,0.0,0.0,0.0,0.0,0.0,0.0,0.0,0.0,0.0,0.00028000224001792015,0.00010916315525183939,0.25,0.5,0.0,0.0,0.0,0.0,0.0,0.0,0.0,0.0,1.0,0.0,0.0,0.0,0.0,0.01282051282051282,0.0,0.0,0.0,0.0,0.0,0.0,0.0,0.0,0.0,0.0,0.0,0.0001091703056768559,0.0,0.41021728515625,1.52587890625e-05,0.0,1.0,0.0,0.0,0.0,0.0,0.0,0.0,0.0,0.0
707205,0.05171440343033281,0.3529411764705882,0.9998709893671158,0.0014170040485829958,0.0007641921397379913,0.00013245566518001284,0.00011851115803916429,0.010505896958410926,0.0,0.012681615414406284,0.014450156496087474,0.8034246575342466,0.0,0.15479429973794248,0.4552779038383969,4.2937581796444696e-06,2.6369747475711373e-06,0.9996483004866414,5.929188662865311e-07,0.1399546257181455,0.9998728725335513,0.9998709894759,0.9996485985532707,9.078816679575787e-07,0.13995471910317506,0.9998728725335513,0.011284944592617798,0.002028122414416434,0.004312895868349724,0.008109249136731306,0.0006158289361310473,0.0,0.0,0.0,0.0,0.0012040096320770567,0.0008296399799139793,1.40624923095e-06,2.4609361542e-06,0.0,0.01820297951582868,0.06740567167447115,0.03624687204100493,0.001313835732757029,0.0,0.0,1.0,1.0,0.0,0.0,0.0,1.0,0.0,0.07187028583773164,0.012681615414406284,0.15479429973794248,0.0,0.0,0.0,0.0,0.0,0.0,0.0014170040485829958,0.00013245566518001284,0.0007641921397379913,0.00011851115803916429,0.1250152587890625,0.9592132568359375,0.004849660523763337,0.5,0.0,0.0,0.0,0.0,0.0,0.0,0.0,0.0
648273,0.006790471975951048,0.3529411764705882,0.9998750327156705,0.00020242914979757084,0.0,0.0,0.0,0.0,0.0,0.0,0.0,0.0,0.0,0.0,0.0,0.0,9.756039682488403e-08,0.9996630795146753,0.0,0.13995828597486523,0.9998783177738789,0.9998750328244552,0.9996630795146753,0.0,0.13995828597486523,0.9998783177738789,0.0,0.0,0.0,0.0,0.0,0.0,0.0,0.0,0.0,0.00028000224001792015,0.0,9.730295664999999e-08,0.0,0.0,0.0,0.0,0.0,0.0,0.0,0.0,0.0,0.0,1.0,1.0,0.0,0.0,0.0,0.0,0.0,0.0,0.0,0.0,0.0,0.0,0.0,0.0,0.00020242914979757084,0.0,0.0,0.0,0.250946044921875,0.0,0.0,0.5,0.0,0.0,0.0,0.0,0.0,0.0,0.0,0.0
802628,0.0012207590069125479,0.3529411764705882,0.9999959825976924,0.0034412955465587046,0.0016375545851528386,0.00010999174305370134,0.00010734217477045115,0.009140285536933582,0.0,0.004680385302329209,0.00992939211516177,0.810958904109589,0.0,0.06542939323525075,0.32585394727413397,4.590056124154969e-08,7.11901727816728e-08,0.9996586666861215,1.1327573623912991e-05,0.13996272631513343,0.9998728725621625,0.9999959827064903,0.9996680763326884,1.1049016268446777e-05,0.13996276196060634,0.9998728727041593,0.9330690783586064,0.07186736894655832,0.050339723885152836,0.08569810618082514,8.420255850147985e-06,0.0,0.0,0.0,0.0,0.0026040208321666575,0.0024234220465908347,3.86905814e-08,6.448430234999999e-08,0.0,0.018373680943513347,0.027730485960713643,0.02623446663843114,0.0006882472398027175,0.0,0.0,0.0,1.0,0.0,0.0,0.0,0.0,0.0,0.028559241271230988,0.004680385302329209,0.06542939323525075,0.0,0.0,0.0,0.0,0.0,0.0,0.0034412955465587046,0.00010999174305370134,0.0016375545851528386,0.00010734217477045115,0.1250152587890625,0.0150146484375,0.012609117361784675,0.5,0.0008294494487299057,0.002604169096652914,0.005264045139845816,0.00020851585548619655,2.9732963696069067e-05,3.0437575732147133e-07,1.0407540052317814e-05,0.0007908194874236292
539389,0.0012207590069125479,0.3529411764705882,0.9998694420947464,0.00020242914979757084,0.0,0.0,0.0,0.0,0.0,0.0,0.0,0.0,0.0,0.0,0.0,0.0,0.006493506749275012,0.9996480026459373,0.0,0.1399537754171937,0.9998728726109076,0.9998694422035305,0.9996480026459373,0.0,0.1399537754171937,0.9998728726109076,0.0,0.0,0.0,0.0,0.0,0.0,0.0,0.0,0.0,0.00028000224001792015,0.0,0.0064935064935065,0.0,0.0,0.0,0.0,0.0,0.0,0.0,0.0,0.0,0.0,1.0,0.0,0.0,0.0,0.0,0.0,0.0,0.0,0.0,0.0,0.0,0.0,0.0,0.0,0.00020242914979757084,0.0,0.0,0.0,0.0042572021484375,0.0,0.0,0.5,0.0,0.0,0.0,0.0,0.0,0.0,0.0,0.0
733033,0.006790471975951048,0.3529411764705882,0.9998697695812527,0.00040485829959514163,0.0001091703056768559,0.0,0.0,0.0,0.0,0.0,0.0,0.0,0.0,0.0,0.0,0.0,3.3216338177198783e-06,0.999648296885463,4.0916452794181345e-07,0.1399540394849454,0.999872872609848,0.9998697696900368,0.9996484441181883,5.012321019448337e-07,0.13995403955165775,0.9998728726310415,0.0,0.0,0.0,0.0,0.0,0.0,0.0,0.0,0.0,0.0005040040320322563,0.00017466104840294303,2.491032283775e-06,1.6606881892e-06,0.0,0.0,0.0,0.0,0.0,0.0,0.0,0.0,1.0,0.0,0.0,0.0,0.0,0.0,0.0,0.0,0.0,0.0,0.0,0.0,0.0,0.0,0.0,0.00040485829959514163,0.0,0.0001091703056768559,0.0,0.1250152587890625,0.1250152587890625,0.0,0.5,0.0,0.0,0.0,0.0,0.0,0.0,0.0,0.0
695740,0.000808752842079563,1.0,0.9998694433089368,0.0,0.0001091703056768559,3.957374882355392e-06,1.4242327658090586e-05,0.0005276225946617008,0.02777777777777778,0.0030311066719846303,0.0,0.13013698630136986,0.2761627906976744,0.1302191136315639,0.0,0.00042170004419378774,0.0004191117409869538,0.9996480059203837,0.0,0.1399537763968122,0.999872873793507,0.9998694421197557,0.9996480024200123,0.0,0.13995377534960354,0.9998728725293126,0.0,0.0,0.0,0.0,0.0,0.0,0.0,0.0,0.0,5.600044800358403e-05,4.366526210073576e-05,0.000209555741827325,0.00041911148365465,0.04314720812182741,0.0029484792054624456,0.0341118809209534,0.010222336736033514,0.0001044961683448187,0.0,0.0,0.0,0.0,0.0,0.0,0.0,0.0,0.01282051282051282,0.05114711404780624,0.0030311066719846303,0.1302191136315639,0.0,0.0,0.0,0.0,0.0,0.0,0.0,3.957374882355392e-06,0.0001091703056768559,1.4242327658090586e-05,0.0,0.0,0.0,0.2,0.0,0.0,0.0,0.0,0.0,0.0,0.0,0.0
422435,0.006759953000778234,0.3529411764705882,0.9999955430923335,0.004251012145748988,0.002074235807860262,0.00010242617342566898,0.0003529098874436341,0.007883302296710118,0.0,0.0035660078493936825,0.007343744153835769,1.0,0.0,0.1698259243704645,0.5028048183701378,1.0828199396541269e-07,8.869314482716683e-08,0.9996565042012867,1.060764431645804e-05,0.13996256673650984,0.9998728725303723,0.9999955432011313,0.9996641962891064,1.167589410746955e-05,0.1399625851298126,0.9998728725611029,0.92188348022695,0.05522675320153521,0.05933089958609438,0.08401158533520331,8.98639898628387e-09,0.0,0.0,0.0,0.0,0.003248025984207874,0.002860074667598192,4.7453304925e-08,8.196479945e-08,0.0,0.02265673494723774,0.052773308578698865,0.03883768614661215,0.0015083658652228758,0.0,0.0,0.0,1.0,0.0,0.0,0.0,0.0,0.0,0.0540385844770429,0.0035660078493936825,0.1698259243704645,0.0,0.0,0.0,0.0,0.0,0.0,0.004251012145748988,0.00010242617342566898,0.002074235807860262,0.0003529098874436341,0.1250152587890625,0.0149688720703125,0.014548981571290009,0.5,0.000580020008027823,0.002285859914127781,0.00468298977861459,0.00020567151473026304,2.8280681236177478e-05,5.619436302004028e-06,1.022199348629949e-05,0.0004175081329842101
778803,0.006790471975951048,0.3529411764705882,0.9998702117108295,0.001012145748987854,0.0005458515283842794,5.295898739622657e-05,2.5336351307550622e-05,0.0021725636250775914,0.0,0.006760556547805886,0.00399320218452724,0.09931506849315068,0.0,0.04633058990259853,0.07384276992570547,2.517505562629759e-06,3.88743047494922e-06,0.9996482099938021,2.1516657931755193e-07,0.1399539399676445,0.9998728725324916,0.9998702117401909,0.9996484175247541,1.8700972728469118e-07,0.13995394003084569,0.9998728725324916,0.005895234494191299,0.0015892311811258229,9.299713799366942e-05,0.0015704347857386418,0.0015308869857073748,0.0,0.0,0.0,0.0,0.0009240073920591365,0.0006113136694103006,2.1202762013249996e-06,3.53379366885e-06,0.0,0.002250155183116077,0.02621193950610698,0.007196045798239752,5.1783075130283886e-05,0.0,0.0,0.0,1.0,0.0,0.0,0.0,0.0,0.0,0.028583270923118555,0.006760556547805886,0.04633058990259853,0.0,0.0,0.0,0.0,0.0,0.0,0.001012145748987854,5.295898739622657e-05,0.0005458515283842794,2.5336351307550622e-05,0.1250152587890625,1.52587890625e-05,0.0038797284190106693,0.5,0.0,0.0,0.0,0.0,0.0,0.0,0.0,0.0
784433,0.7702073764362992,0.3529411764705882,0.9998694420501391,0.00040485829959514163,0.0001091703056768559,3.6081947456769753e-06,0.0,0.0004810676598386096,0.0,0.0009212186944237298,0.0011355905574977371,0.0,0.0,0.0,0.0,0.0019339946347245614,0.027777778028066837,0.9996480024552213,9.423429800685404e-12,0.13995377536364825,0.99987287253779,0.9998694421589231,0.9996480024728259,1.9990113342209267e-11,0.1399537753706706,0.9998728725420287,0.0,0.0,0.0,0.0,0.0,0.0,0.0,0.0,0.0,0.0004200033600268802,0.00010916315525183939,0.020833333333333325,0.013888888888888899,0.0,0.0004810676598386096,0.00245922862453385,0.001573486074458089,2.4758584265130856e-06,0.0,0.0,0.0,0.0,1.0,0.0,0.0,0.0,0.0,0.00307279173543022,0.0009212186944237298,0.0,0.0,0.0,0.0,0.0,0.0,0.0,0.00040485829959514163,3.6081947456769753e-06,0.0001091703056768559,0.0,0.4957275390625,1.52587890625e-05,0.0009699321047526673,0.5,0.0,0.0,0.0,0.0,0.0,0.0,0.0,0.0
236081,0.00033570872690095066,0.3529411764705882,0.9998698841111728,0.004251012145748988,0.00240174672489083,0.0002244064345053293,0.00019976738530953374,0.009931719428926133,0.0,0.007812799015493038,0.008741956209752828,0.6684931506849315,0.0,0.08302247316464642,0.2737832352974904,2.5386006723494666e-05,2.707065029845593e-05,0.9996480301470431,5.3707217926866284e-08,0.139953871112578,0.999872872534611,0.9998698841786136,0.9996480591890994,8.47542310968257e-08,0.13995390333026397,0.999872872813306,0.0033863300853127004,0.00017388254114698027,0.0004422434973257102,0.0009133197160177376,8.986398986283869e-08,0.0,0.0,0.0,0.0,0.004984039872318979,0.0038862083269654824,1.3535196432625e-05,2.707039286525e-05,0.0,0.015145872129112354,0.04048472068991993,0.023124086011395182,0.000534723353862232,0.0,0.0,0.0,1.0,0.0,0.0,0.0,0.0,0.01282051282051282,0.04138807167400562,0.007812799015493038,0.08302247316464642,0.0,0.0,0.0,0.0,0.0,0.0,0.004251012145748988,0.0002244064345053293,0.00240174672489083,0.00019976738530953374,0.41021728515625,0.0035247802734375,0.015518913676042677,0.8,0.0,0.0,0.0,0.0,0.0,0.0,0.0,0.0
185354,0.00033570872690095066,0.3529411764705882,0.9998697865690379,0.004048582995951417,0.00240174672489083,0.0002225441404430444,0.00019976738530953374,0.009931719428926133,0.0,0.008116913104808684,0.008862415286443265,0.6684931506849315,0.0,0.08302247316464642,0.2737832352974904,3.24591504481516e-05,3.3944695911511284e-05,0.9996480245440423,4.8947101511984966e-08,0.13995385482861505,0.999872872534611,0.9998697860870466,0.9996480488008147,6.656809929195825e-08,0.13995385482861505,0.9998728728323801,0.0026391606948298644,0.00013551660840820597,0.0004176879249336832,0.001091140322456906,8.986398986283869e-08,0.0,0.0,0.0,0.0,0.0047600380803046426,0.0038862083269654824,1.6577516466999996e-05,3.47338440261e-05,0.0,0.015145872129112354,0.041260591695339,0.023323142390139023,0.0005439689709506553,0.0,0.0,0.0,1.0,0.0,0.0,0.0,0.0,0.01282051282051282,0.042203054082706574,0.008116913104808684,0.08302247316464642,0.0,0.0,0.0,0.0,0.0,0.0,0.004048582995951417,0.0002225441404430444,0.00240174672489083,0.00019976738530953374,0.41021728515625,0.0035247802734375,0.015518913676042677,0.8,0.0,0.0,0.0,0.0,0.0,0.0,0.0,0.0
387491,0.000808752842079563,1.0,0.9998694447864193,0.0,0.0001091703056768559,4.073768261248197e-06,6.521486875020426e-06,0.0005431409062693979,0.028594771241830068,0.0031202568682194725,0.0,0.05958904109589041,0.12645348837209303,0.05962664676813716,0.0,0.00010741017988784009,0.00019600182540229128,0.9996480099048805,0.0,0.13995377758885694,0.9998728752325481,0.9998694421197557,0.9996480024200123,0.0,0.13995377534960354,0.9998728725293126,0.0,0.0,0.0,0.0,0.0,0.0,0.0,0.0,0.0,5.600044800358403e-05,4.366526210073576e-05,9.800078400627499e-05,0.00019600156801254998,0.04441624365482233,0.0013500931098696463,0.02075800505653594,0.0034074455786816216,1.1610685371646091e-05,0.0,0.0,0.0,0.0,0.0,0.0,0.0,0.0,0.01282051282051282,0.03112440661048674,0.0031202568682194725,0.05962664676813716,0.0,0.0,0.0,0.0,0.0,0.0,0.0,4.073768261248197e-06,0.0001091703056768559,6.521486875020426e-06,0.0,0.0,0.0,0.2,0.0,0.0,0.0,0.0,0.0,0.0,0.0,0.0
662605,0.05171440343033281,0.3529411764705882,0.9998897965186556,0.001214574898785425,0.0007641921397379913,1.501474587717193e-05,4.2726982974271755e-06,0.0006672873991309746,0.0,0.001642910759187494,0.0014583277490151695,0.013013698630136987,0.0,0.005580819155667827,0.0107504865077773,2.232908873464346e-08,1.8733858885177154e-07,0.9996522249073744,5.666804671247866e-06,0.13995946716741908,0.9998728725526255,0.9998897966274419,0.9996571511426301,6.5340128713025215e-06,0.13995946720077526,0.9998728726681302,0.10187278287738036,0.018308505874964645,0.028710878136452928,0.050328069936577485,2.832512960476676e-05,0.0,0.0,0.0,0.0,0.0011480091840734726,0.0010261336593672904,9.354057435e-08,1.870811487e-07,0.0,0.0006672873991309746,0.0049184572490677,0.0019945500940360154,3.978230077624859e-06,0.0,0.0,0.0,1.0,0.0,0.0,0.0,0.0,0.01282051282051282,0.00526764297501757,0.001642910759187494,0.005580819155667827,0.0,0.0,0.0,0.0,0.0,0.0,0.001214574898785425,1.501474587717193e-05,0.0007641921397379913,4.2726982974271755e-06,0.1250152587890625,0.975921630859375,0.002909796314258002,0.5,0.030674857077555823,0.07609048294383342,0.06108805455793212,0.00026165959717952406,1.8407073936631006e-05,1.3716118062673399e-06,6.618037091962388e-06,0.00047705681187018963
74863,0.0003204492393145438,0.3529411764705882,0.9998694420131475,0.0,0.0001091703056768559,0.0,0.0,0.0,0.0,0.0,0.0,0.0,0.0,0.0,0.0,0.0,0.25000000019308016,0.9996480024258805,0.0,0.13995377535135914,0.9998728725314319,0.9998694421197557,0.9996480024200123,0.0,0.13995377534960354,0.9998728725293126,0.0,0.0,0.0,0.0,0.0,0.0,0.0,0.0,0.0,0.00028000224001792015,0.00010916315525183939,0.125,0.25,0.0,0.0,0.0,0.0,0.0,0.0,0.0,0.0,1.0,0.0,0.0,0.0,0.0,0.01282051282051282,0.0,0.0,0.0,0.0,0.0,0.0,0.0,0.0,0.0,0.0,0.0,0.0001091703056768559,0.0,0.41021728515625,1.52587890625e-05,0.0,1.0,0.0,0.0,0.0,0.0,0.0,0.0,0.0,0.0
210763,0.00033570872690095066,0.3529411764705882,0.9998698551533856,0.004251012145748988,0.002183406113537118,0.0002244064345053293,0.00019976738530953374,0.009931719428926133,0.0,0.007812799015493038,0.008741956209752828,0.6684931506849315,0.0,0.09132472048108364,0.284505952267003,2.7165350984585513e-05,2.7651337668606438e-05,0.9996480295948547,4.9915089787567865e-08,0.139953874650967,0.9998728725314319,0.9998698552023305,0.9996480554679724,6.501115964605039e-08,0.139953874650967,0.9998728727380689,0.0031645193810977993,0.0001795974404561922,0.00047181202660555034,0.0012778674451720843,6.290479290398709e-08,0.0,0.0,0.0,0.0,0.004984039872318979,0.003536886230159596,1.4483899170999998e-05,2.63343621291e-05,0.0,0.015145872129112354,0.0423677309545646,0.023526556300807605,0.0005534988513752984,0.0,0.0,0.0,1.0,0.0,0.0,0.0,0.0,0.0,0.04335893222987855,0.007812799015493038,0.09132472048108364,0.0,0.0,0.0,0.0,0.0,0.0,0.004251012145748988,0.0002244064345053293,0.002183406113537118,0.00019976738530953374,0.41021728515625,0.0035247802734375,0.015518913676042677,0.8,0.0,0.0,0.0,0.0,0.0,0.0,0.0,0.0
579235,0.7787069110219279,0.3529411764705882,0.9998694420109716,0.00020242914979757084,0.0,0.0,0.0,0.0,0.0,0.0,0.0,0.0,0.0,0.0,0.0,1.9493708568624366e-07,0.0005076144705074947,0.9996480024200123,0.0,0.13995377534960354,0.9998728725293126,0.9998694421197557,0.9996480024200123,0.0,0.13995377534960354,0.9998728725293126,0.0,0.0,0.0,0.0,0.0,0.0,0.0,0.0,0.0,0.00028000224001792015,0.0,0.0,0.0,0.0,0.0,0.0,0.0,0.0,0.0,0.0,0.0,0.0,1.0,0.0,0.0,0.0,0.0,0.0,0.0,0.0,0.0,0.0,0.0,0.0,0.0,0.0,0.00020242914979757084,0.0,0.0,0.0,0.003143310546875,0.0,0.0,0.5,0.0,0.0,0.0,0.0,0.0,0.0,0.0,0.0
19667,0.0003204492393145438,0.3529411764705882,0.9998694420131475,0.0,0.0001091703056768559,0.0,0.0,0.0,0.0,0.0,0.0,0.0,0.0,0.0,0.0,0.0,0.25000000019308016,0.9996480024258805,0.0,0.13995377535135914,0.9998728725314319,0.9998694421197557,0.9996480024200123,0.0,0.13995377534960354,0.9998728725293126,0.0,0.0,0.0,0.0,0.0,0.0,0.0,0.0,0.0,0.00028000224001792015,0.00010916315525183939,0.125,0.25,0.0,0.0,0.0,0.0,0.0,0.0,0.0,0.0,1.0,0.0,0.0,0.0,0.0,0.01282051282051282,0.0,0.0,0.0,0.0,0.0,0.0,0.0,0.0,0.0,0.0,0.0,0.0001091703056768559,0.0,0.41021728515625,1.52587890625e-05,0.0,1.0,0.0,0.0,0.0,0.0,0.0,0.0,0.0,0.0
356544,0.00033570872690095066,0.3529411764705882,0.9998694420251154,0.0,0.0001091703056768559,0.0,0.0,0.0,0.0,0.0,0.0,0.0,0.0,0.0,0.0,0.0,0.03846153870907716,0.9996480024581554,0.0,0.13995377536101486,0.9998728725430883,0.9998694421197557,0.9996480024200123,0.0,0.13995377534960354,0.9998728725293126,0.0,0.0,0.0,0.0,0.0,0.0,0.0,0.0,0.0,0.00022400179201433613,0.00017466104840294303,0.01923076923076922,0.03846153846153844,0.0,0.0,0.0,0.0,0.0,0.0,0.0,0.0,0.0,1.0,1.0,0.0,0.0,0.01282051282051282,0.0,0.0,0.0,0.0,0.0,0.0,0.0,0.0,0.0,0.0,0.0,0.0001091703056768559,0.0,0.003692626953125,0.0035247802734375,0.0,0.8,0.0,0.0,0.0,0.0,0.0,0.0,0.0,0.0
745028,0.000808752842079563,1.0,0.9998694422992874,0.0,0.0001091703056768559,4.53934177681942e-06,4.122779058920959e-06,0.0006052141527001862,0.031862745098039214,0.0034768576531588407,0.0,0.03767123287671233,0.07994186046511628,0.03769500657755798,0.0,0.0007966692445414374,0.0018867927097846642,0.9996480031975467,0.0,0.13995377558221905,0.9998728728101269,0.9998694421197557,0.9996480024200123,0.0,0.13995377534960354,0.9998728725293126,0.0,0.0,0.0,0.0,0.0,0.0,0.0,0.0,0.0,5.600044800358403e-05,4.366526210073576e-05,0.0009433962264151,0.0018867924528302,0.049492385786802026,0.0008535071384233396,0.01758480683133097,0.0010484447934352606,1.0992364848891821e-06,0.0,0.0,0.0,0.0,0.0,0.0,0.0,0.0,0.01282051282051282,0.026366535536272207,0.0034768576531588407,0.03769500657755798,0.0,0.0,0.0,0.0,0.0,0.0,0.0,4.53934177681942e-06,0.0001091703056768559,4.122779058920959e-06,0.0,0.0,0.0,0.2,0.0,0.0,0.0,0.0,0.0,0.0,0.0,0.0
820722,0.0012207590069125479,0.3529411764705882,0.9998758179388869,0.0006072874493927125,0.0004366812227074236,1.1290157752602148e-05,1.7390631666721135e-05,0.0015052762259466172,0.0,0.00216189225869492,0.00307724762244161,0.1589041095890411,0.0,0.03975109784542478,0.12279099793060165,1.2608724556384053e-07,3.4153613973707494e-07,0.9996504588051812,5.154040304556335e-06,0.13995886504789684,0.9998728725727594,0.9998695096095912,0.999648063089206,8.375498452968691e-08,0.13995382953497087,0.9998728726511754,0.04883707346243684,0.017553929933951763,0.04004725975728897,0.04904984254760853,1.941062181037316e-06,0.0,0.0,0.0,0.0,0.0006440051520412163,0.0005021505141584612,1.706393498e-07,3.412786996e-07,0.0,0.0036002482929857233,0.014499753001301439,0.009080349962925583,8.245275544926571e-05,0.0,0.0,0.0,1.0,0.0,0.0,0.0,0.0,0.01282051282051282,0.016305620660589392,0.00216189225869492,0.03975109784542478,0.0,0.0,0.0,0.0,0.0,0.0,0.0006072874493927125,1.1290157752602148e-05,0.0004366812227074236,1.7390631666721135e-05,0.1250152587890625,0.002166748046875,0.0009699321047526673,0.5,0.0,0.0,0.0,0.0,0.0,0.0,0.0,0.0
532646,0.22777837120229502,0.3529411764705882,0.9998694421687293,0.00020242914979757084,0.0,0.0,0.0,0.0,0.0,0.0,0.0,0.0,0.0,0.0,0.0,0.0,0.0034482761186214505,0.9996480028454556,0.0,0.13995377547688373,0.9998728726829657,0.9998694422775134,0.9996480028454556,0.0,0.13995377547688373,0.9998728726829657,0.0,0.0,0.0,0.0,0.0,0.0,0.0,0.0,0.0,0.00028000224001792015,0.0,0.003448275862068975,0.0,0.0,0.0,0.0,0.0,0.0,0.0,0.0,0.0,0.0,1.0,0.0,0.0,0.0,0.0,0.0,0.0,0.0,0.0,0.0,0.0,0.0,0.0,0.0,0.00020242914979757084,0.0,0.0,0.0,0.00390625,0.0,0.0,0.5,0.0,0.0,0.0,0.0,0.0,0.0,0.0,0.0
299486,0.00033570872690095066,0.3529411764705882,0.9998694420185875,0.0,0.0001091703056768559,0.0,0.0,0.0,0.0,0.0,0.0,0.0,0.0,0.0,0.0,0.0,0.07142857166762312,0.999648002440551,0.0,0.1399537753557481,0.9998728725367303,0.9998694421197557,0.9996480024200123,0.0,0.13995377534960354,0.9998728725293126,0.0,0.0,0.0,0.0,0.0,0.0,0.0,0.0,0.0,0.00022400179201433613,0.00017466104840294303,0.03571428571428575,0.0714285714285715,0.0,0.0,0.0,0.0,0.0,0.0,0.0,0.0,0.0,1.0,1.0,0.0,0.0,0.01282051282051282,0.0,0.0,0.0,0.0,0.0,0.0,0.0,0.0,0.0,0.0,0.0,0.0001091703056768559,0.0,0.003692626953125,0.0035247802734375,0.0,0.8,0.0,0.0,0.0,0.0,0.0,0.0,0.0,0.0
694722,0.0012207590069125479,0.3529411764705882,0.9998694420860426,0.00020242914979757084,0.0,0.0,0.0,0.0,0.0,0.0,0.0,0.0,0.0,0.0,0.0,0.0,0.007246377067168893,0.9996480026224646,0.0,0.13995377541017134,0.9998728726024303,0.9998694421948267,0.9996480026224646,0.0,0.13995377541017134,0.9998728726024303,0.0,0.0,0.0,0.0,0.0,0.0,0.0,0.0,0.0,0.00028000224001792015,0.0,0.0072463768115941995,0.0,0.0,0.0,0.0,0.0,0.0,0.0,0.0,0.0,0.0,1.0,0.0,0.0,0.0,0.0,0.0,0.0,0.0,0.0,0.0,0.0,0.0,0.0,0.0,0.00020242914979757084,0.0,0.0,0.0,0.0042572021484375,0.0,0.0,0.5,0.0,0.0,0.0,0.0,0.0,0.0,0.0,0.0
290605,0.00033570872690095066,0.3529411764705882,0.9998698611721141,0.004655870445344129,0.002183406113537118,0.0002244064345053293,0.00019976738530953374,0.009931719428926133,0.0,0.007161732430862675,0.008499464429141854,0.6684931506849315,0.0,0.09132472048108364,0.284505952267003,2.6775284117069288e-05,2.8552107592749543e-05,0.9996480287083829,4.683936572654526e-08,0.13995387037435295,0.999872872534611,0.9998698607162344,0.999648051501627,6.416511713800591e-08,0.13995387037435295,0.9998728727539641,0.003210621605914332,0.0001822139014663044,0.00044825820523673043,0.0012339124480242204,1.168231868216903e-07,0.0,0.0,0.0,0.0,0.005432043456347651,0.003536886230159596,1.5573736450849998e-05,2.5956227418099997e-05,0.0,0.015145872129112354,0.04048472068991993,0.023124086011395182,0.000534723353862232,0.0,0.0,0.0,1.0,0.0,0.0,0.0,0.0,0.0,0.04138807167400562,0.007161732430862675,0.09132472048108364,0.0,0.0,0.0,0.0,0.0,0.0,0.004655870445344129,0.0002244064345053293,0.002183406113537118,0.00019976738530953374,0.41021728515625,0.0035247802734375,0.015518913676042677,0.8,0.0,0.0,0.0,0.0,0.0,0.0,0.0,0.0
906372,0.006759953000778234,0.3529411764705882,0.9998756777379797,0.0016194331983805667,0.001091703056768559,0.00011197043049487904,0.0005798876145420461,0.009404096834264433,0.0,0.009529165419769664,0.012948467197159818,1.0,0.0,0.5301974016072518,0.7066379581057253,3.4084032216249295e-06,8.290180503115776e-07,0.9996489366755853,3.1342342978694368e-06,0.13995873409941373,0.9998728725303723,0.9998756778467645,0.9996501044950515,4.6957105236991765e-06,0.13995873423810523,0.9998728727687995,0.04766769203003788,0.005711203031388763,0.022257660744275976,0.04728772513385829,8.98639898628387e-09,0.0,0.0,0.0,0.0,0.0013440107520860168,0.0011571294456694976,3.9257081542499996e-07,8.723795897999999e-07,0.0,0.02265673494723774,0.17250298851770504,0.06713851001234232,0.004507579526676849,0.0,0.0,0.0,1.0,0.0,0.0,0.0,0.0,0.01282051282051282,0.18150860791016254,0.009529165419769664,0.5301974016072518,0.0,0.0,0.0,0.0,0.0,0.0,0.0016194331983805667,0.00011197043049487904,0.001091703056768559,0.0005798876145420461,0.1250152587890625,0.0017547607421875,0.002909796314258002,0.5,0.0008117234955908917,0.0,0.0008117234955908917,0.0008117234955908917,1.6641911325387277e-05,0.0,5.765678248506554e-06,0.0004482347060223756
847246,0.7718248821204584,0.3529411764705882,0.999869442052315,0.0,0.0001091703056768559,0.0,0.0,0.0,0.0,0.0,0.0,0.0,0.0,0.0,0.0,0.0,0.01315789499089493,0.9996480025315078,0.0,0.13995377538295972,0.9998728725695802,0.9998694421197557,0.9996480024200123,0.0,0.13995377534960354,0.9998728725293126,0.0,0.0,0.0,0.0,0.0,0.0,0.0,0.0,0.0,0.00014000112000896008,0.00010916315525183939,0.00657894736842105,0.0131578947368421,0.0,0.0,0.0,0.0,0.0,0.0,0.0,0.0,0.0,1.0,1.0,0.0,0.0,0.01282051282051282,0.0,0.0,0.0,0.0,0.0,0.0,0.0,0.0,0.0,0.0,0.0,0.0001091703056768559,0.0,0.0027008056640625,0.0039520263671875,0.0,0.5,0.0,0.0,0.0,0.0,0.0,0.0,0.0,0.0
128070,0.0003204492393145438,0.3529411764705882,0.9998694420120596,0.0,0.0001091703056768559,0.0,0.0,0.0,0.0,0.0,0.0,0.0,0.0,0.0,0.0,0.0,0.5000000001287201,0.9996480024229464,0.0,0.13995377535048134,0.9998728725303723,0.9998694421197557,0.9996480024200123,0.0,0.13995377534960354,0.9998728725293126,0.0,0.0,0.0,0.0,0.0,0.0,0.0,0.0,0.0,0.00028000224001792015,0.00010916315525183939,0.25,0.5,0.0,0.0,0.0,0.0,0.0,0.0,0.0,0.0,1.0,0.0,0.0,0.0,0.0,0.01282051282051282,0.0,0.0,0.0,0.0,0.0,0.0,0.0,0.0,0.0,0.0,0.0,0.0001091703056768559,0.0,0.41021728515625,1.52587890625e-05,0.0,1.0,0.0,0.0,0.0,0.0,0.0,0.0,0.0,0.0
74188,0.0003204492393145438,0.3529411764705882,0.9998694420142356,0.0,0.0001091703056768559,0.0,0.0,0.0,0.0,0.0,0.0,0.0,0.0,0.0,0.0,0.0,0.16666666688120027,0.9996480024288146,0.0,0.13995377535223694,0.9998728725324916,0.9998694421197557,0.9996480024200123,0.0,0.13995377534960354,0.9998728725293126,0.0,0.0,0.0,0.0,0.0,0.0,0.0,0.0,0.0,0.00028000224001792015,0.00010916315525183939,0.08333333333333325,0.1666666666666665,0.0,0.0,0.0,0.0,0.0,0.0,0.0,0.0,1.0,0.0,0.0,0.0,0.0,0.01282051282051282,0.0,0.0,0.0,0.0,0.0,0.0,0.0,0.0,0.0,0.0,0.0,0.0001091703056768559,0.0,0.41021728515625,1.52587890625e-05,0.0,1.0,0.0,0.0,0.0,0.0,0.0,0.0,0.0,0.0
515276,0.000808752842079563,1.0,0.9998694426735539,0.0,0.0001091703056768559,5.703275565747477e-06,6.071729159501776e-06,0.0007603972687771571,0.040032679738562095,0.004368359615507261,0.0,0.05547945205479452,0.11773255813953488,0.05551446423240357,0.0,0.0004794266057794879,0.0008210183196262121,0.9996480042068742,0.0,0.13995377588418031,0.9998728731746557,0.9998694421197557,0.9996480024200123,0.0,0.13995377534960354,0.9998728725293126,0.0,0.0,0.0,0.0,0.0,0.0,0.0,0.0,0.0,5.600044800358403e-05,4.366526210073576e-05,0.00041050903119869996,0.0008210180623973999,0.06218274111675126,0.0012569832402234637,0.023666770096333604,0.002096889586881871,4.396945939558017e-06,0.0,0.0,0.0,0.0,0.0,0.0,0.0,0.0,0.01282051282051282,0.03548578842851673,0.004368359615507261,0.05551446423240357,0.0,0.0,0.0,0.0,0.0,0.0,0.0,5.703275565747477e-06,0.0001091703056768559,6.071729159501776e-06,0.0,0.0,0.0,0.2,0.0,0.0,0.0,0.0,0.0,0.0,0.0,0.0
409930,0.006790471975951048,0.3529411764705882,0.9998697993844037,0.00020242914979757084,0.0,1.1639337889280565e-07,0.0,1.5518311607697083e-05,0.0,4.4575098117421034e-05,4.486479713938226e-05,0.0,0.0,0.0,0.0,6.837485130376193e-09,1.5224525669580598e-06,0.9996489661899405,0.0,0.1399540636813466,0.9998732206045274,0.9998697994931879,0.9996489661899405,0.0,0.1399540636813466,0.9998732206045274,0.0,0.0,0.0,0.0,0.0,0.0,0.0,0.0,0.0,0.00036400291202329623,0.0,1.52219512715e-06,0.0,0.0,1.5518311607697083e-05,0.00026443318544696893,6.55277995911225e-05,4.293892518670656e-09,0.0,0.0,0.0,0.0,1.0,0.0,0.0,0.0,0.0,0.0003964892561845445,4.4575098117421034e-05,0.0,0.0,0.0,0.0,0.0,0.0,0.0,0.00020242914979757084,1.1639337889280565e-07,0.0,0.0,0.00384521484375,0.0,0.0,0.5,0.0,0.0,0.0,0.0,0.0,0.0,0.0,0.0
580341,0.006759953000778234,0.3529411764705882,0.9999352296636641,0.0024291497975708503,0.0014192139737991267,7.903110426821504e-05,0.00032397547441193427,0.005307262569832403,0.0,0.004656383326422571,0.006848713480815309,1.0,0.0,0.2278570887107507,0.6069081824024419,1.857509832914093e-07,1.0775325392226e-07,0.9996550991043891,1.01898233554142e-05,0.13996256044272434,0.9998728725303723,0.9999352297724553,0.9996627871791306,1.228419765970303e-05,0.13996263533789377,0.9998728727846947,0.5031981418369948,0.04521721050451207,0.06181945495959544,0.08449067889962168,8.98639898628387e-09,0.0,0.0,0.0,0.0,0.0019040152321218571,0.00144095364932428,5.3747906875e-08,1.0749581375e-07,0.0,0.02265673494723774,0.07346835335300064,0.04789782187009634,0.002294201339899469,0.0,0.0,0.0,1.0,0.0,0.0,0.0,0.0,0.01282051282051282,0.0762631834684378,0.004656383326422571,0.2278570887107507,0.0,0.0,0.0,0.0,0.0,0.0,0.0024291497975708503,7.903110426821504e-05,0.0014192139737991267,0.00032397547441193427,0.1250152587890625,0.4743804931640625,0.007759456838021339,0.5,0.0011694602487791483,0.0014144377242376511,0.0028014781209309203,0.0008425174347471442,2.9339472179746486e-05,4.908884920599549e-07,1.0214675524428419e-05,0.0007708905022613663
1040724,0.000808752842079563,1.0,0.9998695049443294,0.00020242914979757084,0.0002183406113537118,8.380323280282008e-06,2.1438451106388986e-05,0.000558659217877095,0.029411764705882353,0.0032094070644543143,0.0,0.09794520547945205,0.20784883720930233,0.09800701710165075,0.0,1.3900191422720044e-05,1.728813517587434e-05,0.9996480589932139,6.023149806557336e-08,0.13995381774268162,0.9998728725833561,0.9998694946639524,0.9996481441219747,0.0,0.13995381774268162,0.9998729237064032,4.250205107814828e-07,4.5830634830047733e-07,0.0,4.269100846583625e-07,4.5830634830047733e-07,0.0,0.0,0.0,0.0,0.00011200089600716806,8.733052420147152e-05,8.643938870075e-06,1.728787774015e-05,0.04568527918781726,0.002219118559900683,0.031256002518268926,0.006651668806106454,4.424469790605877e-05,0.0,0.0,0.0,0.0,0.0,0.0,0.0,0.0,0.01282051282051282,0.03905419173417763,0.0032094070644543143,0.09800701710165075,0.0,0.0,0.0,0.0,0.0,0.0,0.00020242914979757084,8.380323280282008e-06,0.0002183406113537118,2.1438451106388986e-05,0.0,0.0,0.0009699321047526673,0.2,0.0,0.0,0.0,0.0,0.0,0.0,0.0,0.0
802777,0.0012207590069125479,0.3529411764705882,0.9999963041644767,0.002226720647773279,0.0014192139737991267,1.396720546713668e-06,0.0,1.5518311607697083e-05,0.0008169934640522876,8.915019623484207e-05,0.0,0.0,0.0,0.0,0.0,2.3113612307692305e-10,5.3858147911134755e-08,0.9996622575750759,1.1803798158790927e-05,0.13996269618308682,0.9998728838657349,0.9999899971103117,0.9996775582810742,1.9119252552315114e-07,0.13996273170127957,0.9998834854657807,0.9713654348102749,0.08728656107965382,0.014779158867602418,0.08541076221070616,0.051730232723740055,0.0,0.0,0.0,0.0,0.001680013440107521,0.002205095736087156,2.5728339699999998e-08,5.574473605e-08,0.0,1.5518311607697083e-05,0.00019832488907531046,5.787258561212686e-05,3.349236164898035e-09,0.0,0.0,0.0,0.0,1.0,0.0,0.0,0.0,0.01282051282051282,0.00020617441321596312,8.915019623484207e-05,0.0,0.0,0.0,0.0,0.0,0.0,0.0,0.002226720647773279,1.396720546713668e-06,0.0014192139737991267,0.0,0.0038909912109375,0.0009613037109375,0.01066925315227934,0.5,0.00024390940249997703,0.00027987346171998026,0.00044157402617550016,0.00010565540766311423,2.960244867809777e-05,2.8535889010170346e-07,1.0372504671962408e-05,0.0007938034594937713
886546,0.0012207590069125479,0.3529411764705882,0.9998759284410895,0.0006072874493927125,0.0004366812227074236,1.1290157752602148e-05,1.7390631666721135e-05,0.0015052762259466172,0.0,0.00216189225869492,0.00307724762244161,0.1589041095890411,0.0,0.03975109784542478,0.12279099793060165,1.2393923531701292e-07,3.3572214846357166e-07,0.9996505013771763,5.244470305105524e-06,0.13995895419932428,0.999872872547327,0.9998695096128551,0.99964806309214,8.382841378965583e-08,0.13995382956744928,0.999872872642698,0.049683689318707036,0.017858236362824294,0.04074179720817047,0.049900389739609544,1.527687827668258e-07,0.0,0.0,0.0,0.0,0.0006440051520412163,0.0005021505141584612,1.6773235417499997e-07,3.3546470834999994e-07,0.0,0.0036002482929857233,0.014499753001301439,0.009080349962925583,8.245275544926571e-05,0.0,0.0,0.0,1.0,0.0,0.0,0.0,0.0,0.01282051282051282,0.016305620660589392,0.00216189225869492,0.03975109784542478,0.0,0.0,0.0,0.0,0.0,0.0,0.0006072874493927125,1.1290157752602148e-05,0.0004366812227074236,1.7390631666721135e-05,0.1250152587890625,0.002166748046875,0.0009699321047526673,0.5,0.0,0.0,0.0,0.0,0.0,0.0,0.0,0.0
32123,0.0003204492393145438,0.3529411764705882,0.9998694420120596,0.0,0.0001091703056768559,0.0,0.0,0.0,0.0,0.0,0.0,0.0,0.0,0.0,0.0,0.0,0.5000000001287201,0.9996480024229464,0.0,0.13995377535048134,0.9998728725303723,0.9998694421197557,0.9996480024200123,0.0,0.13995377534960354,0.9998728725293126,0.0,0.0,0.0,0.0,0.0,0.0,0.0,0.0,0.0,0.00028000224001792015,0.00010916315525183939,0.25,0.5,0.0,0.0,0.0,0.0,0.0,0.0,0.0,0.0,1.0,0.0,0.0,0.0,0.0,0.01282051282051282,0.0,0.0,0.0,0.0,0.0,0.0,0.0,0.0,0.0,0.0,0.0,0.0001091703056768559,0.0,0.41021728515625,1.52587890625e-05,0.0,1.0,0.0,0.0,0.0,0.0,0.0,0.0,0.0,0.0
4347,0.0003204492393145438,0.3529411764705882,0.9998694420120596,0.0,0.0001091703056768559,0.0,0.0,0.0,0.0,0.0,0.0,0.0,0.0,0.0,0.0,0.0,0.5000000001287201,0.9996480024229464,0.0,0.13995377535048134,0.9998728725303723,0.9998694421197557,0.9996480024200123,0.0,0.13995377534960354,0.9998728725293126,0.0,0.0,0.0,0.0,0.0,0.0,0.0,0.0,0.0,0.00028000224001792015,0.00010916315525183939,0.25,0.5,0.0,0.0,0.0,0.0,0.0,0.0,0.0,0.0,1.0,0.0,0.0,0.0,0.0,0.01282051282051282,0.0,0.0,0.0,0.0,0.0,0.0,0.0,0.0,0.0,0.0,0.0,0.0001091703056768559,0.0,0.41021728515625,1.52587890625e-05,0.0,1.0,0.0,0.0,0.0,0.0,0.0,0.0,0.0,0.0
952799,0.0012207590069125479,0.3529411764705882,0.9998694421088902,0.00020242914979757084,0.0,0.0,0.0,0.0,0.0,0.0,0.0,0.0,0.0,0.0,0.0,0.0,0.005555555811565528,0.9996480026840805,0.0,0.13995377542860504,0.9998728726246835,0.9998694422176743,0.9996480026840805,0.0,0.13995377542860504,0.9998728726246835,0.0,0.0,0.0,0.0,0.0,0.0,0.0,0.0,0.0,0.00028000224001792015,0.0,0.00555555555555555,0.0,0.0,0.0,0.0,0.0,0.0,0.0,0.0,0.0,0.0,1.0,0.0,0.0,0.0,0.0,0.0,0.0,0.0,0.0,0.0,0.0,0.0,0.0,0.0,0.00020242914979757084,0.0,0.0,0.0,0.0042572021484375,0.0,0.0,0.5,0.0,0.0,0.0,0.0,0.0,0.0,0.0,0.0
825868,0.000808752842079563,1.0,0.9998694423145192,0.0,0.0001091703056768559,4.772128534605031e-06,5.472052205476909e-06,0.0006362507759155804,0.03349673202614379,0.0036551580456285248,0.0,0.05,0.10610465116279069,0.05003155418475877,0.0,0.000917691522824557,0.001792114952319338,0.9996480032386239,0.0,0.13995377559450817,0.9998728728249624,0.9998694421197557,0.9996480024200123,0.0,0.13995377534960354,0.9998728725293126,0.0,0.0,0.0,0.0,0.0,0.0,0.0,0.0,0.0,5.600044800358403e-05,4.366526210073576e-05,0.0008960573476702499,0.0017921146953404998,0.052030456852791875,0.0011328367473618871,0.020493571871128637,0.002096889586881871,4.396945939558017e-06,0.0,0.0,0.0,0.0,0.0,0.0,0.0,0.0,0.01282051282051282,0.030727917354302196,0.0036551580456285248,0.05003155418475877,0.0,0.0,0.0,0.0,0.0,0.0,0.0,4.772128534605031e-06,0.0001091703056768559,5.472052205476909e-06,0.0,0.0,0.0,0.2,0.0,0.0,0.0,0.0,0.0,0.0,0.0,0.0
269162,0.00033570872690095066,0.3529411764705882,0.9998697838022941,0.004251012145748988,0.00240174672489083,0.0002244064345053293,0.00019976738530953374,0.009931719428926133,0.0,0.007812799015493038,0.008741956209752828,0.6684931506849315,0.0,0.08302247316464642,0.2737832352974904,3.2836289109627625e-05,3.501526613718568e-05,0.9996480238560091,3.9849286595225444e-08,0.13995385085835121,0.9998728725388496,0.9998697838164237,0.9996480463006123,5.546630777467141e-08,0.13995385085835121,0.999872872793172,0.0026179763391748346,0.00013442882620710454,0.0003519709428289721,0.0008254348340799308,1.168231868216903e-07,0.0,0.0,0.0,0.0,0.004984039872318979,0.0038862083269654824,1.7507504353e-05,3.5015008706e-05,0.0,0.015145872129112354,0.04048472068991993,0.023124086011395182,0.000534723353862232,0.0,0.0,0.0,1.0,0.0,0.0,0.0,0.0,0.01282051282051282,0.04138807167400562,0.007812799015493038,0.08302247316464642,0.0,0.0,0.0,0.0,0.0,0.0,0.004251012145748988,0.0002244064345053293,0.00240174672489083,0.00019976738530953374,0.41021728515625,0.0035247802734375,0.015518913676042677,0.8,0.0,0.0,0.0,0.0,0.0,0.0,0.0,0.0
222186,0.00033570872690095066,0.3529411764705882,0.9998694420174995,0.0,0.0001091703056768559,0.0,0.0,0.0,0.0,0.0,0.0,0.0,0.0,0.0,0.0,0.0,0.08333333356932011,0.9996480024376169,0.0,0.1399537753548703,0.9998728725356706,0.9998694421197557,0.9996480024200123,0.0,0.13995377534960354,0.9998728725293126,0.0,0.0,0.0,0.0,0.0,0.0,0.0,0.0,0.0,0.00022400179201433613,0.00017466104840294303,0.04166666666666675,0.0833333333333335,0.0,0.0,0.0,0.0,0.0,0.0,0.0,0.0,0.0,1.0,1.0,0.0,0.0,0.01282051282051282,0.0,0.0,0.0,0.0,0.0,0.0,0.0,0.0,0.0,0.0,0.0,0.0001091703056768559,0.0,0.003692626953125,0.0035247802734375,0.0,0.8,0.0,0.0,0.0,0.0,0.0,0.0,0.0,0.0
338312,0.00033570872690095066,0.3529411764705882,0.9998694420164115,0.0,0.0001091703056768559,0.0,0.0,0.0,0.0,0.0,0.0,0.0,0.0,0.0,0.0,0.0,0.1000000002316962,0.9996480024346828,0.0,0.1399537753539925,0.999872872534611,0.9998694421197557,0.9996480024200123,0.0,0.13995377534960354,0.9998728725293126,0.0,0.0,0.0,0.0,0.0,0.0,0.0,0.0,0.0,0.00022400179201433613,0.00017466104840294303,0.049999999999999996,0.09999999999999999,0.0,0.0,0.0,0.0,0.0,0.0,0.0,0.0,0.0,1.0,1.0,0.0,0.0,0.01282051282051282,0.0,0.0,0.0,0.0,0.0,0.0,0.0,0.0,0.0,0.0,0.0,0.0001091703056768559,0.0,0.003692626953125,0.0035247802734375,0.0,0.8,0.0,0.0,0.0,0.0,0.0,0.0,0.0,0.0
690911,0.0012207590069125479,0.3529411764705882,0.9998746104972924,0.00020242914979757084,0.0001091703056768559,1.1639337889280565e-07,0.0,1.5518311607697083e-05,0.0,4.4575098117421034e-05,4.486479713938226e-05,0.0,0.0,0.0,0.0,4.727758528916339e-10,1.581350265092897e-07,0.9996549716449776,7.810667020840242e-06,0.13995791820273362,0.9998729052722658,0.9998746106060771,0.9996619408699431,0.0,0.13995794532570122,0.9998779065408676,0.0,0.0,0.0,0.0,0.0,0.0,0.0,0.0,0.0,0.00028000224001792015,0.00017466104840294303,1.05251724225e-07,1.0525172424999999e-07,0.0,1.5518311607697083e-05,0.00019832488907531046,6.55277995911225e-05,4.293892518670656e-09,0.0,0.0,0.0,0.0,1.0,0.0,0.0,0.0,0.0,0.0002643261708029126,4.4575098117421034e-05,0.0,0.0,0.0,0.0,0.0,0.0,0.0,0.00020242914979757084,1.1639337889280565e-07,0.0001091703056768559,0.0,0.0039215087890625,0.0159912109375,0.0,0.5,0.0,0.0,0.0,0.0,0.0,0.0,0.0,0.0
887792,0.0012207590069125479,0.3529411764705882,0.9998694432958809,0.00020242914979757084,0.0,0.0,0.0,0.0,0.0,0.0,0.0,0.0,0.0,0.0,0.0,0.0,0.0004233702827334075,0.9996480058851747,0.0,0.13995377638627868,0.9998728737807908,0.999869443404665,0.9996480058851747,0.0,0.13995377638627868,0.9998728737807908,0.0,0.0,0.0,0.0,0.0,0.0,0.0,0.0,0.0,0.00028000224001792015,0.0,0.0004233700254022,0.0,0.0,0.0,0.0,0.0,0.0,0.0,0.0,0.0,0.0,1.0,0.0,0.0,0.0,0.0,0.0,0.0,0.0,0.0,0.0,0.0,0.0,0.0,0.0,0.00020242914979757084,0.0,0.0,0.0,0.0042724609375,0.0,0.0,0.5,0.0,0.0,0.0,0.0,0.0,0.0,0.0,0.0
1024345,0.0012207590069125479,0.3529411764705882,0.9998756522954693,0.0006072874493927125,0.0004366812227074236,5.8778656340866854e-05,4.212730602024689e-05,0.007836747361887027,0.0,0.011255212274648811,0.0160207221580723,0.3849315068493151,0.0,0.09629360771176174,0.2974506070560264,4.198281752563728e-07,3.506388741097315e-07,0.9996503949895233,4.294266527947952e-06,0.13995811211891657,0.9998728726109076,0.9998702771857041,0.9996487530927229,5.75571116468468e-07,0.13995420286178514,0.9998728727783366,0.045234449605813895,0.01625900781282623,0.03277217168952842,0.04189524806803306,0.0012808404339140263,0.0,0.0,0.0,0.0,0.0006440051520412163,0.0005021505141584612,1.7519071699999998e-07,3.5038143399999995e-07,0.0,0.00872129112352576,0.04702503480965235,0.02674937830756915,0.0007155292398415595,0.0,0.0,0.0,1.0,0.0,0.0,0.0,0.0,0.01282051282051282,0.05288175454361362,0.011255212274648811,0.09629360771176174,0.0,0.0,0.0,0.0,0.0,0.0,0.0006072874493927125,5.8778656340866854e-05,0.0004366812227074236,4.212730602024689e-05,0.1250152587890625,0.003631591796875,0.0009699321047526673,0.5,0.0,0.0,0.0,0.0,0.0,0.0,0.0,0.0
404051,0.006790471975951048,0.3529411764705882,0.99987011586051,0.001012145748987854,0.0005458515283842794,5.295898739622657e-05,2.5336351307550622e-05,0.0021725636250775914,0.0,0.006760556547805886,0.00399320218452724,0.09931506849315068,0.0,0.04633058990259853,0.07384276992570547,2.8756028807505897e-06,4.4403532805318755e-06,0.9996481841447469,1.8810735192702076e-07,0.13995391394894222,0.9998728725335513,0.9998701158844314,0.9996483658237098,1.6321023503921794e-07,0.13995391414732375,0.9998728725335513,0.005160982393742018,0.0013912922638544413,3.299893316141561e-05,0.001322617666987449,0.0013596511530237357,0.0,0.0,0.0,0.0,0.0009240073920591365,0.0006113136694103006,2.4218704589999997e-06,4.036450764999999e-06,0.0,0.002250155183116077,0.02621193950610698,0.007196045798239752,5.1783075130283886e-05,0.0,0.0,0.0,1.0,0.0,0.0,0.0,0.0,0.0,0.028583270923118555,0.006760556547805886,0.04633058990259853,0.0,0.0,0.0,0.0,0.0,0.0,0.001012145748987854,5.295898739622657e-05,0.0005458515283842794,2.5336351307550622e-05,0.1250152587890625,1.52587890625e-05,0.0038797284190106693,0.5,0.0,0.0,0.0,0.0,0.0,0.0,0.0,0.0
688136,0.006790471975951048,0.3529411764705882,0.9998696304574499,0.00020242914979757084,0.0,1.1639337889280565e-07,0.0,1.5518311607697083e-05,0.0,4.4575098117421034e-05,4.486479713938226e-05,0.0,0.0,0.0,0.0,1.2966734908029198e-08,2.8869767983817768e-06,0.9996485106252466,0.0,0.13995392738972928,0.9998730560727507,0.999869630566234,0.9996485106252466,0.0,0.13995392738972928,0.9998730560727507,0.0,0.0,0.0,0.0,0.0,0.0,0.0,0.0,0.0,0.00036400291202329623,0.0,2.886719358925e-06,0.0,0.0,1.5518311607697083e-05,0.00026443318544696893,6.55277995911225e-05,4.293892518670656e-09,0.0,0.0,0.0,0.0,1.0,0.0,0.0,0.0,0.0,0.0003964892561845445,4.4575098117421034e-05,0.0,0.0,0.0,0.0,0.0,0.0,0.0,0.00020242914979757084,1.1639337889280565e-07,0.0,0.0,0.0038604736328125,0.0,0.0,0.5,0.0,0.0,0.0,0.0,0.0,0.0,0.0,0.0
254903,0.00033570872690095066,0.3529411764705882,0.9998694420185875,0.0,0.0001091703056768559,0.0,0.0,0.0,0.0,0.0,0.0,0.0,0.0,0.0,0.0,0.0,0.07142857166762312,0.999648002440551,0.0,0.1399537753557481,0.9998728725367303,0.9998694421197557,0.9996480024200123,0.0,0.13995377534960354,0.9998728725293126,0.0,0.0,0.0,0.0,0.0,0.0,0.0,0.0,0.0,0.00022400179201433613,0.00017466104840294303,0.03571428571428575,0.0714285714285715,0.0,0.0,0.0,0.0,0.0,0.0,0.0,0.0,0.0,1.0,1.0,0.0,0.0,0.01282051282051282,0.0,0.0,0.0,0.0,0.0,0.0,0.0,0.0,0.0,0.0,0.0,0.0001091703056768559,0.0,0.003692626953125,0.0035247802734375,0.0,0.8,0.0,0.0,0.0,0.0,0.0,0.0,0.0,0.0
257169,0.00033570872690095066,0.3529411764705882,0.9998698896936197,0.004251012145748988,0.00240174672489083,0.0002244064345053293,0.00019976738530953374,0.009931719428926133,0.0,0.007812799015493038,0.008741956209752828,0.6684931506849315,0.0,0.08302247316464642,0.2737832352974904,2.5069452049991915e-05,2.673309191576783e-05,0.9996480304971553,4.639906321392846e-08,0.13995384877183403,0.9998728725324916,0.9998698873250639,0.9996480595931657,6.095990803919412e-08,0.13995384877183403,0.9998728725462674,0.0034291321508690474,0.0001760803575847683,0.00042586139999988985,0.001025781225574308,1.168231868216903e-07,0.0,0.0,0.0,0.0,0.004984039872318979,0.0038862083269654824,1.3366417241224998e-05,2.6732834482449996e-05,0.0,0.015145872129112354,0.04048472068991993,0.023124086011395182,0.000534723353862232,0.0,0.0,0.0,1.0,0.0,0.0,0.0,0.0,0.01282051282051282,0.04138807167400562,0.007812799015493038,0.08302247316464642,0.0,0.0,0.0,0.0,0.0,0.0,0.004251012145748988,0.0002244064345053293,0.00240174672489083,0.00019976738530953374,0.41021728515625,0.0035247802734375,0.015518913676042677,0.8,0.0,0.0,0.0,0.0,0.0,0.0,0.0,0.0
225010,0.00033570872690095066,0.3529411764705882,0.9998694420185875,0.0,0.0001091703056768559,0.0,0.0,0.0,0.0,0.0,0.0,0.0,0.0,0.0,0.0,0.0,0.07142857166762312,0.999648002440551,0.0,0.1399537753557481,0.9998728725367303,0.9998694421197557,0.9996480024200123,0.0,0.13995377534960354,0.9998728725293126,0.0,0.0,0.0,0.0,0.0,0.0,0.0,0.0,0.0,0.00022400179201433613,0.00017466104840294303,0.03571428571428575,0.0714285714285715,0.0,0.0,0.0,0.0,0.0,0.0,0.0,0.0,0.0,1.0,1.0,0.0,0.0,0.01282051282051282,0.0,0.0,0.0,0.0,0.0,0.0,0.0,0.0,0.0,0.0,0.0,0.0001091703056768559,0.0,0.003692626953125,0.0035247802734375,0.0,0.8,0.0,0.0,0.0,0.0,0.0,0.0,0.0,0.0
302373,0.00033570872690095066,0.3529411764705882,0.9998694420185875,0.0,0.0001091703056768559,0.0,0.0,0.0,0.0,0.0,0.0,0.0,0.0,0.0,0.0,0.0,0.07142857166762312,0.999648002440551,0.0,0.1399537753557481,0.9998728725367303,0.9998694421197557,0.9996480024200123,0.0,0.13995377534960354,0.9998728725293126,0.0,0.0,0.0,0.0,0.0,0.0,0.0,0.0,0.0,0.00022400179201433613,0.00017466104840294303,0.03571428571428575,0.0714285714285715,0.0,0.0,0.0,0.0,0.0,0.0,0.0,0.0,0.0,1.0,1.0,0.0,0.0,0.01282051282051282,0.0,0.0,0.0,0.0,0.0,0.0,0.0,0.0,0.0,0.0,0.0,0.0001091703056768559,0.0,0.003692626953125,0.0035247802734375,0.0,0.8,0.0,0.0,0.0,0.0,0.0,0.0,0.0,0.0
1011123,0.0012207590069125479,0.3529411764705882,0.9998694421012743,0.00020242914979757084,0.0,0.0,0.0,0.0,0.0,0.0,0.0,0.0,0.0,0.0,0.0,0.0,0.006024096641431532,0.9996480026635419,0.0,0.13995377542246049,0.9998728726172658,0.9998694422100584,0.9996480026635419,0.0,0.13995377542246049,0.9998728726172658,0.0,0.0,0.0,0.0,0.0,0.0,0.0,0.0,0.0,0.00028000224001792015,0.0,0.006024096385542175,0.0,0.0,0.0,0.0,0.0,0.0,0.0,0.0,0.0,0.0,1.0,0.0,0.0,0.0,0.0,0.0,0.0,0.0,0.0,0.0,0.0,0.0,0.0,0.0,0.00020242914979757084,0.0,0.0,0.0,0.0042572021484375,0.0,0.0,0.5,0.0,0.0,0.0,0.0,0.0,0.0,0.0,0.0
849240,0.000808752842079563,1.0,0.9998694431957864,0.0,0.0001091703056768559,5.936062323533088e-06,1.0194508218422735e-05,0.0007914338919925512,0.04166666666666667,0.004546660007976946,0.0,0.09315068493150686,0.19767441860465115,0.09320947080996154,0.0,0.0003856646192412622,0.0004591370800951997,0.9996480056152383,0.0,0.13995377630552158,0.9998728736833006,0.9998694421197557,0.9996480024200123,0.0,0.13995377534960354,0.9998728725293126,0.0,0.0,0.0,0.0,0.0,0.0,0.0,0.0,0.0,5.600044800358403e-05,4.366526210073576e-05,0.00022956841138659998,0.00045913682277319996,0.06472081218274112,0.002110490378646803,0.03146754906660271,0.005569862965143265,3.102337345049739e-05,0.0,0.0,0.0,0.0,0.0,0.0,0.0,0.0,0.01282051282051282,0.047182221485960796,0.004546660007976946,0.09320947080996154,0.0,0.0,0.0,0.0,0.0,0.0,0.0,5.936062323533088e-06,0.0001091703056768559,1.0194508218422735e-05,0.0,0.0,0.0,0.2,0.0,0.0,0.0,0.0,0.0,0.0,0.0,0.0
536753,0.000808752842079563,1.0,0.9998694846827997,0.00020242914979757084,0.0002183406113537118,1.3036058435994233e-05,2.1138612629376553e-05,0.0008690254500310367,0.04575163398692811,0.004992410989151156,0.0,0.09657534246575343,0.20494186046511628,0.09663628958973954,0.0,2.256179408408849e-05,2.54968026517611e-05,0.9996480407793501,5.0496332566180636e-08,0.1399538085486636,0.9998728729203333,0.9998694843901176,0.999648116415346,0.0,0.1399538094536696,0.9998729136998753,0.00031826535895578093,0.000343190577286181,0.0,0.00031968031633535025,0.000343190577286181,0.0,0.0,0.0,0.0,0.00011200089600716806,8.733052420147152e-05,1.2748272609049999e-05,2.5496545218099998e-05,0.07106598984771573,0.002188081936685289,0.035698480033555885,0.005284035967459045,2.7921036105448044e-05,0.0,0.0,0.0,0.0,0.0,0.0,0.0,0.0,0.01282051282051282,0.044605041320761256,0.004992410989151156,0.09663628958973954,0.0,0.0,0.0,0.0,0.0,0.0,0.00020242914979757084,1.3036058435994233e-05,0.0002183406113537118,2.1138612629376553e-05,0.0,0.0,0.0009699321047526673,0.2,0.0,0.0,0.0,0.0,0.0,0.0,0.0,0.0
367660,0.0003204492393145438,0.3529411764705882,0.9998694420131475,0.0,0.0001091703056768559,0.0,0.0,0.0,0.0,0.0,0.0,0.0,0.0,0.0,0.0,0.0,0.25000000019308016,0.9996480024258805,0.0,0.13995377535135914,0.9998728725314319,0.9998694421197557,0.9996480024200123,0.0,0.13995377534960354,0.9998728725293126,0.0,0.0,0.0,0.0,0.0,0.0,0.0,0.0,0.0,0.00028000224001792015,0.00010916315525183939,0.125,0.25,0.0,0.0,0.0,0.0,0.0,0.0,0.0,0.0,1.0,0.0,0.0,0.0,0.0,0.01282051282051282,0.0,0.0,0.0,0.0,0.0,0.0,0.0,0.0,0.0,0.0,0.0,0.0001091703056768559,0.0,0.41021728515625,1.52587890625e-05,0.0,1.0,0.0,0.0,0.0,0.0,0.0,0.0,0.0,0.0
1001010,0.7959959104573269,0.3529411764705882,0.9998694420631948,0.00020242914979757084,0.0,0.0,0.0,0.0,0.0,0.0,0.0,0.0,0.0,0.0,0.0,0.0,0.010416666921425207,0.9996480025608487,0.0,0.13995377539173767,0.9998728725801771,0.9998694421719789,0.9996480025608487,0.0,0.13995377539173767,0.9998728725801771,0.0,0.0,0.0,0.0,0.0,0.0,0.0,0.0,0.0,0.00028000224001792015,0.0,0.010416666666666675,0.0,0.0,0.0,0.0,0.0,0.0,0.0,0.0,0.0,0.0,1.0,0.0,0.0,0.0,0.0,0.0,0.0,0.0,0.0,0.0,0.0,0.0,0.0,0.0,0.00020242914979757084,0.0,0.0,0.0,0.0039825439453125,0.0,0.0,0.5,0.0,0.0,0.0,0.0,0.0,0.0,0.0,0.0
729719,0.006759953000778234,0.3529411764705882,0.9998694420610189,0.0,0.0001091703056768559,0.0,0.0,0.0,0.0,0.0,0.0,0.0,0.0,0.0,0.0,0.0,0.010869565472033238,0.9996480025549805,0.0,0.13995377538998208,0.9998728725780577,0.9998694421197557,0.9996480024200123,0.0,0.13995377534960354,0.9998728725293126,0.0,0.0,0.0,0.0,0.0,0.0,0.0,0.0,0.0,0.00014000112000896008,0.00010916315525183939,0.00543478260869565,0.0108695652173913,0.0,0.0,0.0,0.0,0.0,1.0,0.0,0.0,0.0,1.0,0.0,0.0,0.0,0.01282051282051282,0.0,0.0,0.0,0.0,0.0,0.0,0.0,0.0,0.0,0.0,0.0,0.0001091703056768559,0.0,1.52587890625e-05,0.0144500732421875,0.0,0.5,0.0,0.0,0.0,0.0,0.0,0.0,0.0,0.0
242364,0.00033570872690095066,0.3529411764705882,0.9998698488126136,0.004251012145748988,0.002183406113537118,0.00022626872856761418,0.00019976738530953374,0.009931719428926133,0.0,0.007877635521839167,0.008747568163457552,0.6684931506849315,0.0,0.09132472048108364,0.284505952267003,2.7684881488644808e-05,2.8082331976170484e-05,0.9996480291777843,5.693642370141533e-08,0.1399538977194025,0.9998728725335513,0.9998698488680866,0.9996480546545304,7.782199954805613e-08,0.1399538977194025,0.9998728727158157,0.003115950370571633,0.0001768409808092421,0.0005301981641534347,0.001489865970741843,1.0783678783540644e-07,0.0,0.0,0.0,0.0,0.004984039872318979,0.003536886230159596,1.4709658094050001e-05,2.67448328983e-05,0.0,0.015145872129112354,0.04251532156966827,0.023525930535072,0.0005534694075408819,0.0,0.0,0.0,1.0,0.0,0.0,0.0,0.0,0.0,0.04350997575606297,0.007877635521839167,0.09132472048108364,0.0,0.0,0.0,0.0,0.0,0.0,0.004251012145748988,0.00022626872856761418,0.002183406113537118,0.00019976738530953374,0.41021728515625,0.0035247802734375,0.015518913676042677,0.8,0.0,0.0,0.0,0.0,0.0,0.0,0.0,0.0
1018845,0.006790471975951048,0.3529411764705882,0.9998722625784427,0.0008097165991902834,0.0004366812227074236,2.5839330114202854e-05,4.152762906622202e-05,0.0021260086902545002,0.0,0.003958268712826988,0.004029997728260658,0.28013698630136985,0.0,0.09492288019985054,0.20414335713154894,6.722702396691746e-07,8.681552872515021e-07,0.9996489532384926,1.3566041744341636e-06,0.13995525346838492,0.9998728725324916,0.9998704306295548,0.9996486688769537,4.7260682085952086e-07,0.139954204526961,0.9998728725324916,0.02160445926186321,0.007765476865344058,0.013415641394506133,0.018187323876047243,0.0018791189328248611,0.0,0.0,0.0,0.0,0.0007840062720501764,0.0005021505141584612,4.821654707e-07,7.714647531499999e-07,0.0,0.006346989447548107,0.030780022784488183,0.01485051362394154,0.00022053775489499401,0.0,0.0,0.0,1.0,0.0,0.0,0.0,0.0,0.0,0.03418618475545858,0.003958268712826988,0.09492288019985054,0.0,0.0,0.0,0.0,0.0,0.0,0.0008097165991902834,2.5839330114202854e-05,0.0004366812227074236,4.152762906622202e-05,0.1250152587890625,1.52587890625e-05,0.0019398642095053346,0.5,0.0,0.0,0.0,0.0,0.0,0.0,0.0,0.0
807447,0.000808752842079563,1.0,0.9998694621147436,0.0,0.0001091703056768559,4.422948397926615e-06,1.5666560423899645e-05,0.0005896958410924892,0.03104575163398693,0.0033877074569239984,0.0,0.14315068493150684,0.30377906976744184,0.1432410249947203,0.0,3.002189227987041e-05,2.705946297495881e-05,0.9996480566361602,0.0,0.1399537915694875,0.9998728921100203,0.9998694421197557,0.9996480024200123,0.0,0.13995377534960354,0.9998728725293126,0.0,0.0,0.0,0.0,0.0,0.0,0.0,0.0,0.0,5.600044800358403e-05,4.366526210073576e-05,1.3529602770874999e-05,2.7059205541749998e-05,0.048223350253807105,0.0032433271260086903,0.03768172892430899,0.011205253729877653,0.00012555771115100442,0.0,0.0,0.0,0.0,0.0,0.0,0.0,0.0,0.01282051282051282,0.05649971900629759,0.0033877074569239984,0.1432410249947203,0.0,0.0,0.0,0.0,0.0,0.0,0.0,4.422948397926615e-06,0.0001091703056768559,1.5666560423899645e-05,0.0,0.0,0.0,0.2,0.0,0.0,0.0,0.0,0.0,0.0,0.0,0.0
863469,0.000808752842079563,1.0,0.9998694422677359,0.0,0.0001091703056768559,9.777043826995675e-06,1.589143928165897e-05,0.001303538175046555,0.06862745098039216,0.007488616483726734,0.0,0.1452054794520548,0.3081395348837209,0.14529711626258712,0.0,0.0028169282159137337,0.002118644324691376,0.9996480031124579,0.0,0.139953775556763,0.9998728727793963,0.9998694421197557,0.9996480024200123,0.0,0.13995377534960354,0.9998728725293126,0.0,0.0,0.0,0.0,0.0,0.0,0.0,0.0,0.0,5.600044800358403e-05,4.366526210073576e-05,0.0010593220338983,0.0021186440677966,0.10659898477157359,0.0032898820608317815,0.050242305232425205,0.008387558347516134,7.035113503293471e-05,0.0,0.0,0.0,0.0,0.0,0.0,0.0,0.0,0.01282051282051282,0.07533295867506346,0.007488616483726734,0.14529711626258712,0.0,0.0,0.0,0.0,0.0,0.0,0.0,9.777043826995675e-06,0.0001091703056768559,1.589143928165897e-05,0.0,0.0,0.0,0.2,0.0,0.0,0.0,0.0,0.0,0.0,0.0,0.0
251688,0.00033570872690095066,0.3529411764705882,0.9998694420174995,0.0,0.0001091703056768559,0.0,0.0,0.0,0.0,0.0,0.0,0.0,0.0,0.0,0.0,0.0,0.08333333356932011,0.9996480024376169,0.0,0.1399537753548703,0.9998728725356706,0.9998694421197557,0.9996480024200123,0.0,0.13995377534960354,0.9998728725293126,0.0,0.0,0.0,0.0,0.0,0.0,0.0,0.0,0.0,0.00022400179201433613,0.00017466104840294303,0.04166666666666675,0.0833333333333335,0.0,0.0,0.0,0.0,0.0,0.0,0.0,0.0,0.0,1.0,1.0,0.0,0.0,0.01282051282051282,0.0,0.0,0.0,0.0,0.0,0.0,0.0,0.0,0.0,0.0,0.0,0.0001091703056768559,0.0,0.003692626953125,0.0035247802734375,0.0,0.8,0.0,0.0,0.0,0.0,0.0,0.0,0.0,0.0
603452,0.006759953000778234,0.3529411764705882,0.9998695102536922,0.0016194331983805667,0.0007641921397379913,6.483111204329275e-05,0.00028282264344197777,0.003196772191185599,0.0,0.0055174065892017714,0.005605267459967599,1.0,0.0,0.36941106446006816,0.6938040022728461,0.00015504230703525772,6.377170057153261e-05,0.9996480146892105,1.446280582711529e-08,0.1399537892564994,0.9998728725303723,0.9998695103624763,0.9996480254247588,1.730084789162675e-08,0.1399537913579391,0.9998728725515658,0.0003883437408216925,6.979286772697367e-05,0.00013903172243793003,0.00023511863642909972,8.98639898628387e-09,0.0,0.0,0.0,0.0,0.0013440107520860168,0.0008296399799139793,3.5871436770625e-05,5.58000127543e-05,0.0,0.02265673494723774,0.10102903172893594,0.05387569944131183,0.002902590990290589,0.0,0.0,0.0,1.0,0.0,0.0,0.0,0.0,0.0,0.10729990495494235,0.0055174065892017714,0.36941106446006816,0.0,0.0,0.0,0.0,0.0,0.0,0.0016194331983805667,6.483111204329275e-05,0.0007641921397379913,0.00028282264344197777,0.1250152587890625,0.0018310546875,0.0038797284190106693,0.5,0.0,0.0,0.0,0.0,0.0,0.0,0.0,0.0
669213,0.0012207590069125479,0.3529411764705882,0.9998751662069791,0.0006072874493927125,0.0004366812227074236,1.1290157752602148e-05,1.7390631666721135e-05,0.0015052762259466172,0.0,0.00216189225869492,0.00307724762244161,0.1589041095890411,0.0,0.03975109784542478,0.12279099793060165,1.4044298757237506e-07,3.8039263897707174e-07,0.9996502077194391,4.621057342983182e-06,0.1399583395492877,0.9998728725727594,0.999869509208125,0.9996480627283127,8.304298964025633e-08,0.13995382912065196,0.9998728726893238,0.04384438252349328,0.015759364029188847,0.03595076468629398,0.04403343978322343,2.7947700847342834e-06,0.0,0.0,0.0,0.0,0.0006440051520412163,0.0005021505141584612,1.9006759945e-07,3.801351989e-07,0.0,0.0036002482929857233,0.014499753001301439,0.009080349962925583,8.245275544926571e-05,0.0,0.0,0.0,1.0,0.0,0.0,0.0,0.0,0.01282051282051282,0.016305620660589392,0.00216189225869492,0.03975109784542478,0.0,0.0,0.0,0.0,0.0,0.0,0.0006072874493927125,1.1290157752602148e-05,0.0004366812227074236,1.7390631666721135e-05,0.1250152587890625,0.002166748046875,0.0009699321047526673,0.5,0.0,0.0,0.0,0.0,0.0,0.0,0.0,0.0
553445,0.0012207590069125479,0.3529411764705882,0.9998694421023623,0.00020242914979757084,0.0,0.0,0.0,0.0,0.0,0.0,0.0,0.0,0.0,0.0,0.0,0.0,0.005952381208288769,0.999648002666476,0.0,0.13995377542333826,0.9998728726183254,0.9998694422111464,0.999648002666476,0.0,0.13995377542333826,0.9998728726183254,0.0,0.0,0.0,0.0,0.0,0.0,0.0,0.0,0.0,0.00028000224001792015,0.0,0.0059523809523809494,0.0,0.0,0.0,0.0,0.0,0.0,0.0,0.0,0.0,0.0,1.0,0.0,0.0,0.0,0.0,0.0,0.0,0.0,0.0,0.0,0.0,0.0,0.0,0.0,0.00020242914979757084,0.0,0.0,0.0,0.0042572021484375,0.0,0.0,0.5,0.0,0.0,0.0,0.0,0.0,0.0,0.0,0.0
119619,0.0003204492393145438,0.3529411764705882,0.9998694420338192,0.0,0.0001091703056768559,0.0,0.0,0.0,0.0,0.0,0.0,0.0,0.0,0.0,0.0,0.0,0.023809524060834475,0.9996480024816282,0.0,0.13995377536803721,0.9998728725515658,0.9998694421197557,0.9996480024200123,0.0,0.13995377534960354,0.9998728725293126,0.0,0.0,0.0,0.0,0.0,0.0,0.0,0.0,0.0,0.00028000224001792015,0.00010916315525183939,0.011904761904761899,0.023809523809523798,0.0,0.0,0.0,0.0,0.0,0.0,0.0,0.0,1.0,0.0,0.0,0.0,0.0,0.01282051282051282,0.0,0.0,0.0,0.0,0.0,0.0,0.0,0.0,0.0,0.0,0.0,0.0001091703056768559,0.0,0.41021728515625,1.52587890625e-05,0.0,1.0,0.0,0.0,0.0,0.0,0.0,0.0,0.0,0.0
448856,0.006759953000778234,0.3529411764705882,0.9998700662049114,0.0016194331983805667,0.0007641921397379913,5.9593409993116494e-05,0.0003351444576806474,0.0030105524518932343,0.0,0.005071655608027561,0.005296844092060035,0.9794520547945206,0.0,0.4377516218396506,0.7361872812796205,1.9506978136983714e-05,6.972348159255038e-06,0.9996481146423721,1.6484652920661395e-07,0.13995399492722646,0.9998728725303723,0.9998700663136956,0.9996482128369371,1.9901842356276365e-07,0.13995399492722646,0.9998728725536852,0.0019064170005070828,0.00034261994095055197,0.0006763434638970869,0.0010600763357085298,8.98639898628387e-09,0.0,0.0,0.0,0.0,0.0013440107520860168,0.0008296399799139793,3.921801030475e-06,6.10057938075e-06,0.0,0.02219118559900683,0.11626504967790503,0.05939710386584662,0.0035280159476502896,0.0,0.0,0.0,1.0,0.0,0.0,0.0,0.0,0.0,0.12348162272297407,0.005071655608027561,0.4377516218396506,0.0,0.0,0.0,0.0,0.0,0.0,0.0016194331983805667,5.9593409993116494e-05,0.0007641921397379913,0.0003351444576806474,0.1250152587890625,0.0026397705078125,0.0038797284190106693,0.5,0.0,0.0,0.0,0.0,0.0,0.0,0.0,0.0
602372,0.0012207590069125479,0.3529411764705882,0.9998694985785338,0.0006072874493927125,0.0003275109170305677,5.9011443098652463e-05,2.2337966537426287e-05,0.007867783985102421,0.0,0.011299787372766231,0.016084170562658723,0.20410958904109588,0.0,0.06807946642490005,0.18212274035662984,3.477339351160651e-05,3.365863452075992e-05,0.9996480278453845,1.7082683413659286e-08,0.1399537907329495,0.9998728726172658,0.9998694986873179,0.9996480532707569,3.2919713739272765e-08,0.13995380270518662,0.9998728759425315,0.0002307611361478286,0.00012441669396510017,0.00011355810533281864,0.0001726725730653471,6.346194964113669e-05,0.0,0.0,0.0,0.0,0.0006440051520412163,0.00039298735890662184,1.92333583367e-05,2.885003750505e-05,0.0,0.007867783985102421,0.03991288392640623,0.02207684854204987,0.00048738724154874903,0.0,0.0,0.0,1.0,0.0,0.0,0.0,0.0,0.0,0.04559626446122261,0.011299787372766231,0.06807946642490005,0.0,0.0,0.0,0.0,0.0,0.0,0.0006072874493927125,5.9011443098652463e-05,0.0003275109170305677,2.2337966537426287e-05,0.1250152587890625,0.0156707763671875,0.0009699321047526673,0.5,0.0,0.0,0.0,0.0,0.0,0.0,0.0,0.0
125988,0.0003204492393145438,0.3529411764705882,0.9998694420131475,0.0,0.0001091703056768559,0.0,0.0,0.0,0.0,0.0,0.0,0.0,0.0,0.0,0.0,0.0,0.25000000019308016,0.9996480024258805,0.0,0.13995377535135914,0.9998728725314319,0.9998694421197557,0.9996480024200123,0.0,0.13995377534960354,0.9998728725293126,0.0,0.0,0.0,0.0,0.0,0.0,0.0,0.0,0.0,0.00028000224001792015,0.00010916315525183939,0.125,0.25,0.0,0.0,0.0,0.0,0.0,0.0,0.0,0.0,1.0,0.0,0.0,0.0,0.0,0.01282051282051282,0.0,0.0,0.0,0.0,0.0,0.0,0.0,0.0,0.0,0.0,0.0,0.0001091703056768559,0.0,0.41021728515625,1.52587890625e-05,0.0,1.0,0.0,0.0,0.0,0.0,0.0,0.0,0.0,0.0
638180,0.0012207590069125479,0.3529411764705882,0.9998694982020913,0.00040485829959514163,0.0004366812227074236,5.0747513197263264e-05,6.439031293842006e-05,0.006765983860955929,0.0,0.012956495186127409,0.01597153171188585,0.5883561643835616,0.0,0.147181866591465,0.45464425526890867,5.631456585921617e-05,3.388412290285187e-05,0.9996480276761853,2.6743930289461352e-08,0.1399537956231418,0.9998728725568642,0.9998694726050729,0.999648043526638,3.037830890918215e-08,0.13995379565123123,0.9998728777132514,0.0002379364824180807,8.552355915246359e-05,0.00018923798792710157,0.000234155996042125,2.336463736433806e-07,0.0,0.0,0.0,0.0,0.0005040040320322563,0.0005021505141584612,1.45216566306e-05,3.872441768155e-05,0.0,0.013330229671011794,0.06420768283813176,0.03635841144848535,0.0013219340830570446,0.0,0.0,0.0,1.0,0.0,0.0,0.0,0.0,0.01282051282051282,0.07335051239414073,0.012956495186127409,0.147181866591465,0.0,0.0,0.0,0.0,0.0,0.0,0.00040485829959514163,5.0747513197263264e-05,0.0004366812227074236,6.439031293842006e-05,0.1250152587890625,0.00048828125,0.0009699321047526673,0.5,0.0,0.0,0.0,0.0,0.0,0.0,0.0,0.0
995462,0.006790471975951048,0.3529411764705882,0.9998706445729569,0.001012145748987854,0.0005458515283842794,5.295898739622657e-05,2.5336351307550622e-05,0.0021725636250775914,0.0,0.006760556547805886,0.00399320218452724,0.09931506849315068,0.0,0.04633058990259853,0.07384276992570547,1.6113295592649073e-06,2.4882427324094267e-06,0.9996483267286973,3.358987941029438e-07,0.13995402134356957,0.9998728725928931,0.9998706446044943,0.9996486509957182,2.910589011722287e-07,0.13995402139623725,0.9998728726172658,0.009210877834946184,0.002483058863097055,3.408217977654203e-05,0.0023477124881119147,0.00246384594206438,0.0,0.0,0.0,0.0,0.0009240073920591365,0.0006113136694103006,1.357082887e-06,2.26180481165e-06,0.0,0.002250155183116077,0.02621193950610698,0.007196045798239752,5.1783075130283886e-05,0.0,0.0,0.0,1.0,0.0,0.0,0.0,0.0,0.0,0.028583270923118555,0.006760556547805886,0.04633058990259853,0.0,0.0,0.0,0.0,0.0,0.0,0.001012145748987854,5.295898739622657e-05,0.0005458515283842794,2.5336351307550622e-05,0.1250152587890625,1.52587890625e-05,0.0038797284190106693,0.5,0.0,0.0,0.0,0.0,0.0,0.0,0.0,0.0
1018084,0.006790471975951048,0.3529411764705882,0.9998708325766257,0.001012145748987854,0.0005458515283842794,5.295898739622657e-05,2.5336351307550622e-05,0.0021725636250775914,0.0,0.006760556547805886,0.00399320218452724,0.09931506849315068,0.0,0.04633058990259853,0.07384276992570547,1.3934787388040427e-06,2.151868566046023e-06,0.9996483774298032,3.88144328312615e-07,0.13995405587336587,0.9998728725928931,0.9998708326136029,0.999648752400864,3.3611576672513343e-07,0.13995405608228093,0.9998728729425865,0.010650947330299915,0.002871271299304518,1.6944867274619128e-06,0.0026756715117752473,0.0028695189515021927,0.0,0.0,0.0,0.0,0.0009240073920591365,0.0006113136694103006,1.17360606895e-06,1.9560101149e-06,0.0,0.002250155183116077,0.02621193950610698,0.007196045798239752,5.1783075130283886e-05,0.0,0.0,0.0,1.0,0.0,0.0,0.0,0.0,0.0,0.028583270923118555,0.006760556547805886,0.04633058990259853,0.0,0.0,0.0,0.0,0.0,0.0,0.001012145748987854,5.295898739622657e-05,0.0005458515283842794,2.5336351307550622e-05,0.1250152587890625,1.52587890625e-05,0.0038797284190106693,0.5,0.0,0.0,0.0,0.0,0.0,0.0,0.0,0.0
745667,0.000808752842079563,1.0,0.9998694423210471,0.0,0.0001091703056768559,5.121308671283449e-06,8.095638879335702e-06,0.0006828057107386717,0.03594771241830066,0.003922608634333051,0.0,0.07397260273972603,0.1569767441860465,0.07401928564320476,0.0,0.0011978289350552116,0.001754386221900826,0.9996480032562285,0.0,0.13995377559977493,0.9998728728313204,0.9998694421197557,0.9996480024200123,0.0,0.13995377534960354,0.9998728725293126,0.0,0.0,0.0,0.0,0.0,0.0,0.0,0.0,0.0,5.600044800358403e-05,4.366526210073576e-05,0.00087719298245615,0.0017543859649123,0.055837563451776644,0.0016759776536312849,0.025914452172494013,0.004193779173752392,1.7587783758233355e-05,0.0,0.0,0.0,0.0,0.0,0.0,0.0,0.0,0.01282051282051282,0.03885594710608536,0.003922608634333051,0.07401928564320476,0.0,0.0,0.0,0.0,0.0,0.0,0.0,5.121308671283449e-06,0.0001091703056768559,8.095638879335702e-06,0.0,0.0,0.0,0.2,0.0,0.0,0.0,0.0,0.0,0.0,0.0,0.0
734428,0.006759953000778234,0.3529411764705882,0.9998695407749127,0.0014170040485829958,0.0005458515283842794,6.296881798100786e-05,0.0003206772511647975,0.0030105524518932343,0.0,0.006028782020381195,0.005572111561714584,1.0,0.0,0.586397229595611,0.730886095969147,0.00011922770163486624,3.580227776653306e-05,0.999648024615683,3.611842310521965e-08,0.13995382278648794,0.9998728725303723,0.9998695408836968,0.9996480404697335,4.410917860801117e-08,0.13995382278648794,0.9998728725536852,0.0006569567036355896,0.00017710170462193592,0.0003687644973133931,0.0005480269869117321,8.98639898628387e-09,0.0,0.0,0.0,0.0,0.0012040096320770567,0.0006113136694103006,2.2032012514175e-05,2.7540015642749998e-05,0.0,0.02265673494723774,0.13653252006485153,0.06294939500686716,0.0039626263317310536,0.0,0.0,0.0,1.0,0.0,0.0,0.0,0.0,0.0,0.14697551735025233,0.006028782020381195,0.586397229595611,0.0,0.0,0.0,0.0,0.0,0.0,0.0014170040485829958,6.296881798100786e-05,0.0005458515283842794,0.0003206772511647975,0.1250152587890625,0.0009307861328125,0.0038797284190106693,0.5,0.0,0.0,0.0,0.0,0.0,0.0,0.0,0.0
622062,0.006759953000778234,0.3529411764705882,0.9999356073530251,0.002631578947368421,0.0014192139737991267,0.0001196523935018042,0.00014212343810389344,0.005819366852886406,0.0,0.006546171552103807,0.008924745679902429,0.5965753424657534,0.0,0.09995766779170985,0.3381963285139435,1.0798550513666478e-07,1.1125049304635966e-07,0.9996548653303062,1.0063044351226074e-05,0.13996255667523103,0.9998728725547448,0.9999356074618164,0.9996617282406003,1.2071771128368766e-05,0.13996256689012385,0.9998728733548008,0.506710528005564,0.045532832307441526,0.061221237299816204,0.08383793338017904,3.5496275995821286e-06,0.0,0.0,0.0,0.0,0.002044016352130817,0.0018776062703316375,5.7551953349999996e-08,1.0688219905e-07,0.0,0.01351644941030416,0.04142156968974046,0.027007002199550913,0.000729378167806555,0.0,0.0,0.0,1.0,0.0,0.0,0.0,0.0,0.0,0.042938317966061026,0.006546171552103807,0.09995766779170985,0.0,0.0,0.0,0.0,0.0,0.0,0.002631578947368421,0.0001196523935018042,0.0014192139737991267,0.00014212343810389344,0.1250152587890625,0.001953125,0.009699321047526674,0.5,0.00041382524349984734,0.0012938246778656736,0.0019066761724271365,0.00011460322962448846,2.940855249126728e-05,2.1190678193146555e-07,1.0210294953668218e-05,0.0007837432357375228
165080,0.0003204492393145438,0.3529411764705882,0.9998694420131475,0.0,0.0001091703056768559,0.0,0.0,0.0,0.0,0.0,0.0,0.0,0.0,0.0,0.0,0.0,0.25000000019308016,0.9996480024258805,0.0,0.13995377535135914,0.9998728725314319,0.9998694421197557,0.9996480024200123,0.0,0.13995377534960354,0.9998728725293126,0.0,0.0,0.0,0.0,0.0,0.0,0.0,0.0,0.0,0.00028000224001792015,0.00010916315525183939,0.125,0.25,0.0,0.0,0.0,0.0,0.0,0.0,0.0,0.0,1.0,0.0,0.0,0.0,0.0,0.01282051282051282,0.0,0.0,0.0,0.0,0.0,0.0,0.0,0.0,0.0,0.0,0.0,0.0001091703056768559,0.0,0.41021728515625,1.52587890625e-05,0.0,1.0,0.0,0.0,0.0,0.0,0.0,0.0,0.0,0.0
1016277,0.000808752842079563,1.0,0.9998697875362559,0.00020242914979757084,0.0002183406113537118,8.613110038067619e-06,7.945719640829484e-06,0.0005741775294847921,0.03022875816993464,0.0032985572606891566,0.0,0.0363013698630137,0.07703488372093023,0.03632427906564678,0.0,1.2729499550704098e-06,3.1490405921393108e-06,0.9996483130259018,4.2850691541958544e-07,0.1399540526351825,0.9998728730135849,0.9998697871478313,0.999648932896801,0.0,0.13995405372101413,0.9998732085803749,0.002636343892228999,0.002842811373714957,0.0,0.0026480646596340066,0.002842811373714957,0.0,0.0,0.0,0.0,0.00011200089600716806,8.733052420147152e-05,1.574391576375e-06,3.14878315275e-06,0.04695431472081218,0.0008224705152079454,0.017214600371736947,0.000994642064465683,9.893128364006504e-07,0.0,0.0,0.0,0.0,0.0,0.0,0.0,0.0,0.01282051282051282,0.021509542148011537,0.0032985572606891566,0.03632427906564678,0.0,0.0,0.0,0.0,0.0,0.0,0.00020242914979757084,8.613110038067619e-06,0.0002183406113537118,7.945719640829484e-06,0.0,0.0,0.0009699321047526673,0.2,0.0,0.0,0.0,0.0,0.0,0.0,0.0,0.0
184844,0.00033570872690095066,0.3529411764705882,0.9998698365020725,0.004251012145748988,0.00240174672489083,0.00023371790481675376,0.00019976738530953374,0.009931719428926133,0.0,0.008136981547250425,0.008767436145188958,0.6684931506849315,0.0,0.08302247316464642,0.2737832352974904,2.8945244892528245e-05,3.0337636668939877e-05,0.9996480271611612,5.505049542934187e-08,0.13995388569361994,0.9998728725367303,0.9998698365618973,0.9996480530741727,7.625334183205941e-08,0.13995388569361994,0.9998728726670706,0.003021629152120166,0.00015515574150708685,0.00047894104346250604,0.0013572894624904871,6.290479290398709e-08,0.0,0.0,0.0,0.0,0.004984039872318979,0.0038862083269654824,1.5168689618274999e-05,3.0337379236549998e-05,0.0,0.015145872129112354,0.04118987585104574,0.02312514385281429,0.000534772278213359,0.0,0.0,0.0,1.0,0.0,0.0,0.0,0.0,0.01282051282051282,0.04210896123067235,0.008136981547250425,0.08302247316464642,0.0,0.0,0.0,0.0,0.0,0.0,0.004251012145748988,0.00023371790481675376,0.00240174672489083,0.00019976738530953374,0.41021728515625,0.0035247802734375,0.015518913676042677,0.8,0.0,0.0,0.0,0.0,0.0,0.0,0.0,0.0
783907,0.006759953000778234,0.3529411764705882,0.9999963039719035,0.004858299595141701,0.003056768558951965,9.579175082877905e-05,0.0014579645944729574,0.005291744258224706,0.0,0.002934824460051001,0.005487642694762596,0.9452054794520548,0.0,0.4760830376191869,0.7255272357983971,3.9048581148702975e-07,1.1389111304567986e-07,0.9996545817123621,9.689775885531823e-06,0.13996255925155743,0.9998728725293126,0.9999963040807014,0.999662257553437,1.1789201319627047e-05,0.13996263545112925,0.999872872550506,0.9313634377138983,0.03719644244187006,0.05956375382476166,0.08449241165231823,0.0,0.0,0.0,0.0,0.0,0.003584028672229378,0.0038425430648647467,5.3600789099999995e-08,1.2006576755e-07,0.0,0.021415270018621976,0.14891261023049968,0.0675796277615482,0.004567006088388732,0.0,0.0,0.0,1.0,0.0,0.0,0.0,0.0,0.01282051282051282,0.15166088095528346,0.002934824460051001,0.4760830376191869,0.0,0.0,0.0,0.0,0.0,0.0,0.004858299595141701,9.579175082877905e-05,0.003056768558951965,0.0014579645944729574,0.1250152587890625,0.0039215087890625,0.014548981571290009,0.5,0.0015136543606009485,0.003844649320848098,0.008066155336500277,0.0008567292623436316,2.9478722711040662e-05,7.524386622404162e-10,1.021329052104501e-05,0.0007939452511306831
792052,0.006759953000778234,0.3529411764705882,0.9998806127831479,0.019433198380566803,0.02576419213973799,0.0019239825530980774,0.02397883260287683,0.011995654872749846,0.0,0.015192296327440838,0.018331126372746913,1.0,0.0,0.9289873385281114,0.3266110868444513,7.358974020705536e-05,8.108442146562563e-06,0.9996480931594782,6.225795136595928e-07,0.13995794126063557,0.9998728725293126,0.9998754494440666,0.9996481711766848,1.9289723790004508e-07,0.13995434744592566,0.9998728725844157,0.08474326456870931,0.0003888510823754205,0.0037668768079139525,0.040130477115129154,0.0,0.0,0.0,0.0,0.0,0.013664109312874503,0.0258280025325852,2.3618435937500003e-06,1.1492682229399999e-05,0.0,0.02265673494723774,0.3995237076809196,0.07035190848986504,0.004949391028165981,0.0,0.0,0.0,1.0,0.0,0.0,0.0,0.0,0.02564102564102564,0.40056130800483,0.015192296327440838,0.9289873385281114,0.0,0.0,0.0,0.0,0.0,0.0,0.019433198380566803,0.0019239825530980774,0.02576419213973799,0.02397883260287683,0.1250152587890625,0.3190765380859375,0.02521823472356935,0.5,0.0,0.0,0.0,0.0,0.0,0.0,0.0,0.0
949454,0.000808752842079563,1.0,0.9998694422851436,0.0,0.0001091703056768559,4.772128534605031e-06,4.2726982974271755e-06,0.0006362507759155804,0.03349673202614379,0.0036551580456285248,0.0,0.03904109589041096,0.08284883720930232,0.03906573408946917,0.0,0.0008734169318110926,0.001984127241056381,0.9996480031594034,0.0,0.1399537755708077,0.9998728727963511,0.9998694421197557,0.9996480024200123,0.0,0.13995377534960354,0.9998728725293126,0.0,0.0,0.0,0.0,0.0,0.0,0.0,0.0,0.0,5.600044800358403e-05,4.366526210073576e-05,0.0009920634920635,0.001984126984127,0.052030456852791875,0.0008845437616387337,0.018378106387632213,0.0010484447934352606,1.0992364848891821e-06,0.0,0.0,0.0,0.0,0.0,0.0,0.0,0.0,0.01282051282051282,0.02755600330482584,0.0036551580456285248,0.03906573408946917,0.0,0.0,0.0,0.0,0.0,0.0,0.0,4.772128534605031e-06,0.0001091703056768559,4.2726982974271755e-06,0.0,0.0,0.0,0.2,0.0,0.0,0.0,0.0,0.0,0.0,0.0,0.0
527911,0.0012207590069125479,0.3529411764705882,0.9999286355089673,0.00020242914979757084,0.0,0.0,0.0,0.0,0.0,0.0,0.0,0.0,0.0,0.0,0.0,0.0,9.447505247567834e-09,0.9998076363160556,0.0,0.14000153313717556,0.9999305259184088,0.9999286356177578,0.9998076363160556,0.0,0.14000153313717556,0.9999305259184088,0.0,0.0,0.0,0.0,0.0,0.0,0.0,0.0,0.0,0.00028000224001792015,0.0,9.19006505e-09,0.0,0.0,0.0,0.0,0.0,0.0,0.0,0.0,0.0,0.0,1.0,0.0,0.0,0.0,0.0,0.0,0.0,0.0,0.0,0.0,0.0,0.0,0.0,0.0,0.00020242914979757084,0.0,0.0,0.0,0.0042724609375,0.0,0.0,0.5,0.0,0.0,0.0,0.0,0.0,0.0,0.0,0.0
273755,0.00033570872690095066,0.3529411764705882,0.9998698879648128,0.004048582995951417,0.002183406113537118,0.0002244064345053293,0.00019976738530953374,0.009931719428926133,0.0,0.008184837063844331,0.008866982507613535,0.6684931506849315,0.0,0.09132472048108364,0.284505952267003,2.516663753709197e-05,2.5006966550837204e-05,0.9996480324863842,5.158110884464624e-08,0.1399538676488015,0.9998728725367303,0.9998698879876462,0.9996480625411666,7.79895747464395e-08,0.1399538720781518,0.9998728728058882,0.003415714836705161,0.0001938536529953802,0.0005184109826528837,0.0015572340562581273,8.986398986283869e-08,0.0,0.0,0.0,0.0,0.0047600380803046426,0.003536886230159596,1.2808314425824998e-05,2.4396789382499997e-05,0.0,0.015145872129112354,0.043376486453454474,0.023734549568842283,0.0005633288432358147,0.0,0.0,0.0,1.0,0.0,0.0,0.0,0.0,0.0,0.04441646716233105,0.008184837063844331,0.09132472048108364,0.0,0.0,0.0,0.0,0.0,0.0,0.004048582995951417,0.0002244064345053293,0.002183406113537118,0.00019976738530953374,0.41021728515625,0.0035247802734375,0.015518913676042677,0.8,0.0,0.0,0.0,0.0,0.0,0.0,0.0,0.0
453271,0.05171440343033281,0.3529411764705882,0.9998711604885338,0.0014170040485829958,0.0007641921397379913,0.000131757304906656,0.00011851115803916429,0.010257603972687771,0.0,0.012614752767230153,0.01413579844267422,0.8034246575342466,0.0,0.15479429973794248,0.4552779038383969,3.857665665093318e-06,2.3744174617637296e-06,0.9996483334496956,5.79418329043281e-07,0.139954611971886,0.9998728725335513,0.9998711605973181,0.9996486644793788,9.165607610634521e-07,0.13995474466805768,0.9998728725335513,0.012385722714335322,0.00222595349489998,0.004099418011401154,0.007978162628383268,0.0008410640403232662,0.0,0.0,0.0,0.0,0.0012040096320770567,0.0008296399799139793,1.2662186785e-06,2.21588268735e-06,0.0,0.01820297951582868,0.06725692800766467,0.03606527624537395,0.0013007041506551173,0.0,0.0,0.0,1.0,0.0,0.0,0.0,0.0,0.0,0.07171169013525783,0.012614752767230153,0.15479429973794248,0.0,0.0,0.0,0.0,0.0,0.0,0.0014170040485829958,0.000131757304906656,0.0007641921397379913,0.00011851115803916429,0.1250152587890625,0.9593048095703125,0.004849660523763337,0.5,0.0,0.0,0.0,0.0,0.0,0.0,0.0,0.0
584946,0.000808752842079563,1.0,0.9998694430021252,0.0,0.0001091703056768559,2.5606543356417244e-06,4.047819439667851e-06,0.00034140285536933584,0.01797385620915033,0.0019613043171665253,0.0,0.036986301369863014,0.07848837209302326,0.03700964282160238,0.0,0.00018736621651522245,0.0005488476777160297,0.9996480050929699,0.0,0.1399537761492742,0.9998728734946781,0.9998694421197557,0.9996480024200123,0.0,0.13995377534960354,0.9998728725293126,0.0,0.0,0.0,0.0,0.0,0.0,0.0,0.0,0.0,5.600044800358403e-05,4.366526210073576e-05,0.000274423710208575,0.00054884742041715,0.027918781725888322,0.0008379888268156424,0.01295722608626684,0.002096889586881871,4.396945939558017e-06,0.0,0.0,0.0,0.0,0.0,0.0,0.0,0.0,0.01282051282051282,0.01942797355304268,0.0019613043171665253,0.03700964282160238,0.0,0.0,0.0,0.0,0.0,0.0,0.0,2.5606543356417244e-06,0.0001091703056768559,4.047819439667851e-06,0.0,0.0,0.0,0.2,0.0,0.0,0.0,0.0,0.0,0.0,0.0,0.0
146463,0.0003204492393145438,0.3529411764705882,0.9998694420131475,0.0,0.0001091703056768559,0.0,0.0,0.0,0.0,0.0,0.0,0.0,0.0,0.0,0.0,0.0,0.25000000019308016,0.9996480024258805,0.0,0.13995377535135914,0.9998728725314319,0.9998694421197557,0.9996480024200123,0.0,0.13995377534960354,0.9998728725293126,0.0,0.0,0.0,0.0,0.0,0.0,0.0,0.0,0.0,0.00028000224001792015,0.00010916315525183939,0.125,0.25,0.0,0.0,0.0,0.0,0.0,0.0,0.0,0.0,1.0,0.0,0.0,0.0,0.0,0.01282051282051282,0.0,0.0,0.0,0.0,0.0,0.0,0.0,0.0,0.0,0.0,0.0,0.0001091703056768559,0.0,0.41021728515625,1.52587890625e-05,0.0,1.0,0.0,0.0,0.0,0.0,0.0,0.0,0.0,0.0
671850,0.006759953000778234,0.3529411764705882,0.9999977361279293,0.003036437246963563,0.0018558951965065502,0.00014572451037379267,0.00048468889809059857,0.009342023587833644,0.0,0.0069760028553763915,0.00974466423388227,0.9794520547945206,0.0,0.26068012035348526,0.5858913988343667,1.469997818540146e-07,7.022066073192238e-08,0.9996588144656882,3.383714900795005e-05,0.14000545541638615,0.9998728725303723,0.9999977362367274,0.9996710681174542,4.843752029388613e-05,0.14000545541638615,0.9998728725685206,0.9814181699385176,0.06614242227881437,0.2366045675180378,0.494117417600808,8.98639898628387e-09,0.0,0.0,0.0,0.0,0.0023240185921487373,0.0019212715324323734,3.3921561474999996e-08,7.208331815e-08,0.0,0.02219118559900683,0.09003949964019095,0.04863990452692757,0.0023658403123887,0.0,0.0,0.0,1.0,0.0,0.0,0.0,0.0,0.01282051282051282,0.09273042664340828,0.0069760028553763915,0.26068012035348526,0.0,0.0,0.0,0.0,0.0,0.0,0.003036437246963563,0.00014572451037379267,0.0018558951965065502,0.00048468889809059857,0.1250152587890625,0.002777099609375,0.007759456838021339,0.5,0.004422302985478327,0.007256440409147564,0.007322686142868609,0.0015219198280880448,0.00017214445928665924,2.5603546340492665e-06,6.008987110384872e-05,0.004601608109180354
158595,0.0003204492393145438,0.3529411764705882,0.9998694420120596,0.0,0.0001091703056768559,0.0,0.0,0.0,0.0,0.0,0.0,0.0,0.0,0.0,0.0,0.0,0.5000000001287201,0.9996480024229464,0.0,0.13995377535048134,0.9998728725303723,0.9998694421197557,0.9996480024200123,0.0,0.13995377534960354,0.9998728725293126,0.0,0.0,0.0,0.0,0.0,0.0,0.0,0.0,0.0,0.00028000224001792015,0.00010916315525183939,0.25,0.5,0.0,0.0,0.0,0.0,0.0,0.0,0.0,0.0,1.0,0.0,0.0,0.0,0.0,0.01282051282051282,0.0,0.0,0.0,0.0,0.0,0.0,0.0,0.0,0.0,0.0,0.0,0.0001091703056768559,0.0,0.41021728515625,1.52587890625e-05,0.0,1.0,0.0,0.0,0.0,0.0,0.0,0.0,0.0,0.0
906849,0.006759953000778234,0.3529411764705882,0.9999982743199826,0.014979757085020242,0.02052401746724891,0.00011860485309176896,0.018901367833148282,0.003895096213531968,0.0,0.0012112539995136925,0.002824163799697601,1.0,0.0,0.9192404921235793,0.3842543036744257,4.801879474232678e-06,5.555138140069886e-07,0.9996493285149202,1.1928145284175693e-05,0.14000478205331898,0.9998728725293126,0.9999982744287806,0.9996526975127944,2.2324170050557828e-05,0.14000478205331898,0.9998728726829657,0.9861864000453555,0.005686740184518836,0.07094739314225729,0.4870582751936906,0.0,0.0,0.0,0.0,0.0,0.010584084672677381,0.02058817108049691,1.58343072425e-07,7.938266030499999e-07,0.0,0.02265673494723774,0.3803826298625884,0.07673296373219703,0.0058879477231268094,0.0,0.0,0.0,1.0,0.0,0.0,0.0,0.0,0.02564102564102564,0.38167442758939313,0.0012112539995136925,0.9192404921235793,0.0,0.0,0.0,0.0,0.0,0.0,0.014979757085020242,0.00011860485309176896,0.02052401746724891,0.018901367833148282,0.1250152587890625,0.0005035400390625,0.008729388942774006,0.5,0.010926673280483178,0.025415857072132553,0.021085335052131584,0.0007680115088347743,0.00017104698496926558,2.6656438907637306e-07,5.930693287581613e-05,0.004603356264381496
754949,0.7704667877252682,0.3529411764705882,0.999869739275453,0.00020242914979757084,0.0,0.0,0.0,0.0,0.0,0.0,0.0,0.0,0.0,0.0,0.0,0.0,1.83025103475382e-06,0.999648804087238,0.0,0.13995401518496445,0.999873162059504,0.9998697393842371,0.999648804087238,0.0,0.13995401518496445,0.999873162059504,0.0,0.0,0.0,0.0,0.0,0.0,0.0,0.0,0.0,0.00028000224001792015,0.0,1.8299935950249998e-06,0.0,0.0,0.0,0.0,0.0,0.0,0.0,0.0,0.0,0.0,1.0,0.0,0.0,0.0,0.0,0.0,0.0,0.0,0.0,0.0,0.0,0.0,0.0,0.0,0.00020242914979757084,0.0,0.0,0.0,0.0027618408203125,0.0,0.0,0.5,0.0,0.0,0.0,0.0,0.0,0.0,0.0,0.0
352270,0.00033570872690095066,0.3529411764705882,0.9998694420174995,0.0,0.0001091703056768559,0.0,0.0,0.0,0.0,0.0,0.0,0.0,0.0,0.0,0.0,0.0,0.08333333356932011,0.9996480024376169,0.0,0.1399537753548703,0.9998728725356706,0.9998694421197557,0.9996480024200123,0.0,0.13995377534960354,0.9998728725293126,0.0,0.0,0.0,0.0,0.0,0.0,0.0,0.0,0.0,0.00022400179201433613,0.00017466104840294303,0.04166666666666675,0.0833333333333335,0.0,0.0,0.0,0.0,0.0,0.0,0.0,0.0,0.0,1.0,1.0,0.0,0.0,0.01282051282051282,0.0,0.0,0.0,0.0,0.0,0.0,0.0,0.0,0.0,0.0,0.0,0.0001091703056768559,0.0,0.003692626953125,0.0035247802734375,0.0,0.8,0.0,0.0,0.0,0.0,0.0,0.0,0.0,0.0
369171,0.00033570872690095066,0.3529411764705882,0.9998694420174995,0.0,0.0001091703056768559,0.0,0.0,0.0,0.0,0.0,0.0,0.0,0.0,0.0,0.0,0.0,0.08333333356932011,0.9996480024376169,0.0,0.1399537753548703,0.9998728725356706,0.9998694421197557,0.9996480024200123,0.0,0.13995377534960354,0.9998728725293126,0.0,0.0,0.0,0.0,0.0,0.0,0.0,0.0,0.0,0.00022400179201433613,0.00017466104840294303,0.04166666666666675,0.0833333333333335,0.0,0.0,0.0,0.0,0.0,0.0,0.0,0.0,0.0,1.0,1.0,0.0,0.0,0.01282051282051282,0.0,0.0,0.0,0.0,0.0,0.0,0.0,0.0,0.0,0.0,0.0,0.0001091703056768559,0.0,0.003692626953125,0.0035247802734375,0.0,0.8,0.0,0.0,0.0,0.0,0.0,0.0,0.0,0.0
49245,0.0003204492393145438,0.3529411764705882,0.9998694420305553,0.0,0.0001091703056768559,0.0,0.0,0.0,0.0,0.0,0.0,0.0,0.0,0.0,0.0,0.0,0.027777778028066837,0.9996480024728259,0.0,0.13995377536540385,0.9998728725483867,0.9998694421197557,0.9996480024200123,0.0,0.13995377534960354,0.9998728725293126,0.0,0.0,0.0,0.0,0.0,0.0,0.0,0.0,0.0,0.00028000224001792015,0.00010916315525183939,0.013888888888888899,0.027777777777777797,0.0,0.0,0.0,0.0,0.0,0.0,0.0,0.0,1.0,0.0,0.0,0.0,0.0,0.01282051282051282,0.0,0.0,0.0,0.0,0.0,0.0,0.0,0.0,0.0,0.0,0.0,0.0001091703056768559,0.0,0.41021728515625,1.52587890625e-05,0.0,1.0,0.0,0.0,0.0,0.0,0.0,0.0,0.0,0.0
678680,0.8063265835533243,0.3529411764705882,0.9998694420338192,0.0,0.0001091703056768559,0.0,0.0,0.0,0.0,0.0,0.0,0.0,0.0,0.0,0.0,0.0,0.023809524060834475,0.9996480024816282,0.0,0.13995377536803721,0.9998728725515658,0.9998694421197557,0.9996480024200123,0.0,0.13995377534960354,0.9998728725293126,0.0,0.0,0.0,0.0,0.0,0.0,0.0,0.0,0.0,0.00014000112000896008,0.00010916315525183939,0.011904761904761899,0.023809523809523798,0.0,0.0,0.0,0.0,0.0,0.0,0.0,0.0,0.0,1.0,1.0,0.0,0.0,0.01282051282051282,0.0,0.0,0.0,0.0,0.0,0.0,0.0,0.0,0.0,0.0,0.0,0.0001091703056768559,0.0,0.0027008056640625,0.0039520263671875,0.0,0.5,0.0,0.0,0.0,0.0,0.0,0.0,0.0,0.0
1002906,0.006790471975951048,0.3529411764705882,0.9998710286825127,0.001214574898785425,0.0005458515283842794,4.236718991698126e-05,4.3626498405309054e-05,0.0015983860955927996,0.0,0.004635810204211788,0.003122753177557378,0.28013698630136985,0.0,0.07977634119323179,0.1768140889716656,1.4568765808379563e-06,2.057364091745352e-06,0.9996483914162986,3.62027806644781e-07,0.13995407667358076,0.999872872573819,0.9998710287912969,0.9996487155798706,2.916382224328544e-07,0.13995407681402786,0.999872876167183,0.009292473439280724,0.002505055321215731,0.00043505048645274194,0.002657883591581149,0.002207365128596852,0.0,0.0,0.0,0.0,0.0010640085120680967,0.0006113136694103006,1.199978880375e-06,1.7142555434e-06,0.0,0.006346989447548107,0.02886389924079452,0.01243174391600464,0.0001545482567931324,0.0,0.0,0.0,1.0,0.0,0.0,0.0,0.0,0.0,0.031256569695868375,0.004635810204211788,0.07977634119323179,0.0,0.0,0.0,0.0,0.0,0.0,0.001214574898785425,4.236718991698126e-05,0.0005458515283842794,4.3626498405309054e-05,0.1250152587890625,0.00390625,0.0038797284190106693,0.5,0.0,0.0,0.0,0.0,0.0,0.0,0.0,0.0
321700,0.00033570872690095066,0.3529411764705882,0.9998694420196755,0.0,0.0001091703056768559,0.0,0.0,0.0,0.0,0.0,0.0,0.0,0.0,0.0,0.0,0.0,0.06250000024135019,0.9996480024434851,0.0,0.1399537753566259,0.99987287253779,0.9998694421197557,0.9996480024200123,0.0,0.13995377534960354,0.9998728725293126,0.0,0.0,0.0,0.0,0.0,0.0,0.0,0.0,0.0,0.00022400179201433613,0.00017466104840294303,0.03125,0.0625,0.0,0.0,0.0,0.0,0.0,0.0,0.0,0.0,0.0,1.0,1.0,0.0,0.0,0.01282051282051282,0.0,0.0,0.0,0.0,0.0,0.0,0.0,0.0,0.0,0.0,0.0,0.0001091703056768559,0.0,0.003692626953125,0.0035247802734375,0.0,0.8,0.0,0.0,0.0,0.0,0.0,0.0,0.0,0.0
755682,0.0012207590069125479,0.3529411764705882,0.9999287931252374,0.00020242914979757084,0.0,0.0,0.0,0.0,0.0,0.0,0.0,0.0,0.0,0.0,0.0,0.0,9.423099572574117e-09,0.9998080613779313,0.0,0.14000166030324285,0.9999306794337857,0.999928793234028,0.9998080613779313,0.0,0.14000166030324285,0.9999306794337857,0.0,0.0,0.0,0.0,0.0,0.0,0.0,0.0,0.0,0.00028000224001792015,0.0,9.165659375e-09,0.0,0.0,0.0,0.0,0.0,0.0,0.0,0.0,0.0,0.0,1.0,0.0,0.0,0.0,0.0,0.0,0.0,0.0,0.0,0.0,0.0,0.0,0.0,0.0,0.00020242914979757084,0.0,0.0,0.0,0.0042724609375,0.0,0.0,0.5,0.0,0.0,0.0,0.0,0.0,0.0,0.0,0.0
585480,0.000808752842079563,1.0,0.9998694422905835,0.0,0.0001091703056768559,4.772128534605031e-06,7.870760021576377e-06,0.0006362507759155804,0.03349673202614379,0.0036551580456285248,0.0,0.07191780821917808,0.15261627906976744,0.07196319437533795,0.0,0.0012758975524177609,0.0019455255487681438,0.9996480031740739,0.0,0.1399537755751967,0.9998728728016495,0.9998694421197557,0.9996480024200123,0.0,0.13995377534960354,0.9998728725293126,0.0,0.0,0.0,0.0,0.0,0.0,0.0,0.0,0.0,5.600044800358403e-05,4.366526210073576e-05,0.0009727626459143999,0.0019455252918287999,0.052030456852791875,0.0016294227188081937,0.02472450283804215,0.004193779173752392,1.7587783758233355e-05,0.0,0.0,0.0,0.0,0.0,0.0,0.0,0.0,0.01282051282051282,0.03707174545325491,0.0036551580456285248,0.07196319437533795,0.0,0.0,0.0,0.0,0.0,0.0,0.0,4.772128534605031e-06,0.0001091703056768559,7.870760021576377e-06,0.0,0.0,0.0,0.2,0.0,0.0,0.0,0.0,0.0,0.0,0.0,0.0
477362,0.7753956022156776,0.3529411764705882,0.9998694420686348,0.0,0.0001091703056768559,0.0,0.0,0.0,0.0,0.0,0.0,0.0,0.0,0.0,0.0,0.0,0.00943396251916247,0.9996480025755191,0.0,0.13995377539612663,0.9998728725854754,0.9998694421197557,0.9996480024200123,0.0,0.13995377534960354,0.9998728725293126,0.0,0.0,0.0,0.0,0.0,0.0,0.0,0.0,0.0,0.00014000112000896008,0.00010916315525183939,0.004716981132075475,0.00943396226415095,0.0,0.0,0.0,0.0,0.0,0.0,0.0,0.0,0.0,1.0,1.0,0.0,0.0,0.01282051282051282,0.0,0.0,0.0,0.0,0.0,0.0,0.0,0.0,0.0,0.0,0.0,0.0001091703056768559,0.0,0.015594482421875,0.0038909912109375,0.0,0.5,0.0,0.0,0.0,0.0,0.0,0.0,0.0,0.0
490516,0.006759953000778234,0.3529411764705882,0.9999976913987232,0.003036437246963563,0.0016375545851528386,9.963273233224164e-05,0.0004017085995774076,0.003553693358162632,0.0,0.00476953549856405,0.005106499569044506,1.0,0.0,0.24485762454442672,0.6129016004030334,1.1841439225131949e-07,6.600338758300808e-08,0.9996595312478539,3.4926485344157385e-05,0.14000551396790256,0.9998728725356706,0.9999976915075212,0.9996710600756954,4.840716341817699e-05,0.14000551396790256,0.9998728725621625,0.9814498297997031,0.07559377827076988,0.25164925141700745,0.4940784013673846,8.986398986283869e-08,0.0,0.0,0.0,0.0,0.0023240185921487373,0.0017029452219286946,3.39333922e-08,6.36251104e-08,0.0,0.02265673494723774,0.07703682410019091,0.047997030601549674,0.0023037149465665215,0.0,0.0,0.0,1.0,0.0,0.0,0.0,0.0,0.0,0.07948970087698157,0.00476953549856405,0.24485762454442672,0.0,0.0,0.0,0.0,0.0,0.0,0.003036437246963563,9.963273233224164e-05,0.0016375545851528386,0.0004017085995774076,0.1250152587890625,0.0005035400390625,0.006789524733268671,0.5,0.00412893096410678,0.006436838678757535,0.006701721125405691,0.00155614080280787,0.00017223741545384496,2.7646895640250694e-06,6.015795060324706e-05,0.004601322859636594
1018829,0.000808752842079563,1.0,0.9998694615751034,0.0,0.0001091703056768559,5.936062323533088e-06,1.0194508218422735e-05,0.0007914338919925512,0.04166666666666667,0.004546660007976946,0.0,0.09315068493150686,0.19767441860465115,0.09320947080996154,0.0,2.3356065529626052e-05,2.780584079419166e-05,0.9996480551808506,0.0,0.13995379113410153,0.9998728915844206,0.9998694421197557,0.9996480024200123,0.0,0.13995377534960354,0.9998728725293126,0.0,0.0,0.0,0.0,0.0,0.0,0.0,0.0,0.0,5.600044800358403e-05,4.366526210073576e-05,1.3902791680574999e-05,2.7805583361149997e-05,0.06472081218274112,0.002110490378646803,0.03146754906660271,0.005569862965143265,3.102337345049739e-05,0.0,0.0,0.0,0.0,0.0,0.0,0.0,0.0,0.01282051282051282,0.047182221485960796,0.004546660007976946,0.09320947080996154,0.0,0.0,0.0,0.0,0.0,0.0,0.0,5.936062323533088e-06,0.0001091703056768559,1.0194508218422735e-05,0.0,0.0,0.0,0.2,0.0,0.0,0.0,0.0,0.0,0.0,0.0,0.0
604283,0.0012207590069125479,0.3529411764705882,0.9998806715973975,0.0006072874493927125,0.0006550218340611354,0.0,8.642844099883392e-05,0.0,0.0,0.0,0.0,0.40342465753424656,0.0,0.13170406843615723,0.31524288679841095,2.50890492050758e-07,2.424712120125782e-07,0.9996513673215505,7.747268581406253e-06,0.13996247809508092,0.9998728725897141,0.9998698850685847,0.9996484006036512,3.421447286159071e-07,0.1399540386563075,0.999872898278399,0.08581429958840764,0.0185069836766286,0.052569168662280154,0.08371248878157728,2.965511665473677e-06,0.0,0.0,0.0,0.0,0.0006440051520412163,0.00072047682466214,9.688550875e-08,2.9065652624999996e-07,0.0,0.009140285536933582,0.04157610856434048,0.026475865875716775,0.0007009714738689166,0.0,0.0,0.0,1.0,0.0,0.0,0.0,0.0,0.01282051282051282,0.04571521123807798,0.0,0.13170406843615723,0.0,0.0,0.0,0.0,0.0,0.0,0.0006072874493927125,0.0,0.0006550218340611354,8.642844099883392e-05,0.1250152587890625,0.004241943359375,0.0,0.5,0.0,0.0,0.0,0.0,0.0,0.0,0.0,0.0
339892,0.00033570872690095066,0.3529411764705882,0.9998698643773155,0.004251012145748988,0.00240174672489083,0.00022813102262989908,0.00019976738530953374,0.009931719428926133,0.0,0.00794247202819421,0.008752921671849528,0.6684931506849315,0.0,0.08302247316464642,0.2737832352974904,2.675722623369298e-05,2.8335436846105322e-05,0.9996480289094023,5.11506366162524e-08,0.13995385878658975,0.9998728725314319,0.9998698644414923,0.9996480566544633,7.426538980647343e-08,0.13995385878658975,0.9998728727984705,0.003235189458184603,0.00016612171581292145,0.00046227015543426586,0.0011243472304145478,5.391839391770322e-08,0.0,0.0,0.0,0.0,0.004984039872318979,0.0038862083269654824,1.4167589706599999e-05,2.8335179413199997e-05,0.0,0.015145872129112354,0.040766782754378186,0.02312472522348347,0.0005347529166616369,0.0,0.0,0.0,1.0,0.0,0.0,0.0,0.0,0.01282051282051282,0.04167642749665645,0.00794247202819421,0.08302247316464642,0.0,0.0,0.0,0.0,0.0,0.0,0.004251012145748988,0.00022813102262989908,0.00240174672489083,0.00019976738530953374,0.41021728515625,0.0035247802734375,0.015518913676042677,0.8,0.0,0.0,0.0,0.0,0.0,0.0,0.0,0.0
492616,0.0012207590069125479,0.3529411764705882,0.9998694420990983,0.00020242914979757084,0.0,0.0,0.0,0.0,0.0,0.0,0.0,0.0,0.0,0.0,0.0,0.0,0.006172839762023914,0.9996480026576737,0.0,0.1399537754207049,0.9998728726151463,0.9998694422078824,0.9996480026576737,0.0,0.1399537754207049,0.9998728726151463,0.0,0.0,0.0,0.0,0.0,0.0,0.0,0.0,0.0,0.00028000224001792015,0.0,0.00617283950617285,0.0,0.0,0.0,0.0,0.0,0.0,0.0,0.0,0.0,0.0,1.0,0.0,0.0,0.0,0.0,0.0,0.0,0.0,0.0,0.0,0.0,0.0,0.0,0.0,0.00020242914979757084,0.0,0.0,0.0,0.0042572021484375,0.0,0.0,0.5,0.0,0.0,0.0,0.0,0.0,0.0,0.0,0.0
233442,0.00033570872690095066,0.3529411764705882,0.9998698236399234,0.004251012145748988,0.00240174672489083,0.0002244064345053293,0.00019976738530953374,0.009931719428926133,0.0,0.007812799015493038,0.008741956209752828,0.6684931506849315,0.0,0.08302247316464642,0.2737832352974904,2.9408561980113866e-05,3.136010599257666e-05,0.9996480263544907,4.742488147940517e-08,0.13995385406581176,0.9998728725356706,0.9998698228380647,0.9996480513117616,6.262065851378232e-08,0.13995385406581176,0.9998728726988608,0.0029230660622963896,0.00015009468718276471,0.00043200752570619395,0.0010758217841250473,9.885038884912257e-08,0.0,0.0,0.0,0.0,0.004984039872318979,0.0038862083269654824,1.5679924280225e-05,3.135984856045e-05,0.0,0.015145872129112354,0.04048472068991993,0.023124086011395182,0.000534723353862232,0.0,0.0,0.0,1.0,0.0,0.0,0.0,0.0,0.01282051282051282,0.04138807167400562,0.007812799015493038,0.08302247316464642,0.0,0.0,0.0,0.0,0.0,0.0,0.004251012145748988,0.0002244064345053293,0.00240174672489083,0.00019976738530953374,0.41021728515625,0.0035247802734375,0.015518913676042677,0.8,0.0,0.0,0.0,0.0,0.0,0.0,0.0,0.0
825133,0.08171455602520868,1.0,0.9998698867930539,0.00020242914979757084,0.0,5.121308671283449e-06,0.0,0.00034140285536933584,0.01797385620915033,0.0019613043171665253,0.0,0.0,0.0,0.0,0.0,2.417263813578888e-07,1.2233105228350708e-06,0.9996492019148738,0.0,0.13995413420334457,0.9998733057389609,0.999869886901838,0.9996492019148738,0.0,0.13995413420334457,0.9998733057389609,0.0,0.0,0.0,0.0,0.0,0.0,0.0,0.0,0.0,0.00011200089600716806,0.0,1.2230530829499998e-06,0.0,0.027918781725888322,0.00034140285536933584,0.00872629511931366,0.0,0.0,0.0,0.0,0.0,0.0,0.0,0.0,0.0,0.0,0.0,0.013084145454089967,0.0019613043171665253,0.0,0.0,0.0,0.0,0.0,0.0,0.0,0.00020242914979757084,5.121308671283449e-06,0.0,0.0,0.0,0.0,0.0009699321047526673,0.2,0.0,0.0,0.0,0.0,0.0,0.0,0.0,0.0
921122,0.05171440343033281,0.3529411764705882,0.9998846773191068,0.0020242914979757085,0.001200873362445415,0.00013629664668347543,0.00011993539080497335,0.010257603972687771,0.0,0.00949044361735959,0.012419799962383725,0.8034246575342466,0.0,0.0996892735935106,0.37194238653050743,4.4443058770488486e-07,3.9302357342382e-07,0.9996499589344441,3.541977512888364e-06,0.1399590068950746,0.9998728725695802,0.9998846774278926,0.999652111100319,4.723403680041318e-06,0.1399590401678694,0.9998728727380689,0.11538482661275762,0.012442128601498218,0.02369114847488895,0.050354521620254354,0.00016627534044321045,0.0,0.0,0.0,0.0,0.001764014112112897,0.00144095364932428,1.96383066675e-07,3.9276613335e-07,0.0,0.01820297951582868,0.04778767544589948,0.03100079211941388,0.0009610491120311732,0.0,0.0,0.0,1.0,0.0,0.0,0.0,0.0,0.01282051282051282,0.049939624040317106,0.00949044361735959,0.0996892735935106,0.0,0.0,0.0,0.0,0.0,0.0,0.0020242914979757085,0.00013629664668347543,0.001200873362445415,0.00011993539080497335,0.1250152587890625,0.9593658447265625,0.005819592628516004,0.5,0.030198178158265858,0.0,0.030198178158265858,0.030198178158265858,1.7557432650765347e-05,0.0,6.082865456668378e-06,0.0004728934380703007
963148,0.000808752842079563,1.0,0.9998694559154097,0.0,0.0001091703056768559,5.121308671283449e-06,7.4959619253108346e-06,0.0006828057107386717,0.03594771241830066,0.003922608634333051,0.0,0.0684931506849315,0.14534883720930233,0.06853637559555996,0.0,2.530624510680022e-05,3.912388810305295e-05,0.9996480399177052,0.0,0.13995378656781532,0.999872886071982,0.9998694421197557,0.9996480024200123,0.0,0.13995377534960354,0.9998728725293126,0.0,0.0,0.0,0.0,0.0,0.0,0.0,0.0,0.0,5.600044800358403e-05,4.366526210073576e-05,1.9561815336475e-05,3.912363067295e-05,0.055837563451776644,0.0015518311607697084,0.02485671943078547,0.0036695567770347617,1.3465646939897312e-05,0.0,0.0,0.0,0.0,0.0,0.0,0.0,0.0,0.01282051282051282,0.03726999008134718,0.003922608634333051,0.06853637559555996,0.0,0.0,0.0,0.0,0.0,0.0,0.0,5.121308671283449e-06,0.0001091703056768559,7.4959619253108346e-06,0.0,0.0,0.0,0.2,0.0,0.0,0.0,0.0,0.0,0.0,0.0,0.0
543741,0.7903804190255291,0.3529411764705882,0.999869442053403,0.00020242914979757084,0.0,0.0,0.0,0.0,0.0,0.0,0.0,0.0,0.0,0.0,0.0,0.0,0.012820513074652512,0.9996480025344419,0.0,0.13995377538383752,0.99987287257064,0.9998694421621871,0.9996480025344419,0.0,0.13995377538383752,0.99987287257064,0.0,0.0,0.0,0.0,0.0,0.0,0.0,0.0,0.0,0.00028000224001792015,0.0,0.012820512820512825,0.0,0.0,0.0,0.0,0.0,0.0,0.0,0.0,0.0,0.0,1.0,0.0,0.0,0.0,0.0,0.0,0.0,0.0,0.0,0.0,0.0,0.0,0.0,0.0,0.00020242914979757084,0.0,0.0,0.0,0.0028228759765625,0.0,0.0,0.5,0.0,0.0,0.0,0.0,0.0,0.0,0.0,0.0
609745,0.7574962232768223,0.3529411764705882,0.9998694420272913,0.0,0.0001091703056768559,0.0,0.0,0.0,0.0,0.0,0.0,0.0,0.0,0.0,0.0,0.0,0.033333333582192114,0.9996480024640236,0.0,0.13995377536277046,0.9998728725452077,0.9998694421197557,0.9996480024200123,0.0,0.13995377534960354,0.9998728725293126,0.0,0.0,0.0,0.0,0.0,0.0,0.0,0.0,0.0,0.00014000112000896008,0.00010916315525183939,0.016666666666666673,0.03333333333333335,0.0,0.0,0.0,0.0,0.0,0.0,0.0,0.0,0.0,1.0,1.0,0.0,0.0,0.01282051282051282,0.0,0.0,0.0,0.0,0.0,0.0,0.0,0.0,0.0,0.0,0.0,0.0001091703056768559,0.0,0.0027008056640625,0.0039520263671875,0.0,0.5,0.0,0.0,0.0,0.0,0.0,0.0,0.0,0.0
879931,0.000808752842079563,1.0,0.9998694429564299,0.0,0.0001091703056768559,5.237702050176254e-06,5.472052205476909e-06,0.0006983240223463687,0.03676470588235294,0.004011758830567893,0.0,0.05,0.10610465116279069,0.05003155418475877,0.0,0.0003049708307030679,0.0005753742503876005,0.999648004969738,0.0,0.13995377611240684,0.9998728734501717,0.9998694421197557,0.9996480024200123,0.0,0.13995377534960354,0.9998728725293126,0.0,0.0,0.0,0.0,0.0,0.0,0.0,0.0,0.0,5.600044800358403e-05,4.366526210073576e-05,0.00028768699654775,0.0005753739930955,0.05710659898477157,0.0011328367473618871,0.02155130461283718,0.0018347783885173808,3.366411734974006e-06,0.0,0.0,0.0,0.0,0.0,0.0,0.0,0.0,0.01282051282051282,0.032313874379040375,0.004011758830567893,0.05003155418475877,0.0,0.0,0.0,0.0,0.0,0.0,0.0,5.237702050176254e-06,0.0001091703056768559,5.472052205476909e-06,0.0,0.0,0.0,0.2,0.0,0.0,0.0,0.0,0.0,0.0,0.0,0.0
739540,0.0,0.0,0.9999919876546425,0.00040485829959514163,0.0,0.0,0.0,0.0,0.0,0.0,0.0,0.0,0.0,0.0,0.0,0.0,6.916086898219522e-09,0.9998132438671706,5.6638654469749985e-11,0.14000321076720104,0.9999325511239485,0.9999919877634399,0.9998132438671706,5.6638654469749985e-11,0.14000321076720104,0.9999325511239485,0.0,0.0,0.0,0.0,0.0,0.0,0.0,0.0,0.0,0.0,0.0,6.658646699999999e-09,0.0,0.0,0.0,0.0,0.0,0.0,0.0,0.0,0.0,0.0,0.0,0.0,0.0,0.0,0.0,0.0,0.0,0.0,0.0,0.0,0.0,0.0,0.0,0.0,0.00040485829959514163,0.0,0.0,0.0,0.0,0.0,0.0,0.0,0.0,0.0,0.0,0.0,0.00016590867035952428,9.882767104561943e-11,5.7479954193845366e-05,0.004468597397445053
78833,0.0003204492393145438,0.3529411764705882,0.9998694420131475,0.0,0.0001091703056768559,0.0,0.0,0.0,0.0,0.0,0.0,0.0,0.0,0.0,0.0,0.0,0.25000000019308016,0.9996480024258805,0.0,0.13995377535135914,0.9998728725314319,0.9998694421197557,0.9996480024200123,0.0,0.13995377534960354,0.9998728725293126,0.0,0.0,0.0,0.0,0.0,0.0,0.0,0.0,0.0,0.00028000224001792015,0.00010916315525183939,0.125,0.25,0.0,0.0,0.0,0.0,0.0,0.0,0.0,0.0,1.0,0.0,0.0,0.0,0.0,0.01282051282051282,0.0,0.0,0.0,0.0,0.0,0.0,0.0,0.0,0.0,0.0,0.0,0.0001091703056768559,0.0,0.41021728515625,1.52587890625e-05,0.0,1.0,0.0,0.0,0.0,0.0,0.0,0.0,0.0,0.0
717559,0.000808752842079563,1.0,0.9998694558708022,0.0,0.0001091703056768559,5.470488807961865e-06,8.095638879335702e-06,0.0007293606455617629,0.03839869281045752,0.0041900592230375774,0.0,0.07397260273972603,0.1569767441860465,0.07401928564320476,0.0,2.7327029927813812e-05,3.9249806060295533e-05,0.9996480397974075,0.0,0.13995378653182575,0.9998728860285352,0.9998694421197557,0.9996480024200123,0.0,0.13995377534960354,0.9998728725293126,0.0,0.0,0.0,0.0,0.0,0.0,0.0,0.0,0.0,5.600044800358403e-05,4.366526210073576e-05,1.96247743151e-05,3.92495486302e-05,0.05964467005076142,0.0016759776536312849,0.026707751728795255,0.003997195774990374,1.597757406357084e-05,0.0,0.0,0.0,0.0,0.0,0.0,0.0,0.0,0.01282051282051282,0.040045414874638995,0.0041900592230375774,0.07401928564320476,0.0,0.0,0.0,0.0,0.0,0.0,0.0,5.470488807961865e-06,0.0001091703056768559,8.095638879335702e-06,0.0,0.0,0.0,0.2,0.0,0.0,0.0,0.0,0.0,0.0,0.0,0.0
939073,0.7553598950147254,0.3529411764705882,0.9998694420120596,0.00020242914979757084,0.0,3.6081947456769753e-06,0.0,0.0004810676598386096,0.0,0.001381828041640052,0.0013908087112954708,0.0,0.0,0.0,0.0,0.06962380685008422,0.5000000001287201,0.9996480024229464,0.0,0.13995377535048134,0.9998728725303723,0.9998694421208437,0.9996480024229464,0.0,0.13995377535048134,0.9998728725303723,0.0,0.0,0.0,0.0,0.0,1.0,0.0,0.0,0.0,0.00028000224001792015,0.0,0.5,0.0,0.0,0.0004810676598386096,0.008197428748459388,0.0020313617872907484,4.126430710854714e-06,0.0,1.0,0.0,0.0,1.0,0.0,0.0,0.0,0.0,0.01229116694172088,0.001381828041640052,0.0,0.0,0.0,0.0,0.0,0.0,0.0,0.00020242914979757084,3.6081947456769753e-06,0.0,0.0,0.0144500732421875,0.0,0.0,0.5,0.0,0.0,0.0,0.0,0.0,0.0,0.0,0.0
63326,0.0003204492393145438,0.3529411764705882,0.9998694420120596,0.0,0.0001091703056768559,0.0,0.0,0.0,0.0,0.0,0.0,0.0,0.0,0.0,0.0,0.0,0.5000000001287201,0.9996480024229464,0.0,0.13995377535048134,0.9998728725303723,0.9998694421197557,0.9996480024200123,0.0,0.13995377534960354,0.9998728725293126,0.0,0.0,0.0,0.0,0.0,0.0,0.0,0.0,0.0,0.00028000224001792015,0.00010916315525183939,0.25,0.5,0.0,0.0,0.0,0.0,0.0,0.0,0.0,0.0,1.0,0.0,0.0,0.0,0.0,0.01282051282051282,0.0,0.0,0.0,0.0,0.0,0.0,0.0,0.0,0.0,0.0,0.0,0.0001091703056768559,0.0,0.41021728515625,1.52587890625e-05,0.0,1.0,0.0,0.0,0.0,0.0,0.0,0.0,0.0,0.0
533713,0.000808752842079563,1.0,0.9998694542888732,0.0,0.0001091703056768559,5.819668944640283e-06,9.8946697414103e-06,0.0007759155803848542,0.04084967320261438,0.004457509811742103,0.0,0.09041095890410959,0.19186046511627908,0.09046801578613914,0.0,3.622145539101381e-05,4.4306859112443646e-05,0.9996480355312379,0.0,0.13995378525551277,0.9998728844877651,0.9998694421197557,0.9996480024200123,0.0,0.13995377534960354,0.9998728725293126,0.0,0.0,0.0,0.0,0.0,0.0,0.0,0.0,0.0,5.600044800358403e-05,4.366526210073576e-05,2.2153300841825e-05,4.430660168365e-05,0.06345177664974619,0.002048417132216015,0.030674249510301465,0.005373279566369897,2.8872133298428272e-05,0.0,0.0,0.0,0.0,0.0,0.0,0.0,0.0,0.01282051282051282,0.04599275371740716,0.004457509811742103,0.09046801578613914,0.0,0.0,0.0,0.0,0.0,0.0,0.0,5.819668944640283e-06,0.0001091703056768559,9.8946697414103e-06,0.0,0.0,0.0,0.2,0.0,0.0,0.0,0.0,0.0,0.0,0.0,0.0
95782,0.0003204492393145438,0.3529411764705882,0.9998694420131475,0.0,0.0001091703056768559,0.0,0.0,0.0,0.0,0.0,0.0,0.0,0.0,0.0,0.0,0.0,0.25000000019308016,0.9996480024258805,0.0,0.13995377535135914,0.9998728725314319,0.9998694421197557,0.9996480024200123,0.0,0.13995377534960354,0.9998728725293126,0.0,0.0,0.0,0.0,0.0,0.0,0.0,0.0,0.0,0.00028000224001792015,0.00010916315525183939,0.125,0.25,0.0,0.0,0.0,0.0,0.0,0.0,0.0,0.0,1.0,0.0,0.0,0.0,0.0,0.01282051282051282,0.0,0.0,0.0,0.0,0.0,0.0,0.0,0.0,0.0,0.0,0.0,0.0001091703056768559,0.0,0.41021728515625,1.52587890625e-05,0.0,1.0,0.0,0.0,0.0,0.0,0.0,0.0,0.0,0.0
386829,0.78268963728198,0.3529411764705882,0.9998694420153236,0.00040485829959514163,0.0,3.6081947456769753e-06,0.0,0.0004810676598386096,0.0,0.0009212186944237298,0.0011355905574977371,0.0,0.0,0.0,0.0,0.017405951712521055,0.1875000002091702,0.9996480024258805,6.663371113991228e-12,0.1399537753531147,0.9998728725293126,0.9998694421241077,0.9996480024258805,6.663371113991228e-12,0.1399537753531147,0.9998728725293126,0.0,0.0,0.0,0.0,0.0,0.0,0.0,0.0,0.0,0.0004200033600268802,0.0,0.1875,0.0,0.0,0.0004810676598386096,0.003074035780667312,0.0017592109120686261,3.0948230331413575e-06,0.0,0.0,0.0,0.0,1.0,0.0,0.0,0.0,0.0,0.004097055647227077,0.0009212186944237298,0.0,0.0,0.0,0.0,0.0,0.0,0.0,0.00040485829959514163,3.6081947456769753e-06,0.0,0.0,0.0009307861328125,0.0,0.0009699321047526673,0.5,0.0,0.0,0.0,0.0,0.0,0.0,0.0,0.0
289030,0.00033570872690095066,0.3529411764705882,0.9998694420185875,0.0,0.0001091703056768559,0.0,0.0,0.0,0.0,0.0,0.0,0.0,0.0,0.0,0.0,0.0,0.07142857166762312,0.999648002440551,0.0,0.1399537753557481,0.9998728725367303,0.9998694421197557,0.9996480024200123,0.0,0.13995377534960354,0.9998728725293126,0.0,0.0,0.0,0.0,0.0,0.0,0.0,0.0,0.0,0.00022400179201433613,0.00017466104840294303,0.03571428571428575,0.0714285714285715,0.0,0.0,0.0,0.0,0.0,0.0,0.0,0.0,0.0,1.0,1.0,0.0,0.0,0.01282051282051282,0.0,0.0,0.0,0.0,0.0,0.0,0.0,0.0,0.0,0.0,0.0,0.0001091703056768559,0.0,0.003692626953125,0.0035247802734375,0.0,0.8,0.0,0.0,0.0,0.0,0.0,0.0,0.0,0.0
569949,0.8001312315932431,0.3529411764705882,0.9998694420327313,0.0,0.0001091703056768559,0.0,0.0,0.0,0.0,0.0,0.0,0.0,0.0,0.0,0.0,0.0,0.0250000002510042,0.9996480024786941,0.0,0.13995377536715942,0.999872872550506,0.9998694421197557,0.9996480024200123,0.0,0.13995377534960354,0.9998728725293126,0.0,0.0,0.0,0.0,0.0,0.0,0.0,0.0,0.0,0.00014000112000896008,0.00010916315525183939,0.012499999999999999,0.024999999999999998,0.0,0.0,0.0,0.0,0.0,0.0,0.0,0.0,0.0,1.0,1.0,0.0,0.0,0.01282051282051282,0.0,0.0,0.0,0.0,0.0,0.0,0.0,0.0,0.0,0.0,0.0,0.0001091703056768559,0.0,0.0025787353515625,0.0039520263671875,0.0,0.5,0.0,0.0,0.0,0.0,0.0,0.0,0.0,0.0
992554,0.000808752842079563,1.0,0.9998694434547266,0.0,0.0001091703056768559,3.724588124569781e-06,9.594831264397868e-06,0.0004965859714463067,0.026143790849673203,0.002852806279514946,0.0,0.08767123287671233,0.18604651162790697,0.08772656076231675,0.0,0.0002707977999371252,0.00037679000866197414,0.9996480063135521,0.0,0.13995377651443663,0.9998728739355036,0.9998694421197557,0.9996480024200123,0.0,0.13995377534960354,0.9998728725293126,0.0,0.0,0.0,0.0,0.0,0.0,0.0,0.0,0.0,5.600044800358403e-05,4.366526210073576e-05,0.000188394875659375,0.00037678975131875,0.04060913705583756,0.0019863438857852266,0.02538558580163974,0.006290668760634262,3.9572513456026015e-05,0.0,0.0,0.0,0.0,0.0,0.0,0.0,0.0,0.01282051282051282,0.03806296859371627,0.002852806279514946,0.08772656076231675,0.0,0.0,0.0,0.0,0.0,0.0,0.0,3.724588124569781e-06,0.0001091703056768559,9.594831264397868e-06,0.0,0.0,0.0,0.2,0.0,0.0,0.0,0.0,0.0,0.0,0.0,0.0
578615,0.000808752842079563,1.0,0.9998694423841502,0.0,0.0001091703056768559,4.422948397926615e-06,8.845235071866785e-06,0.0005896958410924892,0.03104575163398693,0.0033877074569239984,0.0,0.08082191780821918,0.17151162790697674,0.08087292320276075,0.0,0.0010214721968036429,0.001457726204586798,0.9996480034264058,0.0,0.139953775650687,0.9998728728927817,0.9998694421197557,0.9996480024200123,0.0,0.13995377534960354,0.9998728725293126,0.0,0.0,0.0,0.0,0.0,0.0,0.0,0.0,0.0,5.600044800358403e-05,4.366526210073576e-05,0.000728862973760925,0.00145772594752185,0.048223350253807105,0.0018311607697082558,0.025650018987086708,0.005242223967199002,2.7480912122239857e-05,0.0,0.0,0.0,0.0,0.0,0.0,0.0,0.0,0.01282051282051282,0.03845945784990081,0.0033877074569239984,0.08087292320276075,0.0,0.0,0.0,0.0,0.0,0.0,0.0,4.422948397926615e-06,0.0001091703056768559,8.845235071866785e-06,0.0,0.0,0.0,0.2,0.0,0.0,0.0,0.0,0.0,0.0,0.0,0.0
211805,0.00033570872690095066,0.3529411764705882,0.9998694420196755,0.0,0.0001091703056768559,0.0,0.0,0.0,0.0,0.0,0.0,0.0,0.0,0.0,0.0,0.0,0.06250000024135019,0.9996480024434851,0.0,0.1399537753566259,0.99987287253779,0.9998694421197557,0.9996480024200123,0.0,0.13995377534960354,0.9998728725293126,0.0,0.0,0.0,0.0,0.0,0.0,0.0,0.0,0.0,0.00022400179201433613,0.00017466104840294303,0.03125,0.0625,0.0,0.0,0.0,0.0,0.0,0.0,0.0,0.0,0.0,1.0,1.0,0.0,0.0,0.01282051282051282,0.0,0.0,0.0,0.0,0.0,0.0,0.0,0.0,0.0,0.0,0.0,0.0001091703056768559,0.0,0.003692626953125,0.0035247802734375,0.0,0.8,0.0,0.0,0.0,0.0,0.0,0.0,0.0,0.0
636049,0.006759953000778234,0.3529411764705882,0.9998696367721102,0.0016194331983805667,0.0008733624454148472,0.00020170972562123218,0.0003089085909420595,0.01820297951582868,0.0,0.017166365563890774,0.024457325401533284,1.0,0.0,0.35304800478662823,0.7037435084014483,7.344615609319977e-05,2.3741815215462906e-05,0.9996480352471813,3.475154539236393e-08,0.13995381906288432,0.9998728725303723,0.9998696368808943,0.9996480680743501,5.0695148943279964e-08,0.13995383550923923,0.9998728725536852,0.001347998385488753,0.00020765257268991292,0.000442502146858599,0.0008515014616020119,8.98639898628387e-09,0.0,0.0,0.0,0.0,0.0013440107520860168,0.0008951378730650831,1.25690600019e-05,2.2344995558949998e-05,0.0,0.02265673494723774,0.12899932229408756,0.060530308141168596,0.0036639182036648558,0.0,0.0,0.0,1.0,0.0,0.0,0.0,0.0,0.0,0.1365322415120307,0.017166365563890774,0.35304800478662823,0.0,0.0,0.0,0.0,0.0,0.0,0.0016194331983805667,0.00020170972562123218,0.0008733624454148472,0.0003089085909420595,0.1250152587890625,1.0,0.0038797284190106693,0.5,0.0,0.0,0.0,0.0,0.0,0.0,0.0,0.0
971915,0.006759953000778234,0.3529411764705882,0.9999990191419939,0.004858299595141701,0.003384279475982533,0.00018832448704855955,0.0003511108565815595,0.00595903165735568,0.0,0.005769800700318978,0.005919193218659123,0.9794520547945206,0.0,0.10355625267403228,0.3772639592127132,1.1884165652262773e-07,1.1780733954467168e-07,0.999654355974791,2.595688912472122e-05,0.14000539975544649,0.9998728725303723,0.999999019250792,0.9996625626497134,3.8798265187703757e-05,0.14000539975544649,0.9998728725685206,0.9912329352494003,0.035628739111438705,0.17546599048180725,0.4936053598812253,8.98639898628387e-09,0.0,0.0,0.0,0.0,0.003584028672229378,0.003449555705958125,5.247763365e-08,1.3014453145e-07,0.0,0.02219118559900683,0.0438541561737868,0.030841808042583914,0.0009512171233358131,0.0,0.0,0.0,1.0,0.0,0.0,0.0,0.0,0.01282051282051282,0.04461920165133361,0.005769800700318978,0.10355625267403228,0.0,0.0,0.0,0.0,0.0,0.0,0.004858299595141701,0.00018832448704855955,0.003384279475982533,0.0003511108565815595,0.1250152587890625,0.002899169921875,0.013579049466537343,0.5,0.010950030453704646,0.02353786461157903,0.02035806279891565,0.001541998108493645,0.0001719320158233762,2.610954401624712e-06,6.002515255960261e-05,0.004595195509005792
434284,0.006759953000778234,0.3529411764705882,0.9999264052871596,0.0008097165991902834,0.0001091703056768559,1.4316385603815095e-05,3.448142485642984e-06,0.0007138423339540658,0.0,0.002193094827377115,0.0014768629875988402,0.031506849315068496,0.06686046511627906,0.03152673277395758,0.0,7.249539209882088e-09,2.8907061492558167e-08,0.9996787263002261,5.496923776712805e-05,0.13999960554906477,0.9998728725515658,0.9999264053959499,0.9996864072702796,6.144326133305718e-05,0.13999960554906477,0.9998728725515658,0.0,0.0,0.0,0.0,0.0,1.0,0.0,0.0,0.0,0.0007000056000448004,0.00010916315525183939,2.3874684425e-08,9.54987375e-09,0.0,0.0007138423339540658,0.01218281461463188,0.0024611898581818983,6.057455518016197e-06,0.0,1.0,0.0,0.0,1.0,0.0,0.0,0.0,0.0,0.01420753167993296,0.002193094827377115,0.03152673277395758,0.0,0.0,0.0,0.0,0.0,0.0,0.0008097165991902834,1.4316385603815095e-05,0.0001091703056768559,3.448142485642984e-06,0.0039520263671875,0.002899169921875,0.0019398642095053346,0.5,0.0014393351843341692,0.0,0.0014393351843341692,0.0014393351843341692,0.000153809356118946,0.0,5.328806539420544e-05,0.00414271475045624
368162,0.00033570872690095066,0.3529411764705882,0.9998694420174995,0.0,0.0001091703056768559,0.0,0.0,0.0,0.0,0.0,0.0,0.0,0.0,0.0,0.0,0.0,0.08333333356932011,0.9996480024376169,0.0,0.1399537753548703,0.9998728725356706,0.9998694421197557,0.9996480024200123,0.0,0.13995377534960354,0.9998728725293126,0.0,0.0,0.0,0.0,0.0,0.0,0.0,0.0,0.0,0.00022400179201433613,0.00017466104840294303,0.04166666666666675,0.0833333333333335,0.0,0.0,0.0,0.0,0.0,0.0,0.0,0.0,0.0,1.0,1.0,0.0,0.0,0.01282051282051282,0.0,0.0,0.0,0.0,0.0,0.0,0.0,0.0,0.0,0.0,0.0,0.0001091703056768559,0.0,0.003692626953125,0.0035247802734375,0.0,0.8,0.0,0.0,0.0,0.0,0.0,0.0,0.0,0.0
462103,0.05171440343033281,0.3529411764705882,0.99987138610708,0.0016194331983805667,0.0007641921397379913,0.00014933270511946966,0.00011881099651617673,0.01373370577281192,0.0,0.01270885575214867,0.01799898027072851,0.8061643835616439,0.0,0.15518593616996607,0.4568321128478141,3.604790866230657e-06,2.238797374348644e-06,0.9996483519444777,5.580741689378736e-07,0.13995461202894263,0.9998728725293126,0.9998713862158644,0.9996486577783847,8.678037989493016e-07,0.13995476660326064,0.9998728725293126,0.01388827022477393,0.0024959902912383173,0.003937757248605727,0.007978706729471558,0.0008794719095906435,0.0,0.0,0.0,0.0,0.0013440107520860168,0.0008296399799139793,1.259178713275e-06,1.95872244285e-06,0.0,0.018265052762259468,0.06691715080798254,0.03827101399933696,0.001464670512537572,0.0,0.0,1.0,1.0,0.0,0.0,0.0,1.0,0.0,0.0710706991710796,0.01270885575214867,0.15518593616996607,0.0,0.0,0.0,0.0,0.0,0.0,0.0016194331983805667,0.00014933270511946966,0.0007641921397379913,0.00011881099651617673,0.1250152587890625,0.9571685791015625,0.005819592628516004,0.5,0.0,0.0,0.0,0.0,0.0,0.0,0.0,0.0
372449,0.00033570872690095066,0.3529411764705882,0.9998694420164115,0.0,0.0001091703056768559,0.0,0.0,0.0,0.0,0.0,0.0,0.0,0.0,0.0,0.0,0.0,0.1000000002316962,0.9996480024346828,0.0,0.1399537753539925,0.999872872534611,0.9998694421197557,0.9996480024200123,0.0,0.13995377534960354,0.9998728725293126,0.0,0.0,0.0,0.0,0.0,0.0,0.0,0.0,0.0,0.00022400179201433613,0.00017466104840294303,0.049999999999999996,0.09999999999999999,0.0,0.0,0.0,0.0,0.0,0.0,0.0,0.0,0.0,1.0,1.0,0.0,0.0,0.01282051282051282,0.0,0.0,0.0,0.0,0.0,0.0,0.0,0.0,0.0,0.0,0.0,0.0001091703056768559,0.0,0.003692626953125,0.0035247802734375,0.0,0.8,0.0,0.0,0.0,0.0,0.0,0.0,0.0,0.0
115888,0.0003204492393145438,0.3529411764705882,0.9998694420131475,0.0,0.0001091703056768559,0.0,0.0,0.0,0.0,0.0,0.0,0.0,0.0,0.0,0.0,0.0,0.25000000019308016,0.9996480024258805,0.0,0.13995377535135914,0.9998728725314319,0.9998694421197557,0.9996480024200123,0.0,0.13995377534960354,0.9998728725293126,0.0,0.0,0.0,0.0,0.0,0.0,0.0,0.0,0.0,0.00028000224001792015,0.00010916315525183939,0.125,0.25,0.0,0.0,0.0,0.0,0.0,0.0,0.0,0.0,1.0,0.0,0.0,0.0,0.0,0.01282051282051282,0.0,0.0,0.0,0.0,0.0,0.0,0.0,0.0,0.0,0.0,0.0,0.0001091703056768559,0.0,0.41021728515625,1.52587890625e-05,0.0,1.0,0.0,0.0,0.0,0.0,0.0,0.0,0.0,0.0
359900,0.0003204492393145438,0.3529411764705882,0.9998694420131475,0.0,0.0001091703056768559,0.0,0.0,0.0,0.0,0.0,0.0,0.0,0.0,0.0,0.0,0.0,0.25000000019308016,0.9996480024258805,0.0,0.13995377535135914,0.9998728725314319,0.9998694421197557,0.9996480024200123,0.0,0.13995377534960354,0.9998728725293126,0.0,0.0,0.0,0.0,0.0,0.0,0.0,0.0,0.0,0.00028000224001792015,0.00010916315525183939,0.125,0.25,0.0,0.0,0.0,0.0,0.0,0.0,0.0,0.0,1.0,0.0,0.0,0.0,0.0,0.01282051282051282,0.0,0.0,0.0,0.0,0.0,0.0,0.0,0.0,0.0,0.0,0.0,0.0001091703056768559,0.0,0.41021728515625,1.52587890625e-05,0.0,1.0,0.0,0.0,0.0,0.0,0.0,0.0,0.0,0.0
243903,0.00033570872690095066,0.3529411764705882,0.9998698466127096,0.004655870445344129,0.00240174672489083,0.00022999331669218396,0.00019976738530953374,0.009931719428926133,0.0,0.007340032823332359,0.008521840283210345,0.6684931506849315,0.0,0.08302247316464642,0.2737832352974904,2.8028669481807523e-05,3.092404508531391e-05,0.9996480266674771,3.9191124280528355e-08,0.13995383183918106,0.999872872534611,0.9998698458663382,0.999648049760435,5.430404267251951e-08,0.13995383581646725,0.9998728728037688,0.003099099557379473,0.00015913372079168214,0.00038422575375752523,0.0008642836517838417,2.336463736433806e-07,0.0,0.0,0.0,0.0,0.005432043456347651,0.0038862083269654824,1.6134150079875e-05,2.95792751464e-05,0.0,0.015145872129112354,0.03916705575314268,0.02274238022289428,0.000517215858202582,0.0,0.0,0.0,1.0,0.0,0.0,0.0,0.0,0.0,0.04000231821634772,0.007340032823332359,0.08302247316464642,0.0,0.0,0.0,0.0,0.0,0.0,0.004655870445344129,0.00022999331669218396,0.00240174672489083,0.00019976738530953374,0.41021728515625,0.0035247802734375,0.015518913676042677,0.8,0.0,0.0,0.0,0.0,0.0,0.0,0.0,0.0
139707,0.0003204492393145438,0.3529411764705882,0.9998694420131475,0.0,0.0001091703056768559,0.0,0.0,0.0,0.0,0.0,0.0,0.0,0.0,0.0,0.0,0.0,0.25000000019308016,0.9996480024258805,0.0,0.13995377535135914,0.9998728725314319,0.9998694421197557,0.9996480024200123,0.0,0.13995377534960354,0.9998728725293126,0.0,0.0,0.0,0.0,0.0,0.0,0.0,0.0,0.0,0.00028000224001792015,0.00010916315525183939,0.125,0.25,0.0,0.0,0.0,0.0,0.0,0.0,0.0,0.0,1.0,0.0,0.0,0.0,0.0,0.01282051282051282,0.0,0.0,0.0,0.0,0.0,0.0,0.0,0.0,0.0,0.0,0.0,0.0001091703056768559,0.0,0.41021728515625,1.52587890625e-05,0.0,1.0,0.0,0.0,0.0,0.0,0.0,0.0,0.0,0.0
107790,0.0003204492393145438,0.3529411764705882,0.9998694420316433,0.0,0.0001091703056768559,0.0,0.0,0.0,0.0,0.0,0.0,0.0,0.0,0.0,0.0,0.0,0.026315789724349715,0.99964800247576,0.0,0.13995377536628165,0.9998728725494465,0.9998694421197557,0.9996480024200123,0.0,0.13995377534960354,0.9998728725293126,0.0,0.0,0.0,0.0,0.0,0.0,0.0,0.0,0.0,0.00028000224001792015,0.00010916315525183939,0.0131578947368421,0.0263157894736842,0.0,0.0,0.0,0.0,0.0,0.0,0.0,0.0,1.0,0.0,0.0,0.0,0.0,0.01282051282051282,0.0,0.0,0.0,0.0,0.0,0.0,0.0,0.0,0.0,0.0,0.0,0.0001091703056768559,0.0,0.41021728515625,1.52587890625e-05,0.0,1.0,0.0,0.0,0.0,0.0,0.0,0.0,0.0,0.0
941795,0.0012207590069125479,0.3529411764705882,0.9998694425984831,0.00040485829959514163,0.0004366812227074236,1.873933400174171e-05,3.658029419551687e-05,0.0024984481688392303,0.0,0.004784393864606163,0.005897744508285693,0.33424657534246577,0.0,0.08361437822658314,0.2582845128885069,0.0026992742321209433,0.0032407409973466534,0.9996480026840805,1.4821320656553162e-10,0.1399537754830283,0.9998728725293126,0.9998694424505029,0.9996480028659942,1.0328225226863092e-10,0.1399537755102399,0.9998728726575334,3.2501568471525156e-06,1.168231868216903e-06,1.8716152750718888e-06,2.561460507950175e-06,0.0,0.0,0.0,0.0,0.0,0.0005040040320322563,0.0005021505141584612,0.0013888888888889,0.0037037037037036995,0.0,0.007572936064556177,0.032178213252469126,0.019724452737530655,0.0003890540357952733,0.0,0.0,0.0,1.0,0.0,0.0,0.0,0.0,0.01282051282051282,0.036760218180544146,0.004784393864606163,0.08361437822658314,0.0,0.0,0.0,0.0,0.0,0.0,0.00040485829959514163,1.873933400174171e-05,0.0004366812227074236,3.658029419551687e-05,0.1250152587890625,0.002288818359375,0.0009699321047526673,0.5,0.0,0.0,0.0,0.0,0.0,0.0,0.0,0.0
582839,0.05171440343033281,0.3529411764705882,0.9998718389032538,0.0014170040485829958,0.0007641921397379913,0.00013315402545336966,0.00011851115803916429,0.010505896958410926,0.0,0.012748478061582415,0.014464327897139705,0.8034246575342466,0.0,0.15479429973794248,0.4552779038383969,2.778028184027625e-06,1.7024368649117246e-06,0.9996484641324667,5.867614433670684e-07,0.13995461565862227,0.9998728725981916,0.9998718390120381,0.999648925844921,9.516638829373327e-07,0.13995484216906495,0.9998728725981916,0.01668826368112481,0.0029992031730064223,0.0036284701992793183,0.00801331992947278,0.0016735101240186862,0.0,0.0,0.0,0.0,0.0012040096320770567,0.0008296399799139793,9.0782902675e-07,1.5887007967999998e-06,0.0,0.01820297951582868,0.06755441534127762,0.036251402945741446,0.0013141642155347403,0.0,0.0,1.0,1.0,0.0,0.0,0.0,1.0,0.0,0.07202888154020547,0.012748478061582415,0.15479429973794248,0.0,0.0,0.0,0.0,0.0,0.0,0.0014170040485829958,0.00013315402545336966,0.0007641921397379913,0.00011851115803916429,0.1250152587890625,0.9591217041015625,0.004849660523763337,0.5,0.0,0.0,0.0,0.0,0.0,0.0,0.0,0.0
737095,0.0012207590069125479,0.3529411764705882,0.9998754482092183,0.00040485829959514163,0.0001091703056768559,0.0,0.0,0.0,0.0,0.0,0.0,0.0,0.0,0.0,0.0,0.0,1.8140101037830012e-07,0.9996534016212703,7.4858873669646484e-06,0.13995861137323026,0.9998728725568642,0.999875448318003,0.9996561012218992,9.158965183080021e-06,0.13995861137323026,0.9998728843902749,0.0,0.0,0.0,0.0,0.0,0.0,0.0,0.0,0.0,0.0005040040320322563,0.00017466104840294303,1.3585767767500002e-07,9.05717851e-08,0.0,0.0,0.0,0.0,0.0,0.0,0.0,0.0,1.0,0.0,0.0,0.0,0.0,0.0,0.0,0.0,0.0,0.0,0.0,0.0,0.0,0.0,0.0,0.00040485829959514163,0.0,0.0001091703056768559,0.0,0.1250152587890625,1.0,0.0,0.5,0.0,0.0,0.0,0.0,0.0,0.0,0.0,0.0
859061,0.000808752842079563,1.0,0.9998694423645664,0.0,0.0001091703056768559,9.660650448102869e-06,1.581647966240586e-05,0.0012880198634388578,0.06781045751633988,0.007399466287491892,0.0,0.14452054794520547,0.3066860465116279,0.14461175250663152,0.0,0.002031702155228265,0.0015384617955056883,0.9996480033735922,0.0,0.1399537756348867,0.9998728728737075,0.9998694421197557,0.9996480024200123,0.0,0.13995377534960354,0.9998728725293126,0.0,0.0,0.0,0.0,0.0,0.0,0.0,0.0,0.0,5.600044800358403e-05,4.366526210073576e-05,0.000769230769230775,0.00153846153846155,0.10532994923857868,0.0032743637492240844,0.049845655454274586,0.008387558347516134,7.035113503293471e-05,0.0,0.0,0.0,0.0,0.0,0.0,0.0,0.0,0.01282051282051282,0.07473822479078664,0.007399466287491892,0.14461175250663152,0.0,0.0,0.0,0.0,0.0,0.0,0.0,9.660650448102869e-06,0.0001091703056768559,1.581647966240586e-05,0.0,0.0,0.0,0.2,0.0,0.0,0.0,0.0,0.0,0.0,0.0,0.0
80464,0.0003204492393145438,0.3529411764705882,0.9998694420272913,0.0,0.0001091703056768559,0.0,0.0,0.0,0.0,0.0,0.0,0.0,0.0,0.0,0.0,0.0,0.033333333582192114,0.9996480024640236,0.0,0.13995377536277046,0.9998728725452077,0.9998694421197557,0.9996480024200123,0.0,0.13995377534960354,0.9998728725293126,0.0,0.0,0.0,0.0,0.0,0.0,0.0,0.0,0.0,0.00028000224001792015,0.00010916315525183939,0.016666666666666673,0.03333333333333335,0.0,0.0,0.0,0.0,0.0,0.0,0.0,0.0,1.0,0.0,0.0,0.0,0.0,0.01282051282051282,0.0,0.0,0.0,0.0,0.0,0.0,0.0,0.0,0.0,0.0,0.0,0.0001091703056768559,0.0,0.41021728515625,1.52587890625e-05,0.0,1.0,0.0,0.0,0.0,0.0,0.0,0.0,0.0,0.0
685536,0.006759953000778234,0.3529411764705882,0.9999986115200118,0.004048582995951417,0.002292576419213974,0.0005082898856248823,0.0002990888808199023,0.019599627560521415,0.0,0.018538995569409095,0.024745272110813593,1.0,0.0,0.1302191136315639,0.4531041714943104,1.580916933116227e-07,8.869808007716557e-08,0.9996564986695702,3.0239265174909977e-05,0.1400054897934462,0.9998728725303723,0.9999986116288099,0.9996654197316058,4.265741956851568e-05,0.1400054897934462,0.9998728725685206,0.9885559893977883,0.05329877901167925,0.21471695912322553,0.4940170769893414,8.98639898628387e-09,0.0,0.0,0.0,0.0,0.0030240241921935377,0.002357924153439731,4.422031995e-08,8.84406399e-08,0.0,0.02265673494723774,0.07708842316289999,0.04549550937916971,0.002069841373670641,0.0,0.0,0.0,1.0,0.0,0.0,0.0,0.0,0.01282051282051282,0.07889192176034278,0.018538995569409095,0.1302191136315639,0.0,0.0,0.0,0.0,0.0,0.0,0.004048582995951417,0.0005082898856248823,0.002292576419213974,0.0002990888808199023,0.1250152587890625,0.0022735595703125,0.011639185257032008,0.5,0.0042417219141176795,0.008071631560433721,0.0074679351689016455,0.0010155086593337127,0.00017345972689301916,1.9253083667824425e-07,6.0129842281081185e-05,0.004669351741648814
998366,0.006759953000778234,0.3529411764705882,0.9999265444076985,0.0008097165991902834,0.0001091703056768559,1.4316385603815095e-05,3.448142485642984e-06,0.0007138423339540658,0.0,0.002193094827377115,0.0014768629875988402,0.031506849315068496,0.06686046511627906,0.03152673277395758,0.0,7.2318769073554185e-09,2.8837261442576137e-08,0.9996788013366893,5.509100899357033e-05,0.1399997091586429,0.9998728725558045,0.9999265445164888,0.9996865010658585,6.157846379421988e-05,0.1399997091586429,0.9998728725558045,0.0,0.0,0.0,0.0,0.0,1.0,0.0,0.0,0.0,0.0007000056000448004,0.00010916315525183939,2.38165177e-08,9.5266071e-09,0.0,0.0007138423339540658,0.01218281461463188,0.0024611898581818983,6.057455518016197e-06,0.0,1.0,0.0,0.0,1.0,0.0,0.0,0.0,0.0,0.01420753167993296,0.002193094827377115,0.03152673277395758,0.0,0.0,0.0,0.0,0.0,0.0,0.0008097165991902834,1.4316385603815095e-05,0.0001091703056768559,3.448142485642984e-06,0.00390625,0.0030364990234375,0.0019398642095053346,0.5,0.0015357958654564012,0.0,0.0015357958654564012,0.0015357958654564012,0.00015415707711272176,0.0,5.3408535172655934e-05,0.004152080298341665
555730,0.0012207590069125479,0.3529411764705882,0.9998768054466525,0.0006072874493927125,0.0004366812227074236,1.1290157752602148e-05,1.7390631666721135e-05,0.0015052762259466172,0.0,0.00216189225869492,0.00307724762244161,0.1589041095890411,0.0,0.03975109784542478,0.12279099793060165,1.0917772947198203e-07,2.957673735488576e-07,0.9996508392516765,5.962402490308525e-06,0.13995966194910725,0.9998728725727594,0.9998695093963463,0.999648062897512,8.348227240482483e-08,0.1399538293602898,0.9998728726532947,0.0564011718265504,0.02027275895631926,0.04625063571066007,0.05664745250405575,2.18369495366698e-06,0.0,0.0,0.0,0.0,0.0006440051520412163,0.0005021505141584612,1.477549667e-07,2.955099334e-07,0.0,0.0036002482929857233,0.014499753001301439,0.009080349962925583,8.245275544926571e-05,0.0,0.0,0.0,1.0,0.0,0.0,0.0,0.0,0.01282051282051282,0.016305620660589392,0.00216189225869492,0.03975109784542478,0.0,0.0,0.0,0.0,0.0,0.0,0.0006072874493927125,1.1290157752602148e-05,0.0004366812227074236,1.7390631666721135e-05,0.1250152587890625,0.002166748046875,0.0009699321047526673,0.5,0.0,0.0,0.0,0.0,0.0,0.0,0.0,0.0
334253,0.00033570872690095066,0.3529411764705882,0.9998698591615193,0.004251012145748988,0.00240174672489083,0.0002244064345053293,0.00019976738530953374,0.009931719428926133,0.0,0.007812799015493038,0.008741956209752828,0.6684931506849315,0.0,0.08302247316464642,0.2737832352974904,2.6904336438955642e-05,2.8689722661189115e-05,0.9996480285822852,4.783956633519044e-08,0.13995386435356152,0.999872872534611,0.9998698591462732,0.9996480559744526,7.172016802792935e-08,0.13995386435356152,0.9998728727454866,0.003195229196435638,0.00016406982137771937,0.0005039873890612392,0.0015325402376357318,8.087759087655482e-08,0.0,0.0,0.0,0.0,0.004984039872318979,0.0038862083269654824,1.4344732614174999e-05,2.8689465228349997e-05,0.0,0.015145872129112354,0.04048472068991993,0.023124086011395182,0.000534723353862232,0.0,0.0,0.0,1.0,0.0,0.0,0.0,0.0,0.01282051282051282,0.04138807167400562,0.007812799015493038,0.08302247316464642,0.0,0.0,0.0,0.0,0.0,0.0,0.004251012145748988,0.0002244064345053293,0.00240174672489083,0.00019976738530953374,0.41021728515625,0.0035247802734375,0.015518913676042677,0.8,0.0,0.0,0.0,0.0,0.0,0.0,0.0,0.0
690086,0.0012207590069125479,0.3529411764705882,0.999928401288818,0.00020242914979757084,0.0,0.0,0.0,0.0,0.0,0.0,0.0,0.0,0.0,0.0,0.0,0.0,9.484013472558435e-09,0.999807004667712,0.0,0.140001344166486,0.9999302977922487,0.9999284013976084,0.999807004667712,0.0,0.140001344166486,0.9999302977922487,0.0,0.0,0.0,0.0,0.0,0.0,0.0,0.0,0.0,0.00028000224001792015,0.0,9.226573275e-09,0.0,0.0,0.0,0.0,0.0,0.0,0.0,0.0,0.0,0.0,1.0,0.0,0.0,0.0,0.0,0.0,0.0,0.0,0.0,0.0,0.0,0.0,0.0,0.0,0.00020242914979757084,0.0,0.0,0.0,0.0042724609375,0.0,0.0,0.5,0.0,0.0,0.0,0.0,0.0,0.0,0.0,0.0
937442,0.000808752842079563,1.0,0.9998695644962322,0.00020242914979757084,0.0002183406113537118,7.216389491353951e-06,2.1888208821907636e-05,0.0004810676598386096,0.025326797385620915,0.002763656083280104,0.0,0.1,0.21220930232558138,0.10006310836951754,0.0,7.062168730173161e-06,8.882829830888205e-06,0.9996481125266964,1.4947412707800466e-07,0.13995387259780603,0.9998728728758268,0.9998695642492454,0.9996483317806165,0.0,0.13995387388465255,0.9998729914812114,0.0009259946869602683,0.000998514736961946,0.0,0.0009301115126809665,0.000998514736961946,0.0,0.0,0.0,0.0,0.00011200089600716806,8.733052420147152e-05,4.441286196475e-06,8.88257239295e-06,0.03934010152284264,0.0022656734947237743,0.03054203291759781,0.007148989838333619,5.110805570858829e-05,0.0,0.0,0.0,0.0,0.0,0.0,0.0,0.0,0.01282051282051282,0.0381620909077624,0.002763656083280104,0.10006310836951754,0.0,0.0,0.0,0.0,0.0,0.0,0.00020242914979757084,7.216389491353951e-06,0.0002183406113537118,2.1888208821907636e-05,0.0,0.0,0.0009699321047526673,0.2,0.0,0.0,0.0,0.0,0.0,0.0,0.0,0.0
932805,0.9956815650130468,0.3529411764705882,0.9998694421687293,0.00020242914979757084,0.0,0.0,0.0,0.0,0.0,0.0,0.0,0.0,0.0,0.0,0.0,0.0,0.0034482761186214505,0.9996480028454556,0.0,0.13995377547688373,0.9998728726829657,0.9998694422775134,0.9996480028454556,0.0,0.13995377547688373,0.9998728726829657,0.0,0.0,0.0,0.0,0.0,0.0,0.0,0.0,0.0,0.00028000224001792015,0.0,0.003448275862068975,0.0,0.0,0.0,0.0,0.0,0.0,0.0,0.0,0.0,0.0,1.0,0.0,0.0,0.0,0.0,0.0,0.0,0.0,0.0,0.0,0.0,0.0,0.0,0.0,0.00020242914979757084,0.0,0.0,0.0,0.00390625,0.0,0.0,0.5,0.0,0.0,0.0,0.0,0.0,0.0,0.0,0.0
438611,0.127859246486503,0.3529411764705882,0.9999656818897377,0.00020242914979757084,0.0,0.0,0.0,0.0,0.0,0.0,0.0,0.0,0.0,0.0,0.0,0.0,5.909900523478555e-09,0.9999075435406146,0.0,0.14003142245345276,0.9999666084186409,0.9999656819985322,0.9999075435406146,0.0,0.14003142245345276,0.9999666084186409,0.0,0.0,0.0,0.0,0.0,0.0,0.0,0.0,0.0,0.00028000224001792015,0.0,5.652460325e-09,0.0,0.0,0.0,0.0,0.0,0.0,0.0,0.0,0.0,0.0,1.0,0.0,0.0,0.0,0.0,0.0,0.0,0.0,0.0,0.0,0.0,0.0,0.0,0.0,0.00020242914979757084,0.0,0.0,0.0,0.9765777587890625,0.0,0.0,0.5,0.0,0.0,0.0,0.0,0.00026058911346561216,0.0,9.028247741076834e-05,0.007018730143616599
251866,0.00033570872690095066,0.3529411764705882,0.9998698895510938,0.004251012145748988,0.00240174672489083,0.0002225441404430444,0.00019976738530953374,0.009931719428926133,0.0,0.007747962509137994,0.008736085312671723,0.6684931506849315,0.0,0.08302247316464642,0.2737832352974904,2.4990076995699495e-05,2.6741605391740638e-05,0.9996480304882166,5.741255571544626e-08,0.13995387115558994,0.9998728725367303,0.9998698896087427,0.9996480598864352,8.306639992691824e-08,0.13995387115558994,0.9998728728503946,0.003427823754394681,0.0001760131735542517,0.0005104547863674185,0.0012332595267182723,6.290479290398709e-08,0.0,0.0,0.0,0.0,0.004984039872318979,0.0038862083269654824,1.33706739792e-05,2.67413479584e-05,0.0,0.015145872129112354,0.04034368965767097,0.023123658359639084,0.0005347035759330538,0.0,0.0,0.0,1.0,0.0,0.0,0.0,0.0,0.01282051282051282,0.04124389376264055,0.007747962509137994,0.08302247316464642,0.0,0.0,0.0,0.0,0.0,0.0,0.004251012145748988,0.0002225441404430444,0.00240174672489083,0.00019976738530953374,0.41021728515625,0.0035247802734375,0.015518913676042677,0.8,0.0,0.0,0.0,0.0,0.0,0.0,0.0,0.0
957936,0.006790471975951048,0.3529411764705882,0.999870309900315,0.001214574898785425,0.0005458515283842794,2.141638171627624e-05,3.777964810356661e-05,0.0020018621973929237,0.0,0.0023433765867431466,0.0030698176500093093,0.28013698630136985,0.0,0.06908466660032443,0.18750171811278743,1.9370585157165636e-06,3.761050916506755e-06,0.9996482151960802,1.5061449231648914e-07,0.13995389494469457,0.9998728725780577,0.9998703100090992,0.99964839250947,1.6694375294478282e-07,0.1399539481697549,0.9998728728292011,0.005512041001912017,0.0014859302781787434,0.00038743422917132935,0.0016482412413641218,0.0012253404337747372,0.0,0.0,0.0,0.0,0.0010640085120680967,0.0006113136694103006,2.193796195075e-06,3.1339945644e-06,0.0,0.006346989447548107,0.020991926720595862,0.013055372861450004,0.00017044276055143138,0.0,0.0,0.0,1.0,0.0,0.0,0.0,0.0,0.0,0.022732050687900667,0.0023433765867431466,0.06908466660032443,0.0,0.0,0.0,0.0,0.0,0.0,0.001214574898785425,2.141638171627624e-05,0.0005458515283842794,3.777964810356661e-05,0.1250152587890625,0.00390625,0.0038797284190106693,0.5,0.0,0.0,0.0,0.0,0.0,0.0,0.0,0.0
788370,0.000808752842079563,1.0,0.9998694423406308,0.0,0.0001091703056768559,3.724588124569781e-06,3.5980617241492006e-06,0.0004965859714463067,0.026143790849673203,0.002852806279514946,0.0,0.03287671232876713,0.06976744186046512,0.032897460285868776,0.0,0.0005929846213144615,0.0016501652735170314,0.9996480033090421,0.0,0.13995377561557523,0.9998728728503946,0.9998694421197557,0.9996480024200123,0.0,0.13995377534960354,0.9998728725293126,0.0,0.0,0.0,0.0,0.0,0.0,0.0,0.0,0.0,5.600044800358403e-05,4.366526210073576e-05,0.0008250825082508249,0.0016501650165016498,0.04060913705583756,0.00074487895716946,0.014808258384276626,0.0010484447934352606,1.0992364848891821e-06,0.0,0.0,0.0,0.0,0.0,0.0,0.0,0.0,0.01282051282051282,0.02220339834633449,0.002852806279514946,0.032897460285868776,0.0,0.0,0.0,0.0,0.0,0.0,0.0,3.724588124569781e-06,0.0001091703056768559,3.5980617241492006e-06,0.0,0.0,0.0,0.2,0.0,0.0,0.0,0.0,0.0,0.0,0.0,0.0
774233,0.750766789251217,0.3529411764705882,0.999869442049051,0.00020242914979757084,0.0,0.0,0.0,0.0,0.0,0.0,0.0,0.0,0.0,0.0,0.0,0.0,0.01428571453947676,0.9996480025227055,0.0,0.13995377538032636,0.9998728725664012,0.9998694421578351,0.9996480025227055,0.0,0.13995377538032636,0.9998728725664012,0.0,0.0,0.0,0.0,0.0,0.0,0.0,0.0,0.0,0.00028000224001792015,0.0,0.014285714285714275,0.0,0.0,0.0,0.0,0.0,0.0,0.0,0.0,0.0,0.0,1.0,0.0,0.0,0.0,0.0,0.0,0.0,0.0,0.0,0.0,0.0,0.0,0.0,0.0,0.00020242914979757084,0.0,0.0,0.0,0.00396728515625,0.0,0.0,0.5,0.0,0.0,0.0,0.0,0.0,0.0,0.0,0.0
31122,0.0003204492393145438,0.3529411764705882,0.9998694420131475,0.0,0.0001091703056768559,0.0,0.0,0.0,0.0,0.0,0.0,0.0,0.0,0.0,0.0,0.0,0.25000000019308016,0.9996480024258805,0.0,0.13995377535135914,0.9998728725314319,0.9998694421197557,0.9996480024200123,0.0,0.13995377534960354,0.9998728725293126,0.0,0.0,0.0,0.0,0.0,0.0,0.0,0.0,0.0,0.00028000224001792015,0.00010916315525183939,0.125,0.25,0.0,0.0,0.0,0.0,0.0,0.0,0.0,0.0,1.0,0.0,0.0,0.0,0.0,0.01282051282051282,0.0,0.0,0.0,0.0,0.0,0.0,0.0,0.0,0.0,0.0,0.0,0.0001091703056768559,0.0,0.41021728515625,1.52587890625e-05,0.0,1.0,0.0,0.0,0.0,0.0,0.0,0.0,0.0,0.0
110565,0.0003204492393145438,0.3529411764705882,0.9998694420131475,0.0,0.0001091703056768559,0.0,0.0,0.0,0.0,0.0,0.0,0.0,0.0,0.0,0.0,0.0,0.25000000019308016,0.9996480024258805,0.0,0.13995377535135914,0.9998728725314319,0.9998694421197557,0.9996480024200123,0.0,0.13995377534960354,0.9998728725293126,0.0,0.0,0.0,0.0,0.0,0.0,0.0,0.0,0.0,0.00028000224001792015,0.00010916315525183939,0.125,0.25,0.0,0.0,0.0,0.0,0.0,0.0,0.0,0.0,1.0,0.0,0.0,0.0,0.0,0.01282051282051282,0.0,0.0,0.0,0.0,0.0,0.0,0.0,0.0,0.0,0.0,0.0,0.0001091703056768559,0.0,0.41021728515625,1.52587890625e-05,0.0,1.0,0.0,0.0,0.0,0.0,0.0,0.0,0.0,0.0
877532,0.0,0.0,0.9998695081462668,0.00040485829959514163,0.0,0.0,0.0,0.0,0.0,0.0,0.0,0.0,0.0,0.0,0.0,0.0,1.2338421847173596e-05,0.9996480915973307,2.498764167787938e-11,0.13995380203542954,0.9998729047286515,0.9998695082550509,0.9996480915973307,2.498764167787938e-11,0.13995380203542954,0.9998729047286515,0.0,0.0,0.0,0.0,0.0,0.0,0.0,0.0,0.0,0.0,0.0,1.233816441015e-05,0.0,0.0,0.0,0.0,0.0,0.0,0.0,0.0,0.0,0.0,0.0,0.0,0.0,0.0,0.0,0.0,0.0,0.0,0.0,0.0,0.0,0.0,0.0,0.0,0.00040485829959514163,0.0,0.0,0.0,0.0,0.0,0.0,0.0,0.0,0.0,0.0,0.0,0.0,0.0,0.0,0.0
672148,0.0012207590069125479,0.3529411764705882,0.9999290310205973,0.00020242914979757084,0.0,0.0,0.0,0.0,0.0,0.0,0.0,0.0,0.0,0.0,0.0,0.0,9.386507797583538e-09,0.9998087029376369,0.0,0.1400018522391217,0.9999309111395339,0.9999290311293879,0.9998087029376369,0.0,0.1400018522391217,0.9999309111395339,0.0,0.0,0.0,0.0,0.0,0.0,0.0,0.0,0.0,0.00028000224001792015,0.0,9.1290676e-09,0.0,0.0,0.0,0.0,0.0,0.0,0.0,0.0,0.0,0.0,1.0,0.0,0.0,0.0,0.0,0.0,0.0,0.0,0.0,0.0,0.0,0.0,0.0,0.0,0.00020242914979757084,0.0,0.0,0.0,0.0042724609375,0.0,0.0,0.5,0.0,0.0,0.0,0.0,0.0,0.0,0.0,0.0
350009,0.00033570872690095066,0.3529411764705882,0.9998698538151649,0.004251012145748988,0.002183406113537118,0.0002244064345053293,0.00019976738530953374,0.009931719428926133,0.0,0.007812799015493038,0.008741956209752828,0.6684931506849315,0.0,0.09132472048108364,0.284505952267003,2.7253628937439192e-05,2.7741194072758302e-05,0.999648029506832,3.735547234186712e-08,0.13995382488353864,0.9998728725335513,0.9998698538575821,0.9996480552952802,4.499601067357975e-08,0.13995382488353864,0.9998728728239027,0.0031541522141289337,0.00017900906780677467,0.00036679908563698775,0.0010759724582725737,9.885038884912257e-08,0.0,0.0,0.0,0.0,0.004984039872318979,0.003536886230159596,1.4530966811275e-05,2.641993965685e-05,0.0,0.015145872129112354,0.0423677309545646,0.023526556300807605,0.0005534988513752984,0.0,0.0,0.0,1.0,0.0,0.0,0.0,0.0,0.0,0.04335893222987855,0.007812799015493038,0.09132472048108364,0.0,0.0,0.0,0.0,0.0,0.0,0.004251012145748988,0.0002244064345053293,0.002183406113537118,0.00019976738530953374,0.41021728515625,0.0035247802734375,0.015518913676042677,0.8,0.0,0.0,0.0,0.0,0.0,0.0,0.0,0.0
268820,0.00033570872690095066,0.3529411764705882,0.9998694420185875,0.0,0.0001091703056768559,0.0,0.0,0.0,0.0,0.0,0.0,0.0,0.0,0.0,0.0,0.0,0.07142857166762312,0.999648002440551,0.0,0.1399537753557481,0.9998728725367303,0.9998694421197557,0.9996480024200123,0.0,0.13995377534960354,0.9998728725293126,0.0,0.0,0.0,0.0,0.0,0.0,0.0,0.0,0.0,0.00022400179201433613,0.00017466104840294303,0.03571428571428575,0.0714285714285715,0.0,0.0,0.0,0.0,0.0,0.0,0.0,0.0,0.0,1.0,1.0,0.0,0.0,0.01282051282051282,0.0,0.0,0.0,0.0,0.0,0.0,0.0,0.0,0.0,0.0,0.0,0.0001091703056768559,0.0,0.003692626953125,0.0035247802734375,0.0,0.8,0.0,0.0,0.0,0.0,0.0,0.0,0.0,0.0
933250,0.000808752842079563,1.0,0.9998694766425965,0.00020242914979757084,0.0002183406113537118,9.544257069210063e-06,1.0344427456928951e-05,0.0006362507759155804,0.03349673202614379,0.0036551580456285248,0.0,0.04726027397260274,0.1002906976744186,0.04729009916093637,0.0,1.5522743102958563e-05,3.1416172734812225e-05,0.9996480335517041,4.224451402540685e-08,0.13995380283861136,0.9998728727529044,0.9998694761910687,0.9996480943040303,0.0,0.13995380283861136,0.999872905714151,1.7584181916645662e-06,1.8961301861058964e-06,0.0,1.7662358404493037e-06,1.8961301861058964e-06,0.0,0.0,0.0,0.0,0.00011200089600716806,8.733052420147152e-05,1.5707957651349998e-05,3.1415915302699997e-05,0.052030456852791875,0.0010707635009310987,0.020705118419462414,0.0017406236128064332,3.029770561476992e-06,0.0,0.0,0.0,0.0,0.0,0.0,0.0,0.0,0.01282051282051282,0.02587092396604153,0.0036551580456285248,0.04729009916093637,0.0,0.0,0.0,0.0,0.0,0.0,0.00020242914979757084,9.544257069210063e-06,0.0002183406113537118,1.0344427456928951e-05,0.0,0.0,0.0009699321047526673,0.2,0.0,0.0,0.0,0.0,0.0,0.0,0.0,0.0
824138,0.05171440343033281,0.3529411764705882,0.9998760637003724,0.0016194331983805667,0.001091703056768559,0.00013129173139108478,0.00012405816986389432,0.010257603972687771,0.0,0.011173491261430567,0.013545157050804451,0.8034246575342466,0.0,0.11342770161065173,0.3858522245826851,1.026982536185963e-06,7.807115821490136e-07,0.999648994501644,1.678185030006317e-06,0.13995641579187146,0.9998728726321012,0.9998760638091573,0.9996502346036837,2.818978470465273e-06,0.1399564968623241,0.9998728726766076,0.0492872701881805,0.005905249340165917,0.010918530665475481,0.02517967578188059,0.0015281820796125035,0.0,0.0,0.0,0.0,0.0014280114240913927,0.0012226273388206011,3.69688804175e-07,8.2153067595e-07,0.0,0.01820297951582868,0.0551938166296589,0.032816781680515175,0.0010769411598663655,0.0,0.0,1.0,1.0,0.0,0.0,0.0,1.0,0.01282051282051282,0.058075242103231006,0.011173491261430567,0.11342770161065173,0.0,0.0,0.0,0.0,0.0,0.0,0.0016194331983805667,0.00013129173139108478,0.001091703056768559,0.00012405816986389432,0.1250152587890625,0.9593658447265625,0.004849660523763337,0.5,0.0,0.0,0.0,0.0,0.0,0.0,0.0,0.0
749566,0.000808752842079563,1.0,0.9998694630743457,0.0,0.0001091703056768559,4.655735155712226e-06,7.196123448298401e-06,0.0006207324643078833,0.032679738562091505,0.0035660078493936825,0.0,0.06575342465753425,0.13953488372093023,0.06579492057173755,0.0,1.5777188968960808e-05,2.582670371455117e-05,0.9996480592240291,0.0,0.13995379234370214,0.9998728930446552,0.9998694421197557,0.9996480024200123,0.0,0.13995377534960354,0.9998728725293126,0.0,0.0,0.0,0.0,0.0,0.0,0.0,0.0,0.0,5.600044800358403e-05,4.366526210073576e-05,1.29132231405e-05,2.5826446281e-05,0.050761421319796954,0.00148975791433892,0.023270120318182985,0.0036695567770347617,1.3465646939897312e-05,0.0,0.0,0.0,0.0,0.0,0.0,0.0,0.0,0.01282051282051282,0.034891054544239915,0.0035660078493936825,0.06579492057173755,0.0,0.0,0.0,0.0,0.0,0.0,0.0,4.655735155712226e-06,0.0001091703056768559,7.196123448298401e-06,0.0,0.0,0.0,0.2,0.0,0.0,0.0,0.0,0.0,0.0,0.0,0.0
943016,0.000808752842079563,1.0,0.9998694423602146,0.0,0.0001091703056768559,4.888521913497838e-06,4.347657916680284e-06,0.0006517690875232775,0.03431372549019608,0.003744308241863367,0.0,0.03972602739726028,0.08430232558139535,0.03975109784542478,0.0,0.0006996664340275777,0.001557632655793103,0.9996480033618558,0.0,0.13995377563137554,0.9998728728694688,0.9998694421197557,0.9996480024200123,0.0,0.13995377534960354,0.9998728725293126,0.0,0.0,0.0,0.0,0.0,0.0,0.0,0.0,0.0,5.600044800358403e-05,4.366526210073576e-05,0.00077881619937695,0.0015576323987539,0.053299492385786795,0.0009000620732464308,0.018774756165782835,0.0010484447934352606,1.0992364848891821e-06,0.0,0.0,0.0,0.0,0.0,0.0,0.0,0.0,0.01282051282051282,0.02815073718910266,0.003744308241863367,0.03975109784542478,0.0,0.0,0.0,0.0,0.0,0.0,0.0,4.888521913497838e-06,0.0001091703056768559,4.347657916680284e-06,0.0,0.0,0.0,0.2,0.0,0.0,0.0,0.0,0.0,0.0,0.0,0.0
1014161,0.7501106312850014,1.0,0.9999972809534221,0.002834008097165992,0.0,5.76147225519388e-05,0.0,0.0005121042830540037,0.02696078431372549,0.0029419564757497884,0.0,0.0,0.0,0.0,0.0,9.461515116002247e-09,3.2172134166717605e-08,0.9996726279871782,4.3772810411162365e-05,0.14001562863768952,0.9998734384889113,0.9999972810622201,0.9996726279871782,4.3772810411162365e-05,0.14001562863768952,0.9998734384889113,0.0,0.0,0.0,0.0,0.0,0.0,0.0,0.0,0.0,0.0008400067200537605,0.0,3.1914693974999995e-08,0.0,0.04187817258883248,0.0005121042830540037,0.01308944267897049,0.0,0.0,0.0,0.0,0.0,0.0,0.0,0.0,0.0,0.0,0.0,0.013956421817695967,0.0029419564757497884,0.0,0.0,0.0,0.0,0.0,0.0,0.0,0.002834008097165992,5.76147225519388e-05,0.0,0.0,0.0,0.0,0.013579049466537343,0.2,0.03676311414662405,0.04198959857050389,0.054550712625379756,0.00981248179881166,7.499399488695418e-05,0.0001267085413923666,7.19185624134373e-05,0.00039911608347218915
928716,0.006790471975951048,0.3529411764705882,0.9998696106496097,0.00040485829959514163,0.0001091703056768559,0.0,0.0,0.0,0.0,0.0,0.0,0.0,0.0,0.0,0.0,0.0,6.451828718714041e-06,0.9996481540157321,2.1026840703773313e-07,0.13995391116896752,0.9998728726373995,0.9998696107583938,0.999648229813592,2.576375782838991e-07,0.13995391125850254,0.9998728727105173,0.0,0.0,0.0,0.0,0.0,0.0,0.0,0.0,0.0,0.0005040040320322563,0.00017466104840294303,4.8386784601499995e-06,3.2257856400999995e-06,0.0,0.0,0.0,0.0,0.0,0.0,0.0,0.0,1.0,0.0,0.0,0.0,0.0,0.0,0.0,0.0,0.0,0.0,0.0,0.0,0.0,0.0,0.0,0.00040485829959514163,0.0,0.0001091703056768559,0.0,0.1250152587890625,0.1250152587890625,0.0,0.5,0.0,0.0,0.0,0.0,0.0,0.0,0.0,0.0
47449,0.0003204492393145438,0.3529411764705882,0.9998694420131475,0.0,0.0001091703056768559,0.0,0.0,0.0,0.0,0.0,0.0,0.0,0.0,0.0,0.0,0.0,0.25000000019308016,0.9996480024258805,0.0,0.13995377535135914,0.9998728725314319,0.9998694421197557,0.9996480024200123,0.0,0.13995377534960354,0.9998728725293126,0.0,0.0,0.0,0.0,0.0,0.0,0.0,0.0,0.0,0.00028000224001792015,0.00010916315525183939,0.125,0.25,0.0,0.0,0.0,0.0,0.0,0.0,0.0,0.0,1.0,0.0,0.0,0.0,0.0,0.01282051282051282,0.0,0.0,0.0,0.0,0.0,0.0,0.0,0.0,0.0,0.0,0.0,0.0001091703056768559,0.0,0.41021728515625,1.52587890625e-05,0.0,1.0,0.0,0.0,0.0,0.0,0.0,0.0,0.0,0.0
800523,0.0,0.0,0.999991990853316,0.00040485829959514163,0.0,0.0,0.0,0.0,0.0,0.0,0.0,0.0,0.0,0.0,0.0,0.0,6.9159130982195675e-09,0.9998132481802855,5.3306968912872164e-11,0.14000321205668093,0.9999325526827331,0.9999919909621134,0.9998132481802855,5.3306968912872164e-11,0.14000321205668093,0.9999325526827331,0.0,0.0,0.0,0.0,0.0,0.0,0.0,0.0,0.0,0.0,0.0,6.6584729e-09,0.0,0.0,0.0,0.0,0.0,0.0,0.0,0.0,0.0,0.0,0.0,0.0,0.0,0.0,0.0,0.0,0.0,0.0,0.0,0.0,0.0,0.0,0.0,0.0,0.00040485829959514163,0.0,0.0,0.0,0.0,0.0,0.0,0.0,0.0,0.0,0.0,0.0,0.00016591300089022603,9.301427863146139e-11,5.748145350848813e-05,0.004468714115686741
250404,0.00033570872690095066,0.3529411764705882,0.9998697829210269,0.004251012145748988,0.00240174672489083,0.0002225441404430444,0.00019976738530953374,0.009931719428926133,0.0,0.007747962509137994,0.008736085312671723,0.6684931506849315,0.0,0.08302247316464642,0.2737832352974904,3.280648939023919e-05,3.5105781444937374e-05,0.999648023800739,3.8947734713146956e-08,0.13995385217065376,0.9998728725324916,0.999869782479291,0.999648046128898,5.3534135139188876e-08,0.13995385217065376,0.9998728728186044,0.0026112760158283972,0.00013408477550305747,0.00039429562498697636,0.001038755943833533,8.087759087655482e-08,0.0,0.0,0.0,0.0,0.004984039872318979,0.0038862083269654824,1.7552762006875e-05,3.510552401375e-05,0.0,0.015145872129112354,0.04034368965767097,0.023123658359639084,0.0005347035759330538,0.0,0.0,0.0,1.0,0.0,0.0,0.0,0.0,0.01282051282051282,0.04124389376264055,0.007747962509137994,0.08302247316464642,0.0,0.0,0.0,0.0,0.0,0.0,0.004251012145748988,0.0002225441404430444,0.00240174672489083,0.00019976738530953374,0.41021728515625,0.0035247802734375,0.015518913676042677,0.8,0.0,0.0,0.0,0.0,0.0,0.0,0.0,0.0
1020748,0.000808752842079563,1.0,0.9998694791308164,0.0,0.0001091703056768559,3.840981503462586e-06,8.545396594854351e-06,0.0005121042830540037,0.02696078431372549,0.0029419564757497884,0.0,0.07808219178082192,0.16569767441860464,0.07813146817893835,0.0,9.67675714357799e-06,1.4655278246552145e-05,0.9996481025253555,0.0,0.13995380529819113,0.9998729086833653,0.9998694421197557,0.9996480024200123,0.0,0.13995377534960354,0.9998728725293126,0.0,0.0,0.0,0.0,0.0,0.0,0.0,0.0,0.0,5.600044800358403e-05,4.366526210073576e-05,7.327510405075e-06,1.465502081015e-05,0.04187817258883248,0.0017690875232774675,0.023798986689037255,0.005307751766790125,2.8172228817815394e-05,0.0,0.0,0.0,0.0,0.0,0.0,0.0,0.0,0.01282051282051282,0.035684033056609006,0.0029419564757497884,0.07813146817893835,0.0,0.0,0.0,0.0,0.0,0.0,0.0,3.840981503462586e-06,0.0001091703056768559,8.545396594854351e-06,0.0,0.0,0.0,0.2,0.0,0.0,0.0,0.0,0.0,0.0,0.0,0.0
339070,0.00033570872690095066,0.3529411764705882,0.9998698442289362,0.004251012145748988,0.002183406113537118,0.00022813102262989908,0.00019976738530953374,0.009931719428926133,0.0,0.00794247202819421,0.008752921671849528,0.6684931506849315,0.0,0.09132472048108364,0.284505952267003,2.8097580942413924e-05,2.8402355401188097e-05,0.9996480288762885,4.279459625263665e-08,0.13995385355230205,0.9998728725303723,0.9998698442626495,0.9996480540631013,5.9744228550523e-08,0.13995385355230205,0.9998728728292011,0.003080848676622386,0.00017484883804449252,0.0003916685567745278,0.0010736872337017555,7.189119189027096e-08,0.0,0.0,0.0,0.0,0.004984039872318979,0.003536886230159596,1.4877289411974998e-05,2.704961711265e-05,0.0,0.015145872129112354,0.042662912184811615,0.023525227135097804,0.0005534363117580105,0.0,0.0,0.0,1.0,0.0,0.0,0.0,0.0,0.0,0.043661019282207746,0.00794247202819421,0.09132472048108364,0.0,0.0,0.0,0.0,0.0,0.0,0.004251012145748988,0.00022813102262989908,0.002183406113537118,0.00019976738530953374,0.41021728515625,0.0035247802734375,0.015518913676042677,0.8,0.0,0.0,0.0,0.0,0.0,0.0,0.0,0.0
309377,0.00033570872690095066,0.3529411764705882,0.9998698037450444,0.004251012145748988,0.00240174672489083,0.0002225441404430444,0.00019976738530953374,0.009931719428926133,0.0,0.007747962509137994,0.008736085312671723,0.6684931506849315,0.0,0.08302247316464642,0.2737832352974904,3.091791167623695e-05,3.308485474700763e-05,0.9996480251067511,4.373696898908832e-08,0.13995384347785633,0.9998728725367303,0.9998698038081332,0.9996480488679426,5.982982274679035e-08,0.13995384347785633,0.9998728726437577,0.0027707420447265086,0.0001422730966746073,0.0003975979342562469,0.0009557093761885209,6.290479290398709e-08,0.0,0.0,0.0,0.0,0.004984039872318979,0.0038862083269654824,1.6542298657675002e-05,3.3084597315350004e-05,0.0,0.015145872129112354,0.04034368965767097,0.023123658359639084,0.0005347035759330538,0.0,0.0,0.0,1.0,0.0,0.0,0.0,0.0,0.01282051282051282,0.04124389376264055,0.007747962509137994,0.08302247316464642,0.0,0.0,0.0,0.0,0.0,0.0,0.004251012145748988,0.0002225441404430444,0.00240174672489083,0.00019976738530953374,0.41021728515625,0.0035247802734375,0.015518913676042677,0.8,0.0,0.0,0.0,0.0,0.0,0.0,0.0,0.0
843331,0.000808752842079563,1.0,0.9998694431033077,0.0,0.0001091703056768559,5.470488807961865e-06,2.031405681759236e-05,0.0007293606455617629,0.03839869281045752,0.0041900592230375774,0.0,0.1856164383561644,0.3938953488372093,0.1857335778639675,0.0,0.0007113600622775609,0.0004980082254394928,0.9996480053658404,0.0,0.13995377623090907,0.9998728735932281,0.9998694421197557,0.9996480024200123,0.0,0.13995377534960354,0.9998728725293126,0.0,0.0,0.0,0.0,0.0,0.0,0.0,0.0,0.0,5.600044800358403e-05,4.366526210073576e-05,0.00024900398406375,0.0004980079681275,0.05964467005076142,0.004205462445685909,0.0482590563416721,0.014678227108150395,0.00021545035103836342,0.0,0.0,0.0,0.0,0.0,0.0,0.0,0.0,0.01282051282051282,0.07235928925367936,0.0041900592230375774,0.1857335778639675,0.0,0.0,0.0,0.0,0.0,0.0,0.0,5.470488807961865e-06,0.0001091703056768559,2.031405681759236e-05,0.0,0.0,0.0,0.2,0.0,0.0,0.0,0.0,0.0,0.0,0.0,0.0
757875,0.0,0.0,0.9998715153182588,0.0008097165991902834,0.0,0.0,0.0,0.0,0.0,0.0,0.0,0.0,0.0,0.0,0.0,0.0,6.562047039810667e-07,0.9996494002514091,2.0042740645059967e-06,0.13995531223496097,0.9998728743773889,0.9998715154270431,0.9996494002514091,2.0042740645059967e-06,0.13995531223496097,0.9998728743773889,0.0,0.0,0.0,0.0,0.0,0.0,0.0,0.0,0.0,0.0,0.0,6.5594726395e-07,0.0,0.0,0.0,0.0,0.0,0.0,0.0,0.0,0.0,0.0,0.0,0.0,0.0,0.0,0.0,0.0,0.0,0.0,0.0,0.0,0.0,0.0,0.0,0.0,0.0008097165991902834,0.0,0.0,0.0,0.0,0.0,0.0,0.0,0.0,0.0,0.0,0.0,0.0,0.0,0.0,0.0
833951,0.0012207590069125479,0.3529411764705882,0.9998694429760135,0.00040485829959514163,0.0004366812227074236,1.873933400174171e-05,3.658029419551687e-05,0.0024984481688392303,0.0,0.004784393864606163,0.005897744508285693,0.33424657534246577,0.0,0.08361437822658314,0.2582845128885069,0.001643301110874084,0.0019729427597507854,0.9996480028537689,2.1368246115190608e-10,0.1399537755708077,0.9998728725621625,0.9998694426006447,0.9996480030684466,2.9985170013455254e-10,0.1399537756225976,0.9998728726681302,5.2919220460047364e-06,1.9021211187637187e-06,2.0195757667428615e-06,3.0971908102665516e-06,2.7857836857479995e-07,0.0,0.0,0.0,0.0,0.0005040040320322563,0.0005021505141584612,0.0008455467869222,0.00225479143179255,0.0,0.007572936064556177,0.032178213252469126,0.019724452737530655,0.0003890540357952733,0.0,0.0,0.0,1.0,0.0,0.0,0.0,0.0,0.01282051282051282,0.036760218180544146,0.004784393864606163,0.08361437822658314,0.0,0.0,0.0,0.0,0.0,0.0,0.00040485829959514163,1.873933400174171e-05,0.0004366812227074236,3.658029419551687e-05,0.1250152587890625,0.002288818359375,0.0009699321047526673,0.5,0.0,0.0,0.0,0.0,0.0,0.0,0.0,0.0
805485,0.000808752842079563,1.0,0.999869489687527,0.00020242914979757084,0.0002183406113537118,1.257048492042301e-05,1.724071242821492e-05,0.0008379888268156424,0.04411764705882353,0.0048141105966814715,0.0,0.07876712328767123,0.16715116279069767,0.07881683193489396,0.0,1.7323294484179673e-05,2.2820366514450122e-05,0.9996480452782909,5.6360729357552824e-08,0.1399538124171033,0.999872872960601,0.9998694893535015,0.9996481298006726,0.0,0.1399538134581674,0.9998729185341209,0.0003553088132778141,0.0003831351207802128,0.0,0.00035688845998841734,0.0003831351207802128,0.0,0.0,0.0,0.0,0.00011200089600716806,8.733052420147152e-05,1.141005454005e-05,2.28201090801e-05,0.06852791878172589,0.0017846058348851646,0.031097342607008683,0.0037920728707661953,1.437981665721414e-05,0.0,0.0,0.0,0.0,0.0,0.0,0.0,0.0,0.01282051282051282,0.03885594710608536,0.0048141105966814715,0.07881683193489396,0.0,0.0,0.0,0.0,0.0,0.0,0.00020242914979757084,1.257048492042301e-05,0.0002183406113537118,1.724071242821492e-05,0.0,0.0,0.0009699321047526673,0.2,0.0,0.0,0.0,0.0,0.0,0.0,0.0,0.0
991320,0.000808752842079563,1.0,0.9998694433546321,0.0,0.0001091703056768559,5.237702050176254e-06,4.572536774439609e-06,0.0006983240223463687,0.03676470588235294,0.004011758830567893,0.0,0.04178082191780822,0.08866279069767442,0.04180718911329157,0.0,0.0001927680168762942,0.0004048585569311232,0.9996480060436156,0.0,0.13995377643367957,0.9998728738380134,0.9998694421197557,0.9996480024200123,0.0,0.13995377534960354,0.9998728725293126,0.0,0.0,0.0,0.0,0.0,0.0,0.0,0.0,0.0,5.600044800358403e-05,4.366526210073576e-05,0.000202429149797575,0.00040485829959515,0.05710659898477157,0.0009466170080695221,0.019964705500234697,0.0010484447934352606,1.0992364848891821e-06,0.0,0.0,0.0,0.0,0.0,0.0,0.0,0.0,0.01282051282051282,0.029934938841933108,0.004011758830567893,0.04180718911329157,0.0,0.0,0.0,0.0,0.0,0.0,0.0,5.237702050176254e-06,0.0001091703056768559,4.572536774439609e-06,0.0,0.0,0.0,0.2,0.0,0.0,0.0,0.0,0.0,0.0,0.0,0.0
935446,0.9504371843193505,0.3529411764705882,0.9998694421643773,0.00020242914979757084,0.0,0.0,0.0,0.0,0.0,0.0,0.0,0.0,0.0,0.0,0.0,0.0,0.003546099547307442,0.9996480028337192,0.0,0.13995377547337254,0.999872872678727,0.9998694422731614,0.9996480028337192,0.0,0.13995377547337254,0.999872872678727,0.0,0.0,0.0,0.0,0.0,0.0,0.0,0.0,0.0,0.00028000224001792015,0.0,0.00354609929078015,0.0,0.0,0.0,0.0,0.0,0.0,0.0,0.0,0.0,0.0,1.0,0.0,0.0,0.0,0.0,0.0,0.0,0.0,0.0,0.0,0.0,0.0,0.0,0.0,0.00020242914979757084,0.0,0.0,0.0,0.0039520263671875,0.0,0.0,0.5,0.0,0.0,0.0,0.0,0.0,0.0,0.0,0.0
299044,0.00033570872690095066,0.3529411764705882,0.9998694420174995,0.0,0.0001091703056768559,0.0,0.0,0.0,0.0,0.0,0.0,0.0,0.0,0.0,0.0,0.0,0.08333333356932011,0.9996480024376169,0.0,0.1399537753548703,0.9998728725356706,0.9998694421197557,0.9996480024200123,0.0,0.13995377534960354,0.9998728725293126,0.0,0.0,0.0,0.0,0.0,0.0,0.0,0.0,0.0,0.00022400179201433613,0.00017466104840294303,0.04166666666666675,0.0833333333333335,0.0,0.0,0.0,0.0,0.0,0.0,0.0,0.0,0.0,1.0,1.0,0.0,0.0,0.01282051282051282,0.0,0.0,0.0,0.0,0.0,0.0,0.0,0.0,0.0,0.0,0.0,0.0001091703056768559,0.0,0.003692626953125,0.0035247802734375,0.0,0.8,0.0,0.0,0.0,0.0,0.0,0.0,0.0,0.0
997290,0.05171440343033281,0.3529411764705882,0.9998719340986069,0.0014170040485829958,0.0007641921397379913,0.00013361959896894088,0.00011851115803916429,0.010505896958410926,0.0,0.012793053159699837,0.014474463116787318,0.8034246575342466,0.0,0.15479429973794248,0.4552779038383969,2.6758322467964064e-06,1.6374152465034637e-06,0.9996484824699116,5.882218294409504e-07,0.13995461285933608,0.9998728725335513,0.9998719342073912,0.9996489625198108,9.387889389518404e-07,0.13995483948125864,0.9998728725335513,0.017379047017177303,0.003123350275001934,0.0035271968943977323,0.007986625493002672,0.0018916369866127545,0.0,0.0,0.0,0.0,0.0012040096320770567,0.0008296399799139793,8.731508302499999e-07,1.52801395295e-06,0.0,0.01820297951582868,0.06765357778581528,0.036254867373183286,0.0013144154082471075,0.0,0.0,0.0,1.0,0.0,0.0,0.0,0.0,0.0,0.07213461200849491,0.012793053159699837,0.15479429973794248,0.0,0.0,0.0,0.0,0.0,0.0,0.0014170040485829958,0.00013361959896894088,0.0007641921397379913,0.00011851115803916429,0.1250152587890625,0.9590606689453125,0.004849660523763337,0.5,0.0,0.0,0.0,0.0,0.0,0.0,0.0,0.0
985535,0.0012207590069125479,0.3529411764705882,0.9998694422699118,0.00020242914979757084,0.0,0.0,0.0,0.0,0.0,0.0,0.0,0.0,0.0,0.0,0.0,0.0,0.002100840593033809,0.9996480031183261,0.0,0.1399537755585186,0.9998728727815156,0.9998694423786959,0.9996480031183261,0.0,0.1399537755585186,0.9998728727815156,0.0,0.0,0.0,0.0,0.0,0.0,0.0,0.0,0.0,0.00028000224001792015,0.0,0.00210084033613445,0.0,0.0,0.0,0.0,0.0,0.0,0.0,0.0,0.0,0.0,1.0,0.0,0.0,0.0,0.0,0.0,0.0,0.0,0.0,0.0,0.0,0.0,0.0,0.0,0.00020242914979757084,0.0,0.0,0.0,0.003875732421875,0.0,0.0,0.5,0.0,0.0,0.0,0.0,0.0,0.0,0.0,0.0
341252,0.00033570872690095066,0.3529411764705882,0.9998698176549223,0.004251012145748988,0.00240174672489083,0.0002225441404430444,0.00019976738530953374,0.009931719428926133,0.0,0.007747962509137994,0.008736085312671723,0.6684931506849315,0.0,0.08302247316464642,0.2737832352974904,2.977303931469354e-05,3.185975127152303e-05,0.9996480259791316,4.5215801618119844e-08,0.13995383961907237,0.9998728725324916,0.9998698177147471,0.9996480506538264,6.100674717191016e-08,0.13995383961907237,0.9998728728249624,0.0028773305218421,0.00014774624158101526,0.00040507947354665656,0.0008965362901404824,8.986398986283869e-08,0.0,0.0,0.0,0.0,0.004984039872318979,0.0038862083269654824,1.5929746919775e-05,3.185949383955e-05,0.0,0.015145872129112354,0.04034368965767097,0.023123658359639084,0.0005347035759330538,0.0,0.0,0.0,1.0,0.0,0.0,0.0,0.0,0.01282051282051282,0.04124389376264055,0.007747962509137994,0.08302247316464642,0.0,0.0,0.0,0.0,0.0,0.0,0.004251012145748988,0.0002225441404430444,0.00240174672489083,0.00019976738530953374,0.41021728515625,0.0035247802734375,0.015518913676042677,0.8,0.0,0.0,0.0,0.0,0.0,0.0,0.0,0.0
814711,0.0012207590069125479,0.3529411764705882,0.9998750025839482,0.00040485829959514163,0.0001091703056768559,0.0,0.0,0.0,0.0,0.0,0.0,0.0,0.0,0.0,0.0,0.0,1.959178870995629e-07,0.999653001031676,6.887194904589603e-06,0.13995823390761566,0.9998728725854754,0.9998750026927329,0.9996555003375078,8.408596298550108e-06,0.13995823390761566,0.9998729060373523,0.0,0.0,0.0,0.0,0.0,0.0,0.0,0.0,0.0,0.0005040040320322563,0.00017466104840294303,1.467453352e-07,9.783022345e-08,0.0,0.0,0.0,0.0,0.0,0.0,0.0,0.0,1.0,0.0,0.0,0.0,0.0,0.0,0.0,0.0,0.0,0.0,0.0,0.0,0.0,0.0,0.0,0.00040485829959514163,0.0,0.0001091703056768559,0.0,0.1250152587890625,0.4455718994140625,0.0,0.5,0.0,0.0,0.0,0.0,0.0,0.0,0.0,0.0
830532,0.006759953000778234,0.3529411764705882,0.999875497857201,0.0014170040485829958,0.0005458515283842794,4.038850247580356e-05,0.00022945139453376464,0.0029484792054624456,0.0,0.003866889761686275,0.004667779659932359,1.0,0.0,0.4195796913960181,0.772059848751538,1.3751288861035372e-06,5.841475350496171e-07,0.9996493633779443,3.6307145522582964e-06,0.13995847742532383,0.9998728725303723,0.9998754979659857,0.9996503354907529,4.740007006635449e-06,0.13995847742532383,0.9998728725483867,0.0006105961330183859,0.00016460387023176163,0.00024192331961675215,0.00032861194496928113,8.98639898628387e-09,0.0,0.0,0.0,0.0,0.0012040096320770567,0.0006113136694103006,3.59316981525e-07,4.4914622689999997e-07,0.0,0.02265673494723774,0.09655588885267677,0.05653132792889671,0.0031957910374044397,0.0,0.0,0.0,1.0,0.0,0.0,0.0,0.0,0.0,0.10394118346743766,0.003866889761686275,0.4195796913960181,0.0,0.0,0.0,0.0,0.0,0.0,0.0014170040485829958,4.038850247580356e-05,0.0005458515283842794,0.00022945139453376464,0.1250152587890625,0.0144500732421875,0.002909796314258002,0.5,0.002068112262692725,0.0,0.002068112262692725,0.002068112262692725,1.5780495120327812e-05,0.0,5.467236045606111e-06,0.00042503324605252716
924751,0.006759953000778234,0.3529411764705882,0.9998694426528822,0.00040485829959514163,0.0,8.962290174746036e-06,0.0,0.0007138423339540658,0.0,0.0022881883700305848,0.0014884478239162674,0.0,0.0,0.0,0.0,0.000293112800845078,0.0012711866977909209,0.9996480032855694,9.262085848598582e-10,0.1399537758525797,0.999872872547327,0.9998694427616663,0.9996480032855694,9.262085848598582e-10,0.1399537758525797,0.999872872547327,0.0,0.0,0.0,0.0,0.0,1.0,0.0,0.0,0.0,0.0004200033600268802,0.0,0.001271186440677975,0.0,0.0,0.0007138423339540658,0.012196980678131594,0.002461221012286285,6.0576088713203884e-06,0.0,1.0,0.0,0.0,1.0,0.0,0.0,0.0,0.0,0.016256059503566324,0.0022881883700305848,0.0,0.0,0.0,0.0,0.0,0.0,0.0,0.00040485829959514163,8.962290174746036e-06,0.0,0.0,0.003875732421875,0.0,0.0009699321047526673,0.5,0.0,0.0,0.0,0.0,0.0,0.0,0.0,0.0
106476,0.0003204492393145438,0.3529411764705882,0.9998694420120596,0.0,0.0001091703056768559,0.0,0.0,0.0,0.0,0.0,0.0,0.0,0.0,0.0,0.0,0.0,0.5000000001287201,0.9996480024229464,0.0,0.13995377535048134,0.9998728725303723,0.9998694421197557,0.9996480024200123,0.0,0.13995377534960354,0.9998728725293126,0.0,0.0,0.0,0.0,0.0,0.0,0.0,0.0,0.0,0.00028000224001792015,0.00010916315525183939,0.25,0.5,0.0,0.0,0.0,0.0,0.0,0.0,0.0,0.0,1.0,0.0,0.0,0.0,0.0,0.01282051282051282,0.0,0.0,0.0,0.0,0.0,0.0,0.0,0.0,0.0,0.0,0.0,0.0001091703056768559,0.0,0.41021728515625,1.52587890625e-05,0.0,1.0,0.0,0.0,0.0,0.0,0.0,0.0,0.0,0.0
415428,0.000808752842079563,1.0,0.9998694619308742,0.0,0.0001091703056768559,5.237702050176254e-06,5.771890682489342e-06,0.0006983240223463687,0.03676470588235294,0.004011758830567893,0.0,0.05273972602739726,0.1119186046511628,0.05277300920858117,0.0,1.4965501605433352e-05,2.730923116194451e-05,0.9996480561402986,0.0,0.13995379142114028,0.999872891930935,0.9998694421197557,0.9996480024200123,0.0,0.13995377534960354,0.9998728725293126,0.0,0.0,0.0,0.0,0.0,0.0,0.0,0.0,0.0,5.600044800358403e-05,4.366526210073576e-05,1.3654486864375e-05,2.730897372875e-05,0.05710659898477157,0.0011949099937926754,0.02208017098373112,0.002096889586881871,4.396945939558017e-06,0.0,0.0,0.0,0.0,0.0,0.0,0.0,0.0,0.01282051282051282,0.033106852891409466,0.004011758830567893,0.05277300920858117,0.0,0.0,0.0,0.0,0.0,0.0,0.0,5.237702050176254e-06,0.0001091703056768559,5.771890682489342e-06,0.0,0.0,0.0,0.2,0.0,0.0,0.0,0.0,0.0,0.0,0.0,0.0
819289,0.0012207590069125479,0.3529411764705882,0.9998764602706112,0.0006072874493927125,0.0004366812227074236,1.1290157752602148e-05,1.7390631666721135e-05,0.0015052762259466172,0.0,0.00216189225869492,0.00307724762244161,0.1589041095890411,0.0,0.03975109784542478,0.12279099793060165,1.1454737072139248e-07,3.10301311320116e-07,0.9996507062694158,5.679687801727076e-06,0.13995938326607965,0.9998728725759384,0.9998695096346149,0.9996480631117007,8.347411639958371e-08,0.13995382942085763,0.9998728727306512,0.053756577536170934,0.01932218965341544,0.04408121033104165,0.05399067385622313,1.50971502969569e-06,0.0,0.0,0.0,0.0,0.0006440051520412163,0.0005021505141584612,1.550219356e-07,3.100438712e-07,0.0,0.0036002482929857233,0.014499753001301439,0.009080349962925583,8.245275544926571e-05,0.0,0.0,0.0,1.0,0.0,0.0,0.0,0.0,0.01282051282051282,0.016305620660589392,0.00216189225869492,0.03975109784542478,0.0,0.0,0.0,0.0,0.0,0.0,0.0006072874493927125,1.1290157752602148e-05,0.0004366812227074236,1.7390631666721135e-05,0.1250152587890625,0.002166748046875,0.0009699321047526673,0.5,0.0,0.0,0.0,0.0,0.0,0.0,0.0,0.0
211266,0.00033570872690095066,0.3529411764705882,0.9998694420174995,0.0,0.0001091703056768559,0.0,0.0,0.0,0.0,0.0,0.0,0.0,0.0,0.0,0.0,0.0,0.08333333356932011,0.9996480024376169,0.0,0.1399537753548703,0.9998728725356706,0.9998694421197557,0.9996480024200123,0.0,0.13995377534960354,0.9998728725293126,0.0,0.0,0.0,0.0,0.0,0.0,0.0,0.0,0.0,0.00022400179201433613,0.00017466104840294303,0.04166666666666675,0.0833333333333335,0.0,0.0,0.0,0.0,0.0,0.0,0.0,0.0,0.0,1.0,1.0,0.0,0.0,0.01282051282051282,0.0,0.0,0.0,0.0,0.0,0.0,0.0,0.0,0.0,0.0,0.0,0.0001091703056768559,0.0,0.003692626953125,0.0035247802734375,0.0,0.8,0.0,0.0,0.0,0.0,0.0,0.0,0.0,0.0
212555,0.00033570872690095066,0.3529411764705882,0.9998698179465021,0.004251012145748988,0.00240174672489083,0.00022813102262989908,0.00019976738530953374,0.009931719428926133,0.0,0.00794247202819421,0.008752921671849528,0.6684931506849315,0.0,0.08302247316464642,0.2737832352974904,3.0061941216152047e-05,3.183504069500439e-05,0.9996480259974185,4.938525338292947e-08,0.1399538545090979,0.9998728725335513,0.999869817997623,0.9996480506901533,6.808548773169848e-08,0.1399538545090979,0.9998728726861448,0.002879497293073535,0.00014785750175894114,0.0004279717122928493,0.0010784418401348131,1.168231868216903e-07,0.0,0.0,0.0,0.0,0.004984039872318979,0.0038862083269654824,1.59173916315e-05,3.1834783263e-05,0.0,0.015145872129112354,0.040766782754378186,0.02312472522348347,0.0005347529166616369,0.0,0.0,0.0,1.0,0.0,0.0,0.0,0.0,0.01282051282051282,0.04167642749665645,0.00794247202819421,0.08302247316464642,0.0,0.0,0.0,0.0,0.0,0.0,0.004251012145748988,0.00022813102262989908,0.00240174672489083,0.00019976738530953374,0.41021728515625,0.0035247802734375,0.015518913676042677,0.8,0.0,0.0,0.0,0.0,0.0,0.0,0.0,0.0
610654,0.000808752842079563,1.0,0.9998694436919072,0.0,0.0001091703056768559,3.957374882355392e-06,1.6191277758671404e-05,0.0005276225946617008,0.02777777777777778,0.0030311066719846303,0.0,0.14794520547945206,0.313953488372093,0.14803857128640951,0.0,0.0003634189730143245,0.00032362485282613594,0.9996480069531841,0.0,0.1399537767057958,0.9998728741665132,0.9998694421197557,0.9996480024200123,0.0,0.13995377534960354,0.9998728725293126,0.0,0.0,0.0,0.0,0.0,0.0,0.0,0.0,0.0,5.600044800358403e-05,4.366526210073576e-05,0.000161812297734625,0.00032362459546925,0.04314720812182741,0.0033519553072625698,0.037549512331605334,0.01192605952536865,0.00014223089580266945,0.0,0.0,0.0,0.0,0.0,0.0,0.0,0.0,0.01282051282051282,0.05630147437820532,0.0030311066719846303,0.14803857128640951,0.0,0.0,0.0,0.0,0.0,0.0,0.0,3.957374882355392e-06,0.0001091703056768559,1.6191277758671404e-05,0.0,0.0,0.0,0.2,0.0,0.0,0.0,0.0,0.0,0.0,0.0,0.0
17244,0.0003204492393145438,0.3529411764705882,0.9998694420131475,0.0,0.0001091703056768559,0.0,0.0,0.0,0.0,0.0,0.0,0.0,0.0,0.0,0.0,0.0,0.25000000019308016,0.9996480024258805,0.0,0.13995377535135914,0.9998728725314319,0.9998694421197557,0.9996480024200123,0.0,0.13995377534960354,0.9998728725293126,0.0,0.0,0.0,0.0,0.0,0.0,0.0,0.0,0.0,0.00028000224001792015,0.00010916315525183939,0.125,0.25,0.0,0.0,0.0,0.0,0.0,0.0,0.0,0.0,1.0,0.0,0.0,0.0,0.0,0.01282051282051282,0.0,0.0,0.0,0.0,0.0,0.0,0.0,0.0,0.0,0.0,0.0,0.0001091703056768559,0.0,0.41021728515625,1.52587890625e-05,0.0,1.0,0.0,0.0,0.0,0.0,0.0,0.0,0.0,0.0
559364,0.006790471975951048,0.3529411764705882,0.9998709233721705,0.001214574898785425,0.0005458515283842794,4.236718991698126e-05,4.3626498405309054e-05,0.0015983860955927996,0.0,0.004635810204211788,0.003122753177557378,0.28013698630136985,0.0,0.07977634119323179,0.1768140889716656,1.5604463052107804e-06,2.203604323557704e-06,0.9996483655978914,3.334981895953146e-07,0.13995401486720288,0.9998728726151463,0.9998709234809549,0.999648668246124,2.617556260700447e-07,0.13995401731010454,0.9998728726935625,0.009086205151783617,0.002449449730888353,1.3602293838796122e-05,0.0022932019298512233,0.0024397444199831665,0.0,0.0,0.0,0.0,0.0010640085120680967,0.0006113136694103006,1.285285682275e-06,1.83612240325e-06,0.0,0.006346989447548107,0.02886389924079452,0.01243174391600464,0.0001545482567931324,0.0,0.0,0.0,1.0,0.0,0.0,0.0,0.0,0.0,0.031256569695868375,0.004635810204211788,0.07977634119323179,0.0,0.0,0.0,0.0,0.0,0.0,0.001214574898785425,4.236718991698126e-05,0.0005458515283842794,4.3626498405309054e-05,0.1250152587890625,0.00390625,0.0038797284190106693,0.5,0.0,0.0,0.0,0.0,0.0,0.0,0.0,0.0
247280,0.00033570872690095066,0.3529411764705882,0.9998694420174995,0.0,0.0001091703056768559,0.0,0.0,0.0,0.0,0.0,0.0,0.0,0.0,0.0,0.0,0.0,0.08333333356932011,0.9996480024376169,0.0,0.1399537753548703,0.9998728725356706,0.9998694421197557,0.9996480024200123,0.0,0.13995377534960354,0.9998728725293126,0.0,0.0,0.0,0.0,0.0,0.0,0.0,0.0,0.0,0.00022400179201433613,0.00017466104840294303,0.04166666666666675,0.0833333333333335,0.0,0.0,0.0,0.0,0.0,0.0,0.0,0.0,0.0,1.0,1.0,0.0,0.0,0.01282051282051282,0.0,0.0,0.0,0.0,0.0,0.0,0.0,0.0,0.0,0.0,0.0,0.0001091703056768559,0.0,0.003692626953125,0.0035247802734375,0.0,0.8,0.0,0.0,0.0,0.0,0.0,0.0,0.0,0.0
525763,0.000808752842079563,1.0,0.9998694434666945,0.0,0.0001091703056768559,4.772128534605031e-06,7.795800402323268e-06,0.0006362507759155804,0.03349673202614379,0.0036551580456285248,0.0,0.07123287671232877,0.1511627906976744,0.07127783061938235,0.0,0.00024339293102999663,0.0003736923350719466,0.9996480063458271,0.0,0.13995377652409238,0.9998728739471601,0.9998694421197557,0.9996480024200123,0.0,0.13995377534960354,0.9998728725293126,0.0,0.0,0.0,0.0,0.0,0.0,0.0,0.0,0.0,5.600044800358403e-05,4.366526210073576e-05,0.00018684603886397498,0.00037369207772794996,0.052030456852791875,0.0016139044072004966,0.024592286245338497,0.004128251374161269,1.7042459408308078e-05,0.0,0.0,0.0,0.0,0.0,0.0,0.0,0.0,0.01282051282051282,0.036873500825162636,0.0036551580456285248,0.07127783061938235,0.0,0.0,0.0,0.0,0.0,0.0,0.0,4.772128534605031e-06,0.0001091703056768559,7.795800402323268e-06,0.0,0.0,0.0,0.2,0.0,0.0,0.0,0.0,0.0,0.0,0.0,0.0
421288,0.0012207590069125479,0.3529411764705882,0.9998694420990983,0.00020242914979757084,0.0,0.0,0.0,0.0,0.0,0.0,0.0,0.0,0.0,0.0,0.0,0.0,0.006172839762023914,0.9996480026576737,0.0,0.1399537754207049,0.9998728726151463,0.9998694422078824,0.9996480026576737,0.0,0.1399537754207049,0.9998728726151463,0.0,0.0,0.0,0.0,0.0,0.0,0.0,0.0,0.0,0.00028000224001792015,0.0,0.00617283950617285,0.0,0.0,0.0,0.0,0.0,0.0,0.0,0.0,0.0,0.0,1.0,0.0,0.0,0.0,0.0,0.0,0.0,0.0,0.0,0.0,0.0,0.0,0.0,0.0,0.00020242914979757084,0.0,0.0,0.0,0.0042572021484375,0.0,0.0,0.5,0.0,0.0,0.0,0.0,0.0,0.0,0.0,0.0
482839,0.006759953000778234,0.3529411764705882,0.9999999477963425,0.002834008097165992,0.002183406113537118,9.916715881667042e-05,3.5081101810454705e-05,0.013066418373680944,0.0,0.005063731146139029,0.013782231173602819,0.08013698630136987,0.0,0.01603751188936103,0.0508267791993413,2.471512575429534e-08,7.320333808115452e-08,0.9996583538882927,1.1069779942530028e-05,0.1399625548107958,0.9998728725303723,0.999989146787561,0.9996710610849252,9.02779364539383e-06,0.13996256449462308,0.9998729264647419,0.999647507989323,0.05673346002103221,0.05579772020405483,0.08381621956136329,8.98639898628387e-09,0.0,0.0,0.0,0.0,0.002100016800134401,0.002183263105036788,3.1262527675e-08,8.336674045e-08,0.0,0.013066418373680944,0.014543825198869324,0.01622577350748128,0.00026327572591610017,0.0,0.0,0.0,0.0,1.0,0.0,0.0,0.0,0.01282051282051282,0.014953309090394197,0.005063731146139029,0.01603751188936103,0.0,0.0,0.0,0.0,0.0,0.0,0.002834008097165992,9.916715881667042e-05,0.002183406113537118,3.5081101810454705e-05,0.3141937255859375,0.430755615234375,0.01066925315227934,0.5,0.0027312642196256633,0.015565371674693636,0.030664541404223974,0.00010742324445239236,2.863277523127925e-05,3.7048036685765523e-06,1.0208127122285491e-05,0.0005442420852178053
1019324,0.000808752842079563,1.0,0.9998694925521894,0.00020242914979757084,0.0002183406113537118,7.449176249139562e-06,1.3192892988547069e-05,0.0004965859714463067,0.026143790849673203,0.002852806279514946,0.0,0.06027397260273973,0.12790697674418605,0.06031201052409276,0.0,1.1603371523977316e-05,2.1526928980708104e-05,0.9996480478534454,3.163249831467899e-08,0.13995379634644436,0.9998728725303723,0.9998694681443376,0.9996480726034875,0.0,0.13995379634644436,0.9998728978767815,8.33373550551927e-09,8.98639898628387e-09,0.0,8.370785973693382e-09,8.98639898628387e-09,0.0,0.0,0.0,0.0,0.00011200089600716806,8.733052420147152e-05,1.0763335773025e-05,2.152667154605e-05,0.04060913705583756,0.0013656114214773433,0.02157774793139378,0.003481247225624216,1.2119082245907967e-05,0.0,0.0,0.0,0.0,0.0,0.0,0.0,0.0,0.01282051282051282,0.026961269420549026,0.002852806279514946,0.06031201052409276,0.0,0.0,0.0,0.0,0.0,0.0,0.00020242914979757084,7.449176249139562e-06,0.0002183406113537118,1.3192892988547069e-05,0.0,0.0,0.0009699321047526673,0.2,0.0,0.0,0.0,0.0,0.0,0.0,0.0,0.0
176112,0.0003204492393145438,0.3529411764705882,0.9998694420120596,0.0,0.0001091703056768559,0.0,0.0,0.0,0.0,0.0,0.0,0.0,0.0,0.0,0.0,0.0,0.5000000001287201,0.9996480024229464,0.0,0.13995377535048134,0.9998728725303723,0.9998694421197557,0.9996480024200123,0.0,0.13995377534960354,0.9998728725293126,0.0,0.0,0.0,0.0,0.0,0.0,0.0,0.0,0.0,0.00028000224001792015,0.00010916315525183939,0.25,0.5,0.0,0.0,0.0,0.0,0.0,0.0,0.0,0.0,1.0,0.0,0.0,0.0,0.0,0.01282051282051282,0.0,0.0,0.0,0.0,0.0,0.0,0.0,0.0,0.0,0.0,0.0,0.0001091703056768559,0.0,0.41021728515625,1.52587890625e-05,0.0,1.0,0.0,0.0,0.0,0.0,0.0,0.0,0.0,0.0
590442,0.7727862298384021,0.3529411764705882,0.999869442124122,0.00040485829959514163,0.0001091703056768559,3.6081947456769753e-06,0.0,0.0004810676598386096,0.0,0.0009212186944237298,0.0011355905574977371,0.0,0.0,0.0,0.0,0.0006694596812508096,0.00961538487034944,0.9996480025217275,7.436204737419159e-11,0.13995377541192694,0.999872872544148,0.9998694422329061,0.999648002572585,6.33020255839768e-11,0.13995377541192694,0.9998728725642819,0.0,0.0,0.0,0.0,0.0,0.0,0.0,0.0,0.0,0.0004200033600268802,0.00010916315525183939,0.00721153846153845,0.0048076923076923,0.0,0.0004810676598386096,0.00245922862453385,0.001573486074458089,2.4758584265130856e-06,0.0,0.0,0.0,0.0,1.0,0.0,0.0,0.0,0.0,0.00307279173543022,0.0009212186944237298,0.0,0.0,0.0,0.0,0.0,0.0,0.0,0.00040485829959514163,3.6081947456769753e-06,0.0001091703056768559,0.0,0.0149688720703125,1.52587890625e-05,0.0009699321047526673,0.5,0.0,0.0,0.0,0.0,0.0,0.0,0.0,0.0
261223,0.00033570872690095066,0.3529411764705882,0.9998698513236811,0.004251012145748988,0.002183406113537118,0.0002225441404430444,0.00019976738530953374,0.009931719428926133,0.0,0.007747962509137994,0.008736085312671723,0.6684931506849315,0.0,0.09132472048108364,0.284505952267003,2.7324003997817632e-05,2.7910052973814834e-05,0.9996480293429522,5.6245105039385625e-08,0.1399538947059345,0.999872872534611,0.9998698513671862,0.9996480549754642,7.772261156690296e-08,0.1399538947059345,0.9998728727423076,0.0031351846321183716,0.0001779325918018915,0.0005225171322754431,0.001463765860075867,1.2580958580797418e-07,0.0,0.0,0.0,0.0,0.004984039872318979,0.003536886230159596,1.461941671185e-05,2.65807576579e-05,0.0,0.015145872129112354,0.042220140339421265,0.023527104438524276,0.00055352464326126,0.0,0.0,0.0,1.0,0.0,0.0,0.0,0.0,0.0,0.04320788870373378,0.007747962509137994,0.09132472048108364,0.0,0.0,0.0,0.0,0.0,0.0,0.004251012145748988,0.0002225441404430444,0.002183406113537118,0.00019976738530953374,0.41021728515625,0.0035247802734375,0.015518913676042677,0.8,0.0,0.0,0.0,0.0,0.0,0.0,0.0,0.0
633799,0.8760929607983764,0.3529411764705882,0.9998694420457871,0.00020242914979757084,0.0,0.0,0.0,0.0,0.0,0.0,0.0,0.0,0.0,0.0,0.0,0.0,0.0156250002534177,0.9996480025139032,0.0,0.13995377537769296,0.9998728725632222,0.9998694421545712,0.9996480025139032,0.0,0.13995377537769296,0.9998728725632222,0.0,0.0,0.0,0.0,0.0,0.0,0.0,0.0,0.0,0.00028000224001792015,0.0,0.015625,0.0,0.0,0.0,0.0,0.0,0.0,0.0,0.0,0.0,0.0,1.0,0.0,0.0,0.0,0.0,0.0,0.0,0.0,0.0,0.0,0.0,0.0,0.0,0.0,0.00020242914979757084,0.0,0.0,0.0,0.0039215087890625,0.0,0.0,0.5,0.0,0.0,0.0,0.0,0.0,0.0,0.0,0.0
474701,0.05171440343033281,0.3529411764705882,0.9998720993144466,0.0014170040485829958,0.0007641921397379913,0.00013361959896894088,0.00011851115803916429,0.010505896958410926,0.0,0.012793053159699837,0.014474463116787318,0.8034246575342466,0.0,0.15479429973794248,0.4552779038383969,2.5094643946187534e-06,1.5356261944296684e-06,0.9996485142953763,5.976764899684019e-07,0.13995461855358804,0.9998728725324916,0.999872099423231,0.9996490261707404,9.553211381344216e-07,0.13995486909013982,0.9998728725324916,0.018426939253376802,0.003311676740824318,0.0034426224170784996,0.00804092678161402,0.0021389696459122457,0.0,0.0,0.0,0.0,0.0011760094080752648,0.0008078073488636115,8.188633358e-07,1.4330108376499999e-06,0.0,0.01820297951582868,0.06765357778581528,0.036254867373183286,0.0013144154082471075,0.0,0.0,0.0,1.0,0.0,0.0,0.0,0.0,0.0,0.07213461200849491,0.012793053159699837,0.15479429973794248,0.0,0.0,0.0,0.0,0.0,0.0,0.0014170040485829958,0.00013361959896894088,0.0007641921397379913,0.00011851115803916429,0.1250152587890625,0.9590606689453125,0.004849660523763337,0.5,0.0,0.0,0.0,0.0,0.0,0.0,0.0,0.0
340797,0.00033570872690095066,0.3529411764705882,0.9998694420153236,0.0,0.0001091703056768559,0.0,0.0,0.0,0.0,0.0,0.0,0.0,0.0,0.0,0.0,0.0,0.1250000002252602,0.9996480024317487,0.0,0.1399537753531147,0.9998728725335513,0.9998694421197557,0.9996480024200123,0.0,0.13995377534960354,0.9998728725293126,0.0,0.0,0.0,0.0,0.0,0.0,0.0,0.0,0.0,0.00022400179201433613,0.00017466104840294303,0.0625,0.125,0.0,0.0,0.0,0.0,0.0,0.0,0.0,0.0,0.0,1.0,1.0,0.0,0.0,0.01282051282051282,0.0,0.0,0.0,0.0,0.0,0.0,0.0,0.0,0.0,0.0,0.0,0.0001091703056768559,0.0,0.003692626953125,0.0035247802734375,0.0,0.8,0.0,0.0,0.0,0.0,0.0,0.0,0.0,0.0
417229,0.7737933560191049,0.3529411764705882,0.999869442057755,0.0,0.0001091703056768559,0.0,0.0,0.0,0.0,0.0,0.0,0.0,0.0,0.0,0.0,0.0,0.011627907231190884,0.9996480025461782,0.0,0.1399537753873487,0.9998728725748787,0.9998694421197557,0.9996480024200123,0.0,0.13995377534960354,0.9998728725293126,0.0,0.0,0.0,0.0,0.0,0.0,0.0,0.0,0.0,0.00014000112000896008,0.00010916315525183939,0.0058139534883721,0.0116279069767442,0.0,0.0,0.0,0.0,0.0,0.0,0.0,0.0,0.0,1.0,1.0,0.0,0.0,0.01282051282051282,0.0,0.0,0.0,0.0,0.0,0.0,0.0,0.0,0.0,0.0,0.0,0.0001091703056768559,0.0,0.0144500732421875,0.003875732421875,0.0,0.5,0.0,0.0,0.0,0.0,0.0,0.0,0.0,0.0
390948,0.7754718996536096,0.3529411764705882,0.9998694420327313,0.0,0.0001091703056768559,0.0,0.0,0.0,0.0,0.0,0.0,0.0,0.0,0.0,0.0,0.0,0.0250000002510042,0.9996480024786941,0.0,0.13995377536715942,0.999872872550506,0.9998694421197557,0.9996480024200123,0.0,0.13995377534960354,0.9998728725293126,0.0,0.0,0.0,0.0,0.0,0.0,0.0,0.0,0.0,0.00014000112000896008,0.00010916315525183939,0.012499999999999999,0.024999999999999998,0.0,0.0,0.0,0.0,0.0,0.0,0.0,0.0,0.0,1.0,1.0,0.0,0.0,0.01282051282051282,0.0,0.0,0.0,0.0,0.0,0.0,0.0,0.0,0.0,0.0,0.0,0.0001091703056768559,0.0,0.0026397705078125,0.00390625,0.0,0.5,0.0,0.0,0.0,0.0,0.0,0.0,0.0,0.0
221945,0.00033570872690095066,0.3529411764705882,0.9998698410639902,0.004453441295546558,0.002183406113537118,0.00022626872856761418,0.00019976738530953374,0.009931719428926133,0.0,0.007535129629585289,0.008626032116739119,0.6684931506849315,0.0,0.09132472048108364,0.284505952267003,2.8222453468627962e-05,2.930922024980463e-05,0.9996480280431563,5.070223828706307e-08,0.1399538708764513,0.9998728725367303,0.9998698411151112,0.9996480513298551,6.879462945670326e-08,0.1399538708764513,0.9998728728514543,0.003056472500268742,0.000173465405568973,0.0003868863156594159,0.0009146757833454759,7.189119189027096e-08,0.0,0.0,0.0,0.0,0.005208041664333315,0.003536886230159596,1.5676887088249998e-05,2.7264151457799998e-05,0.0,0.015145872129112354,0.041549064261277545,0.02332298358497827,0.0005439615633052103,0.0,0.0,0.0,1.0,0.0,0.0,0.0,0.0,0.0,0.04249811585474627,0.007535129629585289,0.09132472048108364,0.0,0.0,0.0,0.0,0.0,0.0,0.004453441295546558,0.00022626872856761418,0.002183406113537118,0.00019976738530953374,0.41021728515625,0.0035247802734375,0.015518913676042677,0.8,0.0,0.0,0.0,0.0,0.0,0.0,0.0,0.0
111434,0.0003204492393145438,0.3529411764705882,0.9998694420120596,0.0,0.0001091703056768559,0.0,0.0,0.0,0.0,0.0,0.0,0.0,0.0,0.0,0.0,0.0,0.5000000001287201,0.9996480024229464,0.0,0.13995377535048134,0.9998728725303723,0.9998694421197557,0.9996480024200123,0.0,0.13995377534960354,0.9998728725293126,0.0,0.0,0.0,0.0,0.0,0.0,0.0,0.0,0.0,0.00028000224001792015,0.00010916315525183939,0.25,0.5,0.0,0.0,0.0,0.0,0.0,0.0,0.0,0.0,1.0,0.0,0.0,0.0,0.0,0.01282051282051282,0.0,0.0,0.0,0.0,0.0,0.0,0.0,0.0,0.0,0.0,0.0,0.0001091703056768559,0.0,0.41021728515625,1.52587890625e-05,0.0,1.0,0.0,0.0,0.0,0.0,0.0,0.0,0.0,0.0
999946,0.000808752842079563,1.0,0.9998694422981994,0.0,0.0001091703056768559,5.121308671283449e-06,4.497577155186501e-06,0.0006828057107386717,0.03594771241830066,0.003922608634333051,0.0,0.0410958904109589,0.0872093023255814,0.041121825357335974,0.0,0.0008847600088476001,0.0018939396508920242,0.9996480031946126,0.0,0.13995377558134126,0.9998728728090672,0.9998694421197557,0.9996480024200123,0.0,0.13995377534960354,0.9998728725293126,0.0,0.0,0.0,0.0,0.0,0.0,0.0,0.0,0.0,5.600044800358403e-05,4.366526210073576e-05,0.0009469696969696999,0.0018939393939393998,0.055837563451776644,0.000931098696461825,0.019568055722084077,0.0010484447934352606,1.0992364848891821e-06,0.0,0.0,0.0,0.0,0.0,0.0,0.0,0.0,0.01282051282051282,0.029340204957656293,0.003922608634333051,0.041121825357335974,0.0,0.0,0.0,0.0,0.0,0.0,0.0,5.121308671283449e-06,0.0001091703056768559,4.497577155186501e-06,0.0,0.0,0.0,0.2,0.0,0.0,0.0,0.0,0.0,0.0,0.0,0.0
439207,0.0012207590069125479,0.3529411764705882,0.9998695092244592,0.0006072874493927125,0.0003275109170305677,5.9011443098652463e-05,2.2337966537426287e-05,0.007867783985102421,0.0,0.011299787372766231,0.016084170562658723,0.20410958904109588,0.0,0.06807946642490005,0.18212274035662984,2.9265645518614485e-05,2.8327493665882368e-05,0.9996480326303993,2.1073754175222134e-08,0.13995379312932807,0.9998728726087883,0.9998695093332433,0.9996480628407862,5.272289917826879e-08,0.1399538144219856,0.9998728727020398,0.00020413485120769452,0.00011006092158451169,7.845939269383076e-05,0.00014175088967852373,6.794616273529234e-05,0.0,0.0,0.0,0.0,0.0006440051520412163,0.00039298735890662184,1.6186992133124998e-05,2.4280488199699997e-05,0.0,0.007867783985102421,0.03991288392640623,0.02207684854204987,0.00048738724154874903,0.0,0.0,0.0,1.0,0.0,0.0,0.0,0.0,0.0,0.04559626446122261,0.011299787372766231,0.06807946642490005,0.0,0.0,0.0,0.0,0.0,0.0,0.0006072874493927125,5.9011443098652463e-05,0.0003275109170305677,2.2337966537426287e-05,0.1250152587890625,0.0156707763671875,0.0009699321047526673,0.5,0.0,0.0,0.0,0.0,0.0,0.0,0.0,0.0
134958,0.0003204492393145438,0.3529411764705882,0.9998694420131475,0.0,0.0001091703056768559,0.0,0.0,0.0,0.0,0.0,0.0,0.0,0.0,0.0,0.0,0.0,0.25000000019308016,0.9996480024258805,0.0,0.13995377535135914,0.9998728725314319,0.9998694421197557,0.9996480024200123,0.0,0.13995377534960354,0.9998728725293126,0.0,0.0,0.0,0.0,0.0,0.0,0.0,0.0,0.0,0.00028000224001792015,0.00010916315525183939,0.125,0.25,0.0,0.0,0.0,0.0,0.0,0.0,0.0,0.0,1.0,0.0,0.0,0.0,0.0,0.01282051282051282,0.0,0.0,0.0,0.0,0.0,0.0,0.0,0.0,0.0,0.0,0.0,0.0001091703056768559,0.0,0.41021728515625,1.52587890625e-05,0.0,1.0,0.0,0.0,0.0,0.0,0.0,0.0,0.0,0.0
758432,0.7893122548944806,0.3529411764705882,0.9998694420251154,0.0,0.0001091703056768559,0.0,0.0,0.0,0.0,0.0,0.0,0.0,0.0,0.0,0.0,0.0,0.03846153870907716,0.9996480024581554,0.0,0.13995377536101486,0.9998728725430883,0.9998694421197557,0.9996480024200123,0.0,0.13995377534960354,0.9998728725293126,0.0,0.0,0.0,0.0,0.0,0.0,0.0,0.0,0.0,0.00014000112000896008,0.00010916315525183939,0.01923076923076922,0.03846153846153844,0.0,0.0,0.0,0.0,0.0,0.0,0.0,0.0,0.0,1.0,1.0,0.0,0.0,0.01282051282051282,0.0,0.0,0.0,0.0,0.0,0.0,0.0,0.0,0.0,0.0,0.0,0.0001091703056768559,0.0,0.0044708251953125,0.003875732421875,0.0,0.5,0.0,0.0,0.0,0.0,0.0,0.0,0.0,0.0
180153,0.00033570872690095066,0.3529411764705882,0.9998699117557632,0.004251012145748988,0.002183406113537118,0.00022813102262989908,0.00019976738530953374,0.009931719428926133,0.0,0.00794247202819421,0.008752921671849528,0.6684931506849315,0.0,0.09132472048108364,0.284505952267003,2.4058493078703877e-05,2.4319492559264188e-05,0.999648033317931,7.539852453638639e-08,0.13995394225166538,0.999872872534611,0.9998699104806315,0.999648062566798,1.0112334358423539e-07,0.13995394225166538,0.9998728727454866,0.003598106971978956,0.00020420503869084377,0.0006784368005467485,0.0019276999310958753,9.885038884912257e-08,0.0,0.0,0.0,0.0,0.004984039872318979,0.003536886230159596,1.2738646970399999e-05,2.31611763098e-05,0.0,0.015145872129112354,0.042662912184811615,0.023525227135097804,0.0005534363117580105,0.0,0.0,0.0,1.0,0.0,0.0,0.0,0.0,0.0,0.043661019282207746,0.00794247202819421,0.09132472048108364,0.0,0.0,0.0,0.0,0.0,0.0,0.004251012145748988,0.00022813102262989908,0.002183406113537118,0.00019976738530953374,0.41021728515625,0.0035247802734375,0.015518913676042677,0.8,0.0,0.0,0.0,0.0,0.0,0.0,0.0,0.0
192061,0.00033570872690095066,0.3529411764705882,0.9998698531569346,0.004251012145748988,0.00240174672489083,0.0002225441404430444,0.00019976738530953374,0.009931719428926133,0.0,0.007747962509137994,0.008736085312671723,0.6684931506849315,0.0,0.08302247316464642,0.2737832352974904,2.720216935309601e-05,2.910871820375625e-05,0.9996480282056979,5.5608963717386955e-08,0.1399538796245498,0.9998728725335513,0.9998698531873838,0.9996480552092135,7.668338572838844e-08,0.1399538796245498,0.9998728727380689,0.0031492269764451714,0.00016170768221561086,0.0004982841320499555,0.001331055419248932,1.168231868216903e-07,0.0,0.0,0.0,0.0,0.004984039872318979,0.0038862083269654824,1.4554230385525e-05,2.910846077105e-05,0.0,0.015145872129112354,0.04034368965767097,0.023123658359639084,0.0005347035759330538,0.0,0.0,0.0,1.0,0.0,0.0,0.0,0.0,0.01282051282051282,0.04124389376264055,0.007747962509137994,0.08302247316464642,0.0,0.0,0.0,0.0,0.0,0.0,0.004251012145748988,0.0002225441404430444,0.00240174672489083,0.00019976738530953374,0.41021728515625,0.0035247802734375,0.015518913676042677,0.8,0.0,0.0,0.0,0.0,0.0,0.0,0.0,0.0
1030966,0.0012207590069125479,0.3529411764705882,0.9998694429379341,0.00040485829959514163,0.0004366812227074236,1.873933400174171e-05,3.658029419551687e-05,0.0024984481688392303,0.0,0.004784393864606163,0.005897744508285693,0.33424657534246577,0.0,0.08361437822658314,0.2582845128885069,0.001710807611907643,0.00205399086724007,0.9996480028366533,2.3411107455112135e-10,0.1399537755883636,0.9998728725293126,0.9998694426267564,0.9996480031036556,3.2317349903387523e-10,0.1399537756392757,0.9998728726734286,4.833566593201177e-06,1.7373704706812486e-06,2.273076046407039e-06,3.214381813898259e-06,0.0,0.0,0.0,0.0,0.0,0.0005040040320322563,0.0005021505141584612,0.0008802816901408499,0.0023474178403756,0.0,0.007572936064556177,0.032178213252469126,0.019724452737530655,0.0003890540357952733,0.0,0.0,0.0,1.0,0.0,0.0,0.0,0.0,0.01282051282051282,0.036760218180544146,0.004784393864606163,0.08361437822658314,0.0,0.0,0.0,0.0,0.0,0.0,0.00040485829959514163,1.873933400174171e-05,0.0004366812227074236,3.658029419551687e-05,0.1250152587890625,0.002288818359375,0.0009699321047526673,0.5,0.0,0.0,0.0,0.0,0.0,0.0,0.0,0.0
849300,0.7579997863671738,0.3529411764705882,0.9998694420468751,0.0,0.0001091703056768559,0.0,0.0,0.0,0.0,0.0,0.0,0.0,0.0,0.0,0.0,0.0,0.015151515405054742,0.9996480025168373,0.0,0.13995377537857076,0.9998728725642819,0.9998694421197557,0.9996480024200123,0.0,0.13995377534960354,0.9998728725293126,0.0,0.0,0.0,0.0,0.0,0.0,0.0,0.0,0.0,0.00014000112000896008,0.00010916315525183939,0.007575757575757575,0.01515151515151515,0.0,0.0,0.0,0.0,0.0,0.0,0.0,0.0,0.0,1.0,1.0,0.0,0.0,0.01282051282051282,0.0,0.0,0.0,0.0,0.0,0.0,0.0,0.0,0.0,0.0,0.0,0.0001091703056768559,0.0,0.0044097900390625,0.003875732421875,0.0,0.5,0.0,0.0,0.0,0.0,0.0,0.0,0.0,0.0
770395,0.000808752842079563,1.0,0.9998694425604037,0.0,0.0001091703056768559,4.655735155712226e-06,4.197738678174067e-06,0.0006207324643078833,0.032679738562091505,0.0035660078493936825,0.0,0.038356164383561646,0.08139534883720931,0.038380370333513575,0.0,0.00042694892734641214,0.000990099267086309,0.9996480039017286,0.0,0.1399537757928897,0.9998728730644494,0.9998694421197557,0.9996480024200123,0.0,0.13995377534960354,0.9998728725293126,0.0,0.0,0.0,0.0,0.0,0.0,0.0,0.0,0.0,5.600044800358403e-05,4.366526210073576e-05,0.0004950495049505,0.000990099009901,0.050761421319796954,0.0008690254500310367,0.017981456609481593,0.0010484447934352606,1.0992364848891821e-06,0.0,0.0,0.0,0.0,0.0,0.0,0.0,0.0,0.01282051282051282,0.026961269420549026,0.0035660078493936825,0.038380370333513575,0.0,0.0,0.0,0.0,0.0,0.0,0.0,4.655735155712226e-06,0.0001091703056768559,4.197738678174067e-06,0.0,0.0,0.0,0.2,0.0,0.0,0.0,0.0,0.0,0.0,0.0,0.0
286095,0.00033570872690095066,0.3529411764705882,0.9998698263337722,0.004251012145748988,0.002292576419213974,0.0002225441404430444,0.00019976738530953374,0.009931719428926133,0.0,0.007747962509137994,0.008736085312671723,0.6684931506849315,0.0,0.08697592426772481,0.27900511196084343,2.9100698929708254e-05,3.0432566069765436e-05,0.9996480270973309,4.752514753732677e-08,0.13995386026303985,0.9998728725335513,0.9998698263413738,0.9996480517616556,6.28689460874513e-08,0.13995386026303985,0.9998728728217834,0.002943792062498616,0.0001587168802558471,0.00045550110146846013,0.001122045264271782,2.426327726296645e-07,0.0,0.0,0.0,0.0,0.004984039872318979,0.0037115472785625393,1.5570018372625e-05,2.9724580529549998e-05,0.0,0.015145872129112354,0.041260591695339,0.023323142390139023,0.0005439689709506553,0.0,0.0,0.0,1.0,0.0,0.0,0.0,0.0,0.0,0.042203054082706574,0.007747962509137994,0.08697592426772481,0.0,0.0,0.0,0.0,0.0,0.0,0.004251012145748988,0.0002225441404430444,0.002292576419213974,0.00019976738530953374,0.41021728515625,0.0035247802734375,0.015518913676042677,0.8,0.0,0.0,0.0,0.0,0.0,0.0,0.0,0.0
671269,0.7707872369645827,0.3529411764705882,0.9998694422133366,0.00020242914979757084,0.0,0.0,0.0,0.0,0.0,0.0,0.0,0.0,0.0,0.0,0.0,0.0,0.0026881722997589065,0.9996480029657534,0.0,0.1399537755128733,0.9998728727264125,0.9998694423221207,0.9996480029657534,0.0,0.1399537755128733,0.9998728727264125,0.0,0.0,0.0,0.0,0.0,0.0,0.0,0.0,0.0,0.00028000224001792015,0.0,0.00268817204301075,0.0,0.0,0.0,0.0,0.0,0.0,0.0,0.0,0.0,0.0,1.0,0.0,0.0,0.0,0.0,0.0,0.0,0.0,0.0,0.0,0.0,0.0,0.0,0.0,0.00020242914979757084,0.0,0.0,0.0,0.00189208984375,0.0,0.0,0.5,0.0,0.0,0.0,0.0,0.0,0.0,0.0,0.0
627966,0.7716112492942487,0.3529411764705882,0.9998694428432795,0.00020242914979757084,0.0001091703056768559,4.422948397926615e-06,0.0,0.0005896958410924892,0.0,0.0016938537284619992,0.0017048622912648017,0.0,0.0,0.0,0.0,0.00011156249885318158,0.0009803924140505578,0.9996480035423024,1.2343894988869588e-09,0.13995377601058268,0.9998728725420287,0.9998694429520636,0.9996480046645925,0.0,0.13995377602111622,0.9998728733399653,0.0,0.0,0.0,0.0,0.0,1.0,0.0,0.0,0.0,0.00028000224001792015,0.00010916315525183939,0.000653594771241825,0.00065359477124185,0.0,0.0005896958410924892,0.007536345784861798,0.0024900563844172563,6.200380797580036e-06,0.0,1.0,0.0,0.0,1.0,0.0,0.0,0.0,0.0,0.010044394489995244,0.0016938537284619992,0.0,0.0,0.0,0.0,0.0,0.0,0.0,0.00020242914979757084,4.422948397926615e-06,0.0001091703056768559,0.0,0.0027008056640625,1.52587890625e-05,0.0,0.5,0.0,0.0,0.0,0.0,0.0,0.0,0.0,0.0
833805,0.0012207590069125479,0.3529411764705882,0.99986944294555,0.00040485829959514163,0.0004366812227074236,1.873933400174171e-05,3.658029419551687e-05,0.0024984481688392303,0.0,0.004784393864606163,0.005897744508285693,0.33424657534246577,0.0,0.08361437822658314,0.2582845128885069,0.001696866222753563,0.0020372528762405296,0.9996480028400764,1.9560947950158824e-10,0.1399537755620298,0.9998728725600432,0.9998694426376362,0.9996480031183261,1.9323776230880822e-10,0.13995377560943068,0.9998728727200544,5.14191480690539e-06,1.8482027248460153e-06,2.237658355677988e-06,3.39016831934582e-06,2.6060557060223225e-07,0.0,0.0,0.0,0.0,0.0005040040320322563,0.0005021505141584612,0.0008731082654249249,0.0023282887077997498,0.0,0.007572936064556177,0.032178213252469126,0.019724452737530655,0.0003890540357952733,0.0,0.0,0.0,1.0,0.0,0.0,0.0,0.0,0.01282051282051282,0.036760218180544146,0.004784393864606163,0.08361437822658314,0.0,0.0,0.0,0.0,0.0,0.0,0.00040485829959514163,1.873933400174171e-05,0.0004366812227074236,3.658029419551687e-05,0.1250152587890625,0.002288818359375,0.0009699321047526673,0.5,0.0,0.0,0.0,0.0,0.0,0.0,0.0,0.0
702623,0.05171440343033281,0.3529411764705882,0.9998710574716624,0.0014170040485829958,0.0007641921397379913,0.00013245566518001284,0.00011851115803916429,0.010505896958410926,0.0,0.012681615414406284,0.014450156496087474,0.8034246575342466,0.0,0.15479429973794248,0.4552779038383969,4.112742042488939e-06,2.525816093124754e-06,0.9996483136055946,5.915079509224197e-07,0.1399546257804689,0.9998728725335513,0.9998710575804467,0.9996486247911769,9.067178425053427e-07,0.13995472536711553,0.9998728725335513,0.011779776805729017,0.0021170533165178664,0.004256851855154134,0.008109843462535439,0.0007091077576086739,0.0,0.0,0.0,0.0,0.0012040096320770567,0.0008296399799139793,1.3469646152500001e-06,2.35718807665e-06,0.0,0.01820297951582868,0.06740567167447115,0.03624687204100493,0.001313835732757029,0.0,0.0,1.0,1.0,0.0,0.0,0.0,1.0,0.0,0.07187028583773164,0.012681615414406284,0.15479429973794248,0.0,0.0,0.0,0.0,0.0,0.0,0.0014170040485829958,0.00013245566518001284,0.0007641921397379913,0.00011851115803916429,0.1250152587890625,0.9592132568359375,0.004849660523763337,0.5,0.0,0.0,0.0,0.0,0.0,0.0,0.0,0.0
693933,0.0012207590069125479,0.3529411764705882,0.9998694429433741,0.00040485829959514163,0.0004366812227074236,1.873933400174171e-05,3.658029419551687e-05,0.0024984481688392303,0.0,0.004784393864606163,0.005897744508285693,0.33424657534246577,0.0,0.08361437822658314,0.2582845128885069,0.0017008262372757439,0.0020420072580813802,0.9996480028390984,2.121078650909664e-10,0.13995377558046346,0.9998728725589835,0.9998694426071726,0.9996480030772489,3.0318338569166595e-10,0.13995377562610875,0.9998728726702496,4.950238890278447e-06,1.7793069992842062e-06,2.042712319343317e-06,3.1223031681876316e-06,2.5161917161594837e-07,0.0,0.0,0.0,0.0,0.0005040040320322563,0.0005021505141584612,0.00087514585764295,0.0023337222870478498,0.0,0.007572936064556177,0.032178213252469126,0.019724452737530655,0.0003890540357952733,0.0,0.0,0.0,1.0,0.0,0.0,0.0,0.0,0.01282051282051282,0.036760218180544146,0.004784393864606163,0.08361437822658314,0.0,0.0,0.0,0.0,0.0,0.0,0.00040485829959514163,1.873933400174171e-05,0.0004366812227074236,3.658029419551687e-05,0.1250152587890625,0.002288818359375,0.0009699321047526673,0.5,0.0,0.0,0.0,0.0,0.0,0.0,0.0,0.0
470084,0.0012207590069125479,0.3529411764705882,0.9999947885535354,0.0034412955465587046,0.0017467248908296944,0.00017773268956931422,4.7899196702736236e-05,0.007898820608317815,0.0,0.007562908313919464,0.012278059487455714,0.14589041095890412,0.0,0.02737171500347676,0.09088973261458881,4.2224522875687816e-08,7.403582655594022e-08,0.9996582459472744,1.1188285203532317e-05,0.13996255670419822,0.9998728725483867,0.999994788662333,0.9996678869141092,1.0950225370020096e-05,0.13996256679181088,0.9998728733420846,0.9184500228673536,0.06602528041181861,0.05421630104486442,0.08386302899652817,1.096340676326632e-05,0.0,0.0,0.0,0.0,0.0026040208321666575,0.001768443115079798,3.9059145725e-08,6.943848129999999e-08,0.0,0.007898820608317815,0.024546954842115616,0.017060230963079338,0.00029105148051356797,0.0,0.0,0.0,1.0,0.0,0.0,0.0,0.0,0.0,0.02525869790868142,0.007562908313919464,0.02737171500347676,0.0,0.0,0.0,0.0,0.0,0.0,0.0034412955465587046,0.00017773268956931422,0.0017467248908296944,4.7899196702736236e-05,0.1250152587890625,0.4907379150390625,0.013579049466537343,0.5,0.0002301204551105747,0.0006605709295680041,0.001355575274781835,0.00011347734474193144,2.944660286755382e-05,1.0628378959553755e-07,1.0210328634664277e-05,0.0007869361263191303
743821,0.7741290647460058,0.3529411764705882,0.9998694420370833,0.00020242914979757084,0.0,0.0,0.0,0.0,0.0,0.0,0.0,0.0,0.0,0.0,0.0,0.0,0.02083333358541019,0.9996480024904305,0.0,0.1399537753706706,0.9998728725547448,0.9998694421458674,0.9996480024904305,0.0,0.1399537753706706,0.9998728725547448,0.0,0.0,0.0,0.0,0.0,0.0,0.0,0.0,0.0,0.00028000224001792015,0.0,0.020833333333333325,0.0,0.0,0.0,0.0,0.0,0.0,0.0,0.0,0.0,0.0,1.0,0.0,0.0,0.0,0.0,0.0,0.0,0.0,0.0,0.0,0.0,0.0,0.0,0.0,0.00020242914979757084,0.0,0.0,0.0,0.0865631103515625,0.0,0.0,0.5,0.0,0.0,0.0,0.0,0.0,0.0,0.0,0.0
1005181,0.000808752842079563,1.0,0.9998694431381232,0.0,0.0001091703056768559,4.306555019033809e-06,8.245558117841918e-06,0.0005741775294847921,0.03022875816993464,0.0032985572606891566,0.0,0.07534246575342465,0.15988372093023256,0.07539001315511595,0.0,0.00031867915079593936,0.00048262573994142777,0.9996480054597313,0.0,0.1399537762589985,0.9998728736271377,0.9998694421197557,0.9996480024200123,0.0,0.13995377534960354,0.9998728725293126,0.0,0.0,0.0,0.0,0.0,0.0,0.0,0.0,0.0,5.600044800358403e-05,4.366526210073576e-05,0.00024131274131275,0.0004826254826255,0.04695431472081218,0.0017070142768466792,0.024327853059891526,0.004783529370061144,2.288215323428371e-05,0.0,0.0,0.0,0.0,0.0,0.0,0.0,0.0,0.01282051282051282,0.03647701156897809,0.0032985572606891566,0.07539001315511595,0.0,0.0,0.0,0.0,0.0,0.0,0.0,4.306555019033809e-06,0.0001091703056768559,8.245558117841918e-06,0.0,0.0,0.0,0.2,0.0,0.0,0.0,0.0,0.0,0.0,0.0,0.0
311828,0.00033570872690095066,0.3529411764705882,0.9998697873817621,0.004048582995951417,0.002292576419213974,0.0002225441404430444,0.00019976738530953374,0.009931719428926133,0.0,0.008116913104808684,0.008862415286443265,0.6684931506849315,0.0,0.08697592426772481,0.27900511196084343,3.238276779630522e-05,3.307727016790959e-05,0.9996480251371105,5.42454982615873e-08,0.13995388531967953,0.999872872534611,0.9998697867409251,0.9996480488889842,7.403524731739865e-08,0.13995388531967953,0.9998728728673495,0.0026453859952524877,0.00014262808083075374,0.0004129080164862247,0.0010702970653824096,1.4378238378054192e-07,0.0,0.0,0.0,0.0,0.0047600380803046426,0.0037115472785625393,1.6538506368125e-05,3.307701273625e-05,0.0,0.015145872129112354,0.042220140339421265,0.023527104438524276,0.00055352464326126,0.0,0.0,0.0,1.0,0.0,0.0,0.0,0.0,0.01282051282051282,0.04320788870373378,0.008116913104808684,0.08697592426772481,0.0,0.0,0.0,0.0,0.0,0.0,0.004048582995951417,0.0002225441404430444,0.002292576419213974,0.00019976738530953374,0.41021728515625,0.0035247802734375,0.015518913676042677,0.8,0.0,0.0,0.0,0.0,0.0,0.0,0.0,0.0
28773,0.0003204492393145438,0.3529411764705882,0.9998694420131475,0.0,0.0001091703056768559,0.0,0.0,0.0,0.0,0.0,0.0,0.0,0.0,0.0,0.0,0.0,0.25000000019308016,0.9996480024258805,0.0,0.13995377535135914,0.9998728725314319,0.9998694421197557,0.9996480024200123,0.0,0.13995377534960354,0.9998728725293126,0.0,0.0,0.0,0.0,0.0,0.0,0.0,0.0,0.0,0.00028000224001792015,0.00010916315525183939,0.125,0.25,0.0,0.0,0.0,0.0,0.0,0.0,0.0,0.0,1.0,0.0,0.0,0.0,0.0,0.01282051282051282,0.0,0.0,0.0,0.0,0.0,0.0,0.0,0.0,0.0,0.0,0.0,0.0001091703056768559,0.0,0.41021728515625,1.52587890625e-05,0.0,1.0,0.0,0.0,0.0,0.0,0.0,0.0,0.0,0.0
313460,0.00033570872690095066,0.3529411764705882,0.9998698531895741,0.004655870445344129,0.002183406113537118,0.0002244064345053293,0.00019976738530953374,0.009931719428926133,0.0,0.007161732430862675,0.008499464429141854,0.6684931506849315,0.0,0.09132472048108364,0.284505952267003,2.7295094185063894e-05,2.9106407562231843e-05,0.9996480282077449,4.4924578135108576e-08,0.1399538488543467,0.9998728725314319,0.9998698531210167,0.9996480506110664,5.811107570262585e-08,0.1399538488543467,0.9998728727253527,0.0031495103234523594,0.0001787456244259661,0.000423590799892285,0.001022700776335989,1.168231868216903e-07,0.0,0.0,0.0,0.0,0.005432043456347651,0.003536886230159596,1.5876081888825e-05,2.6460136481399998e-05,0.0,0.015145872129112354,0.04048472068991993,0.023124086011395182,0.000534723353862232,0.0,0.0,0.0,1.0,0.0,0.0,0.0,0.0,0.0,0.04138807167400562,0.007161732430862675,0.09132472048108364,0.0,0.0,0.0,0.0,0.0,0.0,0.004655870445344129,0.0002244064345053293,0.002183406113537118,0.00019976738530953374,0.41021728515625,0.0035247802734375,0.015518913676042677,0.8,0.0,0.0,0.0,0.0,0.0,0.0,0.0,0.0
710890,0.05171440343033281,0.3529411764705882,0.9998727400903535,0.0016194331983805667,0.001091703056768559,0.0001423491023859013,0.00014489694401625844,0.010505896958410926,0.0,0.012114521110580085,0.013571005807927057,0.8034246575342466,0.0,0.13248081402621742,0.38372411539583684,2.338269408880404e-06,1.567207268046538e-06,0.9996484965482894,6.096170025987691e-07,0.13995461202982043,0.9998728725483867,0.999872740199138,0.9996491142086357,8.820009381358577e-07,0.13995475400340057,0.9998728743848067,0.02434177469347708,0.0029164579088738793,0.0035086137534556822,0.007978715100257532,0.0009712859480335058,0.0,0.0,0.0,0.0,0.0013440107520860168,0.0012226273388206011,7.42239392325e-07,1.64942087185e-06,0.0,0.01820297951582868,0.06259133499216799,0.032837833819686,0.0010783233299691117,0.0,0.0,0.0,1.0,0.0,0.0,0.0,0.0,0.01282051282051282,0.0658589522378138,0.012114521110580085,0.13248081402621742,0.0,0.0,0.0,0.0,0.0,0.0,0.0016194331983805667,0.0001423491023859013,0.001091703056768559,0.00014489694401625844,0.1250152587890625,0.9592132568359375,0.005819592628516004,0.5,0.0,0.0,0.0,0.0,0.0,0.0,0.0,0.0
421212,0.006759953000778234,0.3529411764705882,0.9999979916127297,0.0024291497975708503,0.001200873362445415,0.00011080649670595098,0.0003648284669048783,0.0049968963376784605,0.0,0.0065285374473542535,0.006492705232774263,1.0,0.0,0.3032423091123237,0.6518555014546618,1.1061048065176867e-07,5.103865673686061e-08,0.9996630752224817,3.9650688742138e-05,0.1400055030744747,0.9998728725303723,0.9999979917215278,0.9996768919580786,5.3513325702688745e-05,0.1400055030744747,0.9998728727592624,0.9840843819387984,0.10611537750887115,0.29161679668569207,0.49396213115021004,8.98639898628387e-09,0.0,0.0,0.0,0.0,0.0019040152321218571,0.001266292600921337,2.75064923e-08,4.65494485e-08,0.0,0.02265673494723774,0.09232420236233853,0.05068629600925112,0.0025691006031378243,0.0,0.0,0.0,1.0,0.0,0.0,0.0,0.0,0.0,0.09613212423906446,0.0065285374473542535,0.3032423091123237,0.0,0.0,0.0,0.0,0.0,0.0,0.0024291497975708503,0.00011080649670595098,0.001200873362445415,0.0003648284669048783,0.1250152587890625,0.0009918212890625,0.006789524733268671,0.5,0.005631646554000684,0.01211777575558285,0.010475094680746009,0.0007881984272553581,0.0001722529508644951,2.661888439263991e-06,6.0145284507456264e-05,0.004603144410061096
526916,0.006759953000778234,0.3529411764705882,0.9998694427943202,0.00040485829959514163,0.0,8.962290174746036e-06,0.0,0.0007138423339540658,0.0,0.0022881883700305848,0.0014884478239162674,0.0,0.0,0.0,0.0,0.00024018965624804942,0.0010416669238387083,0.9996480034762854,1.1427681460682246e-09,0.13995377596669298,0.999872872547327,0.9998694429031043,0.9996480034762854,1.1427681460682246e-09,0.13995377596669298,0.999872872547327,0.0,0.0,0.0,0.0,0.0,1.0,0.0,0.0,0.0,0.0004200033600268802,0.0,0.001041666666666675,0.0,0.0,0.0007138423339540658,0.012196980678131594,0.002461221012286285,6.0576088713203884e-06,0.0,1.0,0.0,0.0,1.0,0.0,0.0,0.0,0.0,0.016256059503566324,0.0022881883700305848,0.0,0.0,0.0,0.0,0.0,0.0,0.0,0.00040485829959514163,8.962290174746036e-06,0.0,0.0,0.003875732421875,0.0,0.0009699321047526673,0.5,0.0,0.0,0.0,0.0,0.0,0.0,0.0,0.0
397847,0.006759953000778234,0.3529411764705882,0.9998697795156364,0.0016194331983805667,0.0008733624454148472,6.040816364536613e-05,0.0002452678741961705,0.0031191806331471138,0.0,0.005140994649545531,0.0053892874664952855,0.9794520547945206,0.0,0.28031377618584025,0.6741104328336017,2.744685971480494e-05,1.3700609777497916e-05,0.9996480593067338,8.70336735373063e-08,0.13995385777975963,0.9998728725303723,0.9998697796244205,0.9996481161934553,1.0854393622380818e-07,0.13995385932555549,0.9998728725526255,0.0017066656941752915,0.0002629035212001535,0.000580558270762158,0.0008997004472385384,8.98639898628387e-09,0.0,0.0,0.0,0.0,0.0013440107520860168,0.0009388031351658187,7.25312770985e-06,1.2894449261949998e-05,0.0,0.02219118559900683,0.08353885049827359,0.05125027741216774,0.002626590934824671,0.0,0.0,0.0,1.0,0.0,0.0,0.0,0.0,0.0,0.08841710412915342,0.005140994649545531,0.28031377618584025,0.0,0.0,0.0,0.0,0.0,0.0,0.0016194331983805667,6.040816364536613e-05,0.0008733624454148472,0.0002452678741961705,0.1250152587890625,0.0027008056640625,0.0038797284190106693,0.5,0.0,0.0,0.0,0.0,0.0,0.0,0.0,0.0
37434,0.0003204492393145438,0.3529411764705882,0.9998694420120596,0.0,0.0001091703056768559,0.0,0.0,0.0,0.0,0.0,0.0,0.0,0.0,0.0,0.0,0.0,0.5000000001287201,0.9996480024229464,0.0,0.13995377535048134,0.9998728725303723,0.9998694421197557,0.9996480024200123,0.0,0.13995377534960354,0.9998728725293126,0.0,0.0,0.0,0.0,0.0,0.0,0.0,0.0,0.0,0.00028000224001792015,0.00010916315525183939,0.25,0.5,0.0,0.0,0.0,0.0,0.0,0.0,0.0,0.0,1.0,0.0,0.0,0.0,0.0,0.01282051282051282,0.0,0.0,0.0,0.0,0.0,0.0,0.0,0.0,0.0,0.0,0.0,0.0001091703056768559,0.0,0.41021728515625,1.52587890625e-05,0.0,1.0,0.0,0.0,0.0,0.0,0.0,0.0,0.0,0.0
108965,0.0003204492393145438,0.3529411764705882,0.9998694420131475,0.0,0.0001091703056768559,0.0,0.0,0.0,0.0,0.0,0.0,0.0,0.0,0.0,0.0,0.0,0.25000000019308016,0.9996480024258805,0.0,0.13995377535135914,0.9998728725314319,0.9998694421197557,0.9996480024200123,0.0,0.13995377534960354,0.9998728725293126,0.0,0.0,0.0,0.0,0.0,0.0,0.0,0.0,0.0,0.00028000224001792015,0.00010916315525183939,0.125,0.25,0.0,0.0,0.0,0.0,0.0,0.0,0.0,0.0,1.0,0.0,0.0,0.0,0.0,0.01282051282051282,0.0,0.0,0.0,0.0,0.0,0.0,0.0,0.0,0.0,0.0,0.0,0.0001091703056768559,0.0,0.41021728515625,1.52587890625e-05,0.0,1.0,0.0,0.0,0.0,0.0,0.0,0.0,0.0,0.0
343008,0.00033570872690095066,0.3529411764705882,0.9998694420164115,0.0,0.0001091703056768559,0.0,0.0,0.0,0.0,0.0,0.0,0.0,0.0,0.0,0.0,0.0,0.1000000002316962,0.9996480024346828,0.0,0.1399537753539925,0.999872872534611,0.9998694421197557,0.9996480024200123,0.0,0.13995377534960354,0.9998728725293126,0.0,0.0,0.0,0.0,0.0,0.0,0.0,0.0,0.0,0.00022400179201433613,0.00017466104840294303,0.049999999999999996,0.09999999999999999,0.0,0.0,0.0,0.0,0.0,0.0,0.0,0.0,0.0,1.0,1.0,0.0,0.0,0.01282051282051282,0.0,0.0,0.0,0.0,0.0,0.0,0.0,0.0,0.0,0.0,0.0,0.0001091703056768559,0.0,0.003692626953125,0.0035247802734375,0.0,0.8,0.0,0.0,0.0,0.0,0.0,0.0,0.0,0.0
567939,0.000808752842079563,1.0,0.9998694909604685,0.00020242914979757084,0.0002183406113537118,8.613110038067619e-06,1.409240841958437e-05,0.0005741775294847921,0.03022875816993464,0.0032985572606891566,0.0,0.06438356164383562,0.13662790697674418,0.06442419305982636,0.0,1.3078914990684335e-05,2.22269249902029e-05,0.9996480464225866,5.572372295354017e-08,0.13995381245045949,0.9998728725600432,0.9998694881044956,0.9996481264323354,0.0,0.13995381245045949,0.9998729173176119,2.4167832966005885e-07,2.6060557060223225e-07,0.0,2.427527932371081e-07,2.6060557060223225e-07,0.0,0.0,0.0,0.0,0.00011200089600716806,8.733052420147152e-05,1.1113333777875e-05,2.222666755575e-05,0.04695431472081218,0.0014587212911235257,0.02371965673340713,0.003543412354652612,1.2555771115100443e-05,0.0,0.0,0.0,0.0,0.0,0.0,0.0,0.0,0.01282051282051282,0.0296375718997947,0.0032985572606891566,0.06442419305982636,0.0,0.0,0.0,0.0,0.0,0.0,0.00020242914979757084,8.613110038067619e-06,0.0002183406113537118,1.409240841958437e-05,0.0,0.0,0.0009699321047526673,0.2,0.0,0.0,0.0,0.0,0.0,0.0,0.0,0.0
112448,0.0003204492393145438,0.3529411764705882,0.9998694420131475,0.0,0.0001091703056768559,0.0,0.0,0.0,0.0,0.0,0.0,0.0,0.0,0.0,0.0,0.0,0.25000000019308016,0.9996480024258805,0.0,0.13995377535135914,0.9998728725314319,0.9998694421197557,0.9996480024200123,0.0,0.13995377534960354,0.9998728725293126,0.0,0.0,0.0,0.0,0.0,0.0,0.0,0.0,0.0,0.00028000224001792015,0.00010916315525183939,0.125,0.25,0.0,0.0,0.0,0.0,0.0,0.0,0.0,0.0,1.0,0.0,0.0,0.0,0.0,0.01282051282051282,0.0,0.0,0.0,0.0,0.0,0.0,0.0,0.0,0.0,0.0,0.0,0.0001091703056768559,0.0,0.41021728515625,1.52587890625e-05,0.0,1.0,0.0,0.0,0.0,0.0,0.0,0.0,0.0,0.0
505625,0.0012207590069125479,0.3529411764705882,0.999869442746449,0.00040485829959514163,0.0004366812227074236,1.873933400174171e-05,3.658029419551687e-05,0.0024984481688392303,0.0,0.004784393864606163,0.005897744508285693,0.33424657534246577,0.0,0.08361437822658314,0.2582845128885069,0.002156224978321467,0.0025887576532234503,0.9996480027505866,1.6858241126990632e-10,0.13995377551901786,0.9998728725293126,0.9998694425310137,0.9996480029745556,1.9990113342303503e-10,0.13995377556817434,0.9998728726660109,4.025194249165807e-06,1.446810236791703e-06,2.069836997558239e-06,2.9046627328716035e-06,0.0,0.0,0.0,0.0,0.0,0.0005040040320322563,0.0005021505141584612,0.0011094674556212999,0.0029585798816568,0.0,0.007572936064556177,0.032178213252469126,0.019724452737530655,0.0003890540357952733,0.0,0.0,0.0,1.0,0.0,0.0,0.0,0.0,0.01282051282051282,0.036760218180544146,0.004784393864606163,0.08361437822658314,0.0,0.0,0.0,0.0,0.0,0.0,0.00040485829959514163,1.873933400174171e-05,0.0004366812227074236,3.658029419551687e-05,0.1250152587890625,0.002288818359375,0.0009699321047526673,0.5,0.0,0.0,0.0,0.0,0.0,0.0,0.0,0.0
95728,0.0003204492393145438,0.3529411764705882,0.9998694420131475,0.0,0.0001091703056768559,0.0,0.0,0.0,0.0,0.0,0.0,0.0,0.0,0.0,0.0,0.0,0.25000000019308016,0.9996480024258805,0.0,0.13995377535135914,0.9998728725314319,0.9998694421197557,0.9996480024200123,0.0,0.13995377534960354,0.9998728725293126,0.0,0.0,0.0,0.0,0.0,0.0,0.0,0.0,0.0,0.00028000224001792015,0.00010916315525183939,0.125,0.25,0.0,0.0,0.0,0.0,0.0,0.0,0.0,0.0,1.0,0.0,0.0,0.0,0.0,0.01282051282051282,0.0,0.0,0.0,0.0,0.0,0.0,0.0,0.0,0.0,0.0,0.0,0.0001091703056768559,0.0,0.41021728515625,1.52587890625e-05,0.0,1.0,0.0,0.0,0.0,0.0,0.0,0.0,0.0,0.0
571806,0.7550547052629972,0.3529411764705882,0.999869442052315,0.00020242914979757084,0.0001091703056768559,3.6081947456769753e-06,0.0,0.0004810676598386096,0.0,0.001381828041640052,0.0013908087112954708,0.0,0.0,0.0,0.0,0.0018322054434232677,0.019736842357622297,0.99964800247576,3.331685557113407e-12,0.13995377536715942,0.9998728725483867,0.9998694421610991,0.9996480025315078,0.0,0.13995377538295972,0.9998728725695802,0.0,0.0,0.0,0.0,0.0,1.0,0.0,0.0,0.0,0.00028000224001792015,0.00010916315525183939,0.0131578947368421,0.0131578947368421,0.0,0.0004810676598386096,0.006148071561334624,0.0020313617872907484,4.126430710854714e-06,0.0,1.0,0.0,0.0,1.0,0.0,0.0,0.0,0.0,0.008194111294493801,0.001381828041640052,0.0,0.0,0.0,0.0,0.0,0.0,0.0,0.00020242914979757084,3.6081947456769753e-06,0.0001091703056768559,0.0,0.015472412109375,1.52587890625e-05,0.0,0.5,0.0,0.0,0.0,0.0,0.0,0.0,0.0,0.0
633322,0.000808752842079563,1.0,0.9998694452085571,0.0,0.0001091703056768559,5.237702050176254e-06,1.221841793825666e-05,0.0006983240223463687,0.03676470588235294,0.004011758830567893,0.0,0.11164383561643836,0.2369186046511628,0.11171429222076273,0.0,0.00015894973959562202,0.0001701261505573527,0.999648011043308,0.0,0.13995377792944114,0.9998728756437026,0.9998694421197557,0.9996480024200123,0.0,0.13995377534960354,0.9998728725293126,0.0,0.0,0.0,0.0,0.0,0.0,0.0,0.0,0.0,5.600044800358403e-05,4.366526210073576e-05,8.5062946580475e-05,0.00017012589316095,0.05710659898477157,0.0025294847920546244,0.03345079795735581,0.007732280351616258,5.97881594359486e-05,0.0,0.0,0.0,0.0,0.0,0.0,0.0,0.0,0.01282051282051282,0.050155890907344874,0.004011758830567893,0.11171429222076273,0.0,0.0,0.0,0.0,0.0,0.0,0.0,5.237702050176254e-06,0.0001091703056768559,1.221841793825666e-05,0.0,0.0,0.0,0.2,0.0,0.0,0.0,0.0,0.0,0.0,0.0,0.0
578817,0.006759953000778234,0.3529411764705882,0.9998695113732279,0.0018218623481781376,0.000982532751091703,6.273603122322224e-05,0.00031842846258720427,0.0030105524518932343,0.0,0.004805195577057987,0.005213457592698165,1.0,0.0,0.323491692811043,0.6749992778910063,0.00016863933203464842,7.450655516386903e-05,0.9996480128120764,1.4043406995845218e-08,0.13995378982443235,0.9998728725293126,0.999869511482012,0.9996480232041404,1.7277932420938538e-08,0.13995379104544428,0.999872872550506,0.0003916522338173836,5.279060084492459e-05,0.00012876011372123632,0.00024013273722734205,0.0,0.0,0.0,0.0,0.0,0.0014840118720949769,0.0010479662904176582,3.92138409173e-05,7.05849136511e-05,0.0,0.02265673494723774,0.09493812440035111,0.05337539246651326,0.002848932520954046,0.0,0.0,0.0,1.0,0.0,0.0,0.0,0.0,0.0,0.09989442470293533,0.004805195577057987,0.323491692811043,0.0,0.0,0.0,0.0,0.0,0.0,0.0018218623481781376,6.273603122322224e-05,0.000982532751091703,0.00031842846258720427,0.1250152587890625,0.0009613037109375,0.0038797284190106693,0.5,0.0,0.0,0.0,0.0,0.0,0.0,0.0,0.0
307084,0.00033570872690095066,0.3529411764705882,0.9998694420164115,0.0,0.0001091703056768559,0.0,0.0,0.0,0.0,0.0,0.0,0.0,0.0,0.0,0.0,0.0,0.1000000002316962,0.9996480024346828,0.0,0.1399537753539925,0.999872872534611,0.9998694421197557,0.9996480024200123,0.0,0.13995377534960354,0.9998728725293126,0.0,0.0,0.0,0.0,0.0,0.0,0.0,0.0,0.0,0.00022400179201433613,0.00017466104840294303,0.049999999999999996,0.09999999999999999,0.0,0.0,0.0,0.0,0.0,0.0,0.0,0.0,0.0,1.0,1.0,0.0,0.0,0.01282051282051282,0.0,0.0,0.0,0.0,0.0,0.0,0.0,0.0,0.0,0.0,0.0,0.0001091703056768559,0.0,0.003692626953125,0.0035247802734375,0.0,0.8,0.0,0.0,0.0,0.0,0.0,0.0,0.0,0.0
298379,0.00033570872690095066,0.3529411764705882,0.9998694420174995,0.0,0.0001091703056768559,0.0,0.0,0.0,0.0,0.0,0.0,0.0,0.0,0.0,0.0,0.0,0.08333333356932011,0.9996480024376169,0.0,0.1399537753548703,0.9998728725356706,0.9998694421197557,0.9996480024200123,0.0,0.13995377534960354,0.9998728725293126,0.0,0.0,0.0,0.0,0.0,0.0,0.0,0.0,0.0,0.00022400179201433613,0.00017466104840294303,0.04166666666666675,0.0833333333333335,0.0,0.0,0.0,0.0,0.0,0.0,0.0,0.0,0.0,1.0,1.0,0.0,0.0,0.01282051282051282,0.0,0.0,0.0,0.0,0.0,0.0,0.0,0.0,0.0,0.0,0.0,0.0001091703056768559,0.0,0.003692626953125,0.0035247802734375,0.0,0.8,0.0,0.0,0.0,0.0,0.0,0.0,0.0,0.0
194452,0.00033570872690095066,0.3529411764705882,0.9998694420185875,0.0,0.0001091703056768559,0.0,0.0,0.0,0.0,0.0,0.0,0.0,0.0,0.0,0.0,0.0,0.07142857166762312,0.999648002440551,0.0,0.1399537753557481,0.9998728725367303,0.9998694421197557,0.9996480024200123,0.0,0.13995377534960354,0.9998728725293126,0.0,0.0,0.0,0.0,0.0,0.0,0.0,0.0,0.0,0.00022400179201433613,0.00017466104840294303,0.03571428571428575,0.0714285714285715,0.0,0.0,0.0,0.0,0.0,0.0,0.0,0.0,0.0,1.0,1.0,0.0,0.0,0.01282051282051282,0.0,0.0,0.0,0.0,0.0,0.0,0.0,0.0,0.0,0.0,0.0,0.0001091703056768559,0.0,0.003692626953125,0.0035247802734375,0.0,0.8,0.0,0.0,0.0,0.0,0.0,0.0,0.0,0.0
320469,0.00033570872690095066,0.3529411764705882,0.9998697562382145,0.004048582995951417,0.00240174672489083,0.0002225441404430444,0.00019976738530953374,0.009931719428926133,0.0,0.008116913104808684,0.008862415286443265,0.6684931506849315,0.0,0.08302247316464642,0.2737832352974904,3.5592273946134976e-05,3.722118701901777e-05,0.999648022596504,3.491788593382692e-08,0.13995382822705732,0.9998728725356706,0.9998697558236783,0.99964804472008,4.8990912295543305e-08,0.13995382822705732,0.9998728728779462,0.0024067994814649762,0.0001235852380969884,0.0003195260582655238,0.0008339395526292033,8.986398986283869e-08,0.0,0.0,0.0,0.0,0.0047600380803046426,0.0038862083269654824,1.817766328735e-05,3.8086532602049995e-05,0.0,0.015145872129112354,0.041260591695339,0.023323142390139023,0.0005439689709506553,0.0,0.0,0.0,1.0,0.0,0.0,0.0,0.0,0.01282051282051282,0.042203054082706574,0.008116913104808684,0.08302247316464642,0.0,0.0,0.0,0.0,0.0,0.0,0.004048582995951417,0.0002225441404430444,0.00240174672489083,0.00019976738530953374,0.41021728515625,0.0035247802734375,0.015518913676042677,0.8,0.0,0.0,0.0,0.0,0.0,0.0,0.0,0.0
907773,0.0012207590069125479,0.3529411764705882,0.9998694420686348,0.00020242914979757084,0.0,0.0,0.0,0.0,0.0,0.0,0.0,0.0,0.0,0.0,0.0,0.0,0.00943396251916247,0.9996480025755191,0.0,0.13995377539612663,0.9998728725854754,0.9998694421774189,0.9996480025755191,0.0,0.13995377539612663,0.9998728725854754,0.0,0.0,0.0,0.0,0.0,0.0,0.0,0.0,0.0,0.00028000224001792015,0.0,0.00943396226415095,0.0,0.0,0.0,0.0,0.0,0.0,0.0,0.0,0.0,0.0,1.0,0.0,0.0,0.0,0.0,0.0,0.0,0.0,0.0,0.0,0.0,0.0,0.0,0.0,0.00020242914979757084,0.0,0.0,0.0,0.0042724609375,0.0,0.0,0.5,0.0,0.0,0.0,0.0,0.0,0.0,0.0,0.0
215502,0.00033570872690095066,0.3529411764705882,0.9998694420185875,0.0,0.0001091703056768559,0.0,0.0,0.0,0.0,0.0,0.0,0.0,0.0,0.0,0.0,0.0,0.07142857166762312,0.999648002440551,0.0,0.1399537753557481,0.9998728725367303,0.9998694421197557,0.9996480024200123,0.0,0.13995377534960354,0.9998728725293126,0.0,0.0,0.0,0.0,0.0,0.0,0.0,0.0,0.0,0.00022400179201433613,0.00017466104840294303,0.03571428571428575,0.0714285714285715,0.0,0.0,0.0,0.0,0.0,0.0,0.0,0.0,0.0,1.0,1.0,0.0,0.0,0.01282051282051282,0.0,0.0,0.0,0.0,0.0,0.0,0.0,0.0,0.0,0.0,0.0,0.0001091703056768559,0.0,0.003692626953125,0.0035247802734375,0.0,0.8,0.0,0.0,0.0,0.0,0.0,0.0,0.0,0.0
1005172,0.000808752842079563,1.0,0.9998696366948633,0.00020242914979757084,0.0002183406113537118,6.983602733568339e-06,1.3042973750040853e-05,0.0004655493482309125,0.024509803921568627,0.002674505887045262,0.0,0.05958904109589041,0.12645348837209303,0.05962664676813716,0.0,2.937003717757215e-06,5.588722846161239e-06,0.9996481774288064,1.965314080017824e-07,0.1399539113866605,0.9998728725303723,0.999869468191121,0.9996480727296535,0.0,0.1399537963841895,0.9998728979223476,8.33373550551927e-09,8.98639898628387e-09,0.0,8.370785973693382e-09,8.98639898628387e-09,0.0,0.0,0.0,0.0,0.00011200089600716806,8.733052420147152e-05,2.7942327037e-06,5.5884654074e-06,0.03807106598984771,0.0013500931098696463,0.020943108286352784,0.003543412354652612,1.2555771115100443e-05,0.0,0.0,0.0,0.0,0.0,0.0,0.0,0.0,0.01282051282051282,0.026168290908179934,0.002674505887045262,0.05962664676813716,0.0,0.0,0.0,0.0,0.0,0.0,0.00020242914979757084,6.983602733568339e-06,0.0002183406113537118,1.3042973750040853e-05,0.0,0.0,0.0009699321047526673,0.2,0.0,0.0,0.0,0.0,0.0,0.0,0.0,0.0
461061,0.05171440343033281,0.3529411764705882,0.9998746980734922,0.0020242914979757085,0.000982532751091703,0.00025234084543960264,0.00011881099651617673,0.01373370577281192,0.0,0.017570693221557153,0.021819434104551817,0.8061643835616439,0.0,0.12070017257661743,0.40950243923576474,1.7447640322346997e-06,1.0352377028584882e-06,0.9996487484529972,1.6039056766646115e-06,0.13995640075437646,0.9998728725293126,0.9998746981822768,0.9996494198826837,2.137423089572754e-06,0.1399564008263556,0.9998728725293126,0.03945686245575401,0.005318369963558085,0.011793980203815335,0.025244959541689423,0.000970504131321699,0.0,0.0,0.0,0.0,0.0017080136641093129,0.0011789620767198655,5.692391446e-07,9.314822366499999e-07,0.0,0.018265052762259468,0.07088698178092377,0.03944415635285477,0.0015558414703881374,0.0,0.0,1.0,1.0,0.0,0.0,0.0,1.0,0.0,0.07440120892302977,0.017570693221557153,0.12070017257661743,0.0,0.0,0.0,0.0,0.0,0.0,0.0020242914979757085,0.00025234084543960264,0.000982532751091703,0.00011881099651617673,0.1250152587890625,0.9571685791015625,0.006789524733268671,0.5,0.0,0.0,0.0,0.0,0.0,0.0,0.0,0.0
263668,0.00033570872690095066,0.3529411764705882,0.9998694420164115,0.0,0.0001091703056768559,0.0,0.0,0.0,0.0,0.0,0.0,0.0,0.0,0.0,0.0,0.0,0.1000000002316962,0.9996480024346828,0.0,0.1399537753539925,0.999872872534611,0.9998694421197557,0.9996480024200123,0.0,0.13995377534960354,0.9998728725293126,0.0,0.0,0.0,0.0,0.0,0.0,0.0,0.0,0.0,0.00022400179201433613,0.00017466104840294303,0.049999999999999996,0.09999999999999999,0.0,0.0,0.0,0.0,0.0,0.0,0.0,0.0,0.0,1.0,1.0,0.0,0.0,0.01282051282051282,0.0,0.0,0.0,0.0,0.0,0.0,0.0,0.0,0.0,0.0,0.0,0.0001091703056768559,0.0,0.003692626953125,0.0035247802734375,0.0,0.8,0.0,0.0,0.0,0.0,0.0,0.0,0.0,0.0
1007611,0.7651107075824394,0.3529411764705882,0.9998694420729867,0.0,0.0001091703056768559,0.0,0.0,0.0,0.0,0.0,0.0,0.0,0.0,0.0,0.0,0.0,0.008771930079743355,0.9996480025872555,0.0,0.13995377539963783,0.9998728725897141,0.9998694421197557,0.9996480024200123,0.0,0.13995377534960354,0.9998728725293126,0.0,0.0,0.0,0.0,0.0,0.0,0.0,0.0,0.0,0.00014000112000896008,0.00010916315525183939,0.004385964912280701,0.008771929824561401,0.0,0.0,0.0,0.0,0.0,0.0,0.0,0.0,0.0,1.0,1.0,0.0,0.0,0.01282051282051282,0.0,0.0,0.0,0.0,0.0,0.0,0.0,0.0,0.0,0.0,0.0,0.0001091703056768559,0.0,0.0044097900390625,0.0039215087890625,0.0,0.5,0.0,0.0,0.0,0.0,0.0,0.0,0.0,0.0
1034799,0.7689866174293867,0.3529411764705882,0.9998694420305553,0.0,0.0001091703056768559,0.0,0.0,0.0,0.0,0.0,0.0,0.0,0.0,0.0,0.0,0.0,0.027777778028066837,0.9996480024728259,0.0,0.13995377536540385,0.9998728725483867,0.9998694421197557,0.9996480024200123,0.0,0.13995377534960354,0.9998728725293126,0.0,0.0,0.0,0.0,0.0,0.0,0.0,0.0,0.0,0.00014000112000896008,0.00010916315525183939,0.013888888888888899,0.027777777777777797,0.0,0.0,0.0,0.0,0.0,0.0,0.0,0.0,0.0,1.0,1.0,0.0,0.0,0.01282051282051282,0.0,0.0,0.0,0.0,0.0,0.0,0.0,0.0,0.0,0.0,0.0,0.0001091703056768559,0.0,0.0145416259765625,0.00390625,0.0,0.5,0.0,0.0,0.0,0.0,0.0,0.0,0.0,0.0
54655,0.0003204492393145438,0.3529411764705882,0.9998694420120596,0.0,0.0001091703056768559,0.0,0.0,0.0,0.0,0.0,0.0,0.0,0.0,0.0,0.0,0.0,0.5000000001287201,0.9996480024229464,0.0,0.13995377535048134,0.9998728725303723,0.9998694421197557,0.9996480024200123,0.0,0.13995377534960354,0.9998728725293126,0.0,0.0,0.0,0.0,0.0,0.0,0.0,0.0,0.0,0.00028000224001792015,0.00010916315525183939,0.25,0.5,0.0,0.0,0.0,0.0,0.0,0.0,0.0,0.0,1.0,0.0,0.0,0.0,0.0,0.01282051282051282,0.0,0.0,0.0,0.0,0.0,0.0,0.0,0.0,0.0,0.0,0.0,0.0001091703056768559,0.0,0.41021728515625,1.52587890625e-05,0.0,1.0,0.0,0.0,0.0,0.0,0.0,0.0,0.0,0.0
657564,0.05171440343033281,0.3529411764705882,0.9998728205424326,0.0016194331983805667,0.0008733624454148472,0.00013361959896894088,0.00014047432648032503,0.010505896958410926,0.0,0.01137160280862604,0.013875598572000457,0.8034246575342466,0.0,0.16054645983259921,0.42225379026866794,2.1856728140631107e-06,1.3688795400975956e-06,0.9996485718745959,5.845368669473309e-07,0.13995461202894263,0.9998728725335513,0.9998728206512172,0.9996491413291795,9.475591120545217e-07,0.1399548634582113,0.9998728725335513,0.023934855056213587,0.0036870476128803816,0.0031493155372980825,0.007978706729471558,0.002100004619907719,0.0,0.0,0.0,0.0,0.0014000112000896008,0.0009169705041154509,7.245646413e-07,1.2881149178999998e-06,0.0,0.01820297951582868,0.06659309053173643,0.03454105002114227,0.001193084136562946,0.0,0.0,0.0,1.0,0.0,0.0,0.0,0.0,0.0,0.07048179601117709,0.01137160280862604,0.16054645983259921,0.0,0.0,0.0,0.0,0.0,0.0,0.0016194331983805667,0.00013361959896894088,0.0008733624454148472,0.00014047432648032503,0.1250152587890625,0.9590606689453125,0.004849660523763337,0.5,0.0,0.0,0.0,0.0,0.0,0.0,0.0,0.0
257431,0.00033570872690095066,0.3529411764705882,0.9998694420185875,0.0,0.0001091703056768559,0.0,0.0,0.0,0.0,0.0,0.0,0.0,0.0,0.0,0.0,0.0,0.07142857166762312,0.999648002440551,0.0,0.1399537753557481,0.9998728725367303,0.9998694421197557,0.9996480024200123,0.0,0.13995377534960354,0.9998728725293126,0.0,0.0,0.0,0.0,0.0,0.0,0.0,0.0,0.0,0.00022400179201433613,0.00017466104840294303,0.03571428571428575,0.0714285714285715,0.0,0.0,0.0,0.0,0.0,0.0,0.0,0.0,0.0,1.0,1.0,0.0,0.0,0.01282051282051282,0.0,0.0,0.0,0.0,0.0,0.0,0.0,0.0,0.0,0.0,0.0,0.0001091703056768559,0.0,0.003692626953125,0.0035247802734375,0.0,0.8,0.0,0.0,0.0,0.0,0.0,0.0,0.0,0.0
241517,0.00033570872690095066,0.3529411764705882,0.9998694420185875,0.0,0.0001091703056768559,0.0,0.0,0.0,0.0,0.0,0.0,0.0,0.0,0.0,0.0,0.0,0.07142857166762312,0.999648002440551,0.0,0.1399537753557481,0.9998728725367303,0.9998694421197557,0.9996480024200123,0.0,0.13995377534960354,0.9998728725293126,0.0,0.0,0.0,0.0,0.0,0.0,0.0,0.0,0.0,0.00022400179201433613,0.00017466104840294303,0.03571428571428575,0.0714285714285715,0.0,0.0,0.0,0.0,0.0,0.0,0.0,0.0,0.0,1.0,1.0,0.0,0.0,0.01282051282051282,0.0,0.0,0.0,0.0,0.0,0.0,0.0,0.0,0.0,0.0,0.0,0.0001091703056768559,0.0,0.003692626953125,0.0035247802734375,0.0,0.8,0.0,0.0,0.0,0.0,0.0,0.0,0.0,0.0
210433,0.00033570872690095066,0.3529411764705882,0.9998698395081728,0.004251012145748988,0.00240174672489083,0.0002244064345053293,0.00019976738530953374,0.009931719428926133,0.0,0.007812799015493038,0.008741956209752828,0.6684931506849315,0.0,0.08302247316464642,0.2737832352974904,2.8234560259909935e-05,3.010820812109894e-05,0.9996480273496936,4.796039697981229e-08,0.13995385443360758,0.9998728725324916,0.999869839476607,0.999648053448479,6.5436984072633e-08,0.13995385443360758,0.9998728727613818,0.0030446885982639378,0.00015633980655447094,0.0004462188252042153,0.001071268076555358,7.189119189027096e-08,0.0,0.0,0.0,0.0,0.004984039872318979,0.0038862083269654824,1.5053975344324999e-05,3.0107950688649997e-05,0.0,0.015145872129112354,0.04048472068991993,0.023124086011395182,0.000534723353862232,0.0,0.0,0.0,1.0,0.0,0.0,0.0,0.0,0.01282051282051282,0.04138807167400562,0.007812799015493038,0.08302247316464642,0.0,0.0,0.0,0.0,0.0,0.0,0.004251012145748988,0.0002244064345053293,0.00240174672489083,0.00019976738530953374,0.41021728515625,0.0035247802734375,0.015518913676042677,0.8,0.0,0.0,0.0,0.0,0.0,0.0,0.0,0.0
47375,0.0003204492393145438,0.3529411764705882,0.9998694420316433,0.0,0.0001091703056768559,0.0,0.0,0.0,0.0,0.0,0.0,0.0,0.0,0.0,0.0,0.0,0.026315789724349715,0.99964800247576,0.0,0.13995377536628165,0.9998728725494465,0.9998694421197557,0.9996480024200123,0.0,0.13995377534960354,0.9998728725293126,0.0,0.0,0.0,0.0,0.0,0.0,0.0,0.0,0.0,0.00028000224001792015,0.00010916315525183939,0.0131578947368421,0.0263157894736842,0.0,0.0,0.0,0.0,0.0,0.0,0.0,0.0,1.0,0.0,0.0,0.0,0.0,0.01282051282051282,0.0,0.0,0.0,0.0,0.0,0.0,0.0,0.0,0.0,0.0,0.0,0.0001091703056768559,0.0,0.41021728515625,1.52587890625e-05,0.0,1.0,0.0,0.0,0.0,0.0,0.0,0.0,0.0,0.0
333850,0.00033570872690095066,0.3529411764705882,0.9998698285750196,0.004048582995951417,0.002292576419213974,0.0002244064345053293,0.00019976738530953374,0.009931719428926133,0.0,0.008184837063844331,0.008866982507613535,0.6684931506849315,0.0,0.08697592426772481,0.27900511196084343,2.9033115566371924e-05,2.9552498759017005e-05,0.999648027846637,5.8228664517186046e-08,0.13995387761088957,0.9998728725314319,0.9998698286348445,0.9996480545379911,7.882938538377521e-08,0.13995387761088957,0.9998728729107962,0.002960909555226953,0.00015963978343173842,0.00043605340538773634,0.0010105715074601072,8.986398986283869e-08,0.0,0.0,0.0,0.0,0.0047600380803046426,0.0037115472785625393,1.47761206632e-05,2.95522413264e-05,0.0,0.015145872129112354,0.0423677309545646,0.023526556300807605,0.0005534988513752984,0.0,0.0,0.0,1.0,0.0,0.0,0.0,0.0,0.01282051282051282,0.04335893222987855,0.008184837063844331,0.08697592426772481,0.0,0.0,0.0,0.0,0.0,0.0,0.004048582995951417,0.0002244064345053293,0.002292576419213974,0.00019976738530953374,0.41021728515625,0.0035247802734375,0.015518913676042677,0.8,0.0,0.0,0.0,0.0,0.0,0.0,0.0,0.0
579925,0.0012207590069125479,0.3529411764705882,0.999928634151163,0.00020242914979757084,0.0,0.0,0.0,0.0,0.0,0.0,0.0,0.0,0.0,0.0,0.0,0.0,9.44771604756778e-09,0.999807632654309,0.0,0.14000153204168822,0.9999305245959322,0.9999286342599535,0.999807632654309,0.0,0.14000153204168822,0.9999305245959322,0.0,0.0,0.0,0.0,0.0,0.0,0.0,0.0,0.0,0.00028000224001792015,0.0,9.19027585e-09,0.0,0.0,0.0,0.0,0.0,0.0,0.0,0.0,0.0,0.0,1.0,0.0,0.0,0.0,0.0,0.0,0.0,0.0,0.0,0.0,0.0,0.0,0.0,0.0,0.00020242914979757084,0.0,0.0,0.0,0.0042724609375,0.0,0.0,0.5,0.0,0.0,0.0,0.0,0.0,0.0,0.0,0.0
1036643,0.000808752842079563,1.0,0.9998694431664108,0.0,0.0001091703056768559,4.53934177681942e-06,6.82132535203286e-06,0.0006052141527001862,0.031862745098039214,0.0034768576531588407,0.0,0.06232876712328767,0.1322674418604651,0.06236810179195956,0.0,0.0002749254264780685,0.00047081005016269464,0.9996480055360177,0.0,0.13995377628182115,0.9998728736546894,0.9998694421197557,0.9996480024200123,0.0,0.13995377534960354,0.9998728725293126,0.0,0.0,0.0,0.0,0.0,0.0,0.0,0.0,0.0,5.600044800358403e-05,4.366526210073576e-05,0.00023540489642184998,0.00047080979284369997,0.049492385786802026,0.0014121663563004345,0.022344604169138423,0.0034074455786816216,1.1610685371646091e-05,0.0,0.0,0.0,0.0,0.0,0.0,0.0,0.0,0.01282051282051282,0.033503342147594005,0.0034768576531588407,0.06236810179195956,0.0,0.0,0.0,0.0,0.0,0.0,0.0,4.53934177681942e-06,0.0001091703056768559,6.82132535203286e-06,0.0,0.0,0.0,0.2,0.0,0.0,0.0,0.0,0.0,0.0,0.0,0.0
588552,0.006790471975951048,0.3529411764705882,0.9998696546585703,0.00020242914979757084,0.0,1.1639337889280565e-07,0.0,1.5518311607697083e-05,0.0,4.4575098117421034e-05,4.486479713938226e-05,0.0,0.0,0.0,0.0,1.1491009272094329e-08,2.558443378716354e-06,0.9996485758911842,0.0,0.13995394691538676,0.9998730796442012,0.9998696547673545,0.9996485758911842,0.0,0.13995394691538676,0.9998730796442012,0.0,0.0,0.0,0.0,0.0,0.0,0.0,0.0,0.0,0.00036400291202329623,0.0,2.558185939175e-06,0.0,0.0,1.5518311607697083e-05,0.00026443318544696893,6.55277995911225e-05,4.293892518670656e-09,0.0,0.0,0.0,0.0,1.0,0.0,0.0,0.0,0.0,0.0003964892561845445,4.4575098117421034e-05,0.0,0.0,0.0,0.0,0.0,0.0,0.0,0.00020242914979757084,1.1639337889280565e-07,0.0,0.0,0.9710235595703125,0.0,0.0,0.5,0.0,0.0,0.0,0.0,0.0,0.0,0.0,0.0
404278,0.7547647749988555,0.3529411764705882,0.9998694420120596,0.00020242914979757084,0.0,0.0,0.0,0.0,0.0,0.0,0.0,0.0,0.0,0.0,0.0,0.0,0.5000000001287201,0.9996480024229464,0.0,0.13995377535048134,0.9998728725303723,0.9998694421208437,0.9996480024229464,0.0,0.13995377535048134,0.9998728725303723,0.0,0.0,0.0,0.0,0.0,0.0,0.0,0.0,0.0,0.00028000224001792015,0.0,0.5,0.0,0.0,0.0,0.0,0.0,0.0,0.0,0.0,0.0,0.0,1.0,0.0,0.0,0.0,0.0,0.0,0.0,0.0,0.0,0.0,0.0,0.0,0.0,0.0,0.00020242914979757084,0.0,0.0,0.0,0.075775146484375,0.0,0.0,0.5,0.0,0.0,0.0,0.0,0.0,0.0,0.0,0.0
163177,0.0003204492393145438,0.3529411764705882,0.9998694420120596,0.0,0.0001091703056768559,0.0,0.0,0.0,0.0,0.0,0.0,0.0,0.0,0.0,0.0,0.0,0.5000000001287201,0.9996480024229464,0.0,0.13995377535048134,0.9998728725303723,0.9998694421197557,0.9996480024200123,0.0,0.13995377534960354,0.9998728725293126,0.0,0.0,0.0,0.0,0.0,0.0,0.0,0.0,0.0,0.00028000224001792015,0.00010916315525183939,0.25,0.5,0.0,0.0,0.0,0.0,0.0,0.0,0.0,0.0,1.0,0.0,0.0,0.0,0.0,0.01282051282051282,0.0,0.0,0.0,0.0,0.0,0.0,0.0,0.0,0.0,0.0,0.0,0.0001091703056768559,0.0,0.41021728515625,1.52587890625e-05,0.0,1.0,0.0,0.0,0.0,0.0,0.0,0.0,0.0,0.0
120194,0.0003204492393145438,0.3529411764705882,0.9998694420131475,0.0,0.0001091703056768559,0.0,0.0,0.0,0.0,0.0,0.0,0.0,0.0,0.0,0.0,0.0,0.25000000019308016,0.9996480024258805,0.0,0.13995377535135914,0.9998728725314319,0.9998694421197557,0.9996480024200123,0.0,0.13995377534960354,0.9998728725293126,0.0,0.0,0.0,0.0,0.0,0.0,0.0,0.0,0.0,0.00028000224001792015,0.00010916315525183939,0.125,0.25,0.0,0.0,0.0,0.0,0.0,0.0,0.0,0.0,1.0,0.0,0.0,0.0,0.0,0.01282051282051282,0.0,0.0,0.0,0.0,0.0,0.0,0.0,0.0,0.0,0.0,0.0,0.0001091703056768559,0.0,0.41021728515625,1.52587890625e-05,0.0,1.0,0.0,0.0,0.0,0.0,0.0,0.0,0.0,0.0
376031,0.0067752124883646405,0.3529411764705882,0.9998694420305553,0.0,0.0001091703056768559,0.0,0.0,0.0,0.0,0.0,0.0,0.0,0.0,0.0,0.0,0.0,0.027777778028066837,0.9996480024728259,0.0,0.13995377536540385,0.9998728725483867,0.9998694421197557,0.9996480024200123,0.0,0.13995377534960354,0.9998728725293126,0.0,0.0,0.0,0.0,0.0,0.0,0.0,0.0,0.0,0.00014000112000896008,0.00010916315525183939,0.013888888888888899,0.027777777777777797,0.0,0.0,0.0,0.0,0.0,0.0,0.0,0.0,1.0,0.0,0.0,0.0,0.0,0.01282051282051282,0.0,0.0,0.0,0.0,0.0,0.0,0.0,0.0,0.0,0.0,0.0,0.0001091703056768559,0.0,1.0,1.52587890625e-05,0.0,0.5,0.0,0.0,0.0,0.0,0.0,0.0,0.0,0.0
787470,0.000808752842079563,1.0,0.9998694433024089,0.0,0.0001091703056768559,3.957374882355392e-06,9.369952406638543e-06,0.0005276225946617008,0.02777777777777778,0.0030311066719846303,0.0,0.08561643835616438,0.1816860465116279,0.08567046949444995,0.0,0.00030084477781241325,0.0004212302489071584,0.9996480059027792,0.0,0.13995377639154544,0.999872873787149,0.9998694421197557,0.9996480024200123,0.0,0.13995377534960354,0.9998728725293126,0.0,0.0,0.0,0.0,0.0,0.0,0.0,0.0,0.0,5.600044800358403e-05,4.366526210073576e-05,0.0002106149957877,0.0004212299915754,0.04314720812182741,0.0019397889509621354,0.025517802394343394,0.00596302976269,3.555772395066704e-05,0.0,0.0,0.0,0.0,0.0,0.0,0.0,0.0,0.01282051282051282,0.03826121322180854,0.0030311066719846303,0.08567046949444995,0.0,0.0,0.0,0.0,0.0,0.0,0.0,3.957374882355392e-06,0.0001091703056768559,9.369952406638543e-06,0.0,0.0,0.0,0.2,0.0,0.0,0.0,0.0,0.0,0.0,0.0,0.0
331698,0.00033570872690095066,0.3529411764705882,0.9998694420185875,0.0,0.0001091703056768559,0.0,0.0,0.0,0.0,0.0,0.0,0.0,0.0,0.0,0.0,0.0,0.07142857166762312,0.999648002440551,0.0,0.1399537753557481,0.9998728725367303,0.9998694421197557,0.9996480024200123,0.0,0.13995377534960354,0.9998728725293126,0.0,0.0,0.0,0.0,0.0,0.0,0.0,0.0,0.0,0.00022400179201433613,0.00017466104840294303,0.03571428571428575,0.0714285714285715,0.0,0.0,0.0,0.0,0.0,0.0,0.0,0.0,0.0,1.0,1.0,0.0,0.0,0.01282051282051282,0.0,0.0,0.0,0.0,0.0,0.0,0.0,0.0,0.0,0.0,0.0,0.0001091703056768559,0.0,0.003692626953125,0.0035247802734375,0.0,0.8,0.0,0.0,0.0,0.0,0.0,0.0,0.0,0.0
805548,0.9352234751957029,0.3529411764705882,0.9998694420512271,0.00020242914979757084,0.0,0.0,0.0,0.0,0.0,0.0,0.0,0.0,0.0,0.0,0.0,0.0,0.013513513767474804,0.9996480025285737,0.0,0.13995377538208192,0.9998728725685206,0.9998694421600112,0.9996480025285737,0.0,0.13995377538208192,0.9998728725685206,0.0,0.0,0.0,0.0,0.0,0.0,0.0,0.0,0.0,0.00028000224001792015,0.0,0.013513513513513523,0.0,0.0,0.0,0.0,0.0,0.0,0.0,0.0,0.0,0.0,1.0,0.0,0.0,0.0,0.0,0.0,0.0,0.0,0.0,0.0,0.0,0.0,0.0,0.0,0.00020242914979757084,0.0,0.0,0.0,0.00396728515625,0.0,0.0,0.5,0.0,0.0,0.0,0.0,0.0,0.0,0.0,0.0
679662,0.000808752842079563,1.0,0.9998694800055556,0.00020242914979757084,0.0002183406113537118,7.216389491353951e-06,9.444912025891652e-06,0.0004810676598386096,0.025326797385620915,0.002763656083280104,0.0,0.04315068493150685,0.09156976744186046,0.043177916625202775,0.0,1.2090793757716113e-05,2.8635501691453076e-05,0.9996480365747966,3.54399664919733e-08,0.13995380047822237,0.9998728725303723,0.9998694732654793,0.9996480864142576,0.0,0.13995380047822237,0.9998729028646801,8.33373550551927e-09,8.98639898628387e-09,0.0,8.370785973693382e-09,8.98639898628387e-09,0.0,0.0,0.0,0.0,0.00011200089600716806,8.733052420147152e-05,1.4317622129325e-05,2.863524425865e-05,0.03934010152284264,0.0009776536312849163,0.017373260282997197,0.001989284128931366,3.9572513456026015e-06,0.0,0.0,0.0,0.0,0.0,0.0,0.0,0.0,0.01282051282051282,0.02170778677610381,0.002763656083280104,0.043177916625202775,0.0,0.0,0.0,0.0,0.0,0.0,0.00020242914979757084,7.216389491353951e-06,0.0002183406113537118,9.444912025891652e-06,0.0,0.0,0.0009699321047526673,0.2,0.0,0.0,0.0,0.0,0.0,0.0,0.0,0.0
393934,0.006759953000778234,0.3529411764705882,0.9999353844914308,0.003036437246963563,0.0016375545851528386,0.0001912343215208797,0.0004349157109065346,0.020515207945375542,0.0,0.009154610775865345,0.020919196142310147,1.0,0.0,0.2650987008036259,0.6157600981769671,2.758786427213925e-07,1.281245971670156e-07,0.9996539302417196,9.55430542822116e-06,0.13996255655672876,0.999872872540969,0.999935384600222,0.9996598580634268,1.1874934946208373e-05,0.1399625668190225,0.9998728728482753,0.505007429150185,0.038896964944261724,0.06050109311436642,0.08383712141393959,2.6060557060223225e-07,0.0,0.0,0.0,0.0,0.0023240185921487373,0.0020959325808353165,6.599595199999999e-08,1.2374241e-07,0.0,0.02265673494723774,0.0922830499478554,0.05412029592196638,0.0029290064306808535,0.0,0.0,0.0,1.0,0.0,0.0,0.0,0.0,0.0,0.09522137136432811,0.009154610775865345,0.2650987008036259,0.0,0.0,0.0,0.0,0.0,0.0,0.003036437246963563,0.0001912343215208797,0.0016375545851528386,0.0004349157109065346,0.1250152587890625,0.001983642578125,0.008729388942774006,0.5,0.0005302193543410354,0.0017967602282736974,0.002603371762516786,0.0001150970387835047,2.9442522116792367e-05,8.781192446979822e-08,1.0210157167775248e-05,0.0007895550265809727
965058,0.000808752842079563,1.0,0.9998694424146137,0.0,0.0001091703056768559,5.936062323533088e-06,5.022294489958259e-06,0.0007914338919925512,0.04166666666666667,0.004546660007976946,0.0,0.04589041095890411,0.09738372093023255,0.045919371649025174,0.0,0.0007143386843152722,0.0013477091519719458,0.9996480035085603,0.0,0.13995377567526524,0.9998728729224526,0.9998694421197557,0.9996480024200123,0.0,0.13995377534960354,0.9998728725293126,0.0,0.0,0.0,0.0,0.0,0.0,0.0,0.0,0.0,5.600044800358403e-05,4.366526210073576e-05,0.00067385444743935,0.0013477088948787,0.06472081218274112,0.0010397268777157045,0.022344604169138423,0.0010484447934352606,1.0992364848891821e-06,0.0,0.0,0.0,0.0,0.0,0.0,0.0,0.0,0.01282051282051282,0.033503342147594005,0.004546660007976946,0.045919371649025174,0.0,0.0,0.0,0.0,0.0,0.0,0.0,5.936062323533088e-06,0.0001091703056768559,5.022294489958259e-06,0.0,0.0,0.0,0.2,0.0,0.0,0.0,0.0,0.0,0.0,0.0,0.0
969794,0.08171455602520868,1.0,0.9998698980156109,0.00020242914979757084,0.0,5.121308671283449e-06,0.0,0.00034140285536933584,0.01797385620915033,0.0019613043171665253,0.0,0.0,0.0,0.0,0.0,2.3577734520741157e-07,1.19321042799282e-06,0.9996492321800304,0.0,0.1399541432577933,0.9998733166695271,0.999869898124395,0.9996492321800304,0.0,0.1399541432577933,0.9998733166695271,0.0,0.0,0.0,0.0,0.0,0.0,0.0,0.0,0.0,0.00011200089600716806,0.0,1.1929529881e-06,0.0,0.027918781725888322,0.00034140285536933584,0.00872629511931366,0.0,0.0,0.0,0.0,0.0,0.0,0.0,0.0,0.0,0.0,0.0,0.013084145454089967,0.0019613043171665253,0.0,0.0,0.0,0.0,0.0,0.0,0.0,0.00020242914979757084,5.121308671283449e-06,0.0,0.0,0.0,0.0,0.0009699321047526673,0.2,0.0,0.0,0.0,0.0,0.0,0.0,0.0,0.0
529661,0.006759953000778234,0.3529411764705882,0.9999980343237251,0.003036437246963563,0.0018558951965065502,0.00012209665445855314,0.00039128921250122556,0.006191806331471136,0.0,0.0058449097406468335,0.006946792664273751,0.9794520547945206,0.0,0.21044698859341723,0.5517035104931263,1.1912472758046041e-07,7.005842133196415e-08,0.9996588395962759,3.391902133994292e-05,0.1400055087915493,0.9998728725303723,0.9999980344325232,0.9996711217293747,4.8554982033719497e-05,0.1400055087915493,0.99987287257064,0.9836911879639125,0.06629561173738374,0.2371809679254715,0.49464415767898867,8.98639898628387e-09,0.0,0.0,0.0,0.0,0.0023240185921487373,0.0019212715324323734,3.384289995e-08,7.191616239999999e-08,0.0,0.02219118559900683,0.07313521938901647,0.044363063979743565,0.0019680814456708466,0.0,0.0,0.0,1.0,0.0,0.0,0.0,0.0,0.01282051282051282,0.07532094384911966,0.0058449097406468335,0.21044698859341723,0.0,0.0,0.0,0.0,0.0,0.0,0.003036437246963563,0.00012209665445855314,0.0018558951965065502,0.00039128921250122556,0.1250152587890625,0.0027618408203125,0.007759456838021339,0.5,0.004369988843172147,0.007079350098574598,0.007199589395709042,0.0015403882906352521,0.00017256184290594814,2.0901965225299354e-06,6.015193191131488e-05,0.004619267079266841
33530,0.0003204492393145438,0.3529411764705882,0.9998694420120596,0.0,0.0001091703056768559,0.0,0.0,0.0,0.0,0.0,0.0,0.0,0.0,0.0,0.0,0.0,0.5000000001287201,0.9996480024229464,0.0,0.13995377535048134,0.9998728725303723,0.9998694421197557,0.9996480024200123,0.0,0.13995377534960354,0.9998728725293126,0.0,0.0,0.0,0.0,0.0,0.0,0.0,0.0,0.0,0.00028000224001792015,0.00010916315525183939,0.25,0.5,0.0,0.0,0.0,0.0,0.0,0.0,0.0,0.0,1.0,0.0,0.0,0.0,0.0,0.01282051282051282,0.0,0.0,0.0,0.0,0.0,0.0,0.0,0.0,0.0,0.0,0.0,0.0001091703056768559,0.0,0.41021728515625,1.52587890625e-05,0.0,1.0,0.0,0.0,0.0,0.0,0.0,0.0,0.0,0.0
836998,0.006790471975951048,0.3529411764705882,0.9998696791708542,0.00040485829959514163,0.0001091703056768559,0.0,0.0,0.0,0.0,0.0,0.0,0.0,0.0,0.0,0.0,0.0,4.587813235168914e-06,0.9996482156120988,2.962818919337065e-07,0.1399539666034362,0.9998728725303723,0.9998696792796383,0.999648322208142,3.6311874302010235e-07,0.13995396669121565,0.9998728725303723,0.0,0.0,0.0,0.0,0.0,0.0,0.0,0.0,0.0,0.0005040040320322563,0.00017466104840294303,3.4406668471e-06,2.29377789805e-06,0.0,0.0,0.0,0.0,0.0,0.0,0.0,0.0,1.0,0.0,0.0,0.0,0.0,0.0,0.0,0.0,0.0,0.0,0.0,0.0,0.0,0.0,0.0,0.00040485829959514163,0.0,0.0001091703056768559,0.0,0.1250152587890625,0.1250152587890625,0.0,0.5,0.0,0.0,0.0,0.0,0.0,0.0,0.0,0.0
867646,0.0012207590069125479,0.3529411764705882,0.9998694421012743,0.00020242914979757084,0.0,0.0,0.0,0.0,0.0,0.0,0.0,0.0,0.0,0.0,0.0,0.0,0.006024096641431532,0.9996480026635419,0.0,0.13995377542246049,0.9998728726172658,0.9998694422100584,0.9996480026635419,0.0,0.13995377542246049,0.9998728726172658,0.0,0.0,0.0,0.0,0.0,0.0,0.0,0.0,0.0,0.00028000224001792015,0.0,0.006024096385542175,0.0,0.0,0.0,0.0,0.0,0.0,0.0,0.0,0.0,0.0,1.0,0.0,0.0,0.0,0.0,0.0,0.0,0.0,0.0,0.0,0.0,0.0,0.0,0.0,0.00020242914979757084,0.0,0.0,0.0,0.0042572021484375,0.0,0.0,0.5,0.0,0.0,0.0,0.0,0.0,0.0,0.0,0.0
58348,0.0003204492393145438,0.3529411764705882,0.9998694420131475,0.0,0.0001091703056768559,0.0,0.0,0.0,0.0,0.0,0.0,0.0,0.0,0.0,0.0,0.0,0.25000000019308016,0.9996480024258805,0.0,0.13995377535135914,0.9998728725314319,0.9998694421197557,0.9996480024200123,0.0,0.13995377534960354,0.9998728725293126,0.0,0.0,0.0,0.0,0.0,0.0,0.0,0.0,0.0,0.00028000224001792015,0.00010916315525183939,0.125,0.25,0.0,0.0,0.0,0.0,0.0,0.0,0.0,0.0,1.0,0.0,0.0,0.0,0.0,0.01282051282051282,0.0,0.0,0.0,0.0,0.0,0.0,0.0,0.0,0.0,0.0,0.0,0.0001091703056768559,0.0,0.41021728515625,1.52587890625e-05,0.0,1.0,0.0,0.0,0.0,0.0,0.0,0.0,0.0,0.0
337019,0.00033570872690095066,0.3529411764705882,0.9998694420185875,0.0,0.0001091703056768559,0.0,0.0,0.0,0.0,0.0,0.0,0.0,0.0,0.0,0.0,0.0,0.07142857166762312,0.999648002440551,0.0,0.1399537753557481,0.9998728725367303,0.9998694421197557,0.9996480024200123,0.0,0.13995377534960354,0.9998728725293126,0.0,0.0,0.0,0.0,0.0,0.0,0.0,0.0,0.0,0.00022400179201433613,0.00017466104840294303,0.03571428571428575,0.0714285714285715,0.0,0.0,0.0,0.0,0.0,0.0,0.0,0.0,0.0,1.0,1.0,0.0,0.0,0.01282051282051282,0.0,0.0,0.0,0.0,0.0,0.0,0.0,0.0,0.0,0.0,0.0,0.0001091703056768559,0.0,0.003692626953125,0.0035247802734375,0.0,0.8,0.0,0.0,0.0,0.0,0.0,0.0,0.0,0.0
650995,0.006759953000778234,0.3529411764705882,0.9998694423166952,0.00040485829959514163,0.0,8.962290174746036e-06,0.0,0.0007138423339540658,0.0,0.0022881883700305848,0.0014884478239162674,0.0,0.0,0.0,0.0,0.0006154325711693813,0.002669039402660557,0.9996480028322522,3.9147305295328654e-10,0.1399537755760745,0.9998728725536852,0.9998694424254793,0.9996480028322522,3.9147305295328654e-10,0.1399537755760745,0.9998728725536852,0.0,0.0,0.0,0.0,0.0,1.0,0.0,0.0,0.0,0.0004200033600268802,0.0,0.0026690391459074747,0.0,0.0,0.0007138423339540658,0.012196980678131594,0.002461221012286285,6.0576088713203884e-06,0.0,1.0,0.0,0.0,1.0,0.0,0.0,0.0,0.0,0.016256059503566324,0.0022881883700305848,0.0,0.0,0.0,0.0,0.0,0.0,0.0,0.00040485829959514163,8.962290174746036e-06,0.0,0.0,0.0038909912109375,0.0,0.0009699321047526673,0.5,0.0,0.0,0.0,0.0,0.0,0.0,0.0,0.0
78860,0.0003204492393145438,0.3529411764705882,0.9998694420131475,0.0,0.0001091703056768559,0.0,0.0,0.0,0.0,0.0,0.0,0.0,0.0,0.0,0.0,0.0,0.25000000019308016,0.9996480024258805,0.0,0.13995377535135914,0.9998728725314319,0.9998694421197557,0.9996480024200123,0.0,0.13995377534960354,0.9998728725293126,0.0,0.0,0.0,0.0,0.0,0.0,0.0,0.0,0.0,0.00028000224001792015,0.00010916315525183939,0.125,0.25,0.0,0.0,0.0,0.0,0.0,0.0,0.0,0.0,1.0,0.0,0.0,0.0,0.0,0.01282051282051282,0.0,0.0,0.0,0.0,0.0,0.0,0.0,0.0,0.0,0.0,0.0,0.0001091703056768559,0.0,0.41021728515625,1.52587890625e-05,0.0,1.0,0.0,0.0,0.0,0.0,0.0,0.0,0.0,0.0
361369,0.0003204492393145438,0.3529411764705882,0.9998694420120596,0.0,0.0001091703056768559,0.0,0.0,0.0,0.0,0.0,0.0,0.0,0.0,0.0,0.0,0.0,0.5000000001287201,0.9996480024229464,0.0,0.13995377535048134,0.9998728725303723,0.9998694421197557,0.9996480024200123,0.0,0.13995377534960354,0.9998728725293126,0.0,0.0,0.0,0.0,0.0,0.0,0.0,0.0,0.0,0.00028000224001792015,0.00010916315525183939,0.25,0.5,0.0,0.0,0.0,0.0,0.0,0.0,0.0,0.0,1.0,0.0,0.0,0.0,0.0,0.01282051282051282,0.0,0.0,0.0,0.0,0.0,0.0,0.0,0.0,0.0,0.0,0.0,0.0001091703056768559,0.0,0.41021728515625,1.52587890625e-05,0.0,1.0,0.0,0.0,0.0,0.0,0.0,0.0,0.0,0.0
799247,0.8291395174950025,0.3529411764705882,0.999869442049051,0.00020242914979757084,0.0,0.0,0.0,0.0,0.0,0.0,0.0,0.0,0.0,0.0,0.0,0.0,0.01428571453947676,0.9996480025227055,0.0,0.13995377538032636,0.9998728725664012,0.9998694421578351,0.9996480025227055,0.0,0.13995377538032636,0.9998728725664012,0.0,0.0,0.0,0.0,0.0,0.0,0.0,0.0,0.0,0.00028000224001792015,0.0,0.014285714285714275,0.0,0.0,0.0,0.0,0.0,0.0,0.0,0.0,0.0,0.0,1.0,0.0,0.0,0.0,0.0,0.0,0.0,0.0,0.0,0.0,0.0,0.0,0.0,0.0,0.00020242914979757084,0.0,0.0,0.0,0.0039825439453125,0.0,0.0,0.5,0.0,0.0,0.0,0.0,0.0,0.0,0.0,0.0
531057,0.0012207590069125479,0.3529411764705882,0.9998849632631126,0.00040485829959514163,0.0002183406113537118,2.327867577856113e-07,0.0,1.5518311607697083e-05,0.0,5.9433464159533046e-05,3.663195346828295e-05,0.0,0.0,0.0,0.0,3.148631961819202e-10,8.78779639523767e-08,0.9996584669052794,1.1043168523733826e-05,0.13996256563312234,0.9998729731530417,0.9998849633718984,0.9996689313905466,9.915039579126396e-06,0.1399626489858403,0.9998772776576609,0.08424673227355496,0.090844585720222,0.0,0.08462127990238325,0.090844585720222,0.0,0.0,0.0,0.0,0.0004200033600268802,0.00034932209680588606,5.2572314274999996e-08,7.009641904999999e-08,0.0,1.5518311607697083e-05,0.00019832488907531046,6.216512902839584e-05,3.8645032671900405e-09,0.0,0.0,0.0,0.0,1.0,0.0,0.0,0.0,0.0,0.00023789355371072666,5.9433464159533046e-05,0.0,0.0,0.0,0.0,0.0,0.0,0.0,0.00040485829959514163,2.327867577856113e-07,0.0002183406113537118,0.0,0.0039520263671875,0.0027008056640625,0.0009699321047526673,0.5,0.0009378127262540978,0.0,0.0009378127262540978,0.0009378127262540978,2.9500806542931084e-05,0.0,1.0220710546540504e-05,0.0007945773228596366
801485,0.0012207590069125479,0.3529411764705882,0.9998756860610588,0.0006072874493927125,0.0004366812227074236,1.1290157752602148e-05,1.7390631666721135e-05,0.0015052762259466172,0.0,0.00216189225869492,0.00307724762244161,0.1589041095890411,0.0,0.03975109784542478,0.12279099793060165,1.287502786695115e-07,3.4874413663521924e-07,0.9996504079980288,4.986074625087221e-06,0.1399587072187174,0.99987287257064,0.9998695733534971,0.9996481203910403,1.6347160660092397e-07,0.13995388097547531,0.9998728726416383,0.04782693304807734,0.017190846464776248,0.03921919589918348,0.04803552092803221,1.7613342013116385e-06,0.0,0.0,0.0,0.0,0.0006440051520412163,0.0005021505141584612,1.7424334825e-07,3.484866965e-07,0.0,0.0036002482929857233,0.014499753001301439,0.009080349962925583,8.245275544926571e-05,0.0,0.0,0.0,1.0,0.0,0.0,0.0,0.0,0.01282051282051282,0.016305620660589392,0.00216189225869492,0.03975109784542478,0.0,0.0,0.0,0.0,0.0,0.0,0.0006072874493927125,1.1290157752602148e-05,0.0004366812227074236,1.7390631666721135e-05,0.1250152587890625,0.002166748046875,0.0009699321047526673,0.5,0.0,0.0,0.0,0.0,0.0,0.0,0.0,0.0
554696,0.000808752842079563,1.0,0.9998694424722769,0.0,0.0001091703056768559,4.655735155712226e-06,4.197738678174067e-06,0.0006207324643078833,0.032679738562091505,0.0035660078493936825,0.0,0.038356164383561646,0.08139534883720931,0.038380370333513575,0.0,0.0005085122837498551,0.00117924554015549,0.9996480036640671,0.0,0.13995377572178835,0.9998728729786155,0.9998694421197557,0.9996480024200123,0.0,0.13995377534960354,0.9998728725293126,0.0,0.0,0.0,0.0,0.0,0.0,0.0,0.0,0.0,5.600044800358403e-05,4.366526210073576e-05,0.0005896226415094249,0.0011792452830188499,0.050761421319796954,0.0008690254500310367,0.017981456609481593,0.0010484447934352606,1.0992364848891821e-06,0.0,0.0,0.0,0.0,0.0,0.0,0.0,0.0,0.01282051282051282,0.026961269420549026,0.0035660078493936825,0.038380370333513575,0.0,0.0,0.0,0.0,0.0,0.0,0.0,4.655735155712226e-06,0.0001091703056768559,4.197738678174067e-06,0.0,0.0,0.0,0.2,0.0,0.0,0.0,0.0,0.0,0.0,0.0,0.0
117505,0.0003204492393145438,0.3529411764705882,0.9998694420131475,0.0,0.0001091703056768559,0.0,0.0,0.0,0.0,0.0,0.0,0.0,0.0,0.0,0.0,0.0,0.25000000019308016,0.9996480024258805,0.0,0.13995377535135914,0.9998728725314319,0.9998694421197557,0.9996480024200123,0.0,0.13995377534960354,0.9998728725293126,0.0,0.0,0.0,0.0,0.0,0.0,0.0,0.0,0.0,0.00028000224001792015,0.00010916315525183939,0.125,0.25,0.0,0.0,0.0,0.0,0.0,0.0,0.0,0.0,1.0,0.0,0.0,0.0,0.0,0.01282051282051282,0.0,0.0,0.0,0.0,0.0,0.0,0.0,0.0,0.0,0.0,0.0,0.0001091703056768559,0.0,0.41021728515625,1.52587890625e-05,0.0,1.0,0.0,0.0,0.0,0.0,0.0,0.0,0.0,0.0
77655,0.0003204492393145438,0.3529411764705882,0.9998694420131475,0.0,0.0001091703056768559,0.0,0.0,0.0,0.0,0.0,0.0,0.0,0.0,0.0,0.0,0.0,0.25000000019308016,0.9996480024258805,0.0,0.13995377535135914,0.9998728725314319,0.9998694421197557,0.9996480024200123,0.0,0.13995377534960354,0.9998728725293126,0.0,0.0,0.0,0.0,0.0,0.0,0.0,0.0,0.0,0.00028000224001792015,0.00010916315525183939,0.125,0.25,0.0,0.0,0.0,0.0,0.0,0.0,0.0,0.0,1.0,0.0,0.0,0.0,0.0,0.01282051282051282,0.0,0.0,0.0,0.0,0.0,0.0,0.0,0.0,0.0,0.0,0.0,0.0001091703056768559,0.0,0.41021728515625,1.52587890625e-05,0.0,1.0,0.0,0.0,0.0,0.0,0.0,0.0,0.0,0.0
926392,0.006790471975951048,0.3529411764705882,0.9998696108410948,0.00040485829959514163,0.0001091703056768559,0.0,0.0,0.0,0.0,0.0,0.0,0.0,0.0,0.0,0.0,0.0,6.444511419490925e-06,0.9996481541878655,2.045008962218094e-07,0.13995390872518804,0.999872872609848,0.999869610949879,0.9996482300717922,2.4798235353956866e-07,0.13995390879190042,0.9998728758747122,0.0,0.0,0.0,0.0,0.0,0.0,0.0,0.0,0.0,0.0005040040320322563,0.00017466104840294303,4.8331904857e-06,3.22212699045e-06,0.0,0.0,0.0,0.0,0.0,0.0,0.0,0.0,1.0,0.0,0.0,0.0,0.0,0.0,0.0,0.0,0.0,0.0,0.0,0.0,0.0,0.0,0.0,0.00040485829959514163,0.0,0.0001091703056768559,0.0,0.1250152587890625,0.1250152587890625,0.0,0.5,0.0,0.0,0.0,0.0,0.0,0.0,0.0,0.0
139475,0.0003204492393145438,0.3529411764705882,0.9998694420120596,0.0,0.0001091703056768559,0.0,0.0,0.0,0.0,0.0,0.0,0.0,0.0,0.0,0.0,0.0,0.5000000001287201,0.9996480024229464,0.0,0.13995377535048134,0.9998728725303723,0.9998694421197557,0.9996480024200123,0.0,0.13995377534960354,0.9998728725293126,0.0,0.0,0.0,0.0,0.0,0.0,0.0,0.0,0.0,0.00028000224001792015,0.00010916315525183939,0.25,0.5,0.0,0.0,0.0,0.0,0.0,0.0,0.0,0.0,1.0,0.0,0.0,0.0,0.0,0.01282051282051282,0.0,0.0,0.0,0.0,0.0,0.0,0.0,0.0,0.0,0.0,0.0,0.0001091703056768559,0.0,0.41021728515625,1.52587890625e-05,0.0,1.0,0.0,0.0,0.0,0.0,0.0,0.0,0.0,0.0
506898,0.006759953000778234,0.3529411764705882,0.9998694427159853,0.00040485829959514163,0.0,8.962290174746036e-06,0.0,0.0007138423339540658,0.0,0.0022881883700305848,0.0014884478239162674,0.0,0.0,0.0,0.0,0.0002668773958311668,0.001157407664549637,0.9996480033706581,1.0194957804573844e-09,0.13995377590261399,0.9998728725483867,0.9998694428247694,0.9996480033706581,1.0194957804573844e-09,0.13995377590261399,0.9998728725483867,0.0,0.0,0.0,0.0,0.0,1.0,0.0,0.0,0.0,0.0004200033600268802,0.0,0.0011574074074073998,0.0,0.0,0.0007138423339540658,0.012196980678131594,0.002461221012286285,6.0576088713203884e-06,0.0,1.0,0.0,0.0,1.0,0.0,0.0,0.0,0.0,0.016256059503566324,0.0022881883700305848,0.0,0.0,0.0,0.0,0.0,0.0,0.0,0.00040485829959514163,8.962290174746036e-06,0.0,0.0,0.00390625,0.0,0.0009699321047526673,0.5,0.0,0.0,0.0,0.0,0.0,0.0,0.0,0.0
814762,0.002105809286924145,1.0,0.9999347468804699,0.0008097165991902834,0.0,0.00011697534578726968,0.0,0.0033519553072625698,0.1519607843137255,0.017919189443203257,0.0009517260687963742,0.0,0.0,0.0,0.0,3.7604442434587306e-08,2.1082537194572513e-08,0.9996920312031625,4.107304811634997e-05,0.1399822496815801,0.9998728725981916,0.9999347469892611,0.9996920312031625,4.107304811634997e-05,0.1399822496815801,0.9998728725981916,0.0,0.0,0.0,0.0,0.0,0.0,0.0,0.0,0.0,0.00028000224001792015,0.0,2.0825097e-08,0.0,0.23604060913705582,0.0033519553072625698,0.07873498096289826,0.0016738473253946288,2.8017648687127795e-06,0.0,0.0,0.0,0.0,0.0,0.0,0.0,0.0,0.0,0.09444374082315848,0.017919189443203257,0.0,0.0,0.0,0.0,0.0,0.0,0.0,0.0008097165991902834,0.00011697534578726968,0.0,0.0,0.0,0.0,0.0038797284190106693,0.2,0.0001093095954398344,0.0,0.0001093095954398344,0.0001093095954398344,8.839682832815186e-05,1.413915281528114e-05,3.310790880819285e-05,0.0021879046258827264
427870,0.000808752842079563,1.0,0.9998694424113498,0.0,0.0001091703056768559,8.496716659174812e-06,1.5066883469874778e-05,0.0011328367473618871,0.059640522875817,0.006507964325143471,0.0,0.13767123287671232,0.2921511627906977,0.13775811494707552,0.0,0.0016722408026755844,0.0013586959092643425,0.999648003499758,0.0,0.13995377567263187,0.9998728729192736,0.9998694421197557,0.9996480024200123,0.0,0.13995377534960354,0.9998728725293126,0.0,0.0,0.0,0.0,0.0,0.0,0.0,0.0,0.0,5.600044800358403e-05,4.366526210073576e-05,0.00067934782608695,0.0013586956521739,0.09263959390862943,0.0031191806331471138,0.04587915767276837,0.008387558347516134,7.035113503293471e-05,0.0,0.0,0.0,0.0,0.0,0.0,0.0,0.0,0.01282051282051282,0.06879088594801847,0.006507964325143471,0.13775811494707552,0.0,0.0,0.0,0.0,0.0,0.0,0.0,8.496716659174812e-06,0.0001091703056768559,1.5066883469874778e-05,0.0,0.0,0.0,0.2,0.0,0.0,0.0,0.0,0.0,0.0,0.0,0.0
912801,0.000808752842079563,1.0,0.9998694645833797,0.0,0.0001091703056768559,5.35409542906906e-06,4.647496393692718e-06,0.0007138423339540658,0.03758169934640523,0.004100909026802735,0.0,0.04246575342465753,0.09011627906976744,0.04249255286924718,0.0,1.1691346187337002e-05,2.410012729469566e-05,0.9996480632936143,0.0,0.13995379356120288,0.999872894514427,0.9998694421197557,0.9996480024200123,0.0,0.13995377534960354,0.9998728725293126,0.0,0.0,0.0,0.0,0.0,0.0,0.0,0.0,0.0,5.600044800358403e-05,4.366526210073576e-05,1.2049934930349999e-05,2.4099869860699998e-05,0.05837563451776649,0.0009621353196772192,0.02036135527838532,0.0010484447934352606,1.0992364848891821e-06,0.0,0.0,0.0,0.0,0.0,0.0,0.0,0.0,0.01282051282051282,0.030529672726209926,0.004100909026802735,0.04249255286924718,0.0,0.0,0.0,0.0,0.0,0.0,0.0,5.35409542906906e-06,0.0001091703056768559,4.647496393692718e-06,0.0,0.0,0.0,0.2,0.0,0.0,0.0,0.0,0.0,0.0,0.0,0.0
327338,0.00033570872690095066,0.3529411764705882,0.9998694420153236,0.0,0.0001091703056768559,0.0,0.0,0.0,0.0,0.0,0.0,0.0,0.0,0.0,0.0,0.0,0.1250000002252602,0.9996480024317487,0.0,0.1399537753531147,0.9998728725335513,0.9998694421197557,0.9996480024200123,0.0,0.13995377534960354,0.9998728725293126,0.0,0.0,0.0,0.0,0.0,0.0,0.0,0.0,0.0,0.00022400179201433613,0.00017466104840294303,0.0625,0.125,0.0,0.0,0.0,0.0,0.0,0.0,0.0,0.0,0.0,1.0,1.0,0.0,0.0,0.01282051282051282,0.0,0.0,0.0,0.0,0.0,0.0,0.0,0.0,0.0,0.0,0.0,0.0001091703056768559,0.0,0.003692626953125,0.0035247802734375,0.0,0.8,0.0,0.0,0.0,0.0,0.0,0.0,0.0,0.0
445751,0.0012207590069125479,0.3529411764705882,0.9998758085441434,0.0006072874493927125,0.0004366812227074236,1.1290157752602148e-05,1.7390631666721135e-05,0.0015052762259466172,0.0,0.00216189225869492,0.00307724762244161,0.1589041095890411,0.0,0.03975109784542478,0.12279099793060165,1.262733055905671e-07,3.420397459619453e-07,0.9996504551857694,5.146255608387102e-06,0.13995885738650776,0.999872872576998,0.9998695097107737,0.9996480631801629,8.377753610966816e-08,0.13995382957183825,0.9998728726448173,0.04876466996836489,0.017527905322487485,0.03998796173122494,0.04897718412535688,1.8871437871196127e-06,0.0,0.0,0.0,0.0,0.0006440051520412163,0.0005021505141584612,1.7089115292500001e-07,3.4178230585000003e-07,0.0,0.0036002482929857233,0.014499753001301439,0.009080349962925583,8.245275544926571e-05,0.0,0.0,0.0,1.0,0.0,0.0,0.0,0.0,0.01282051282051282,0.016305620660589392,0.00216189225869492,0.03975109784542478,0.0,0.0,0.0,0.0,0.0,0.0,0.0006072874493927125,1.1290157752602148e-05,0.0004366812227074236,1.7390631666721135e-05,0.1250152587890625,0.002166748046875,0.0009699321047526673,0.5,0.0,0.0,0.0,0.0,0.0,0.0,0.0,0.0
206669,0.00033570872690095066,0.3529411764705882,0.9998698657525276,0.004655870445344129,0.002183406113537118,0.0002244064345053293,0.00019976738530953374,0.009931719428926133,0.0,0.007161732430862675,0.008499464429141854,0.6684931506849315,0.0,0.09132472048108364,0.284505952267003,2.6485858003560247e-05,2.8243477776253995e-05,0.9996480289956509,4.9545361440164917e-08,0.1399538798422428,0.9998728725335513,0.999869864949581,0.9996480519979989,6.359751464356177e-08,0.1399538798422428,0.9998728727677398,0.00324573996733459,0.00018420699016778852,0.0004717873376666909,0.0013338763741220668,1.168231868216903e-07,0.0,0.0,0.0,0.0,0.005432043456347651,0.003536886230159596,1.540539291455e-05,2.56756548576e-05,0.0,0.015145872129112354,0.04048472068991993,0.023124086011395182,0.000534723353862232,0.0,0.0,0.0,1.0,0.0,0.0,0.0,0.0,0.0,0.04138807167400562,0.007161732430862675,0.09132472048108364,0.0,0.0,0.0,0.0,0.0,0.0,0.004655870445344129,0.0002244064345053293,0.002183406113537118,0.00019976738530953374,0.41021728515625,0.0035247802734375,0.015518913676042677,0.8,0.0,0.0,0.0,0.0,0.0,0.0,0.0,0.0
813673,0.000808752842079563,1.0,0.9998694430499965,0.0,0.0001091703056768559,3.2590146089985584e-06,8.095638879335702e-06,0.00043451272501551834,0.022875816993464054,0.002496205494575578,0.0,0.07397260273972603,0.1569767441860465,0.07401928564320476,0.0,0.000319839139726785,0.0005235604667294895,0.99964800522207,0.0,0.13995377618789714,0.9998728735413039,0.9998694421197557,0.9996480024200123,0.0,0.13995377534960354,0.9998728725293126,0.0,0.0,0.0,0.0,0.0,0.0,0.0,0.0,0.0,5.600044800358403e-05,4.366526210073576e-05,0.00026178010471205,0.0005235602094241,0.035532994923857864,0.0016759776536312849,0.0216835212055805,0.005242223967199002,2.7480912122239857e-05,0.0,0.0,0.0,0.0,0.0,0.0,0.0,0.0,0.01282051282051282,0.03251211900713265,0.002496205494575578,0.07401928564320476,0.0,0.0,0.0,0.0,0.0,0.0,0.0,3.2590146089985584e-06,0.0001091703056768559,8.095638879335702e-06,0.0,0.0,0.0,0.2,0.0,0.0,0.0,0.0,0.0,0.0,0.0,0.0
200143,0.00033570872690095066,0.3529411764705882,0.9998694420174995,0.0,0.0001091703056768559,0.0,0.0,0.0,0.0,0.0,0.0,0.0,0.0,0.0,0.0,0.0,0.08333333356932011,0.9996480024376169,0.0,0.1399537753548703,0.9998728725356706,0.9998694421197557,0.9996480024200123,0.0,0.13995377534960354,0.9998728725293126,0.0,0.0,0.0,0.0,0.0,0.0,0.0,0.0,0.0,0.00022400179201433613,0.00017466104840294303,0.04166666666666675,0.0833333333333335,0.0,0.0,0.0,0.0,0.0,0.0,0.0,0.0,0.0,1.0,1.0,0.0,0.0,0.01282051282051282,0.0,0.0,0.0,0.0,0.0,0.0,0.0,0.0,0.0,0.0,0.0,0.0001091703056768559,0.0,0.003692626953125,0.0035247802734375,0.0,0.8,0.0,0.0,0.0,0.0,0.0,0.0,0.0,0.0
47194,0.0003204492393145438,0.3529411764705882,0.9998694420131475,0.0,0.0001091703056768559,0.0,0.0,0.0,0.0,0.0,0.0,0.0,0.0,0.0,0.0,0.0,0.25000000019308016,0.9996480024258805,0.0,0.13995377535135914,0.9998728725314319,0.9998694421197557,0.9996480024200123,0.0,0.13995377534960354,0.9998728725293126,0.0,0.0,0.0,0.0,0.0,0.0,0.0,0.0,0.0,0.00028000224001792015,0.00010916315525183939,0.125,0.25,0.0,0.0,0.0,0.0,0.0,0.0,0.0,0.0,1.0,0.0,0.0,0.0,0.0,0.01282051282051282,0.0,0.0,0.0,0.0,0.0,0.0,0.0,0.0,0.0,0.0,0.0,0.0001091703056768559,0.0,0.41021728515625,1.52587890625e-05,0.0,1.0,0.0,0.0,0.0,0.0,0.0,0.0,0.0,0.0
97248,0.0003204492393145438,0.3529411764705882,0.9998694420120596,0.0,0.0001091703056768559,0.0,0.0,0.0,0.0,0.0,0.0,0.0,0.0,0.0,0.0,0.0,0.5000000001287201,0.9996480024229464,0.0,0.13995377535048134,0.9998728725303723,0.9998694421197557,0.9996480024200123,0.0,0.13995377534960354,0.9998728725293126,0.0,0.0,0.0,0.0,0.0,0.0,0.0,0.0,0.0,0.00028000224001792015,0.00010916315525183939,0.25,0.5,0.0,0.0,0.0,0.0,0.0,0.0,0.0,0.0,1.0,0.0,0.0,0.0,0.0,0.01282051282051282,0.0,0.0,0.0,0.0,0.0,0.0,0.0,0.0,0.0,0.0,0.0,0.0001091703056768559,0.0,0.41021728515625,1.52587890625e-05,0.0,1.0,0.0,0.0,0.0,0.0,0.0,0.0,0.0,0.0
35422,0.0003204492393145438,0.3529411764705882,0.9998694420327313,0.0,0.0001091703056768559,0.0,0.0,0.0,0.0,0.0,0.0,0.0,0.0,0.0,0.0,0.0,0.0250000002510042,0.9996480024786941,0.0,0.13995377536715942,0.999872872550506,0.9998694421197557,0.9996480024200123,0.0,0.13995377534960354,0.9998728725293126,0.0,0.0,0.0,0.0,0.0,0.0,0.0,0.0,0.0,0.00028000224001792015,0.00010916315525183939,0.012499999999999999,0.024999999999999998,0.0,0.0,0.0,0.0,0.0,0.0,0.0,0.0,1.0,0.0,0.0,0.0,0.0,0.01282051282051282,0.0,0.0,0.0,0.0,0.0,0.0,0.0,0.0,0.0,0.0,0.0,0.0001091703056768559,0.0,0.41021728515625,1.52587890625e-05,0.0,1.0,0.0,0.0,0.0,0.0,0.0,0.0,0.0,0.0
239205,0.00033570872690095066,0.3529411764705882,0.9998694420185875,0.0,0.0001091703056768559,0.0,0.0,0.0,0.0,0.0,0.0,0.0,0.0,0.0,0.0,0.0,0.07142857166762312,0.999648002440551,0.0,0.1399537753557481,0.9998728725367303,0.9998694421197557,0.9996480024200123,0.0,0.13995377534960354,0.9998728725293126,0.0,0.0,0.0,0.0,0.0,0.0,0.0,0.0,0.0,0.00022400179201433613,0.00017466104840294303,0.03571428571428575,0.0714285714285715,0.0,0.0,0.0,0.0,0.0,0.0,0.0,0.0,0.0,1.0,1.0,0.0,0.0,0.01282051282051282,0.0,0.0,0.0,0.0,0.0,0.0,0.0,0.0,0.0,0.0,0.0,0.0001091703056768559,0.0,0.003692626953125,0.0035247802734375,0.0,0.8,0.0,0.0,0.0,0.0,0.0,0.0,0.0,0.0
745791,0.815955320220347,0.3529411764705882,0.999869442052315,0.0,0.0001091703056768559,0.0,0.0,0.0,0.0,0.0,0.0,0.0,0.0,0.0,0.0,0.0,0.01315789499089493,0.9996480025315078,0.0,0.13995377538295972,0.9998728725695802,0.9998694421197557,0.9996480024200123,0.0,0.13995377534960354,0.9998728725293126,0.0,0.0,0.0,0.0,0.0,0.0,0.0,0.0,0.0,0.00014000112000896008,0.00010916315525183939,0.00657894736842105,0.0131578947368421,0.0,0.0,0.0,0.0,0.0,0.0,0.0,0.0,0.0,1.0,1.0,0.0,0.0,0.01282051282051282,0.0,0.0,0.0,0.0,0.0,0.0,0.0,0.0,0.0,0.0,0.0,0.0001091703056768559,0.0,0.0144500732421875,0.0038909912109375,0.0,0.5,0.0,0.0,0.0,0.0,0.0,0.0,0.0,0.0
1033006,0.006759953000778234,0.3529411764705882,0.9999960777560539,0.004048582995951417,0.0018558951965065502,0.00020299005278905306,8.08064695548508e-05,0.008814400993171944,0.0,0.007403711534929947,0.012441445499758407,0.32054794520547947,0.0,0.04346012523060835,0.1638892809874358,5.445269229354295e-08,8.18761793039218e-08,0.9996572325048761,1.0865391980588931e-05,0.13996255468614902,0.999872872547327,0.9999960778648519,0.9996650780770104,1.1569402611562769e-05,0.13996257058914924,0.999872872547327,0.9216905292487907,0.062117093470744,0.05632180725761436,0.08386513006380758,3.378886018842735e-06,0.0,0.0,0.0,0.0,0.0030240241921935377,0.0026417483570945134,4.5105092674999995e-08,7.302729289999999e-08,0.0,0.008814400993171944,0.02870117112670382,0.019843164522785218,0.00039375117827827107,0.0,0.0,0.0,1.0,0.0,0.0,0.0,0.0,0.0,0.029444544235584985,0.007403711534929947,0.04346012523060835,0.0,0.0,0.0,0.0,0.0,0.0,0.004048582995951417,0.00020299005278905306,0.0018558951965065502,8.08064695548508e-05,0.1250152587890625,0.015533447265625,0.015518913676042677,0.5,0.000570523234884675,0.0024435129053994456,0.004956431662328241,0.00016882347528447136,2.840415978897256e-05,5.000104987044908e-06,1.0207982191938811e-05,0.00045862381972546217
801757,0.0012207590069125479,0.3529411764705882,0.9999950636612186,0.003036437246963563,0.0015283842794759825,5.1562266849512903e-05,5.292149119269449e-05,0.0067039106145251395,0.0,0.0024683460582521897,0.00684085302826027,0.48356164383561645,0.0,0.034561915121780536,0.19973272301239695,2.2349828363840537e-08,6.521345245821146e-08,0.9996596844308432,1.1422421534822375e-05,0.13996256532326093,0.9998728725642819,0.9999950637700163,0.999670587640952,9.936917283707676e-06,0.13996264904991929,0.9998728726903834,0.9282492457615183,0.07699583564810011,0.04451396879694285,0.08462382462131925,0.0008579225248215348,0.0,0.0,0.0,0.0,0.0023240185921487373,0.0023142588913389953,3.464320655e-08,6.062561145e-08,0.0,0.010955927995034141,0.014701632099827961,0.016609505372504614,0.00027587566871908306,0.0,0.0,0.0,1.0,0.0,0.0,0.0,0.0,0.0,0.015185538511868052,0.0024683460582521897,0.034561915121780536,0.0,0.0,0.0,0.0,0.0,0.0,0.003036437246963563,5.1562266849512903e-05,0.0015283842794759825,5.292149119269449e-05,0.1250152587890625,0.0026397705078125,0.011639185257032008,0.5,0.0011557459713201468,0.001249660022658605,0.003285559239514538,0.0009419607231898342,2.9485411332208156e-05,6.468155346938319e-08,1.0220350261946292e-05,0.0007903983972070141
693995,0.006759953000778234,0.3529411764705882,0.9999794063773259,0.0014170040485829958,0.0006550218340611354,0.0001423491023859013,0.0002981144057696119,0.012988826815642458,0.0,0.01362883624940148,0.01839445544608655,1.0,0.0,0.45428194290588036,0.7092047237953497,1.155500201331836e-07,3.4886336841018855e-08,0.9996708142292889,6.58105255487872e-05,0.14004221092081504,0.9998728725303723,0.9999794064861219,0.999690367208669,8.966056270242311e-05,0.14004221092081504,0.9998728728673495,0.0017503011332821903,0.00037747548669865116,0.0004544654339799334,0.0006077441740480606,8.98639898628387e-09,0.0,0.0,0.0,0.0,0.0012040096320770567,0.00072047682466214,1.978794095e-08,2.96819114e-08,0.0,0.02265673494723774,0.1375052564255618,0.05954260900819078,0.0035453222875016883,0.0,0.0,0.0,1.0,0.0,0.0,0.0,0.0,0.0,0.14726743801141357,0.01362883624940148,0.45428194290588036,0.0,0.0,0.0,0.0,0.0,0.0,0.0014170040485829958,0.0001423491023859013,0.0006550218340611354,0.0002981144057696119,0.1250152587890625,0.007781982421875,0.002909796314258002,0.5,0.0,0.0,0.0,0.0,0.0,0.0,0.0,0.0
571870,0.0012207590069125479,0.3529411764705882,0.9998694421154181,0.00020242914979757084,0.0,0.0,0.0,0.0,0.0,0.0,0.0,0.0,0.0,0.0,0.0,0.0,0.005208333589432692,0.9996480027016851,0.0,0.1399537754338718,0.9998728726310415,0.9998694422242022,0.9996480027016851,0.0,0.1399537754338718,0.9998728726310415,0.0,0.0,0.0,0.0,0.0,0.0,0.0,0.0,0.0,0.00028000224001792015,0.0,0.005208333333333324,0.0,0.0,0.0,0.0,0.0,0.0,0.0,0.0,0.0,0.0,1.0,0.0,0.0,0.0,0.0,0.0,0.0,0.0,0.0,0.0,0.0,0.0,0.0,0.0,0.00020242914979757084,0.0,0.0,0.0,0.0042724609375,0.0,0.0,0.5,0.0,0.0,0.0,0.0,0.0,0.0,0.0,0.0
799851,0.006759953000778234,0.3529411764705882,0.9998696550894121,0.0014170040485829958,0.0008733624454148472,0.00021847037218179622,0.0003089085909420595,0.020437616387337057,0.0,0.02091686479159982,0.028783005271915785,1.0,0.0,0.35304800478662823,0.7037435084014483,6.878371208578484e-05,2.042436400794195e-05,0.9996480407288838,5.984830072455692e-08,0.13995386408583424,0.9998728725303723,0.9998696551981962,0.9996480845104512,9.739787309393312e-08,0.13995388062260197,0.9998728725642819,0.0014348775781337915,0.00022103588832305697,0.0005082270264698944,0.0009889999920058995,8.98639898628387e-09,0.0,0.0,0.0,0.0,0.0012040096320770567,0.0008951378730650831,1.0212053286499999e-05,2.0424106572999997e-05,0.0,0.02265673494723774,0.13994737466750953,0.06332929481582254,0.004010599581869338,0.0,0.0,0.0,1.0,0.0,0.0,0.0,0.0,0.01282051282051282,0.14863390991218112,0.02091686479159982,0.35304800478662823,0.0,0.0,0.0,0.0,0.0,0.0,0.0014170040485829958,0.00021847037218179622,0.0008733624454148472,0.0003089085909420595,0.1250152587890625,1.0,0.0038797284190106693,0.5,0.0,0.0,0.0,0.0,0.0,0.0,0.0,0.0
111431,0.0003204492393145438,0.3529411764705882,0.9998694420120596,0.0,0.0001091703056768559,0.0,0.0,0.0,0.0,0.0,0.0,0.0,0.0,0.0,0.0,0.0,0.5000000001287201,0.9996480024229464,0.0,0.13995377535048134,0.9998728725303723,0.9998694421197557,0.9996480024200123,0.0,0.13995377534960354,0.9998728725293126,0.0,0.0,0.0,0.0,0.0,0.0,0.0,0.0,0.0,0.00028000224001792015,0.00010916315525183939,0.25,0.5,0.0,0.0,0.0,0.0,0.0,0.0,0.0,0.0,1.0,0.0,0.0,0.0,0.0,0.01282051282051282,0.0,0.0,0.0,0.0,0.0,0.0,0.0,0.0,0.0,0.0,0.0,0.0001091703056768559,0.0,0.41021728515625,1.52587890625e-05,0.0,1.0,0.0,0.0,0.0,0.0,0.0,0.0,0.0,0.0
66951,0.0003204492393145438,0.3529411764705882,0.9998694420131475,0.0,0.0001091703056768559,0.0,0.0,0.0,0.0,0.0,0.0,0.0,0.0,0.0,0.0,0.0,0.25000000019308016,0.9996480024258805,0.0,0.13995377535135914,0.9998728725314319,0.9998694421197557,0.9996480024200123,0.0,0.13995377534960354,0.9998728725293126,0.0,0.0,0.0,0.0,0.0,0.0,0.0,0.0,0.0,0.00028000224001792015,0.00010916315525183939,0.125,0.25,0.0,0.0,0.0,0.0,0.0,0.0,0.0,0.0,1.0,0.0,0.0,0.0,0.0,0.01282051282051282,0.0,0.0,0.0,0.0,0.0,0.0,0.0,0.0,0.0,0.0,0.0,0.0001091703056768559,0.0,0.41021728515625,1.52587890625e-05,0.0,1.0,0.0,0.0,0.0,0.0,0.0,0.0,0.0,0.0
942465,0.7772877786763921,0.3529411764705882,0.9998694420120596,0.00020242914979757084,0.0,0.0,0.0,0.0,0.0,0.0,0.0,0.0,0.0,0.0,0.0,0.0,0.5000000001287201,0.9996480024229464,0.0,0.13995377535048134,0.9998728725303723,0.9998694421208437,0.9996480024229464,0.0,0.13995377535048134,0.9998728725303723,0.0,0.0,0.0,0.0,0.0,0.0,0.0,0.0,0.0,0.00028000224001792015,0.0,0.5,0.0,0.0,0.0,0.0,0.0,0.0,0.0,0.0,0.0,0.0,1.0,0.0,0.0,0.0,0.0,0.0,0.0,0.0,0.0,0.0,0.0,0.0,0.0,0.0,0.00020242914979757084,0.0,0.0,0.0,0.0027008056640625,0.0,0.0,0.5,0.0,0.0,0.0,0.0,0.0,0.0,0.0,0.0
145623,0.0003204492393145438,0.3529411764705882,0.9998694420305553,0.0,0.0001091703056768559,0.0,0.0,0.0,0.0,0.0,0.0,0.0,0.0,0.0,0.0,0.0,0.027777778028066837,0.9996480024728259,0.0,0.13995377536540385,0.9998728725483867,0.9998694421197557,0.9996480024200123,0.0,0.13995377534960354,0.9998728725293126,0.0,0.0,0.0,0.0,0.0,0.0,0.0,0.0,0.0,0.00028000224001792015,0.00010916315525183939,0.013888888888888899,0.027777777777777797,0.0,0.0,0.0,0.0,0.0,0.0,0.0,0.0,1.0,0.0,0.0,0.0,0.0,0.01282051282051282,0.0,0.0,0.0,0.0,0.0,0.0,0.0,0.0,0.0,0.0,0.0,0.0001091703056768559,0.0,0.41021728515625,1.52587890625e-05,0.0,1.0,0.0,0.0,0.0,0.0,0.0,0.0,0.0,0.0
291282,0.00033570872690095066,0.3529411764705882,0.9998697548140433,0.004251012145748988,0.002292576419213974,0.0002244064345053293,0.00019976738530953374,0.009931719428926133,0.0,0.007812799015493038,0.008741956209752828,0.6684931506849315,0.0,0.08697592426772481,0.27900511196084343,3.587931097357147e-05,3.739065140359915e-05,0.9996480225050581,4.029834678899119e-08,0.13995384142381753,0.9998728725324916,0.999869754876044,0.999648042584096,5.4516523523316444e-08,0.13995384142381753,0.9998728728408576,0.00239594895783679,0.00012917948542783063,0.000400643119646769,0.000993302575996378,8.986398986283869e-08,0.0,0.0,0.0,0.0,0.004984039872318979,0.0037115472785625393,1.912996900945e-05,3.6520849927150004e-05,0.0,0.015145872129112354,0.041404827978328104,0.023323100353578635,0.0005439670101033323,0.0,0.0,0.0,1.0,0.0,0.0,0.0,0.0,0.0,0.04235058496874625,0.007812799015493038,0.08697592426772481,0.0,0.0,0.0,0.0,0.0,0.0,0.004251012145748988,0.0002244064345053293,0.002292576419213974,0.00019976738530953374,0.41021728515625,0.0035247802734375,0.015518913676042677,0.8,0.0,0.0,0.0,0.0,0.0,0.0,0.0,0.0
956831,0.0012207590069125479,0.3529411764705882,0.9998694429520779,0.00040485829959514163,0.0004366812227074236,1.873933400174171e-05,3.658029419551687e-05,0.0024984481688392303,0.0,0.004784393864606163,0.005897744508285693,0.33424657534246577,0.0,0.08361437822658314,0.2582845128885069,0.0016850960524223244,0.002023121644202617,0.9996480028430105,2.4561287461733185e-10,0.13995377559889713,0.9998728725293126,0.9998694426865955,0.9996480031843432,2.9152248624176907e-10,0.13995377565507597,0.9998728727126367,4.841900328706696e-06,1.740365937010609e-06,2.8228384456169956e-06,3.850561547898956e-06,0.0,0.0,0.0,0.0,0.0,0.0005040040320322563,0.0005021505141584612,0.0008670520231214,0.0023121387283237,0.0,0.007572936064556177,0.032178213252469126,0.019724452737530655,0.0003890540357952733,0.0,0.0,0.0,1.0,0.0,0.0,0.0,0.0,0.01282051282051282,0.036760218180544146,0.004784393864606163,0.08361437822658314,0.0,0.0,0.0,0.0,0.0,0.0,0.00040485829959514163,1.873933400174171e-05,0.0004366812227074236,3.658029419551687e-05,0.1250152587890625,0.002288818359375,0.0009699321047526673,0.5,0.0,0.0,0.0,0.0,0.0,0.0,0.0,0.0
317520,0.00033570872690095066,0.3529411764705882,0.9998698262053901,0.004251012145748988,0.00240174672489083,0.0002244064345053293,0.00019976738530953374,0.009931719428926133,0.0,0.007812799015493038,0.008741956209752828,0.6684931506849315,0.0,0.08302247316464642,0.2737832352974904,2.921218565685974e-05,3.115069991005556e-05,0.9996480265153881,4.945701471405493e-08,0.1399538701347151,0.9998728725303723,0.9998698260835216,0.9996480517285423,6.756133305469449e-08,0.1399538701347151,0.9998728727772769,0.0029428253491799758,0.00015110929442069173,0.0004576180704811316,0.001233736661518773,8.087759087655482e-08,0.0,0.0,0.0,0.0,0.004984039872318979,0.0038862083269654824,1.557522123895e-05,3.11504424779e-05,0.0,0.015145872129112354,0.04048472068991993,0.023124086011395182,0.000534723353862232,0.0,0.0,0.0,1.0,0.0,0.0,0.0,0.0,0.01282051282051282,0.04138807167400562,0.007812799015493038,0.08302247316464642,0.0,0.0,0.0,0.0,0.0,0.0,0.004251012145748988,0.0002244064345053293,0.00240174672489083,0.00019976738530953374,0.41021728515625,0.0035247802734375,0.015518913676042677,0.8,0.0,0.0,0.0,0.0,0.0,0.0,0.0,0.0
2430,0.0003204492393145438,0.3529411764705882,0.9998694420131475,0.0,0.0001091703056768559,0.0,0.0,0.0,0.0,0.0,0.0,0.0,0.0,0.0,0.0,0.0,0.25000000019308016,0.9996480024258805,0.0,0.13995377535135914,0.9998728725314319,0.9998694421197557,0.9996480024200123,0.0,0.13995377534960354,0.9998728725293126,0.0,0.0,0.0,0.0,0.0,0.0,0.0,0.0,0.0,0.00028000224001792015,0.00010916315525183939,0.125,0.25,0.0,0.0,0.0,0.0,0.0,0.0,0.0,0.0,1.0,0.0,0.0,0.0,0.0,0.01282051282051282,0.0,0.0,0.0,0.0,0.0,0.0,0.0,0.0,0.0,0.0,0.0,0.0001091703056768559,0.0,0.41021728515625,1.52587890625e-05,0.0,1.0,0.0,0.0,0.0,0.0,0.0,0.0,0.0,0.0
621018,0.000808752842079563,1.0,0.9998694441096931,0.0,0.0001091703056768559,4.53934177681942e-06,1.0269467837675844e-05,0.0006052141527001862,0.031862745098039214,0.0034768576531588407,0.0,0.09383561643835617,0.19912790697674418,0.09389483456591714,0.0,0.00020491630304210465,0.00025920191626409604,0.9996480080798753,0.0,0.13995377704286885,0.9998728745734291,0.9998694421197557,0.9996480024200123,0.0,0.13995377534960354,0.9998728725293126,0.0,0.0,0.0,0.0,0.0,0.0,0.0,0.0,0.0,5.600044800358403e-05,4.366526210073576e-05,0.0001296008294453,0.0002592016588906,0.049492385786802026,0.0021260086902545002,0.028426567434141053,0.0064217243598165075,4.12385437534364e-05,0.0,0.0,0.0,0.0,0.0,0.0,0.0,0.0,0.01282051282051282,0.042622595039838534,0.0034768576531588407,0.09389483456591714,0.0,0.0,0.0,0.0,0.0,0.0,0.0,4.53934177681942e-06,0.0001091703056768559,1.0269467837675844e-05,0.0,0.0,0.0,0.2,0.0,0.0,0.0,0.0,0.0,0.0,0.0,0.0
522355,0.000808752842079563,1.0,0.9998694554823919,0.0,0.0001091703056768559,4.073768261248197e-06,8.695315833360567e-06,0.0005431409062693979,0.028594771241830068,0.0031202568682194725,0.0,0.07945205479452055,0.1686046511627907,0.07950219569084956,0.0,2.7389381136933183e-05,4.03814559437792e-05,0.9996480387499367,0.0,0.13995378621845317,0.9998728856502306,0.9998694421197557,0.9996480024200123,0.0,0.13995377534960354,0.9998728725293126,0.0,0.0,0.0,0.0,0.0,0.0,0.0,0.0,0.0,5.600044800358403e-05,4.366526210073576e-05,2.0190599256974997e-05,4.0381198513949994e-05,0.04441624365482233,0.0018001241464928616,0.024592286245338497,0.005307751766790125,2.8172228817815394e-05,0.0,0.0,0.0,0.0,0.0,0.0,0.0,0.0,0.01282051282051282,0.036873500825162636,0.0031202568682194725,0.07950219569084956,0.0,0.0,0.0,0.0,0.0,0.0,0.0,4.073768261248197e-06,0.0001091703056768559,8.695315833360567e-06,0.0,0.0,0.0,0.2,0.0,0.0,0.0,0.0,0.0,0.0,0.0,0.0
601457,0.05171440343033281,0.3529411764705882,0.9998756566006227,0.0020242914979757085,0.0007641921397379913,0.000131757304906656,0.00011851115803916429,0.010257603972687771,0.0,0.009174365648895467,0.012548338231647327,0.8034246575342466,0.0,0.15479429973794248,0.4552779038383969,1.0667336477361033e-06,7.880695317471194e-07,0.9996489882786463,1.5073201893745982e-06,0.13995603833152362,0.9998728726140867,0.9998756567094075,0.9996496783796901,1.8468374770768923e-06,0.13995603833152362,0.9998728736144216,0.046723146447842326,0.008397051470232234,0.01173508867287957,0.023565403189997714,0.0009748535484310605,0.0,0.0,0.0,0.0,0.001624012992103937,0.0008296399799139793,4.8144072275e-07,6.1274273805e-07,0.0,0.01820297951582868,0.056637413059081855,0.033703136804440675,0.001135901430458626,0.0,0.0,1.0,1.0,0.0,0.0,0.0,1.0,0.0,0.0597597417793617,0.009174365648895467,0.15479429973794248,0.0,0.0,0.0,0.0,0.0,0.0,0.0020242914979757085,0.000131757304906656,0.0007641921397379913,0.00011851115803916429,0.1250152587890625,0.9593048095703125,0.004849660523763337,0.5,0.0,0.0,0.0,0.0,0.0,0.0,0.0,0.0
824592,0.000808752842079563,1.0,0.9998694432490977,0.0,0.0001091703056768559,3.724588124569781e-06,4.797415632198934e-06,0.0004965859714463067,0.026143790849673203,0.002852806279514946,0.0,0.043835616438356165,0.09302325581395349,0.04386328038115837,0.0,0.00018946327619502482,0.00043936756839913914,0.9996480057590087,0.0,0.1399537763485335,0.9998728737352247,0.9998694421197557,0.9996480024200123,0.0,0.13995377534960354,0.9998728725293126,0.0,0.0,0.0,0.0,0.0,0.0,0.0,0.0,0.0,5.600044800358403e-05,4.366526210073576e-05,0.000219683655536025,0.00043936731107205,0.04060913705583756,0.0009931719428926133,0.01692372386777305,0.002096889586881871,4.396945939558017e-06,0.0,0.0,0.0,0.0,0.0,0.0,0.0,0.0,0.01282051282051282,0.025375312395810846,0.002852806279514946,0.04386328038115837,0.0,0.0,0.0,0.0,0.0,0.0,0.0,3.724588124569781e-06,0.0001091703056768559,4.797415632198934e-06,0.0,0.0,0.0,0.2,0.0,0.0,0.0,0.0,0.0,0.0,0.0,0.0
840933,0.006759953000778234,0.3529411764705882,0.9998695819246509,0.001214574898785425,0.0007641921397379913,0.00016632613843781927,0.00035201037201259677,0.01707014276846679,0.0,0.018199375774230867,0.02558165471865011,1.0,0.0,0.4597811711381843,0.6972857279045604,0.00010697063488848826,2.7216643252668346e-05,0.9996480314447252,2.5930924865237903e-08,0.1399537964043788,0.9998728725293126,0.9998695820334351,0.9996480653068903,4.3116847481864566e-08,0.13995381794106312,0.9998728737182699,0.0006933001241751592,0.0001245994174111543,0.00017845105216501218,0.000279475431303701,0.0,0.0,0.0,0.0,0.0,0.0010640085120680967,0.0008296399799139793,1.360819290975e-05,2.72163858195e-05,0.0,0.02265673494723774,0.161965326078157,0.06448898156525996,0.004158828743324971,0.0,0.0,0.0,1.0,0.0,0.0,0.0,0.0,0.01282051282051282,0.17346404958073822,0.018199375774230867,0.4597811711381843,0.0,0.0,0.0,0.0,0.0,0.0,0.001214574898785425,0.00016632613843781927,0.0007641921397379913,0.00035201037201259677,0.1250152587890625,0.0156707763671875,0.002909796314258002,0.5,0.0,0.0,0.0,0.0,0.0,0.0,0.0,0.0
825630,0.7908687226282941,0.3529411764705882,0.9998694420718988,0.0,0.0001091703056768559,0.0,0.0,0.0,0.0,0.0,0.0,0.0,0.0,0.0,0.0,0.0,0.008928571683713053,0.9996480025843214,0.0,0.13995377539876003,0.9998728725886544,0.9998694421197557,0.9996480024200123,0.0,0.13995377534960354,0.9998728725293126,0.0,0.0,0.0,0.0,0.0,0.0,0.0,0.0,0.0,0.00014000112000896008,0.00010916315525183939,0.0044642857142857244,0.008928571428571449,0.0,0.0,0.0,0.0,0.0,0.0,0.0,0.0,0.0,1.0,1.0,0.0,0.0,0.01282051282051282,0.0,0.0,0.0,0.0,0.0,0.0,0.0,0.0,0.0,0.0,0.0,0.0001091703056768559,0.0,0.0027008056640625,0.0039520263671875,0.0,0.5,0.0,0.0,0.0,0.0,0.0,0.0,0.0,0.0
687847,0.006790471975951048,0.3529411764705882,0.999869687854056,0.00040485829959514163,0.0001091703056768559,0.0,0.0,0.0,0.0,0.0,0.0,0.0,0.0,0.0,0.0,0.0,4.425780314585627e-06,0.9996482234177609,3.0314893950940157e-07,0.13995397188951378,0.9998728726003109,0.9998696879628401,0.9996483339166353,3.697771166058677e-07,0.139953971948326,0.9998728746412484,0.0,0.0,0.0,0.0,0.0,0.0,0.0,0.0,0.0,0.0005040040320322563,0.00017466104840294303,3.3191421566499997e-06,2.21276143775e-06,0.0,0.0,0.0,0.0,0.0,0.0,0.0,0.0,1.0,0.0,0.0,0.0,0.0,0.0,0.0,0.0,0.0,0.0,0.0,0.0,0.0,0.0,0.0,0.00040485829959514163,0.0,0.0001091703056768559,0.0,0.1250152587890625,0.1250152587890625,0.0,0.5,0.0,0.0,0.0,0.0,0.0,0.0,0.0,0.0
269840,0.00033570872690095066,0.3529411764705882,0.999869857599174,0.004453441295546558,0.00240174672489083,0.0002225441404430444,0.00019976738530953374,0.009931719428926133,0.0,0.007411094573956531,0.008612326678263959,0.6684931506849315,0.0,0.08302247316464642,0.2737832352974904,2.6911404241130374e-05,2.945206119196786e-05,0.99964802789193,3.9886172994144404e-08,0.13995383910556267,0.999872872534611,0.9998698573598032,0.9996480533211699,5.8055346002498625e-08,0.13995384389480864,0.9998728727942318,0.003183253618514207,0.00016345489493280145,0.00040768222911699315,0.0012769634002869255,7.189119189027096e-08,0.0,0.0,0.0,0.0,0.005208041664333315,0.0038862083269654824,1.5053144143675e-05,2.879731923135e-05,0.0,0.015145872129112354,0.039466652925986785,0.02292854756746915,0.000525718293553744,0.0,0.0,0.0,1.0,0.0,0.0,0.0,0.0,0.0,0.040327362790143595,0.007411094573956531,0.08302247316464642,0.0,0.0,0.0,0.0,0.0,0.0,0.004453441295546558,0.0002225441404430444,0.00240174672489083,0.00019976738530953374,0.41021728515625,0.0035247802734375,0.015518913676042677,0.8,0.0,0.0,0.0,0.0,0.0,0.0,0.0,0.0
890443,0.0012207590069125479,0.3529411764705882,0.9998695054350102,0.00040485829959514163,0.0004366812227074236,5.0747513197263264e-05,6.431535331916696e-05,0.006765983860955929,0.0,0.012956495186127409,0.01597153171188585,0.5876712328767123,0.0,0.1470105256524761,0.45411498372610437,4.985388890432633e-05,3.0019984681796653e-05,0.9996480309271589,2.7094304104305333e-08,0.13995379613050696,0.9998728725674609,0.999869468260752,0.9996480376687238,3.896906011803557e-08,0.13995379616210754,0.9998728728652301,0.0002885222569365827,0.00010370603976804431,0.00014116983150102246,0.00020046358249800912,1.4827558327368385e-06,0.0,0.0,0.0,0.0,0.0005040040320322563,0.0005021505141584612,1.2865597392574998e-05,3.430825971355e-05,0.0,0.013314711359404097,0.06415810161586294,0.03632313228692493,0.0013193699391332674,0.0,0.0,0.0,1.0,0.0,0.0,0.0,0.0,0.01282051282051282,0.07329387107181166,0.012956495186127409,0.1470105256524761,0.0,0.0,0.0,0.0,0.0,0.0,0.00040485829959514163,5.0747513197263264e-05,0.0004366812227074236,6.431535331916696e-05,0.1250152587890625,0.00048828125,0.0009699321047526673,0.5,0.0,0.0,0.0,0.0,0.0,0.0,0.0,0.0
45052,0.0003204492393145438,0.3529411764705882,0.9998694420120596,0.0,0.0001091703056768559,0.0,0.0,0.0,0.0,0.0,0.0,0.0,0.0,0.0,0.0,0.0,0.5000000001287201,0.9996480024229464,0.0,0.13995377535048134,0.9998728725303723,0.9998694421197557,0.9996480024200123,0.0,0.13995377534960354,0.9998728725293126,0.0,0.0,0.0,0.0,0.0,0.0,0.0,0.0,0.0,0.00028000224001792015,0.00010916315525183939,0.25,0.5,0.0,0.0,0.0,0.0,0.0,0.0,0.0,0.0,1.0,0.0,0.0,0.0,0.0,0.01282051282051282,0.0,0.0,0.0,0.0,0.0,0.0,0.0,0.0,0.0,0.0,0.0,0.0001091703056768559,0.0,0.41021728515625,1.52587890625e-05,0.0,1.0,0.0,0.0,0.0,0.0,0.0,0.0,0.0,0.0
298858,0.00033570872690095066,0.3529411764705882,0.9998694420185875,0.0,0.0001091703056768559,0.0,0.0,0.0,0.0,0.0,0.0,0.0,0.0,0.0,0.0,0.0,0.07142857166762312,0.999648002440551,0.0,0.1399537753557481,0.9998728725367303,0.9998694421197557,0.9996480024200123,0.0,0.13995377534960354,0.9998728725293126,0.0,0.0,0.0,0.0,0.0,0.0,0.0,0.0,0.0,0.00022400179201433613,0.00017466104840294303,0.03571428571428575,0.0714285714285715,0.0,0.0,0.0,0.0,0.0,0.0,0.0,0.0,0.0,1.0,1.0,0.0,0.0,0.01282051282051282,0.0,0.0,0.0,0.0,0.0,0.0,0.0,0.0,0.0,0.0,0.0,0.0001091703056768559,0.0,0.003692626953125,0.0035247802734375,0.0,0.8,0.0,0.0,0.0,0.0,0.0,0.0,0.0,0.0
918693,0.0012207590069125479,0.3529411764705882,0.9998694427682087,0.00040485829959514163,0.0004366812227074236,1.873933400174171e-05,3.658029419551687e-05,0.0024984481688392303,0.0,0.004784393864606163,0.005897744508285693,0.33424657534246577,0.0,0.08361437822658314,0.2582845128885069,0.002094264490438666,0.002514368072884851,0.9996480027603669,1.7558962765838648e-10,0.13995377550760651,0.9998728725303723,0.9998694425505974,0.9996480030009625,8.995551004041289e-11,0.13995377554710728,0.9998728727105173,4.300207520847944e-06,1.5456606256408256e-06,2.230559688617532e-06,3.130673954161325e-06,8.98639898628387e-09,0.0,0.0,0.0,0.0,0.0005040040320322563,0.0005021505141584612,0.00107758620689655,0.0028735632183908,0.0,0.007572936064556177,0.032178213252469126,0.019724452737530655,0.0003890540357952733,0.0,0.0,0.0,1.0,0.0,0.0,0.0,0.0,0.01282051282051282,0.036760218180544146,0.004784393864606163,0.08361437822658314,0.0,0.0,0.0,0.0,0.0,0.0,0.00040485829959514163,1.873933400174171e-05,0.0004366812227074236,3.658029419551687e-05,0.1250152587890625,0.002288818359375,0.0009699321047526673,0.5,0.0,0.0,0.0,0.0,0.0,0.0,0.0,0.0
855011,0.000808752842079563,1.0,0.9998694422807917,0.0,0.0001091703056768559,6.867209354675533e-06,8.020679260082593e-06,0.0009155803848541279,0.04820261437908497,0.005259861577855682,0.0,0.07328767123287672,0.1555232558139535,0.07333392188724916,0.0,0.0015033236130481235,0.0020161292891792424,0.999648003147667,0.0,0.13995377556729655,0.9998728727921125,0.9998694421197557,0.9996480024200123,0.0,0.13995377534960354,0.9998728725293126,0.0,0.0,0.0,0.0,0.0,0.0,0.0,0.0,0.0,5.600044800358403e-05,4.366526210073576e-05,0.001008064516129025,0.00201612903225805,0.0748730964467005,0.0016604593420235878,0.02974873336129657,0.003145334380317131,9.893128364006504e-06,0.0,0.0,0.0,0.0,0.0,0.0,0.0,0.0,0.01282051282051282,0.044605041320761256,0.005259861577855682,0.07333392188724916,0.0,0.0,0.0,0.0,0.0,0.0,0.0,6.867209354675533e-06,0.0001091703056768559,8.020679260082593e-06,0.0,0.0,0.0,0.2,0.0,0.0,0.0,0.0,0.0,0.0,0.0,0.0
81321,0.0003204492393145438,0.3529411764705882,0.9998694420142356,0.0,0.0001091703056768559,0.0,0.0,0.0,0.0,0.0,0.0,0.0,0.0,0.0,0.0,0.0,0.16666666688120027,0.9996480024288146,0.0,0.13995377535223694,0.9998728725324916,0.9998694421197557,0.9996480024200123,0.0,0.13995377534960354,0.9998728725293126,0.0,0.0,0.0,0.0,0.0,0.0,0.0,0.0,0.0,0.00028000224001792015,0.00010916315525183939,0.08333333333333325,0.1666666666666665,0.0,0.0,0.0,0.0,0.0,0.0,0.0,0.0,1.0,0.0,0.0,0.0,0.0,0.01282051282051282,0.0,0.0,0.0,0.0,0.0,0.0,0.0,0.0,0.0,0.0,0.0,0.0001091703056768559,0.0,0.41021728515625,1.52587890625e-05,0.0,1.0,0.0,0.0,0.0,0.0,0.0,0.0,0.0,0.0
671602,0.7746326278363572,0.3529411764705882,0.9998694420436112,0.00020242914979757084,0.0,4.306555019033809e-06,0.0,0.0005741775294847921,0.0,0.0016492786303445783,0.0016599974941254195,0.0,0.0,0.0,0.0,0.0027699794123151713,0.01666666691981621,0.999648002508035,0.0,0.13995377537593737,0.9998728725611029,0.9998694421523953,0.999648002508035,0.0,0.13995377537593737,0.9998728725611029,0.0,0.0,0.0,0.0,0.0,0.0,0.0,0.0,0.0,0.00028000224001792015,0.0,0.016666666666666673,0.0,0.0,0.0005741775294847921,0.004892013930511104,0.0024245285848261337,5.878338858647532e-06,0.0,0.0,0.0,0.0,1.0,0.0,0.0,0.0,0.0,0.007335051239414073,0.0016492786303445783,0.0,0.0,0.0,0.0,0.0,0.0,0.0,0.00020242914979757084,4.306555019033809e-06,0.0,0.0,0.6249847412109375,0.0,0.0009699321047526673,0.5,0.0,0.0,0.0,0.0,0.0,0.0,0.0,0.0
536583,0.05171440343033281,0.3529411764705882,0.9998716716583236,0.0018218623481781376,0.000982532751091703,0.00028516377828737385,0.00011851115803916429,0.010257603972687771,0.0,0.021841798077536306,0.01867353127450751,0.8034246575342466,0.0,0.12039556646288983,0.40813322615038705,4.41769040527434e-06,2.3180790971282338e-06,0.9996483364725552,3.6955277699628945e-07,0.1399542886670605,0.9998728725324916,0.9998716717671079,0.9996486705250982,4.2278023769420305e-07,0.13995431076465542,0.9998728725324916,0.01583404745807358,0.0021342630194431792,0.0019976485358544384,0.0048950765924823895,0.00022620563528273757,0.0,0.0,0.0,0.0,0.0014840118720949769,0.0011789620767198655,1.21990613555e-06,2.195831044e-06,0.0,0.01820297951582868,0.07994476278625766,0.03713840119968818,0.0013792608436688308,0.0,0.0,1.0,1.0,0.0,0.0,0.0,1.0,0.0,0.08411832587787271,0.021841798077536306,0.12039556646288983,0.0,0.0,0.0,0.0,0.0,0.0,0.0018218623481781376,0.00028516377828737385,0.000982532751091703,0.00011851115803916429,0.1250152587890625,0.9593658447265625,0.006789524733268671,0.5,0.0,0.0,0.0,0.0,0.0,0.0,0.0,0.0
483991,0.000808752842079563,1.0,0.9998694423634785,0.0,0.0001091703056768559,4.888521913497838e-06,4.347657916680284e-06,0.0006517690875232775,0.03431372549019608,0.003744308241863367,0.0,0.03972602739726028,0.08430232558139535,0.03975109784542478,0.0,0.0006931880411199147,0.0015432101335861158,0.9996480033706581,0.0,0.1399537756340089,0.9998728728726478,0.9998694421197557,0.9996480024200123,0.0,0.13995377534960354,0.9998728725293126,0.0,0.0,0.0,0.0,0.0,0.0,0.0,0.0,0.0,5.600044800358403e-05,4.366526210073576e-05,0.0007716049382715999,0.0015432098765431998,0.053299492385786795,0.0009000620732464308,0.018774756165782835,0.0010484447934352606,1.0992364848891821e-06,0.0,0.0,0.0,0.0,0.0,0.0,0.0,0.0,0.01282051282051282,0.02815073718910266,0.003744308241863367,0.03975109784542478,0.0,0.0,0.0,0.0,0.0,0.0,0.0,4.888521913497838e-06,0.0001091703056768559,4.347657916680284e-06,0.0,0.0,0.0,0.2,0.0,0.0,0.0,0.0,0.0,0.0,0.0,0.0
349550,0.00033570872690095066,0.3529411764705882,0.9998694420164115,0.0,0.0001091703056768559,0.0,0.0,0.0,0.0,0.0,0.0,0.0,0.0,0.0,0.0,0.0,0.1000000002316962,0.9996480024346828,0.0,0.1399537753539925,0.999872872534611,0.9998694421197557,0.9996480024200123,0.0,0.13995377534960354,0.9998728725293126,0.0,0.0,0.0,0.0,0.0,0.0,0.0,0.0,0.0,0.00022400179201433613,0.00017466104840294303,0.049999999999999996,0.09999999999999999,0.0,0.0,0.0,0.0,0.0,0.0,0.0,0.0,0.0,1.0,1.0,0.0,0.0,0.01282051282051282,0.0,0.0,0.0,0.0,0.0,0.0,0.0,0.0,0.0,0.0,0.0,0.0001091703056768559,0.0,0.003692626953125,0.0035247802734375,0.0,0.8,0.0,0.0,0.0,0.0,0.0,0.0,0.0,0.0
587750,0.05171440343033281,0.3529411764705882,0.9998773839593998,0.0020242914979757085,0.0014192139737991267,0.00018250481810391927,0.0002328245774001545,0.010505896958410926,0.0,0.012707955245116085,0.012222322401732249,0.8034246575342466,0.0,0.16374921738448447,0.4522255925533708,1.4380709169183603e-06,8.222100404383302e-07,0.9996489336358095,1.8488441739211107e-06,0.13995696310454794,0.9998728725335513,0.9998773840681848,0.9996501442163459,2.7025002344580853e-06,0.13995703947616744,0.9998728725335513,0.059390549422264204,0.0053368141730441385,0.012164091162581379,0.030398936173552178,0.0003296660468118238,0.0,0.0,0.0,0.0,0.001624012992103937,0.0016811125908783268,3.767282752e-07,8.904486504999999e-07,0.0,0.01820297951582868,0.0741576425230401,0.03773532970045049,0.001423955107601742,0.0,0.0,0.0,1.0,0.0,0.0,0.0,0.0,0.01282051282051282,0.07721628264194004,0.012707955245116085,0.16374921738448447,0.0,0.0,0.0,0.0,0.0,0.0,0.0020242914979757085,0.00018250481810391927,0.0014192139737991267,0.0002328245774001545,0.1250152587890625,0.9591217041015625,0.007759456838021339,0.5,0.0,0.0,0.0,0.0,0.0,0.0,0.0,0.0
429172,0.000808752842079563,1.0,0.999869442944462,0.0,0.0001091703056768559,4.190161640141004e-06,7.795800402323268e-06,0.000558659217877095,0.029411764705882353,0.0032094070644543143,0.0,0.07123287671232877,0.1511627906976744,0.07127783061938235,0.0,0.00036646864271794045,0.0005827508400407515,0.999648004937463,0.0,0.1399537761027511,0.9998728734385153,0.9998694421197557,0.9996480024200123,0.0,0.13995377534960354,0.9998728725293126,0.0,0.0,0.0,0.0,0.0,0.0,0.0,0.0,0.0,5.600044800358403e-05,4.366526210073576e-05,0.00029137529137529994,0.0005827505827505999,0.04568527918781726,0.0016139044072004966,0.023270120318182985,0.004455890372116882,1.985495900831818e-05,0.0,0.0,0.0,0.0,0.0,0.0,0.0,0.0,0.01282051282051282,0.034891054544239915,0.0032094070644543143,0.07127783061938235,0.0,0.0,0.0,0.0,0.0,0.0,0.0,4.190161640141004e-06,0.0001091703056768559,7.795800402323268e-06,0.0,0.0,0.0,0.2,0.0,0.0,0.0,0.0,0.0,0.0,0.0,0.0
625548,0.000808752842079563,1.0,0.9998694447624836,0.0,0.0001091703056768559,5.586882186854672e-06,9.07011392962611e-06,0.00074487895716946,0.0392156862745098,0.00427920941927242,0.0,0.08287671232876713,0.17587209302325582,0.08292901447062755,0.0,0.0001500838449172085,0.00019770686078985234,0.9996480098403304,0.0,0.13995377756954544,0.9998728752092352,0.9998694421197557,0.9996480024200123,0.0,0.13995377534960354,0.9998728725293126,0.0,0.0,0.0,0.0,0.0,0.0,0.0,0.0,0.0,5.600044800358403e-05,4.366526210073576e-05,9.885330170027499e-05,0.00019770660340054998,0.06091370558375634,0.001877715704531347,0.028691000619548362,0.004783529370061144,2.288215323428371e-05,0.0,0.0,0.0,0.0,0.0,0.0,0.0,0.0,0.01282051282051282,0.04301908429602307,0.00427920941927242,0.08292901447062755,0.0,0.0,0.0,0.0,0.0,0.0,0.0,5.586882186854672e-06,0.0001091703056768559,9.07011392962611e-06,0.0,0.0,0.0,0.2,0.0,0.0,0.0,0.0,0.0,0.0,0.0,0.0
546618,0.006790471975951048,0.3529411764705882,0.999870114213302,0.001012145748987854,0.0005458515283842794,5.295898739622657e-05,2.5336351307550622e-05,0.0021725636250775914,0.0,0.006760556547805886,0.00399320218452724,0.09931506849315068,0.0,0.04633058990259853,0.07384276992570547,2.8826494440491854e-06,4.451233578579075e-06,0.9996481837005254,1.8708315944322323e-07,0.13995391088280656,0.999872872576998,0.9998701142731268,0.9996483649546317,1.6111730015239444e-07,0.13995391095478568,0.9998728738221182,0.005148340116980146,0.0013878841720388932,6.801259389465405e-06,0.001299363623552529,0.0013837706479029217,0.0,0.0,0.0,0.0,0.0009240073920591365,0.0006113136694103006,2.427805167025e-06,4.04634194505e-06,0.0,0.002250155183116077,0.02621193950610698,0.007196045798239752,5.1783075130283886e-05,0.0,0.0,0.0,1.0,0.0,0.0,0.0,0.0,0.0,0.028583270923118555,0.006760556547805886,0.04633058990259853,0.0,0.0,0.0,0.0,0.0,0.0,0.001012145748987854,5.295898739622657e-05,0.0005458515283842794,2.5336351307550622e-05,0.1250152587890625,1.52587890625e-05,0.0038797284190106693,0.5,0.0,0.0,0.0,0.0,0.0,0.0,0.0,0.0
785324,0.000808752842079563,1.0,0.99986944226556,0.0,0.0001091703056768559,4.888521913497838e-06,4.347657916680284e-06,0.0006517690875232775,0.03431372549019608,0.003744308241863367,0.0,0.03972602739726028,0.08430232558139535,0.03975109784542478,0.0,0.0009597988261660349,0.002136752393642264,0.9996480031065897,0.0,0.13995377555500743,0.9998728727772769,0.9998694421197557,0.9996480024200123,0.0,0.13995377534960354,0.9998728725293126,0.0,0.0,0.0,0.0,0.0,0.0,0.0,0.0,0.0,5.600044800358403e-05,4.366526210073576e-05,0.001068376068376075,0.00213675213675215,0.053299492385786795,0.0009000620732464308,0.018774756165782835,0.0010484447934352606,1.0992364848891821e-06,0.0,0.0,0.0,0.0,0.0,0.0,0.0,0.0,0.01282051282051282,0.02815073718910266,0.003744308241863367,0.03975109784542478,0.0,0.0,0.0,0.0,0.0,0.0,0.0,4.888521913497838e-06,0.0001091703056768559,4.347657916680284e-06,0.0,0.0,0.0,0.2,0.0,0.0,0.0,0.0,0.0,0.0,0.0,0.0
746079,0.8026185280698274,0.3529411764705882,0.999869442057755,0.0,0.0001091703056768559,0.0,0.0,0.0,0.0,0.0,0.0,0.0,0.0,0.0,0.0,0.0,0.011627907231190884,0.9996480025461782,0.0,0.1399537753873487,0.9998728725748787,0.9998694421197557,0.9996480024200123,0.0,0.13995377534960354,0.9998728725293126,0.0,0.0,0.0,0.0,0.0,0.0,0.0,0.0,0.0,0.00014000112000896008,0.00010916315525183939,0.0058139534883721,0.0116279069767442,0.0,0.0,0.0,0.0,0.0,0.0,0.0,0.0,0.0,1.0,1.0,0.0,0.0,0.01282051282051282,0.0,0.0,0.0,0.0,0.0,0.0,0.0,0.0,0.0,0.0,0.0,0.0001091703056768559,0.0,0.4743804931640625,0.9742431640625,0.0,0.5,0.0,0.0,0.0,0.0,0.0,0.0,0.0,0.0
940361,0.0012207590069125479,0.3529411764705882,0.9999948500311702,0.003036437246963563,0.0015283842794759825,5.202784036508413e-05,5.9068179971449376e-05,0.006765983860955929,0.0,0.0024906336073109003,0.006904300904067692,0.5397260273972603,0.0,0.0385761885494911,0.2229311412659381,2.4063583592363842e-08,6.532410370818295e-08,0.9996596645646136,1.145971815980987e-05,0.1399625569236468,0.9998728725971319,0.9999948501399679,0.9996705492329081,9.69968704793103e-06,0.13996256685940103,0.9998728846138667,0.9201007275276093,0.076319937473576,0.04400535595668925,0.08384935113224716,4.3044851144299734e-06,0.0,0.0,0.0,0.0,0.0023240185921487373,0.0023142588913389953,3.470222055e-08,6.072888595e-08,0.0,0.012228429546865302,0.015802015355347705,0.01808674334077714,0.00032713028467523404,0.0,0.0,0.0,1.0,0.0,0.0,0.0,0.0,0.0,0.016322141046276967,0.0024906336073109003,0.0385761885494911,0.0,0.0,0.0,0.0,0.0,0.0,0.003036437246963563,5.202784036508413e-05,0.0015283842794759825,5.9068179971449376e-05,0.1250152587890625,0.0044097900390625,0.011639185257032008,0.5,0.00049742653556474,0.0022572432567899603,0.004344483600108959,0.00011167987940311234,2.941993060137083e-05,2.37541037436652e-07,1.0210583793725334e-05,0.0007785743870507021
89160,0.0003204492393145438,0.3529411764705882,0.9998694420131475,0.0,0.0001091703056768559,0.0,0.0,0.0,0.0,0.0,0.0,0.0,0.0,0.0,0.0,0.0,0.25000000019308016,0.9996480024258805,0.0,0.13995377535135914,0.9998728725314319,0.9998694421197557,0.9996480024200123,0.0,0.13995377534960354,0.9998728725293126,0.0,0.0,0.0,0.0,0.0,0.0,0.0,0.0,0.0,0.00028000224001792015,0.00010916315525183939,0.125,0.25,0.0,0.0,0.0,0.0,0.0,0.0,0.0,0.0,1.0,0.0,0.0,0.0,0.0,0.01282051282051282,0.0,0.0,0.0,0.0,0.0,0.0,0.0,0.0,0.0,0.0,0.0,0.0001091703056768559,0.0,0.41021728515625,1.52587890625e-05,0.0,1.0,0.0,0.0,0.0,0.0,0.0,0.0,0.0,0.0
205115,0.00033570872690095066,0.3529411764705882,0.9998698702437263,0.004251012145748988,0.002183406113537118,0.0002225441404430444,0.00019976738530953374,0.009931719428926133,0.0,0.007747962509137994,0.008736085312671723,0.6684931506849315,0.0,0.09132472048108364,0.284505952267003,2.611678343104705e-05,2.6676951149307282e-05,0.9996480305874365,6.667185432857462e-08,0.1399539246194103,0.9998728725335513,0.9998698702981113,0.9996480574065688,9.380332192426483e-08,0.1399539246194103,0.9998728727793963,0.0032801416275013737,0.00018615940358965028,0.0005775879501292856,0.0017362600558775076,7.189119189027096e-08,0.0,0.0,0.0,0.0,0.004984039872318979,0.003536886230159596,1.3973506232175e-05,2.54063749676e-05,0.0,0.015145872129112354,0.042220140339421265,0.023527104438524276,0.00055352464326126,0.0,0.0,0.0,1.0,0.0,0.0,0.0,0.0,0.0,0.04320788870373378,0.007747962509137994,0.09132472048108364,0.0,0.0,0.0,0.0,0.0,0.0,0.004251012145748988,0.0002225441404430444,0.002183406113537118,0.00019976738530953374,0.41021728515625,0.0035247802734375,0.015518913676042677,0.8,0.0,0.0,0.0,0.0,0.0,0.0,0.0,0.0
642063,0.000808752842079563,1.0,0.9998694705955803,0.00020242914979757084,0.0002183406113537118,1.1173764373709343e-05,4.572536774439609e-05,0.00074487895716946,0.0392156862745098,0.00427920941927242,0.0,0.2089041095890411,0.4433139534883721,0.20903594556645788,0.0,6.035192223116272e-05,3.806214606132628e-05,0.99964802811581,2.822614585842297e-08,0.13995379502711947,0.9998728725568642,0.9998694665090974,0.9996480681935477,0.0,0.13995379502711947,0.9998728962840872,2.1667712314350104e-07,2.336463736433806e-07,0.0,2.1764043531602794e-07,2.336463736433806e-07,0.0,0.0,0.0,0.0,0.00011200089600716806,8.733052420147152e-05,1.903094431545e-05,3.80618886309e-05,0.06091370558375634,0.00473308504034761,0.05981478654511364,0.015976438160445278,0.000255246576294635,0.0,0.0,0.0,0.0,0.0,0.0,0.0,0.0,0.01282051282051282,0.07473822479078664,0.00427920941927242,0.20903594556645788,0.0,0.0,0.0,0.0,0.0,0.0,0.00020242914979757084,1.1173764373709343e-05,0.0002183406113537118,4.572536774439609e-05,0.0,0.0,0.0009699321047526673,0.2,0.0,0.0,0.0,0.0,0.0,0.0,0.0,0.0
449440,0.000808752842079563,1.0,0.9998694488620081,0.0,0.0001091703056768559,5.004915292390643e-06,1.6041358520165186e-05,0.0006672873991309746,0.035130718954248366,0.003833458438098209,0.0,0.14657534246575343,0.311046511627907,0.14666784377449832,0.0,9.166330285528511e-05,7.940314768495846e-05,0.9996480208959883,0.0,0.13995378087707455,0.9998728792020973,0.9998694421197557,0.9996480024200123,0.0,0.13995377534960354,0.9998728725293126,0.0,0.0,0.0,0.0,0.0,0.0,0.0,0.0,0.0,5.600044800358403e-05,4.366526210073576e-05,3.97014451326e-05,7.94028902652e-05,0.05456852791878172,0.0033209186840471756,0.03966497781506209,0.011205253729877653,0.00012555771115100442,0.0,0.0,0.0,0.0,0.0,0.0,0.0,0.0,0.01282051282051282,0.05947338842768167,0.003833458438098209,0.14666784377449832,0.0,0.0,0.0,0.0,0.0,0.0,0.0,5.004915292390643e-06,0.0001091703056768559,1.6041358520165186e-05,0.0,0.0,0.0,0.2,0.0,0.0,0.0,0.0,0.0,0.0,0.0,0.0
374844,0.00033570872690095066,0.3529411764705882,0.9998694420185875,0.0,0.0001091703056768559,0.0,0.0,0.0,0.0,0.0,0.0,0.0,0.0,0.0,0.0,0.0,0.07142857166762312,0.999648002440551,0.0,0.1399537753557481,0.9998728725367303,0.9998694421197557,0.9996480024200123,0.0,0.13995377534960354,0.9998728725293126,0.0,0.0,0.0,0.0,0.0,0.0,0.0,0.0,0.0,0.00022400179201433613,0.00017466104840294303,0.03571428571428575,0.0714285714285715,0.0,0.0,0.0,0.0,0.0,0.0,0.0,0.0,0.0,1.0,1.0,0.0,0.0,0.01282051282051282,0.0,0.0,0.0,0.0,0.0,0.0,0.0,0.0,0.0,0.0,0.0,0.0001091703056768559,0.0,0.003692626953125,0.0035247802734375,0.0,0.8,0.0,0.0,0.0,0.0,0.0,0.0,0.0,0.0
501509,0.000808752842079563,1.0,0.9998694556510295,0.0,0.0001091703056768559,5.121308671283449e-06,7.4959619253108346e-06,0.0006828057107386717,0.03594771241830066,0.003922608634333051,0.0,0.0684931506849315,0.14534883720930233,0.06853637559555996,0.0,2.5796746627176194e-05,3.9882206859632724e-05,0.9996480392047209,0.0,0.13995378635451128,0.9998728858144805,0.9998694421197557,0.9996480024200123,0.0,0.13995377534960354,0.9998728725293126,0.0,0.0,0.0,0.0,0.0,0.0,0.0,0.0,0.0,5.600044800358403e-05,4.366526210073576e-05,1.994097471485e-05,3.98819494297e-05,0.055837563451776644,0.0015518311607697084,0.02485671943078547,0.0036695567770347617,1.3465646939897312e-05,0.0,0.0,0.0,0.0,0.0,0.0,0.0,0.0,0.01282051282051282,0.03726999008134718,0.003922608634333051,0.06853637559555996,0.0,0.0,0.0,0.0,0.0,0.0,0.0,5.121308671283449e-06,0.0001091703056768559,7.4959619253108346e-06,0.0,0.0,0.0,0.2,0.0,0.0,0.0,0.0,0.0,0.0,0.0,0.0
685820,0.000808752842079563,1.0,0.9998694424385494,0.0,0.0001091703056768559,4.53934177681942e-06,4.122779058920959e-06,0.0006052141527001862,0.031862745098039214,0.0034768576531588407,0.0,0.03767123287671233,0.07994186046511628,0.03769500657755798,0.0,0.0005371942743091117,0.0012722648881559181,0.9996480035731103,0.0,0.13995377569457673,0.9998728729457655,0.9998694421197557,0.9996480024200123,0.0,0.13995377534960354,0.9998728725293126,0.0,0.0,0.0,0.0,0.0,0.0,0.0,0.0,0.0,5.600044800358403e-05,4.366526210073576e-05,0.000636132315521625,0.00127226463104325,0.049492385786802026,0.0008535071384233396,0.01758480683133097,0.0010484447934352606,1.0992364848891821e-06,0.0,0.0,0.0,0.0,0.0,0.0,0.0,0.0,0.01282051282051282,0.026366535536272207,0.0034768576531588407,0.03769500657755798,0.0,0.0,0.0,0.0,0.0,0.0,0.0,4.53934177681942e-06,0.0001091703056768559,4.122779058920959e-06,0.0,0.0,0.0,0.2,0.0,0.0,0.0,0.0,0.0,0.0,0.0,0.0
261704,0.00033570872690095066,0.3529411764705882,0.999869788832045,0.004048582995951417,0.002183406113537118,0.0002244064345053293,0.00019976738530953374,0.009931719428926133,0.0,0.008184837063844331,0.008866982507613535,0.6684931506849315,0.0,0.09132472048108364,0.284505952267003,3.236008288028074e-05,3.21546991366971e-05,0.9996480258028165,4.0485524208376494e-08,0.13995384785102777,0.9998728725356706,0.999869788877726,0.999648049177112,5.8235404409054294e-08,0.13995384785102777,0.9998728727539641,0.0026563948598552784,0.00015075961314083998,0.00038234075020378066,0.0010360856631079246,1.0783678783540644e-07,0.0,0.0,0.0,0.0,0.0047600380803046426,0.003536886230159596,1.646934819025e-05,3.137018702905e-05,0.0,0.015145872129112354,0.043376486453454474,0.023734549568842283,0.0005633288432358147,0.0,0.0,0.0,1.0,0.0,0.0,0.0,0.0,0.0,0.04441646716233105,0.008184837063844331,0.09132472048108364,0.0,0.0,0.0,0.0,0.0,0.0,0.004048582995951417,0.0002244064345053293,0.002183406113537118,0.00019976738530953374,0.41021728515625,0.0035247802734375,0.015518913676042677,0.8,0.0,0.0,0.0,0.0,0.0,0.0,0.0,0.0
382627,0.00033570872690095066,0.3529411764705882,0.9998694420174995,0.0,0.0001091703056768559,0.0,0.0,0.0,0.0,0.0,0.0,0.0,0.0,0.0,0.0,0.0,0.08333333356932011,0.9996480024376169,0.0,0.1399537753548703,0.9998728725356706,0.9998694421197557,0.9996480024200123,0.0,0.13995377534960354,0.9998728725293126,0.0,0.0,0.0,0.0,0.0,0.0,0.0,0.0,0.0,0.00022400179201433613,0.00017466104840294303,0.04166666666666675,0.0833333333333335,0.0,0.0,0.0,0.0,0.0,0.0,0.0,0.0,0.0,1.0,1.0,0.0,0.0,0.01282051282051282,0.0,0.0,0.0,0.0,0.0,0.0,0.0,0.0,0.0,0.0,0.0,0.0001091703056768559,0.0,0.003692626953125,0.0035247802734375,0.0,0.8,0.0,0.0,0.0,0.0,0.0,0.0,0.0,0.0
8048,0.0003204492393145438,0.3529411764705882,0.9998694420120596,0.0,0.0001091703056768559,0.0,0.0,0.0,0.0,0.0,0.0,0.0,0.0,0.0,0.0,0.0,0.5000000001287201,0.9996480024229464,0.0,0.13995377535048134,0.9998728725303723,0.9998694421197557,0.9996480024200123,0.0,0.13995377534960354,0.9998728725293126,0.0,0.0,0.0,0.0,0.0,0.0,0.0,0.0,0.0,0.00028000224001792015,0.00010916315525183939,0.25,0.5,0.0,0.0,0.0,0.0,0.0,0.0,0.0,0.0,1.0,0.0,0.0,0.0,0.0,0.01282051282051282,0.0,0.0,0.0,0.0,0.0,0.0,0.0,0.0,0.0,0.0,0.0,0.0001091703056768559,0.0,0.41021728515625,1.52587890625e-05,0.0,1.0,0.0,0.0,0.0,0.0,0.0,0.0,0.0,0.0
476344,0.006790471975951048,0.3529411764705882,0.9998706297622281,0.001012145748987854,0.0005458515283842794,5.295898739622657e-05,2.5336351307550622e-05,0.0021725636250775914,0.0,0.006760556547805886,0.00399320218452724,0.09931506849315068,0.0,0.04633058990259853,0.07384276992570547,1.6314221207586749e-06,2.51926680020144e-06,0.9996483227345181,3.317008320239656e-07,0.13995401491899276,0.9998728725992513,0.9998706297981174,0.9996486430097071,2.872411699263653e-07,0.13995401499272747,0.9998728727603221,0.009097380691096517,0.002452462421148505,2.540776523466517e-06,0.002285869121338268,0.002449701350059969,0.0,0.0,0.0,0.0,0.0009240073920591365,0.0006113136694103006,1.3740051058e-06,2.29000850965e-06,0.0,0.002250155183116077,0.02621193950610698,0.007196045798239752,5.1783075130283886e-05,0.0,0.0,0.0,1.0,0.0,0.0,0.0,0.0,0.0,0.028583270923118555,0.006760556547805886,0.04633058990259853,0.0,0.0,0.0,0.0,0.0,0.0,0.001012145748987854,5.295898739622657e-05,0.0005458515283842794,2.5336351307550622e-05,0.1250152587890625,1.52587890625e-05,0.0038797284190106693,0.5,0.0,0.0,0.0,0.0,0.0,0.0,0.0,0.0
924680,0.0012207590069125479,0.3529411764705882,0.9999990135508431,0.0038461538461538464,0.0017467248908296944,0.00015352286675961066,0.00017720453991434813,0.006765983860955929,0.0,0.005879455441687834,0.010119457320985238,0.5397260273972603,0.0,0.10126249494243984,0.33624933943796853,6.945615803391353e-08,7.58284934804787e-08,0.9996579861467132,1.0927350858207744e-05,0.1399625706681507,0.9998728725695802,0.9999990136596413,0.9996663934955139,1.1002798129667282e-05,0.13996258055562627,0.9998728728631108,0.9475651112463269,0.0681182978069679,0.05004123940746721,0.08396846741665281,5.436771386701741e-06,0.0,0.0,0.0,0.0,0.0028840230721845776,0.002532585201842674,4.19839185e-08,6.71742696e-08,0.0,0.012228429546865302,0.03948273332238222,0.02719287354959194,0.000739452371883852,0.0,0.0,0.0,1.0,0.0,0.0,0.0,0.0,0.0,0.04056305362578643,0.005879455441687834,0.10126249494243984,0.0,0.0,0.0,0.0,0.0,0.0,0.0038461538461538464,0.00015352286675961066,0.0017467248908296944,0.00017720453991434813,0.1250152587890625,0.0044708251953125,0.013579049466537343,0.5,0.003329235312877276,0.018880355444216658,0.03550734757906258,0.00011081077528324375,2.9457839751115005e-05,8.690703139086485e-08,1.022656491603736e-05,0.000788488851860668
251474,0.00033570872690095066,0.3529411764705882,0.9998694420196755,0.0,0.0001091703056768559,0.0,0.0,0.0,0.0,0.0,0.0,0.0,0.0,0.0,0.0,0.0,0.06250000024135019,0.9996480024434851,0.0,0.1399537753566259,0.99987287253779,0.9998694421197557,0.9996480024200123,0.0,0.13995377534960354,0.9998728725293126,0.0,0.0,0.0,0.0,0.0,0.0,0.0,0.0,0.0,0.00022400179201433613,0.00017466104840294303,0.03125,0.0625,0.0,0.0,0.0,0.0,0.0,0.0,0.0,0.0,0.0,1.0,1.0,0.0,0.0,0.01282051282051282,0.0,0.0,0.0,0.0,0.0,0.0,0.0,0.0,0.0,0.0,0.0,0.0001091703056768559,0.0,0.003692626953125,0.0035247802734375,0.0,0.8,0.0,0.0,0.0,0.0,0.0,0.0,0.0,0.0
336727,0.00033570872690095066,0.3529411764705882,0.9998694420185875,0.0,0.0001091703056768559,0.0,0.0,0.0,0.0,0.0,0.0,0.0,0.0,0.0,0.0,0.0,0.07142857166762312,0.999648002440551,0.0,0.1399537753557481,0.9998728725367303,0.9998694421197557,0.9996480024200123,0.0,0.13995377534960354,0.9998728725293126,0.0,0.0,0.0,0.0,0.0,0.0,0.0,0.0,0.0,0.00022400179201433613,0.00017466104840294303,0.03571428571428575,0.0714285714285715,0.0,0.0,0.0,0.0,0.0,0.0,0.0,0.0,0.0,1.0,1.0,0.0,0.0,0.01282051282051282,0.0,0.0,0.0,0.0,0.0,0.0,0.0,0.0,0.0,0.0,0.0,0.0001091703056768559,0.0,0.003692626953125,0.0035247802734375,0.0,0.8,0.0,0.0,0.0,0.0,0.0,0.0,0.0,0.0
923131,0.006759953000778234,0.3529411764705882,0.9998694423101673,0.0,0.0002183406113537118,0.0,0.0,0.0,0.0,0.0,0.0,0.0,0.0,0.0,0.0,0.0,0.0027272729840108157,0.9996480028234499,4.5810676409437676e-10,0.13995377559099698,0.9998728725293126,0.9998694421197557,0.9996480024200123,0.0,0.13995377534960354,0.9998728725293126,0.0,0.0,0.0,0.0,0.0,0.0,0.0,0.0,0.0,0.00014000112000896008,0.00021832631050367878,0.0009090909090909,0.00363636363636365,0.0,0.0,0.0,0.0,0.0,1.0,0.0,0.0,0.0,1.0,0.0,0.0,0.0,0.02564102564102564,0.0,0.0,0.0,0.0,0.0,0.0,0.0,0.0,0.0,0.0,0.0,0.0002183406113537118,0.0,1.52587890625e-05,1.52587890625e-05,0.0,0.5,0.0,0.0,0.0,0.0,0.0,0.0,0.0,0.0
478448,0.000808752842079563,1.0,0.9998694883732421,0.00020242914979757084,0.0002183406113537118,7.681963006925173e-06,1.903974329028952e-05,0.0005121042830540037,0.02696078431372549,0.0029419564757497884,0.0,0.08698630136986302,0.18459302325581395,0.08704119700636115,0.0,1.6865683266447614e-05,2.3467274541608584e-05,0.99964804409683,3.646163295233737e-08,0.13995380231456814,0.9998728725632222,0.9998694755415422,0.9996480925523775,0.0,0.13995380231456814,0.9998729050815239,2.6667953617661665e-07,2.8756476756108383e-07,0.0,2.6786515115818824e-07,2.8756476756108383e-07,0.0,0.0,0.0,0.0,0.00011200089600716806,8.733052420147152e-05,1.1733508553725e-05,2.346701710745e-05,0.04187817258883248,0.0019708255741775296,0.028003474337433835,0.005843522128725958,3.41467508688912e-05,0.0,0.0,0.0,0.0,0.0,0.0,0.0,0.0,0.01282051282051282,0.03499017685828605,0.0029419564757497884,0.08704119700636115,0.0,0.0,0.0,0.0,0.0,0.0,0.00020242914979757084,7.681963006925173e-06,0.0002183406113537118,1.903974329028952e-05,0.0,0.0,0.0009699321047526673,0.2,0.0,0.0,0.0,0.0,0.0,0.0,0.0,0.0
862301,0.0012207590069125479,0.3529411764705882,0.9998694421567615,0.00020242914979757084,0.0,0.0,0.0,0.0,0.0,0.0,0.0,0.0,0.0,0.0,0.0,0.0,0.0037313435400617026,0.9996480028131806,0.0,0.13995377546722798,0.9998728726713092,0.9998694422655456,0.9996480028131806,0.0,0.13995377546722798,0.9998728726713092,0.0,0.0,0.0,0.0,0.0,0.0,0.0,0.0,0.0,0.00028000224001792015,0.0,0.0037313432835821,0.0,0.0,0.0,0.0,0.0,0.0,0.0,0.0,0.0,0.0,1.0,0.0,0.0,0.0,0.0,0.0,0.0,0.0,0.0,0.0,0.0,0.0,0.0,0.0,0.00020242914979757084,0.0,0.0,0.0,0.0039215087890625,0.0,0.0,0.5,0.0,0.0,0.0,0.0,0.0,0.0,0.0,0.0
143392,0.0003204492393145438,0.3529411764705882,0.9998694420316433,0.0,0.0001091703056768559,0.0,0.0,0.0,0.0,0.0,0.0,0.0,0.0,0.0,0.0,0.0,0.026315789724349715,0.99964800247576,0.0,0.13995377536628165,0.9998728725494465,0.9998694421197557,0.9996480024200123,0.0,0.13995377534960354,0.9998728725293126,0.0,0.0,0.0,0.0,0.0,0.0,0.0,0.0,0.0,0.00028000224001792015,0.00010916315525183939,0.0131578947368421,0.0263157894736842,0.0,0.0,0.0,0.0,0.0,0.0,0.0,0.0,1.0,0.0,0.0,0.0,0.0,0.01282051282051282,0.0,0.0,0.0,0.0,0.0,0.0,0.0,0.0,0.0,0.0,0.0,0.0001091703056768559,0.0,0.41021728515625,1.52587890625e-05,0.0,1.0,0.0,0.0,0.0,0.0,0.0,0.0,0.0,0.0
487857,0.0,0.0,0.9999919944839193,0.00040485829959514163,0.0,0.0,0.0,0.0,0.0,0.0,0.0,0.0,0.0,0.0,0.0,0.0,6.915715848219618e-09,0.9998132530758177,1.6075382812765926e-09,0.14000321393077186,0.9999325539564645,0.9999919945927167,0.9998132530758177,1.6075382812765926e-09,0.14000321393077186,0.9999325539564645,0.0,0.0,0.0,0.0,0.0,0.0,0.0,0.0,0.0,0.0,0.0,6.658275649999999e-09,0.0,0.0,0.0,0.0,0.0,0.0,0.0,0.0,0.0,0.0,0.0,0.0,0.0,0.0,0.0,0.0,0.0,0.0,0.0,0.0,0.0,0.0,0.0,0.0,0.00040485829959514163,0.0,0.0,0.0,0.0,0.0,0.0,0.0,0.0,0.0,0.0,0.0,0.00016591791618986949,2.8049618399761538e-09,5.7483632566869536e-05,0.004468809489804015
914953,0.05171440343033281,0.3529411764705882,0.9998724949892743,0.0014170040485829958,0.0007641921397379913,0.00013129173139108478,0.00011851115803916429,0.010257603972687771,0.0,0.012570177669112732,0.014125094513264254,0.8034246575342466,0.0,0.15479429973794248,0.4552779038383969,2.1682229905902304e-06,1.3366379583558958e-06,0.9996485905140688,6.057751100430794e-07,0.13995459830726137,0.9998728725335513,0.9998724950980588,0.9996491786081253,9.655882193004822e-07,0.13995491166228793,0.9998728725335513,0.020954869580414502,0.0037659946257080526,0.003024897880936152,0.007847854603130783,0.002647590842136926,0.0,0.0,0.0,0.0,0.0012040096320770567,0.0008296399799139793,7.12736276525e-07,1.24728848395e-06,0.0,0.01820297951582868,0.06715776556312701,0.03606169834762521,0.0013004460877147237,0.0,0.0,0.0,1.0,0.0,0.0,0.0,0.0,0.0,0.07160595966692873,0.012570177669112732,0.15479429973794248,0.0,0.0,0.0,0.0,0.0,0.0,0.0014170040485829958,0.00013129173139108478,0.0007641921397379913,0.00011851115803916429,0.9802398681640625,0.9593658447265625,0.004849660523763337,0.5,0.0,0.0,0.0,0.0,0.0,0.0,0.0,0.0
992504,0.05171440343033281,0.3529411764705882,0.9998761647577843,0.0020242914979757085,0.0008733624454148472,0.00013361959896894088,0.0002064387914230604,0.010505896958410926,0.0,0.00930403866159664,0.012835261684409164,0.8034246575342466,0.0,0.23593647298771517,0.5507409112443676,1.4182708194007859e-06,7.68979669902034e-07,0.9996490096423726,1.5714295098997655e-06,0.13995619525833047,0.9998728725324916,0.9998761648665692,0.9996498154202609,1.976314616083091e-06,0.13995619525833047,0.9998728725324916,0.05046756881409169,0.0077742826805030875,0.011357025961574825,0.023962956928246334,0.0009682125995801967,0.0,0.0,0.0,0.0,0.0017080136641093129,0.0009388031351658187,4.4504971205e-07,6.473450357e-07,0.0,0.01820297951582868,0.07738637171718614,0.04207131140638686,0.0017699952434527193,0.0,0.0,1.0,1.0,0.0,0.0,0.0,1.0,0.0,0.08142637250693972,0.00930403866159664,0.23593647298771517,0.0,0.0,0.0,0.0,0.0,0.0,0.0020242914979757085,0.00013361959896894088,0.0008733624454148472,0.0002064387914230604,0.1250152587890625,0.9590606689453125,0.004849660523763337,0.5,0.0,0.0,0.0,0.0,0.0,0.0,0.0,0.0
1039623,0.006759953000778234,0.3529411764705882,0.9998917887080173,0.0016194331983805667,0.001091703056768559,0.0001319900916644416,0.00031483040086305504,0.012678460583488517,0.0,0.0112329247255901,0.017033592483290776,1.0,0.0,0.2878527775013518,0.618155124950805,5.832548085405952e-07,2.3151868249039783e-07,0.9996513504700834,7.558212831547869e-06,0.13996252125271788,0.9998728725293126,0.9998809117742471,0.9996518688616286,8.221914047839908e-06,0.13996250990283693,0.9998728728037688,0.1708875800831355,0.02047453157124706,0.051844301692255415,0.08399825067314722,0.0,0.0,0.0,0.0,0.0,0.0013440107520860168,0.0012226273388206011,1.0954479899999999e-07,2.4343288665e-07,0.0,0.02265673494723774,0.1057864958327706,0.052916034033362286,0.0028001066578196335,0.0,0.0,0.0,1.0,0.0,0.0,0.0,0.0,0.01282051282051282,0.11130914170992831,0.0112329247255901,0.2878527775013518,0.0,0.0,0.0,0.0,0.0,0.0,0.0016194331983805667,0.0001319900916644416,0.001091703056768559,0.00031483040086305504,0.1250152587890625,0.0009765625,0.0038797284190106693,0.5,0.003088647899265223,0.006889126887196605,0.005842216655588388,0.0003350791429420583,2.9332817302974203e-05,3.758358195947442e-08,1.0169108198668887e-05,0.0007895397127668015
124376,0.0003204492393145438,0.3529411764705882,0.9998694420120596,0.0,0.0001091703056768559,0.0,0.0,0.0,0.0,0.0,0.0,0.0,0.0,0.0,0.0,0.0,0.5000000001287201,0.9996480024229464,0.0,0.13995377535048134,0.9998728725303723,0.9998694421197557,0.9996480024200123,0.0,0.13995377534960354,0.9998728725293126,0.0,0.0,0.0,0.0,0.0,0.0,0.0,0.0,0.0,0.00028000224001792015,0.00010916315525183939,0.25,0.5,0.0,0.0,0.0,0.0,0.0,0.0,0.0,0.0,1.0,0.0,0.0,0.0,0.0,0.01282051282051282,0.0,0.0,0.0,0.0,0.0,0.0,0.0,0.0,0.0,0.0,0.0,0.0001091703056768559,0.0,0.41021728515625,1.52587890625e-05,0.0,1.0,0.0,0.0,0.0,0.0,0.0,0.0,0.0,0.0
173112,0.0003204492393145438,0.3529411764705882,0.9998694420142356,0.0,0.0001091703056768559,0.0,0.0,0.0,0.0,0.0,0.0,0.0,0.0,0.0,0.0,0.0,0.16666666688120027,0.9996480024288146,0.0,0.13995377535223694,0.9998728725324916,0.9998694421197557,0.9996480024200123,0.0,0.13995377534960354,0.9998728725293126,0.0,0.0,0.0,0.0,0.0,0.0,0.0,0.0,0.0,0.00028000224001792015,0.00010916315525183939,0.08333333333333325,0.1666666666666665,0.0,0.0,0.0,0.0,0.0,0.0,0.0,0.0,1.0,0.0,0.0,0.0,0.0,0.01282051282051282,0.0,0.0,0.0,0.0,0.0,0.0,0.0,0.0,0.0,0.0,0.0,0.0001091703056768559,0.0,0.41021728515625,1.52587890625e-05,0.0,1.0,0.0,0.0,0.0,0.0,0.0,0.0,0.0,0.0
792164,0.006759953000778234,0.3529411764705882,0.9999972267783371,0.0024291497975708503,0.001200873362445415,6.99524207145762e-05,0.00023912118541741562,0.0031191806331471138,0.0,0.004121482149013519,0.004421338223825829,0.9794520547945206,0.0,0.19875548922712388,0.5642761478969508,7.249254647501403e-08,5.134259921178236e-08,0.9996629855434973,3.9572732519003015e-05,0.14000517975999346,0.9998728725303723,0.9999972268871351,0.9996767200733586,5.34738864135968e-05,0.14000517975999346,0.9998728726808463,0.9775043727318541,0.10540584469459044,0.29160488863718653,0.49150691265783797,8.98639898628387e-09,0.0,0.0,0.0,0.0,0.0019040152321218571,0.001266292600921337,2.7671127799999998e-08,4.682806245e-08,0.0,0.02219118559900683,0.060147972358760154,0.04194489271167378,0.001759374024593624,0.0,0.0,0.0,1.0,0.0,0.0,0.0,0.0,0.0,0.06262878209147045,0.004121482149013519,0.19875548922712388,0.0,0.0,0.0,0.0,0.0,0.0,0.0024291497975708503,6.99524207145762e-05,0.001200873362445415,0.00023912118541741562,0.1250152587890625,0.0027008056640625,0.005819592628516004,0.5,0.0030362152427608788,0.003741110026874637,0.004531528633361129,0.001540901852160629,0.0001718660857028965,1.2840882767714602e-06,5.976935764216698e-05,0.00461152995318575
465378,0.0012207590069125479,0.3529411764705882,0.9998694421023623,0.00020242914979757084,0.0,0.0,0.0,0.0,0.0,0.0,0.0,0.0,0.0,0.0,0.0,0.0,0.005952381208288769,0.999648002666476,0.0,0.13995377542333826,0.9998728726183254,0.9998694422111464,0.999648002666476,0.0,0.13995377542333826,0.9998728726183254,0.0,0.0,0.0,0.0,0.0,0.0,0.0,0.0,0.0,0.00028000224001792015,0.0,0.0059523809523809494,0.0,0.0,0.0,0.0,0.0,0.0,0.0,0.0,0.0,0.0,1.0,0.0,0.0,0.0,0.0,0.0,0.0,0.0,0.0,0.0,0.0,0.0,0.0,0.0,0.00020242914979757084,0.0,0.0,0.0,0.0042572021484375,0.0,0.0,0.5,0.0,0.0,0.0,0.0,0.0,0.0,0.0,0.0
293375,0.00033570872690095066,0.3529411764705882,0.9998698572325233,0.004251012145748988,0.00240174672489083,0.0002225441404430444,0.00019976738530953374,0.009931719428926133,0.0,0.007747962509137994,0.008736085312671723,0.6684931506849315,0.0,0.08302247316464642,0.2737832352974904,2.693516766199551e-05,2.8823005393579804e-05,0.9996480284613051,3.610065315949985e-08,0.13995381747583213,0.9998728725324916,0.9998698572912602,0.9996480557362323,5.3261256605001804e-08,0.1399538455318951,0.999872872786814,0.0031804451496488468,0.00016331068462525892,0.00037621093622349904,0.0010835731319366873,6.290479290398709e-08,0.0,0.0,0.0,0.0,0.004984039872318979,0.0038862083269654824,1.44113739804e-05,2.88227479608e-05,0.0,0.015145872129112354,0.04034368965767097,0.023123658359639084,0.0005347035759330538,0.0,0.0,0.0,1.0,0.0,0.0,0.0,0.0,0.01282051282051282,0.04124389376264055,0.007747962509137994,0.08302247316464642,0.0,0.0,0.0,0.0,0.0,0.0,0.004251012145748988,0.0002225441404430444,0.00240174672489083,0.00019976738530953374,0.41021728515625,0.0035247802734375,0.015518913676042677,0.8,0.0,0.0,0.0,0.0,0.0,0.0,0.0,0.0
935753,0.000808752842079563,1.0,0.9998695626705947,0.00020242914979757084,0.0002183406113537118,1.9321300896205738e-05,2.413699739950089e-05,0.0012880198634388578,0.06781045751633988,0.007399466287491892,0.0,0.11027397260273973,0.23401162790697674,0.11034356470885154,0.0,9.882720560274228e-06,9.017227375303605e-06,0.999648110885561,1.1615710103062251e-07,0.1399538570266121,0.9998728729807349,0.9998695623158975,0.9996483265667354,0.0,0.139953872324812,0.9998729895981658,0.0007789875926429082,0.0008399946588438984,0.0,0.0007824508481050152,0.0008399946588438984,0.0,0.0,0.0,0.0,0.00011200089600716806,8.733052420147152e-05,4.5084849687000005e-06,9.016969937400001e-06,0.10532994923857868,0.0024984481688392303,0.04529740466480091,0.004848880064260274,2.3511637877584208e-05,0.0,0.0,0.0,0.0,0.0,0.0,0.0,0.0,0.01282051282051282,0.05659884132034372,0.007399466287491892,0.11034356470885154,0.0,0.0,0.0,0.0,0.0,0.0,0.00020242914979757084,1.9321300896205738e-05,0.0002183406113537118,2.413699739950089e-05,0.0,0.0,0.0009699321047526673,0.2,0.0,0.0,0.0,0.0,0.0,0.0,0.0,0.0
847243,0.000808752842079563,1.0,0.9998694559621929,0.0,0.0001091703056768559,4.655735155712226e-06,1.2593216034522202e-05,0.0006207324643078833,0.032679738562091505,0.0035660078493936825,0.0,0.11506849315068493,0.2441860465116279,0.11514111100054072,0.0,3.643088861198877e-05,3.899269289768672e-05,0.9996480400438711,0.0,0.1399537866055605,0.9998728861175481,0.9998694421197557,0.9996480024200123,0.0,0.13995377534960354,0.9998728725293126,0.0,0.0,0.0,0.0,0.0,0.0,0.0,0.0,0.0,5.600044800358403e-05,4.366526210073576e-05,1.949621773375e-05,3.89924354675e-05,0.050761421319796954,0.00260707635009311,0.03278971499379788,0.008387558347516134,7.035113503293471e-05,0.0,0.0,0.0,0.0,0.0,0.0,0.0,0.0,0.01282051282051282,0.04916466776688352,0.0035660078493936825,0.11514111100054072,0.0,0.0,0.0,0.0,0.0,0.0,0.0,4.655735155712226e-06,0.0001091703056768559,1.2593216034522202e-05,0.0,0.0,0.0,0.2,0.0,0.0,0.0,0.0,0.0,0.0,0.0,0.0
580265,0.0,0.0,0.9998694883699781,0.0008097165991902834,0.0,0.0,0.0,0.0,0.0,0.0,0.0,0.0,0.0,0.0,0.0,0.0,2.9336094090697712e-05,0.999648033675425,3.7045222329456935e-08,0.13995380513931036,0.9998728727878737,0.9998694884787622,0.999648033675425,3.7045222329456935e-08,0.13995380513931036,0.9998728727878737,0.0,0.0,0.0,0.0,0.0,0.0,0.0,0.0,0.0,0.0,0.0,2.9335836658049996e-05,0.0,0.0,0.0,0.0,0.0,0.0,0.0,0.0,0.0,0.0,0.0,0.0,0.0,0.0,0.0,0.0,0.0,0.0,0.0,0.0,0.0,0.0,0.0,0.0,0.0008097165991902834,0.0,0.0,0.0,0.0,0.0,0.0,0.0,0.0,0.0,0.0,0.0,0.0,0.0,0.0,0.0
266426,0.00033570872690095066,0.3529411764705882,0.9998694420164115,0.0,0.0001091703056768559,0.0,0.0,0.0,0.0,0.0,0.0,0.0,0.0,0.0,0.0,0.0,0.1000000002316962,0.9996480024346828,0.0,0.1399537753539925,0.999872872534611,0.9998694421197557,0.9996480024200123,0.0,0.13995377534960354,0.9998728725293126,0.0,0.0,0.0,0.0,0.0,0.0,0.0,0.0,0.0,0.00022400179201433613,0.00017466104840294303,0.049999999999999996,0.09999999999999999,0.0,0.0,0.0,0.0,0.0,0.0,0.0,0.0,0.0,1.0,1.0,0.0,0.0,0.01282051282051282,0.0,0.0,0.0,0.0,0.0,0.0,0.0,0.0,0.0,0.0,0.0,0.0001091703056768559,0.0,0.003692626953125,0.0035247802734375,0.0,0.8,0.0,0.0,0.0,0.0,0.0,0.0,0.0,0.0
1005542,0.05171440343033281,0.3529411764705882,0.999871938904233,0.0014170040485829958,0.0007641921397379913,0.00013361959896894088,0.00011851115803916429,0.010505896958410926,0.0,0.012793053159699837,0.014474463116787318,0.8034246575342466,0.0,0.15479429973794248,0.4552779038383969,2.670682227086356e-06,1.634264303479275e-06,0.9996484833956175,5.880910850628193e-07,0.1399546119841751,0.9998728726172658,0.9998719390130174,0.9996489643712227,9.527326600035932e-07,0.13995485232426777,0.9998728726172658,0.01726747496622941,0.0031032986233972006,0.0035318887510599234,0.0079782798193869,0.0018279683497949334,0.0,0.0,0.0,0.0,0.0012040096320770567,0.0008296399799139793,8.714703272999999e-07,1.5250730728e-06,0.0,0.01820297951582868,0.06765357778581528,0.036254867373183286,0.0013144154082471075,0.0,0.0,0.0,1.0,0.0,0.0,0.0,0.0,0.0,0.07213461200849491,0.012793053159699837,0.15479429973794248,0.0,0.0,0.0,0.0,0.0,0.0,0.0014170040485829958,0.00013361959896894088,0.0007641921397379913,0.00011851115803916429,0.1250152587890625,0.9590606689453125,0.004849660523763337,0.5,0.0,0.0,0.0,0.0,0.0,0.0,0.0,0.0
546281,0.9696031007278776,0.3529411764705882,0.9998694421785211,0.00020242914979757084,0.0,0.0,0.0,0.0,0.0,0.0,0.0,0.0,0.0,0.0,0.0,0.0,0.003246753503357606,0.9996480028718624,0.0,0.13995377548478388,0.9998728726925028,0.9998694422873052,0.9996480028718624,0.0,0.13995377548478388,0.9998728726925028,0.0,0.0,0.0,0.0,0.0,0.0,0.0,0.0,0.0,0.00028000224001792015,0.0,0.00324675324675325,0.0,0.0,0.0,0.0,0.0,0.0,0.0,0.0,0.0,0.0,1.0,0.0,0.0,0.0,0.0,0.0,0.0,0.0,0.0,0.0,0.0,0.0,0.0,0.0,0.00020242914979757084,0.0,0.0,0.0,0.00396728515625,0.0,0.0,0.5,0.0,0.0,0.0,0.0,0.0,0.0,0.0,0.0
224913,0.00033570872690095066,0.3529411764705882,0.9998698556864978,0.004251012145748988,0.00240174672489083,0.00022813102262989908,0.00019976738530953374,0.009931719428926133,0.0,0.00794247202819421,0.008752921671849528,0.6684931506849315,0.0,0.08302247316464642,0.2737832352974904,2.731936288847546e-05,2.8930724370477073e-05,0.9996480283643435,4.820423262956447e-08,0.139953861171557,0.9998728725324916,0.9998698557452347,0.9996480555376921,6.780255781748711e-08,0.139953861171557,0.9998728728101269,0.003168602911495504,0.000162702604960521,0.0004326090959935702,0.001126933803280419,9.885038884912257e-08,0.0,0.0,0.0,0.0,0.004984039872318979,0.0038862083269654824,1.4465233468875e-05,2.893046693775e-05,0.0,0.015145872129112354,0.040766782754378186,0.02312472522348347,0.0005347529166616369,0.0,0.0,0.0,1.0,0.0,0.0,0.0,0.0,0.01282051282051282,0.04167642749665645,0.00794247202819421,0.08302247316464642,0.0,0.0,0.0,0.0,0.0,0.0,0.004251012145748988,0.00022813102262989908,0.00240174672489083,0.00019976738530953374,0.41021728515625,0.0035247802734375,0.015518913676042677,0.8,0.0,0.0,0.0,0.0,0.0,0.0,0.0,0.0
603569,0.0012207590069125479,0.3529411764705882,0.9999946809671304,0.003036437246963563,0.0015283842794759825,6.657701272668483e-05,1.5966398900912077e-05,0.008705772811918063,0.0,0.0031871195153956038,0.008887050827707802,0.14589041095890412,0.0,0.010427320001334272,0.06025930595127405,1.531612405906794e-08,6.541193925816034e-08,0.9996596488427381,1.1492749987968752e-05,0.13996261126526155,0.9998728725547448,0.999994681075928,0.9996705188372822,9.803253277814624e-06,0.13996262173559254,0.9998728726850851,0.9187969479427128,0.0762117923831292,0.04452176954564394,0.08436247194164859,1.3443652883480668e-05,0.0,0.0,0.0,0.0,0.0023240185921487373,0.0023142588913389953,3.4749066175e-08,6.08108658e-08,0.0,0.008705772811918063,0.010044195995119787,0.01208668699410967,0.00014608800249371352,0.0,0.0,0.0,1.0,0.0,0.0,0.0,0.0,0.0,0.010374802203508797,0.0031871195153956038,0.010427320001334272,0.0,0.0,0.0,0.0,0.0,0.0,0.003036437246963563,6.657701272668483e-05,0.0015283842794759825,1.5966398900912077e-05,0.1250152587890625,0.0016937255859375,0.011639185257032008,0.5,0.0002367877765921284,0.0006952407699603148,0.0014216963211741093,0.00011751670366268426,2.9455782682078516e-05,1.6689211037745727e-07,1.027376832169638e-05,0.0007847566452431961
328307,0.00033570872690095066,0.3529411764705882,0.9998694420185875,0.0,0.0001091703056768559,0.0,0.0,0.0,0.0,0.0,0.0,0.0,0.0,0.0,0.0,0.0,0.07142857166762312,0.999648002440551,0.0,0.1399537753557481,0.9998728725367303,0.9998694421197557,0.9996480024200123,0.0,0.13995377534960354,0.9998728725293126,0.0,0.0,0.0,0.0,0.0,0.0,0.0,0.0,0.0,0.00022400179201433613,0.00017466104840294303,0.03571428571428575,0.0714285714285715,0.0,0.0,0.0,0.0,0.0,0.0,0.0,0.0,0.0,1.0,1.0,0.0,0.0,0.01282051282051282,0.0,0.0,0.0,0.0,0.0,0.0,0.0,0.0,0.0,0.0,0.0,0.0001091703056768559,0.0,0.003692626953125,0.0035247802734375,0.0,0.8,0.0,0.0,0.0,0.0,0.0,0.0,0.0,0.0
1014883,0.006759953000778234,0.3529411764705882,0.999995709978229,0.004048582995951417,0.002183406113537118,9.555896407099344e-05,0.00057973769530354,0.007122905027932961,0.0,0.0034853481480349533,0.006849310517073475,1.0,0.0,0.26503016442803035,0.6498593480940953,1.6555621268815273e-07,8.857626110219691e-08,0.9996565154527951,1.0659571635950878e-05,0.1399625662923459,0.9998728725303723,0.9999957100870268,0.999665028485578,1.1656727798197913e-05,0.1399625805986382,0.999872872547327,0.919911618401518,0.05220817198898377,0.060199568854291965,0.08396878550651982,8.98639898628387e-09,0.0,0.0,0.0,0.0,0.0030240241921935377,0.0029692378228500316,4.523646925e-08,8.616470335e-08,0.0,0.02265673494723774,0.08079378219235615,0.052205099644411924,0.002725372428882991,0.0,0.0,0.0,1.0,0.0,0.0,0.0,0.0,0.0,0.0827308679673008,0.0034853481480349533,0.26503016442803035,0.0,0.0,0.0,0.0,0.0,0.0,0.004048582995951417,9.555896407099344e-05,0.002183406113537118,0.00057973769530354,0.1250152587890625,0.00189208984375,0.014548981571290009,0.5,0.0001988116824962628,0.00023189702208305208,0.0006150491837379044,0.00016039909103165436,2.8432050468849313e-05,5.171373814002718e-06,1.0221477044359914e-05,0.00044882051892406567
907258,0.0012207590069125479,0.3529411764705882,0.9998694430717562,0.00040485829959514163,0.0004366812227074236,1.873933400174171e-05,3.658029419551687e-05,0.0024984481688392303,0.0,0.004784393864606163,0.005897744508285693,0.33424657534246577,0.0,0.08361437822658314,0.2582845128885069,0.0014949826516362178,0.001794872051849928,0.9996480028968022,2.840298575920357e-10,0.13995377565858716,0.9998728725600432,0.9998694425767091,0.9996480030361715,2.6986653012100305e-10,0.13995377560504169,0.9998728726660109,6.1419630675677024e-06,2.20765868429737e-06,2.221410013446082e-06,2.979999806634844e-06,2.6060557060223225e-07,0.0,0.0,0.0,0.0,0.0005040040320322563,0.0005021505141584612,0.000769230769230775,0.00205128205128205,0.0,0.007572936064556177,0.032178213252469126,0.019724452737530655,0.0003890540357952733,0.0,0.0,0.0,1.0,0.0,0.0,0.0,0.0,0.01282051282051282,0.036760218180544146,0.004784393864606163,0.08361437822658314,0.0,0.0,0.0,0.0,0.0,0.0,0.00040485829959514163,1.873933400174171e-05,0.0004366812227074236,3.658029419551687e-05,0.1250152587890625,0.002288818359375,0.0009699321047526673,0.5,0.0,0.0,0.0,0.0,0.0,0.0,0.0,0.0
728711,0.05171440343033281,0.3529411764705882,0.999871259458104,0.0014170040485829958,0.0007641921397379913,0.00013315402545336966,0.00011851115803916429,0.010505896958410926,0.0,0.012748478061582415,0.014464327897139705,0.8034246575342466,0.0,0.15479429973794248,0.4552779038383969,3.663729302285682e-06,2.245131942147013e-06,0.9996483525141665,5.784972874845118e-07,0.13995461207809912,0.9998728725324916,0.9998712595668883,0.9996487026083206,9.209201473564319e-07,0.13995475868643342,0.9998728725324916,0.013013861360592826,0.0023388421366988457,0.0040277128993680515,0.007979175493486085,0.0009802903198177623,0.0,0.0,0.0,0.0,0.0012040096320770567,0.0008296399799139793,1.19726640135e-06,2.09521620235e-06,0.0,0.01820297951582868,0.06755441534127762,0.036251402945741446,0.0013141642155347403,0.0,0.0,1.0,1.0,0.0,0.0,0.0,1.0,0.0,0.07202888154020547,0.012748478061582415,0.15479429973794248,0.0,0.0,0.0,0.0,0.0,0.0,0.0014170040485829958,0.00013315402545336966,0.0007641921397379913,0.00011851115803916429,0.1250152587890625,0.9591217041015625,0.004849660523763337,0.5,0.0,0.0,0.0,0.0,0.0,0.0,0.0,0.0
181609,0.00033570872690095066,0.3529411764705882,0.9998698594748587,0.004858299595141701,0.002183406113537118,0.0002244064345053293,0.00019976738530953374,0.009931719428926133,0.0,0.006875263133631021,0.00838272291858756,0.6684931506849315,0.0,0.09132472048108364,0.284505952267003,2.6884142620558113e-05,2.9319732861626926e-05,0.999648028006893,4.240328659166855e-08,0.1399538548953274,0.999872872534611,0.9998698595314196,0.9996480493234254,5.5458582553730676e-08,0.1399538548953274,0.9998728727486657,0.0031976376459967332,0.00018147701674942914,0.0004204856632778928,0.001066764593701511,1.168231868216903e-07,0.0,0.0,0.0,0.0,0.005656045248361987,0.003536886230159596,1.628859746055e-05,2.606175593685e-05,0.0,0.015145872129112354,0.039604618066230335,0.022929411720005184,0.0005257579218255723,0.0,0.0,0.0,1.0,0.0,0.0,0.0,0.0,0.0,0.04046833674791572,0.006875263133631021,0.09132472048108364,0.0,0.0,0.0,0.0,0.0,0.0,0.004858299595141701,0.0002244064345053293,0.002183406113537118,0.00019976738530953374,0.41021728515625,0.0035247802734375,0.015518913676042677,0.8,0.0,0.0,0.0,0.0,0.0,0.0,0.0,0.0
204986,0.00033570872690095066,0.3529411764705882,0.999869783262654,0.004251012145748988,0.00240174672489083,0.0002225441404430444,0.00019976738530953374,0.009931719428926133,0.0,0.007747962509137994,0.008736085312671723,0.6684931506849315,0.0,0.08302247316464642,0.2737832352974904,3.277364681585491e-05,3.5070637307146416e-05,0.9996480238221648,4.162573634228803e-08,0.13995383607717216,0.9998728725367303,0.9998697832604637,0.999648046229216,5.4745753404623136e-08,0.13995383607717216,0.9998728728122462,0.002613842806364097,0.00013421657602152328,0.0003847323304763704,0.0008986959529216952,7.189119189027096e-08,0.0,0.0,0.0,0.0,0.004984039872318979,0.0038862083269654824,1.7535189937999997e-05,3.5070379875999995e-05,0.0,0.015145872129112354,0.04034368965767097,0.023123658359639084,0.0005347035759330538,0.0,0.0,0.0,1.0,0.0,0.0,0.0,0.0,0.01282051282051282,0.04124389376264055,0.007747962509137994,0.08302247316464642,0.0,0.0,0.0,0.0,0.0,0.0,0.004251012145748988,0.0002225441404430444,0.00240174672489083,0.00019976738530953374,0.41021728515625,0.0035247802734375,0.015518913676042677,0.8,0.0,0.0,0.0,0.0,0.0,0.0,0.0,0.0
984028,0.0012207590069125479,0.3529411764705882,0.9998694426811698,0.00040485829959514163,0.0004366812227074236,1.873933400174171e-05,3.658029419551687e-05,0.0024984481688392303,0.0,0.004784393864606163,0.005897744508285693,0.33424657534246577,0.0,0.08361437822658314,0.2582845128885069,0.0023662468917943404,0.002840909347617936,0.9996480027212457,1.4921835699876159e-10,0.1399537754988286,0.9998728725536852,0.999869442442887,0.9996480028557249,1.5492337840271078e-10,0.13995377552077345,0.9998728726373995,3.7751821840002296e-06,1.3569462469288643e-06,1.682882270032692e-06,2.544718936002788e-06,2.06687176684529e-07,0.0,0.0,0.0,0.0,0.0005040040320322563,0.0005021505141584612,0.0012175324675324749,0.00324675324675325,0.0,0.007572936064556177,0.032178213252469126,0.019724452737530655,0.0003890540357952733,0.0,0.0,0.0,1.0,0.0,0.0,0.0,0.0,0.01282051282051282,0.036760218180544146,0.004784393864606163,0.08361437822658314,0.0,0.0,0.0,0.0,0.0,0.0,0.00040485829959514163,1.873933400174171e-05,0.0004366812227074236,3.658029419551687e-05,0.1250152587890625,0.002288818359375,0.0009699321047526673,0.5,0.0,0.0,0.0,0.0,0.0,0.0,0.0,0.0
118780,0.0003204492393145438,0.3529411764705882,0.9998694420131475,0.0,0.0001091703056768559,0.0,0.0,0.0,0.0,0.0,0.0,0.0,0.0,0.0,0.0,0.0,0.25000000019308016,0.9996480024258805,0.0,0.13995377535135914,0.9998728725314319,0.9998694421197557,0.9996480024200123,0.0,0.13995377534960354,0.9998728725293126,0.0,0.0,0.0,0.0,0.0,0.0,0.0,0.0,0.0,0.00028000224001792015,0.00010916315525183939,0.125,0.25,0.0,0.0,0.0,0.0,0.0,0.0,0.0,0.0,1.0,0.0,0.0,0.0,0.0,0.01282051282051282,0.0,0.0,0.0,0.0,0.0,0.0,0.0,0.0,0.0,0.0,0.0,0.0001091703056768559,0.0,0.41021728515625,1.52587890625e-05,0.0,1.0,0.0,0.0,0.0,0.0,0.0,0.0,0.0,0.0
426884,0.7600598171913387,0.3529411764705882,0.9998694420631948,0.0,0.0001091703056768559,0.0,0.0,0.0,0.0,0.0,0.0,0.0,0.0,0.0,0.0,0.0,0.010416666921425207,0.9996480025608487,0.0,0.13995377539173767,0.9998728725801771,0.9998694421197557,0.9996480024200123,0.0,0.13995377534960354,0.9998728725293126,0.0,0.0,0.0,0.0,0.0,0.0,0.0,0.0,0.0,0.00014000112000896008,0.00010916315525183939,0.005208333333333324,0.010416666666666649,0.0,0.0,0.0,0.0,0.0,0.0,0.0,0.0,0.0,1.0,1.0,0.0,0.0,0.01282051282051282,0.0,0.0,0.0,0.0,0.0,0.0,0.0,0.0,0.0,0.0,0.0,0.0001091703056768559,0.0,0.007843017578125,0.003875732421875,0.0,0.5,0.0,0.0,0.0,0.0,0.0,0.0,0.0,0.0
603709,0.006790471975951048,0.3529411764705882,0.9998713694369862,0.001214574898785425,0.0005458515283842794,4.236718991698126e-05,4.3626498405309054e-05,0.0015983860955927996,0.0,0.004635810204211788,0.003122753177557378,0.28013698630136985,0.0,0.07977634119323179,0.1768140889716656,1.1993117204550253e-06,1.693683053513978e-06,0.9996484749573601,4.347925486557406e-07,0.13995410619643808,0.9998728725695802,0.9998713695457705,0.9996488687384832,3.419618572185653e-07,0.13995410884298803,0.9998728732202218,0.011917508452428734,0.0032127095287883736,0.00020938508291091736,0.0031558783907281156,0.003072917106157742,0.0,0.0,0.0,0.0,0.0010640085120680967,0.0006113136694103006,9.87831608025e-07,1.41118801145e-06,0.0,0.006346989447548107,0.02886389924079452,0.01243174391600464,0.0001545482567931324,0.0,0.0,0.0,1.0,0.0,0.0,0.0,0.0,0.0,0.031256569695868375,0.004635810204211788,0.07977634119323179,0.0,0.0,0.0,0.0,0.0,0.0,0.001214574898785425,4.236718991698126e-05,0.0005458515283842794,4.3626498405309054e-05,0.1250152587890625,0.00390625,0.0038797284190106693,0.5,0.0,0.0,0.0,0.0,0.0,0.0,0.0,0.0
93095,0.0003204492393145438,0.3529411764705882,0.9998694420131475,0.0,0.0001091703056768559,0.0,0.0,0.0,0.0,0.0,0.0,0.0,0.0,0.0,0.0,0.0,0.25000000019308016,0.9996480024258805,0.0,0.13995377535135914,0.9998728725314319,0.9998694421197557,0.9996480024200123,0.0,0.13995377534960354,0.9998728725293126,0.0,0.0,0.0,0.0,0.0,0.0,0.0,0.0,0.0,0.00028000224001792015,0.00010916315525183939,0.125,0.25,0.0,0.0,0.0,0.0,0.0,0.0,0.0,0.0,1.0,0.0,0.0,0.0,0.0,0.01282051282051282,0.0,0.0,0.0,0.0,0.0,0.0,0.0,0.0,0.0,0.0,0.0,0.0001091703056768559,0.0,0.41021728515625,1.52587890625e-05,0.0,1.0,0.0,0.0,0.0,0.0,0.0,0.0,0.0,0.0
802017,0.7718706605832176,0.3529411764705882,0.9998694420109716,0.00020242914979757084,0.0,3.6081947456769753e-06,0.0,0.0004810676598386096,0.0,0.001381828041640052,0.0013908087112954708,0.0,0.0,0.0,0.0,1.9493708568624366e-07,0.0005076144705074947,0.9996480024200123,0.0,0.13995377534960354,0.9998728725293126,0.9998694421197557,0.9996480024200123,0.0,0.13995377534960354,0.9998728725293126,0.0,0.0,0.0,0.0,0.0,1.0,0.0,0.0,0.0,0.00028000224001792015,0.0,0.0,0.0,0.0,0.0004810676598386096,0.008197428748459388,0.0020313617872907484,4.126430710854714e-06,0.0,1.0,0.0,0.0,1.0,0.0,0.0,0.0,0.0,0.01229116694172088,0.001381828041640052,0.0,0.0,0.0,0.0,0.0,0.0,0.0,0.00020242914979757084,3.6081947456769753e-06,0.0,0.0,0.002471923828125,0.0,0.0,0.5,0.0,0.0,0.0,0.0,0.0,0.0,0.0,0.0
625254,0.05171440343033281,0.3529411764705882,0.9998720077159693,0.0014170040485829958,0.0007641921397379913,0.00013315402545336966,0.00011851115803916429,0.010505896958410926,0.0,0.012748478061582415,0.014464327897139705,0.8034246575342466,0.0,0.15479429973794248,0.4552779038383969,2.5952454861264457e-06,1.5904405398405568e-06,0.9996484966507962,5.904189267845592e-07,0.1399546162300664,0.9998728725324916,0.9998720078247537,0.9996489908815802,9.57476917024891e-07,0.13995486279547656,0.9998728725324916,0.01781719316137998,0.0032020935961192465,0.003502877737727299,0.008018769311141654,0.001973772673347389,0.0,0.0,0.0,0.0,0.0012040096320770567,0.0008296399799139793,8.4809765335e-07,1.4841708933499998e-06,0.0,0.01820297951582868,0.06755441534127762,0.036251402945741446,0.0013141642155347403,0.0,0.0,1.0,1.0,0.0,0.0,0.0,1.0,0.0,0.07202888154020547,0.012748478061582415,0.15479429973794248,0.0,0.0,0.0,0.0,0.0,0.0,0.0014170040485829958,0.00013315402545336966,0.0007641921397379913,0.00011851115803916429,0.1250152587890625,0.9591217041015625,0.004849660523763337,0.5,0.0,0.0,0.0,0.0,0.0,0.0,0.0,0.0
973599,0.7811636885233394,0.3529411764705882,0.9998694590705638,0.00020242914979757084,0.0,0.0,0.0,0.0,0.0,0.0,0.0,0.0,0.0,0.0,0.0,0.0,3.188801253404075e-05,0.9996480484265713,0.0,0.13995378911341894,0.9998728891450447,0.9998694591793479,0.9996480484265713,0.0,0.13995378911341894,0.9998728891450447,0.0,0.0,0.0,0.0,0.0,0.0,0.0,0.0,0.0,0.00028000224001792015,0.0,3.188775510205e-05,0.0,0.0,0.0,0.0,0.0,0.0,0.0,0.0,0.0,0.0,1.0,0.0,0.0,0.0,0.0,0.0,0.0,0.0,0.0,0.0,0.0,0.0,0.0,0.0,0.00020242914979757084,0.0,0.0,0.0,0.0027618408203125,0.0,0.0,0.5,0.0,0.0,0.0,0.0,0.0,0.0,0.0,0.0
981012,0.000808752842079563,1.0,0.9998694430434686,0.0,0.0001091703056768559,4.888521913497838e-06,7.870760021576377e-06,0.0006517690875232775,0.03431372549019608,0.003744308241863367,0.0,0.07191780821917808,0.15261627906976744,0.07196319437533795,0.0,0.0003478942046623739,0.0005268706471886623,0.9996480052044654,0.0,0.13995377618263038,0.9998728735349458,0.9998694421197557,0.9996480024200123,0.0,0.13995377534960354,0.9998728725293126,0.0,0.0,0.0,0.0,0.0,0.0,0.0,0.0,0.0,5.600044800358403e-05,4.366526210073576e-05,0.00026343519494205,0.0005268703898841,0.053299492385786795,0.0016294227188081937,0.02498893602348912,0.004128251374161269,1.7042459408308078e-05,0.0,0.0,0.0,0.0,0.0,0.0,0.0,0.0,0.01282051282051282,0.037468234709439455,0.003744308241863367,0.07196319437533795,0.0,0.0,0.0,0.0,0.0,0.0,0.0,4.888521913497838e-06,0.0001091703056768559,7.870760021576377e-06,0.0,0.0,0.0,0.2,0.0,0.0,0.0,0.0,0.0,0.0,0.0,0.0
1013910,0.0012207590069125479,0.3529411764705882,0.9998758701381925,0.0006072874493927125,0.0004366812227074236,1.1290157752602148e-05,1.7390631666721135e-05,0.0015052762259466172,0.0,0.00216189225869492,0.00307724762244161,0.1589041095890411,0.0,0.03975109784542478,0.12279099793060165,1.2506335999910164e-07,3.3876480206278833e-07,0.9996504789154462,5.19681125757843e-06,0.139958907210115,0.9998728725748787,0.9998695095508401,0.9996480630363923,8.346127268045548e-08,0.1399538293927682,0.999872872681906,0.04923626772688672,0.017697415766565756,0.040372209660072426,0.04944881931947268,3.0823348522953675e-06,0.0,0.0,0.0,0.0,0.0006440051520412163,0.0005021505141584612,1.6925368097499998e-07,3.3850736194999995e-07,0.0,0.0036002482929857233,0.014499753001301439,0.009080349962925583,8.245275544926571e-05,0.0,0.0,0.0,1.0,0.0,0.0,0.0,0.0,0.01282051282051282,0.016305620660589392,0.00216189225869492,0.03975109784542478,0.0,0.0,0.0,0.0,0.0,0.0,0.0006072874493927125,1.1290157752602148e-05,0.0004366812227074236,1.7390631666721135e-05,0.1250152587890625,0.002166748046875,0.0009699321047526673,0.5,0.0,0.0,0.0,0.0,0.0,0.0,0.0,0.0
2190,0.0003204492393145438,0.3529411764705882,0.9998694420120596,0.0,0.0001091703056768559,0.0,0.0,0.0,0.0,0.0,0.0,0.0,0.0,0.0,0.0,0.0,0.5000000001287201,0.9996480024229464,0.0,0.13995377535048134,0.9998728725303723,0.9998694421197557,0.9996480024200123,0.0,0.13995377534960354,0.9998728725293126,0.0,0.0,0.0,0.0,0.0,0.0,0.0,0.0,0.0,0.00028000224001792015,0.00010916315525183939,0.25,0.5,0.0,0.0,0.0,0.0,0.0,0.0,0.0,0.0,1.0,0.0,0.0,0.0,0.0,0.01282051282051282,0.0,0.0,0.0,0.0,0.0,0.0,0.0,0.0,0.0,0.0,0.0,0.0001091703056768559,0.0,0.41021728515625,1.52587890625e-05,0.0,1.0,0.0,0.0,0.0,0.0,0.0,0.0,0.0,0.0
1010865,0.0012207590069125479,0.3529411764705882,0.9999578290613587,0.0034412955465587046,0.002074235807860262,0.00030588179973029325,0.00011963555232796092,0.006781502172563626,0.0,0.013015928650286942,0.013434185599701854,0.1821917808219178,0.0,0.05757055550027036,0.13446969649147847,1.1677608909376754e-07,1.141186194956213e-07,0.999654623628277,9.117347121970083e-06,0.13996251647927221,0.9998728943194465,0.9999469562467037,0.9996602989634034,1.0385951063706176e-05,0.1399625119735538,0.9998729861054712,0.6767298161863795,0.04054047105111896,0.05392851746472959,0.08413862038314009,0.0001847873223549552,1.0,0.0,0.0,0.0,0.0025200201601612814,0.0024670873086915703,5.5391925075e-08,1.1693850849999999e-07,0.0,0.006781502172563626,0.048652226735773935,0.020351145029091036,0.00041416910399532335,0.0,1.0,0.0,0.0,1.0,0.0,0.0,0.0,0.01282051282051282,0.049946930353420495,0.013015928650286942,0.05757055550027036,0.0,0.0,0.0,0.0,0.0,0.0,0.0034412955465587046,0.00030588179973029325,0.002074235807860262,0.00011963555232796092,0.00390625,0.007293701171875,0.01066925315227934,0.5,0.0189758234755775,0.014429096735775915,0.031325435830284944,0.007534135224759363,2.9320640754062263e-05,1.0708851623471525e-10,1.0158319052931217e-05,0.0007897221296516702
728368,0.006759953000778234,0.3529411764705882,0.9998751800809536,0.0014170040485829958,0.001091703056768559,9.148519580974524e-05,0.00040553154015931614,0.007091868404717567,0.0,0.008759006780073233,0.010417621352846622,1.0,0.0,0.37078179197197936,0.6892935493019251,2.6385433045805727e-06,8.534936131052766e-07,0.9996489126853961,2.7428445991410627e-06,0.13995800965398225,0.9998728725293126,0.9998699319715832,0.9996481911399571,2.0355586893758156e-07,0.13995395610326022,0.9998728725642819,0.043731627082103604,0.005239611789920224,0.019626480532019656,0.041868327620341664,0.0,0.0,0.0,0.0,0.0,0.0012040096320770567,0.0011571294456694976,3.7921607694999995e-07,9.4804019235e-07,0.0,0.02265673494723774,0.1293495802853309,0.05974911214982214,0.0035699564026919453,0.0,0.0,0.0,1.0,0.0,0.0,0.0,0.0,0.01282051282051282,0.13648041285107104,0.008759006780073233,0.37078179197197936,0.0,0.0,0.0,0.0,0.0,0.0,0.0014170040485829958,9.148519580974524e-05,0.001091703056768559,0.00040553154015931614,0.1250152587890625,0.00201416015625,0.002909796314258002,0.5,0.0,0.0,0.0,0.0,0.0,0.0,0.0,0.0
321973,0.00033570872690095066,0.3529411764705882,0.9998698147782921,0.004251012145748988,0.00240174672489083,0.0002225441404430444,0.00019976738530953374,0.009931719428926133,0.0,0.007747962509137994,0.008736085312671723,0.6684931506849315,0.0,0.08302247316464642,0.2737832352974904,3.0002796644777542e-05,3.210560968603473e-05,0.9996480257987191,5.298808242487403e-08,0.1399538861948405,0.9998728725314319,0.9998698143256763,0.9996480502186028,7.345178758811864e-08,0.1399538861948405,0.9998728727306512,0.0028551794528684296,0.00014660882022360874,0.0004768231369752212,0.0013640697991291787,8.986398986283869e-08,0.0,0.0,0.0,0.0,0.004984039872318979,0.0038862083269654824,1.605267612705e-05,3.21053522541e-05,0.0,0.015145872129112354,0.04034368965767097,0.023123658359639084,0.0005347035759330538,0.0,0.0,0.0,1.0,0.0,0.0,0.0,0.0,0.01282051282051282,0.04124389376264055,0.007747962509137994,0.08302247316464642,0.0,0.0,0.0,0.0,0.0,0.0,0.004251012145748988,0.0002225441404430444,0.00240174672489083,0.00019976738530953374,0.41021728515625,0.0035247802734375,0.015518913676042677,0.8,0.0,0.0,0.0,0.0,0.0,0.0,0.0,0.0
181635,0.00033570872690095066,0.3529411764705882,0.9998698612732966,0.004858299595141701,0.002183406113537118,0.00022626872856761418,0.00019976738530953374,0.009931719428926133,0.0,0.00693231925922132,0.008391222019910017,0.6684931506849315,0.0,0.09132472048108364,0.284505952267003,2.6862073163664456e-05,2.91939661235843e-05,0.9996480281171215,4.212858517490052e-08,0.1399538493046552,0.9998728725335513,0.9998698613211536,0.9996480495245329,5.397921112714732e-08,0.1399538493046552,0.9998728726331609,0.003211213301135224,0.00018224748222041049,0.00038740495111824736,0.0010356168990933979,1.2580958580797418e-07,0.0,0.0,0.0,0.0,0.005656045248361987,0.003536886230159596,1.62187270505e-05,2.5949963280799997e-05,0.0,0.015145872129112354,0.039742583206434215,0.02293020636419997,0.0005257943639046915,0.0,0.0,0.0,1.0,0.0,0.0,0.0,0.0,0.0,0.0406093107056482,0.00693231925922132,0.09132472048108364,0.0,0.0,0.0,0.0,0.0,0.0,0.004858299595141701,0.00022626872856761418,0.002183406113537118,0.00019976738530953374,0.41021728515625,0.0035247802734375,0.015518913676042677,0.8,0.0,0.0,0.0,0.0,0.0,0.0,0.0,0.0
578377,0.0012207590069125479,0.3529411764705882,0.9998694429401102,0.00040485829959514163,0.0004366812227074236,1.873933400174171e-05,3.658029419551687e-05,0.0024984481688392303,0.0,0.004784393864606163,0.005897744508285693,0.33424657534246577,0.0,0.08361437822658314,0.2582845128885069,0.0017068010367041122,0.0020491805847815086,0.9996480028376313,2.1923233577749874e-10,0.13995377559626376,0.9998728725600432,0.9998694426245803,0.9996480031007215,3.464952979331979e-10,0.13995377564454245,0.9998728726649512,4.775230444662542e-06,1.716402206380219e-06,2.088742165256721e-06,3.172527884029792e-06,2.6060557060223225e-07,0.0,0.0,0.0,0.0,0.0005040040320322563,0.0005021505141584612,0.000878220140515225,0.00234192037470725,0.0,0.007572936064556177,0.032178213252469126,0.019724452737530655,0.0003890540357952733,0.0,0.0,0.0,1.0,0.0,0.0,0.0,0.0,0.01282051282051282,0.036760218180544146,0.004784393864606163,0.08361437822658314,0.0,0.0,0.0,0.0,0.0,0.0,0.00040485829959514163,1.873933400174171e-05,0.0004366812227074236,3.658029419551687e-05,0.1250152587890625,0.002288818359375,0.0009699321047526673,0.5,0.0,0.0,0.0,0.0,0.0,0.0,0.0,0.0
451582,0.6394488273083789,0.3529411764705882,0.9998694420555789,0.00020242914979757084,0.0,0.0,0.0,0.0,0.0,0.0,0.0,0.0,0.0,0.0,0.0,0.0,0.012195122205520213,0.99964800254031,0.0,0.13995377538559312,0.9998728725727594,0.999869442164363,0.99964800254031,0.0,0.13995377538559312,0.9998728725727594,0.0,0.0,0.0,0.0,0.0,0.0,0.0,0.0,0.0,0.00028000224001792015,0.0,0.012195121951219525,0.0,0.0,0.0,0.0,0.0,0.0,0.0,0.0,0.0,0.0,1.0,0.0,0.0,0.0,0.0,0.0,0.0,0.0,0.0,0.0,0.0,0.0,0.0,0.0,0.00020242914979757084,0.0,0.0,0.0,0.0039520263671875,0.0,0.0,0.5,0.0,0.0,0.0,0.0,0.0,0.0,0.0,0.0
386038,0.006790471975951048,0.3529411764705882,0.9998696687806051,0.00040485829959514163,0.0001091703056768559,0.0,0.0,0.0,0.0,0.0,0.0,0.0,0.0,0.0,0.0,0.0,4.798008253389801e-06,0.9996482062719066,2.833291304253331e-07,0.13995395823630047,0.9998728725293126,0.9998696688893892,0.9996483081978539,3.4721327617074593e-07,0.1399539583091574,0.9998728725293126,0.0,0.0,0.0,0.0,0.0,0.0,0.0,0.0,0.0,0.0005040040320322563,0.00017466104840294303,3.5983131108249998e-06,2.3988754071999996e-06,0.0,0.0,0.0,0.0,0.0,0.0,0.0,0.0,1.0,0.0,0.0,0.0,0.0,0.0,0.0,0.0,0.0,0.0,0.0,0.0,0.0,0.0,0.0,0.00040485829959514163,0.0,0.0001091703056768559,0.0,0.1250152587890625,0.1250152587890625,0.0,0.5,0.0,0.0,0.0,0.0,0.0,0.0,0.0,0.0
691028,0.0012207590069125479,0.3529411764705882,0.9998760272931574,0.0006072874493927125,0.0004366812227074236,1.1290157752602148e-05,1.7390631666721135e-05,0.0015052762259466172,0.0,0.00216189225869492,0.00307724762244161,0.1589041095890411,0.0,0.03975109784542478,0.12279099793060165,1.2207877598382932e-07,3.306864675148681e-07,0.9996505394608491,5.327083683561776e-06,0.13995903541724639,0.9998728725685206,0.9998695077991855,0.9996480614617631,8.138166958646424e-08,0.1399538280269202,0.9998728726373995,0.05044009248812999,0.018130116868687925,0.04136090309420038,0.050659142892623035,2.6779468979125933e-06,0.0,0.0,0.0,0.0,0.0006440051520412163,0.0005021505141584612,1.652145137e-07,3.304290274e-07,0.0,0.0036002482929857233,0.014499753001301439,0.009080349962925583,8.245275544926571e-05,0.0,0.0,0.0,1.0,0.0,0.0,0.0,0.0,0.01282051282051282,0.016305620660589392,0.00216189225869492,0.03975109784542478,0.0,0.0,0.0,0.0,0.0,0.0,0.0006072874493927125,1.1290157752602148e-05,0.0004366812227074236,1.7390631666721135e-05,0.1250152587890625,0.002166748046875,0.0009699321047526673,0.5,0.0,0.0,0.0,0.0,0.0,0.0,0.0,0.0
857723,0.000808752842079563,1.0,0.9998694607928428,0.0,0.0001091703056768559,4.422948397926615e-06,4.047819439667851e-06,0.0005896958410924892,0.03104575163398693,0.0033877074569239984,0.0,0.036986301369863014,0.07848837209302326,0.03700964282160238,0.0,1.1969269031861426e-05,2.896393697859352e-05,0.9996480530712386,0.0,0.13995379050296738,0.9998728908225131,0.9998694421197557,0.9996480024200123,0.0,0.13995377534960354,0.9998728725293126,0.0,0.0,0.0,0.0,0.0,0.0,0.0,0.0,0.0,5.600044800358403e-05,4.366526210073576e-05,1.4481839772924999e-05,2.8963679545849998e-05,0.048223350253807105,0.0008379888268156424,0.01718815705318035,0.0010484447934352606,1.0992364848891821e-06,0.0,0.0,0.0,0.0,0.0,0.0,0.0,0.0,0.01282051282051282,0.025771801651995392,0.0033877074569239984,0.03700964282160238,0.0,0.0,0.0,0.0,0.0,0.0,0.0,4.422948397926615e-06,0.0001091703056768559,4.047819439667851e-06,0.0,0.0,0.0,0.2,0.0,0.0,0.0,0.0,0.0,0.0,0.0,0.0
700486,0.05171440343033281,0.3529411764705882,0.9998710792204664,0.0014170040485829958,0.0007641921397379913,0.00013245566518001284,0.00011851115803916429,0.010505896958410926,0.0,0.012681615414406284,0.014450156496087474,0.8034246575342466,0.0,0.15479429973794248,0.4552779038383969,4.058108093067266e-06,2.4922663975083907e-06,0.9996483177950585,5.916302590743235e-07,0.13995462570497857,0.9998728725992513,0.9998710793292507,0.9996486331701047,9.086797449268093e-07,0.13995472854560886,0.9998728725992513,0.011948401609947694,0.0021473584493659414,0.0042399139563015715,0.008109123574941701,0.000657669609811185,0.0,0.0,0.0,0.0,0.0012040096320770567,0.0008296399799139793,1.329071444225e-06,2.3258750274e-06,0.0,0.01820297951582868,0.06740567167447115,0.03624687204100493,0.001313835732757029,0.0,0.0,1.0,1.0,0.0,0.0,0.0,1.0,0.0,0.07187028583773164,0.012681615414406284,0.15479429973794248,0.0,0.0,0.0,0.0,0.0,0.0,0.0014170040485829958,0.00013245566518001284,0.0007641921397379913,0.00011851115803916429,0.1250152587890625,0.9592132568359375,0.004849660523763337,0.5,0.0,0.0,0.0,0.0,0.0,0.0,0.0,0.0
169741,0.0003204492393145438,0.3529411764705882,0.9998694420120596,0.0,0.0001091703056768559,0.0,0.0,0.0,0.0,0.0,0.0,0.0,0.0,0.0,0.0,0.0,0.5000000001287201,0.9996480024229464,0.0,0.13995377535048134,0.9998728725303723,0.9998694421197557,0.9996480024200123,0.0,0.13995377534960354,0.9998728725293126,0.0,0.0,0.0,0.0,0.0,0.0,0.0,0.0,0.0,0.00028000224001792015,0.00010916315525183939,0.25,0.5,0.0,0.0,0.0,0.0,0.0,0.0,0.0,0.0,1.0,0.0,0.0,0.0,0.0,0.01282051282051282,0.0,0.0,0.0,0.0,0.0,0.0,0.0,0.0,0.0,0.0,0.0,0.0001091703056768559,0.0,0.41021728515625,1.52587890625e-05,0.0,1.0,0.0,0.0,0.0,0.0,0.0,0.0,0.0,0.0
747802,0.000808752842079563,1.0,0.9998694426659381,0.0,0.0001091703056768559,3.957374882355392e-06,4.94733487070515e-06,0.0005276225946617008,0.02777777777777778,0.0030311066719846303,0.0,0.045205479452054796,0.09593023255813954,0.04523400789306957,0.0,0.00037307794904128244,0.0008305650412795293,0.9996480041863355,0.0,0.13995377587803573,0.9998728731672379,0.9998694421197557,0.9996480024200123,0.0,0.13995377534960354,0.9998728725293126,0.0,0.0,0.0,0.0,0.0,0.0,0.0,0.0,0.0,5.600044800358403e-05,4.366526210073576e-05,0.000415282392026575,0.00083056478405315,0.04314720812182741,0.0010242085661080075,0.01771702342407429,0.002096889586881871,4.396945939558017e-06,0.0,0.0,0.0,0.0,0.0,0.0,0.0,0.0,0.01282051282051282,0.02656478016436448,0.0030311066719846303,0.04523400789306957,0.0,0.0,0.0,0.0,0.0,0.0,0.0,3.957374882355392e-06,0.0001091703056768559,4.94733487070515e-06,0.0,0.0,0.0,0.2,0.0,0.0,0.0,0.0,0.0,0.0,0.0,0.0
279498,0.00033570872690095066,0.3529411764705882,0.999869854364597,0.004251012145748988,0.00240174672489083,0.0002244064345053293,0.00019976738530953374,0.009931719428926133,0.0,0.007812799015493038,0.008741956209752828,0.6684931506849315,0.0,0.08302247316464642,0.2737832352974904,2.7217315405991462e-05,2.90234680858282e-05,0.9996480282814384,4.685809281262701e-08,0.13995386818425606,0.999872872534611,0.999869854411366,0.999648055366397,6.290966679796408e-08,0.13995386818425606,0.9998728728048285,0.0031585024240628145,0.00016218396136188391,0.0004190344969751201,0.001202965652279476,7.189119189027096e-08,0.0,0.0,0.0,0.0,0.004984039872318979,0.0038862083269654824,1.451160532655e-05,2.90232106531e-05,0.0,0.015145872129112354,0.04048472068991993,0.023124086011395182,0.000534723353862232,0.0,0.0,0.0,1.0,0.0,0.0,0.0,0.0,0.01282051282051282,0.04138807167400562,0.007812799015493038,0.08302247316464642,0.0,0.0,0.0,0.0,0.0,0.0,0.004251012145748988,0.0002244064345053293,0.00240174672489083,0.00019976738530953374,0.41021728515625,0.0035247802734375,0.015518913676042677,0.8,0.0,0.0,0.0,0.0,0.0,0.0,0.0,0.0
544291,0.0012207590069125479,0.3529411764705882,0.9999284025302079,0.00020242914979757084,0.0,0.0,0.0,0.0,0.0,0.0,0.0,0.0,0.0,0.0,0.0,0.0,9.483819197558485e-09,0.9998070080155107,0.0,0.14000134516804935,0.9999302990013399,0.9999284026389984,0.9998070080155107,0.0,0.14000134516804935,0.9999302990013399,0.0,0.0,0.0,0.0,0.0,0.0,0.0,0.0,0.0,0.00028000224001792015,0.0,9.226379e-09,0.0,0.0,0.0,0.0,0.0,0.0,0.0,0.0,0.0,0.0,1.0,0.0,0.0,0.0,0.0,0.0,0.0,0.0,0.0,0.0,0.0,0.0,0.0,0.0,0.00020242914979757084,0.0,0.0,0.0,0.0042724609375,0.0,0.0,0.5,0.0,0.0,0.0,0.0,0.0,0.0,0.0,0.0
759319,0.000808752842079563,1.0,0.9998694988287702,0.0,0.0001091703056768559,3.724588124569781e-06,9.369952406638543e-06,0.0004965859714463067,0.026143790849673203,0.002852806279514946,0.0,0.08561643835616438,0.1816860465116279,0.08567046949444995,0.0,6.752022916279842e-06,9.574582926510119e-06,0.9996481556470871,0.0,0.1399538211906578,0.9998729278688137,0.9998694421197557,0.9996480024200123,0.0,0.13995377534960354,0.9998728725293126,0.0,0.0,0.0,0.0,0.0,0.0,0.0,0.0,0.0,5.600044800358403e-05,4.366526210073576e-05,4.787162744375e-06,9.57432548875e-06,0.04060913705583756,0.0019397889509621354,0.02498893602348912,0.006094085361860895,3.713787639769629e-05,0.0,0.0,0.0,0.0,0.0,0.0,0.0,0.0,0.01282051282051282,0.037468234709439455,0.002852806279514946,0.08567046949444995,0.0,0.0,0.0,0.0,0.0,0.0,0.0,3.724588124569781e-06,0.0001091703056768559,9.369952406638543e-06,0.0,0.0,0.0,0.2,0.0,0.0,0.0,0.0,0.0,0.0,0.0,0.0
773449,0.000808752842079563,1.0,0.9998694662240598,0.0,0.0001091703056768559,5.703275565747477e-06,8.245558117841918e-06,0.0007603972687771571,0.040032679738562095,0.004368359615507261,0.0,0.07534246575342465,0.15988372093023256,0.07539001315511595,0.0,1.6045956021718136e-05,2.246711881389106e-05,0.9996480677182248,0.0,0.13995379488491677,0.9998728961124196,0.9998694421197557,0.9996480024200123,0.0,0.13995377534960354,0.9998728725293126,0.0,0.0,0.0,0.0,0.0,0.0,0.0,0.0,0.0,5.600044800358403e-05,4.366526210073576e-05,1.1233430689724999e-05,2.2466861379449998e-05,0.06218274111675126,0.0017070142768466792,0.027501051285096497,0.003997195774990374,1.597757406357084e-05,0.0,0.0,0.0,0.0,0.0,0.0,0.0,0.0,0.01282051282051282,0.041234882643192625,0.004368359615507261,0.07539001315511595,0.0,0.0,0.0,0.0,0.0,0.0,0.0,5.703275565747477e-06,0.0001091703056768559,8.245558117841918e-06,0.0,0.0,0.0,0.2,0.0,0.0,0.0,0.0,0.0,0.0,0.0,0.0
130152,0.0003204492393145438,0.3529411764705882,0.9998694420120596,0.0,0.0001091703056768559,0.0,0.0,0.0,0.0,0.0,0.0,0.0,0.0,0.0,0.0,0.0,0.5000000001287201,0.9996480024229464,0.0,0.13995377535048134,0.9998728725303723,0.9998694421197557,0.9996480024200123,0.0,0.13995377534960354,0.9998728725293126,0.0,0.0,0.0,0.0,0.0,0.0,0.0,0.0,0.0,0.00028000224001792015,0.00010916315525183939,0.25,0.5,0.0,0.0,0.0,0.0,0.0,0.0,0.0,0.0,1.0,0.0,0.0,0.0,0.0,0.01282051282051282,0.0,0.0,0.0,0.0,0.0,0.0,0.0,0.0,0.0,0.0,0.0,0.0001091703056768559,0.0,0.41021728515625,1.52587890625e-05,0.0,1.0,0.0,0.0,0.0,0.0,0.0,0.0,0.0,0.0
960218,0.006759953000778234,0.3529411764705882,0.9999348383614449,0.0014170040485829958,0.0006550218340611354,0.0001423491023859013,0.0002981144057696119,0.012988826815642458,0.0,0.01362883624940148,0.01839445544608655,1.0,0.0,0.45428194290588036,0.7092047237953497,1.942980709810219e-07,5.8486143334943325e-08,0.9996615687153846,3.9164023897616335e-05,0.140006400888679,0.9998728725303723,0.9999348384702361,0.9996731969685608,5.3360017848314966e-05,0.140006400888679,0.9998728727815156,0.0006000706250749151,0.00012941313180147402,0.00015562063678363578,0.00020219633519456365,8.98639898628387e-09,0.0,0.0,0.0,0.0,0.0012040096320770567,0.00072047682466214,3.327354465e-08,4.9910317e-08,0.0,0.02265673494723774,0.1375052564255618,0.05954260900819078,0.0035453222875016883,0.0,0.0,0.0,1.0,0.0,0.0,0.0,0.0,0.0,0.14726743801141357,0.01362883624940148,0.45428194290588036,0.0,0.0,0.0,0.0,0.0,0.0,0.0014170040485829958,0.0001423491023859013,0.0006550218340611354,0.0002981144057696119,0.1250152587890625,0.007781982421875,0.002909796314258002,0.5,0.0,0.0,0.0,0.0,0.0,0.0,0.0,0.0
75333,0.0003204492393145438,0.3529411764705882,0.9998694420120596,0.0,0.0001091703056768559,0.0,0.0,0.0,0.0,0.0,0.0,0.0,0.0,0.0,0.0,0.0,0.5000000001287201,0.9996480024229464,0.0,0.13995377535048134,0.9998728725303723,0.9998694421197557,0.9996480024200123,0.0,0.13995377534960354,0.9998728725293126,0.0,0.0,0.0,0.0,0.0,0.0,0.0,0.0,0.0,0.00028000224001792015,0.00010916315525183939,0.25,0.5,0.0,0.0,0.0,0.0,0.0,0.0,0.0,0.0,1.0,0.0,0.0,0.0,0.0,0.01282051282051282,0.0,0.0,0.0,0.0,0.0,0.0,0.0,0.0,0.0,0.0,0.0,0.0001091703056768559,0.0,0.41021728515625,1.52587890625e-05,0.0,1.0,0.0,0.0,0.0,0.0,0.0,0.0,0.0,0.0
419148,0.0012207590069125479,0.3529411764705882,0.9998694421088902,0.00020242914979757084,0.0,0.0,0.0,0.0,0.0,0.0,0.0,0.0,0.0,0.0,0.0,0.0,0.005555555811565528,0.9996480026840805,0.0,0.13995377542860504,0.9998728726246835,0.9998694422176743,0.9996480026840805,0.0,0.13995377542860504,0.9998728726246835,0.0,0.0,0.0,0.0,0.0,0.0,0.0,0.0,0.0,0.00028000224001792015,0.0,0.00555555555555555,0.0,0.0,0.0,0.0,0.0,0.0,0.0,0.0,0.0,0.0,1.0,0.0,0.0,0.0,0.0,0.0,0.0,0.0,0.0,0.0,0.0,0.0,0.0,0.0,0.00020242914979757084,0.0,0.0,0.0,0.0042572021484375,0.0,0.0,0.5,0.0,0.0,0.0,0.0,0.0,0.0,0.0,0.0
647270,0.7710161292783788,0.3529411764705882,0.9998694420120596,0.00020242914979757084,0.0,0.0,0.0,0.0,0.0,0.0,0.0,0.0,0.0,0.0,0.0,0.0,0.5000000001287201,0.9996480024229464,0.0,0.13995377535048134,0.9998728725303723,0.9998694421208437,0.9996480024229464,0.0,0.13995377535048134,0.9998728725303723,0.0,0.0,0.0,0.0,0.0,0.0,0.0,0.0,0.0,0.00028000224001792015,0.0,0.5,0.0,0.0,0.0,0.0,0.0,0.0,0.0,0.0,0.0,0.0,1.0,0.0,0.0,0.0,0.0,0.0,0.0,0.0,0.0,0.0,0.0,0.0,0.0,0.0,0.00020242914979757084,0.0,0.0,0.0,0.0028228759765625,0.0,0.0,0.5,0.0,0.0,0.0,0.0,0.0,0.0,0.0,0.0
947858,0.000808752842079563,1.0,0.9998694434906301,0.0,0.0001091703056768559,3.724588124569781e-06,9.594831264397868e-06,0.0004965859714463067,0.026143790849673203,0.002852806279514946,0.0,0.08767123287671233,0.18604651162790697,0.08772656076231675,0.0,0.0002642269709680606,0.00036764731616907787,0.9996480064103771,0.0,0.13995377654340385,0.999872873970473,0.9998694421197557,0.9996480024200123,0.0,0.13995377534960354,0.9998728725293126,0.0,0.0,0.0,0.0,0.0,0.0,0.0,0.0,0.0,5.600044800358403e-05,4.366526210073576e-05,0.000183823529411775,0.00036764705882355,0.04060913705583756,0.0019863438857852266,0.02538558580163974,0.006290668760634262,3.9572513456026015e-05,0.0,0.0,0.0,0.0,0.0,0.0,0.0,0.0,0.01282051282051282,0.03806296859371627,0.002852806279514946,0.08772656076231675,0.0,0.0,0.0,0.0,0.0,0.0,0.0,3.724588124569781e-06,0.0001091703056768559,9.594831264397868e-06,0.0,0.0,0.0,0.2,0.0,0.0,0.0,0.0,0.0,0.0,0.0,0.0
991227,0.000808752842079563,1.0,0.9998694423613025,0.0,0.0001091703056768559,5.470488807961865e-06,4.722456012945826e-06,0.0007293606455617629,0.03839869281045752,0.0041900592230375774,0.0,0.04315068493150685,0.09156976744186046,0.043177916625202775,0.0,0.0007672429125935946,0.0015527952880963483,0.9996480033647899,0.0,0.13995377563225334,0.9998728728705285,0.9998694421197557,0.9996480024200123,0.0,0.13995377534960354,0.9998728725293126,0.0,0.0,0.0,0.0,0.0,0.0,0.0,0.0,0.0,5.600044800358403e-05,4.366526210073576e-05,0.0007763975155279499,0.0015527950310558999,0.05964467005076142,0.0009776536312849163,0.02075800505653594,0.0010484447934352606,1.0992364848891821e-06,0.0,0.0,0.0,0.0,0.0,0.0,0.0,0.0,0.01282051282051282,0.03112440661048674,0.0041900592230375774,0.043177916625202775,0.0,0.0,0.0,0.0,0.0,0.0,0.0,5.470488807961865e-06,0.0001091703056768559,4.722456012945826e-06,0.0,0.0,0.0,0.2,0.0,0.0,0.0,0.0,0.0,0.0,0.0,0.0
68842,0.0003204492393145438,0.3529411764705882,0.9998694420218515,0.0,0.0001091703056768559,0.0,0.0,0.0,0.0,0.0,0.0,0.0,0.0,0.0,0.0,0.0,0.0500000002445682,0.9996480024493531,0.0,0.1399537753583815,0.9998728725399093,0.9998694421197557,0.9996480024200123,0.0,0.13995377534960354,0.9998728725293126,0.0,0.0,0.0,0.0,0.0,0.0,0.0,0.0,0.0,0.00028000224001792015,0.00010916315525183939,0.024999999999999998,0.049999999999999996,0.0,0.0,0.0,0.0,0.0,0.0,0.0,0.0,1.0,0.0,0.0,0.0,0.0,0.01282051282051282,0.0,0.0,0.0,0.0,0.0,0.0,0.0,0.0,0.0,0.0,0.0,0.0001091703056768559,0.0,0.41021728515625,1.52587890625e-05,0.0,1.0,0.0,0.0,0.0,0.0,0.0,0.0,0.0,0.0
532761,0.0012207590069125479,0.3529411764705882,0.9998695150582304,0.0006072874493927125,0.0003275109170305677,5.9011443098652463e-05,2.2337966537426287e-05,0.007867783985102421,0.0,0.011299787372766231,0.016084170562658723,0.20410958904109588,0.0,0.06807946642490005,0.18212274035662984,2.6928404063880964e-05,2.6065196367064775e-05,0.9996480352524992,2.2773314171561996e-08,0.13995379566790933,0.999872872606669,0.9998695151670145,0.9996480680849863,5.805918334071293e-08,0.1399538182860363,0.9998728727486657,0.00021706880871226044,0.00011703436719786798,6.571905388235013e-05,0.00014187645146812914,8.175825797721065e-05,0.0,0.0,0.0,0.0,0.0006440051520412163,0.00039298735890662184,1.4894250819174998e-05,2.23413762288e-05,0.0,0.007867783985102421,0.03991288392640623,0.02207684854204987,0.00048738724154874903,0.0,0.0,0.0,1.0,0.0,0.0,0.0,0.0,0.0,0.04559626446122261,0.011299787372766231,0.06807946642490005,0.0,0.0,0.0,0.0,0.0,0.0,0.0006072874493927125,5.9011443098652463e-05,0.0003275109170305677,2.2337966537426287e-05,0.1250152587890625,0.0156707763671875,0.0009699321047526673,0.5,0.0,0.0,0.0,0.0,0.0,0.0,0.0,0.0
633814,0.000808752842079563,1.0,0.9998695336214167,0.00020242914979757084,0.0002183406113537118,8.613110038067619e-06,1.9639420244314387e-05,0.0005741775294847921,0.03022875816993464,0.0032985572606891566,0.0,0.08972602739726028,0.19040697674418605,0.08978265203018354,0.0,8.962165139602246e-06,1.1876459902642524e-05,0.9996480847721442,8.113208666415722e-08,0.1399538338344076,0.9998728729203333,0.9998695333287346,0.9996482483937282,0.0,0.13995384893773716,0.9998729613651971,0.00014646540150950119,0.00015793596218393902,0.0,0.0001471165634876612,0.00015793596218393902,0.0,0.0,0.0,0.0,0.00011200089600716806,8.733052420147152e-05,5.9381012327499996e-06,1.1876202465499999e-05,0.04695431472081218,0.002032898820608318,0.02959007345003632,0.005843522128725958,3.41467508688912e-05,0.0,0.0,0.0,0.0,0.0,0.0,0.0,0.0,0.01282051282051282,0.03697262313920877,0.0032985572606891566,0.08978265203018354,0.0,0.0,0.0,0.0,0.0,0.0,0.00020242914979757084,8.613110038067619e-06,0.0002183406113537118,1.9639420244314387e-05,0.0,0.0,0.0009699321047526673,0.2,0.0,0.0,0.0,0.0,0.0,0.0,0.0,0.0
394123,0.0012207590069125479,0.3529411764705882,0.99986944294555,0.00040485829959514163,0.0004366812227074236,1.7226220076135237e-05,1.8215187478505327e-05,0.0022967101179391684,0.0,0.00439807634758257,0.005421529113210705,0.16643835616438357,0.0,0.04163584817430267,0.12861298490144915,0.001022303071027187,0.0020372528762405296,0.9996480028400764,2.394340189737667e-10,0.13995377559450817,0.9998728725293126,0.9998694426637478,0.9996480031535352,2.831932723492211e-10,0.13995377564366465,0.9998728727041593,4.833566593201177e-06,1.7373704706812486e-06,2.1916229070160967e-06,3.088820024292858e-06,0.0,0.0,0.0,0.0,0.0,0.0005040040320322563,0.0005021505141584612,0.0008731082654249249,0.0023282887077997498,0.0,0.003770949720670391,0.019386257907111598,0.010667975942491227,0.00011380571070948786,0.0,0.0,0.0,1.0,0.0,0.0,0.0,0.0,0.01282051282051282,0.022146757024005422,0.00439807634758257,0.04163584817430267,0.0,0.0,0.0,0.0,0.0,0.0,0.00040485829959514163,1.7226220076135237e-05,0.0004366812227074236,1.8215187478505327e-05,0.1250152587890625,0.002288818359375,0.0009699321047526673,0.5,0.0,0.0,0.0,0.0,0.0,0.0,0.0,0.0
283849,0.00033570872690095066,0.3529411764705882,0.9998698610295882,0.004453441295546558,0.002183406113537118,0.0002225441404430444,0.00019976738530953374,0.009931719428926133,0.0,0.007411094573956531,0.008612326678263959,0.6684931506849315,0.0,0.09132472048108364,0.284505952267003,2.6691086435145647e-05,2.7912692877389154e-05,0.9996480293251448,4.489931731211126e-08,0.13995386067033644,0.999872872534611,0.9998698599600854,0.9996480536399189,5.8046706748607946e-08,0.13995386067033644,0.9998728728397979,0.0032093132094399655,0.0001821396454325751,0.0003935010294279297,0.0009684497124404822,8.986398986283869e-08,0.0,0.0,0.0,0.0,0.005208041664333315,0.003536886230159596,1.4929907330724998e-05,2.596505622735e-05,0.0,0.015145872129112354,0.041260591695339,0.023323142390139023,0.0005439689709506553,0.0,0.0,0.0,1.0,0.0,0.0,0.0,0.0,0.0,0.042203054082706574,0.007411094573956531,0.09132472048108364,0.0,0.0,0.0,0.0,0.0,0.0,0.004453441295546558,0.0002225441404430444,0.002183406113537118,0.00019976738530953374,0.41021728515625,0.0035247802734375,0.015518913676042677,0.8,0.0,0.0,0.0,0.0,0.0,0.0,0.0,0.0
1034910,0.000808752842079563,1.0,0.9998694423406308,0.0,0.0001091703056768559,5.121308671283449e-06,4.497577155186501e-06,0.0006828057107386717,0.03594771241830066,0.003922608634333051,0.0,0.0410958904109589,0.0872093023255814,0.041121825357335974,0.0,0.0007708800077087996,0.0016501652735170314,0.9996480033090421,0.0,0.13995377561557523,0.9998728728503946,0.9998694421197557,0.9996480024200123,0.0,0.13995377534960354,0.9998728725293126,0.0,0.0,0.0,0.0,0.0,0.0,0.0,0.0,0.0,5.600044800358403e-05,4.366526210073576e-05,0.0008250825082508249,0.0016501650165016498,0.055837563451776644,0.000931098696461825,0.019568055722084077,0.0010484447934352606,1.0992364848891821e-06,0.0,0.0,0.0,0.0,0.0,0.0,0.0,0.0,0.01282051282051282,0.029340204957656293,0.003922608634333051,0.041121825357335974,0.0,0.0,0.0,0.0,0.0,0.0,0.0,5.121308671283449e-06,0.0001091703056768559,4.497577155186501e-06,0.0,0.0,0.0,0.2,0.0,0.0,0.0,0.0,0.0,0.0,0.0,0.0
907434,0.0012207590069125479,0.3529411764705882,0.9998694430717562,0.00040485829959514163,0.0004366812227074236,1.873933400174171e-05,3.658029419551687e-05,0.0024984481688392303,0.0,0.004784393864606163,0.005897744508285693,0.33424657534246577,0.0,0.08361437822658314,0.2582845128885069,0.0014949826516362178,0.001794872051849928,0.9996480028968022,2.869923685573642e-10,0.13995377562874214,0.9998728725293126,0.9998694426757156,0.9996480031696727,3.848096818392953e-10,0.13995377567526524,0.9998728726776673,5.47526422712616e-06,1.9680213779961675e-06,2.39120454069383e-06,3.331572817529966e-06,0.0,0.0,0.0,0.0,0.0,0.0005040040320322563,0.0005021505141584612,0.000769230769230775,0.00205128205128205,0.0,0.007572936064556177,0.032178213252469126,0.019724452737530655,0.0003890540357952733,0.0,0.0,0.0,1.0,0.0,0.0,0.0,0.0,0.01282051282051282,0.036760218180544146,0.004784393864606163,0.08361437822658314,0.0,0.0,0.0,0.0,0.0,0.0,0.00040485829959514163,1.873933400174171e-05,0.0004366812227074236,3.658029419551687e-05,0.1250152587890625,0.002288818359375,0.0009699321047526673,0.5,0.0,0.0,0.0,0.0,0.0,0.0,0.0,0.0
640342,0.000808752842079563,1.0,0.9998694553833853,0.0,0.0001091703056768559,5.470488807961865e-06,4.722456012945826e-06,0.0007293606455617629,0.03839869281045752,0.0041900592230375774,0.0,0.04315068493150685,0.09156976744186046,0.043177916625202775,0.0,2.0100253669769568e-05,4.068042991365223e-05,0.9996480384829343,0.0,0.13995378613857387,0.9998728855538,0.9998694421197557,0.9996480024200123,0.0,0.13995377534960354,0.9998728725293126,0.0,0.0,0.0,0.0,0.0,0.0,0.0,0.0,0.0,5.600044800358403e-05,4.366526210073576e-05,2.0340086241975e-05,4.068017248395e-05,0.05964467005076142,0.0009776536312849163,0.02075800505653594,0.0010484447934352606,1.0992364848891821e-06,0.0,0.0,0.0,0.0,0.0,0.0,0.0,0.0,0.01282051282051282,0.03112440661048674,0.0041900592230375774,0.043177916625202775,0.0,0.0,0.0,0.0,0.0,0.0,0.0,5.470488807961865e-06,0.0001091703056768559,4.722456012945826e-06,0.0,0.0,0.0,0.2,0.0,0.0,0.0,0.0,0.0,0.0,0.0,0.0
793618,0.006759953000778234,0.3529411764705882,0.9999900107666905,0.2676113360323887,0.775,0.0017113318498609214,0.7702456936448335,0.007790192427063936,0.0,0.0009907598905820312,0.004624720075259536,1.0,0.0,0.992032418682616,0.11742655984306549,0.00020854835387184727,1.8999795968958692e-05,0.9996480410320053,8.269259943894809e-07,0.1399624913488978,0.9998728725293126,0.9999900108754877,0.9996482483743192,2.0798457179250156e-06,0.1399624913488978,0.999872872534611,0.922925297169966,0.00014020920897967086,0.004545126109962086,0.08394189854197232,0.0,0.0,0.0,0.0,0.0,0.3556308450467604,0.77508023491911,2.9846104820749996e-06,3.202985610315e-05,0.0,0.02265673494723774,0.48457756391194834,0.06054405102811365,0.0036655821148945376,0.0,0.0,0.0,1.0,0.0,0.0,0.0,0.0,0.0641025641025641,0.4844389718863348,0.0009907598905820312,0.992032418682616,0.0,0.0,0.0,0.0,0.0,0.0,0.2676113360323887,0.0017113318498609214,0.775,0.7702456936448335,0.1250152587890625,0.0292816162109375,0.031037827352085354,0.5,0.003582449875602787,0.015177190914644567,0.02943795895796036,0.0007070260776962689,2.8479121601258596e-05,3.178615694547415e-06,1.0134338183736979e-05,0.0005821725779576291
346818,0.00033570872690095066,0.3529411764705882,0.9998697949541321,0.004251012145748988,0.00240174672489083,0.0002244064345053293,0.00019976738530953374,0.009931719428926133,0.0,0.007812799015493038,0.008741956209752828,0.6684931506849315,0.0,0.08302247316464642,0.2737832352974904,3.1798770842502414e-05,3.390890752812049e-05,0.9996480245554148,4.603095097930088e-08,0.1399538562760979,0.9998728725324916,0.9998697945211001,0.9996480476753041,6.341022470679934e-08,0.1399538562760979,0.9998728726734286,0.00270344713051944,0.00013881761230250062,0.0003963687387033422,0.0009072090422569414,1.168231868216903e-07,0.0,0.0,0.0,0.0,0.004984039872318979,0.0038862083269654824,1.6954325048324998e-05,3.3908650096649996e-05,0.0,0.015145872129112354,0.04048472068991993,0.023124086011395182,0.000534723353862232,0.0,0.0,0.0,1.0,0.0,0.0,0.0,0.0,0.01282051282051282,0.04138807167400562,0.007812799015493038,0.08302247316464642,0.0,0.0,0.0,0.0,0.0,0.0,0.004251012145748988,0.0002244064345053293,0.00240174672489083,0.00019976738530953374,0.41021728515625,0.0035247802734375,0.015518913676042677,0.8,0.0,0.0,0.0,0.0,0.0,0.0,0.0,0.0
649232,0.7878473440861856,0.3529411764705882,0.9998695461658744,0.00040485829959514163,0.0001091703056768559,1.2454091541530205e-05,0.0,0.0010707635009310987,0.0,0.0031796903323790056,0.002192721540282056,0.0,0.0,0.0,0.0,2.510283187392476e-06,1.0446085373835759e-05,0.999648096048837,8.05677253660279e-08,0.13995383506068632,0.9998728725483867,0.9998695462746585,0.9996481428632492,6.716011745901424e-08,0.13995383506068632,0.9998729018908371,0.0,0.0,0.0,0.0,0.0,1.0,0.0,0.0,0.0,0.0004200033600268802,0.00010916315525183939,7.83437095225e-06,5.2229139681500005e-06,0.0,0.0010707635009310987,0.013962072190901858,0.003919690909062153,1.536397682259187e-05,0.0,1.0,0.0,0.0,1.0,0.0,0.0,0.0,0.0,0.017445527272119957,0.0031796903323790056,0.0,0.0,0.0,0.0,0.0,0.0,0.0,0.00040485829959514163,1.2454091541530205e-05,0.0001091703056768559,0.0,0.0026397705078125,1.52587890625e-05,0.0009699321047526673,0.5,0.0,0.0,0.0,0.0,0.0,0.0,0.0,0.0
955973,0.006759953000778234,0.3529411764705882,0.9998694423047273,0.00040485829959514163,0.0,3.6081947456769753e-06,0.0,0.0004810676598386096,0.0,0.0009212186944237298,0.0011355905574977371,0.0,0.0,0.0,0.0,0.0002578659512966087,0.0027777780345028635,0.9996480028161147,3.6648541127540716e-10,0.13995377556466315,0.9998728725558045,0.9998694424135114,0.9996480028161147,3.6648541127540716e-10,0.13995377556466315,0.9998728725558045,0.0,0.0,0.0,0.0,0.0,0.0,0.0,0.0,0.0,0.0004200033600268802,0.0,0.002777777777777775,0.0,0.0,0.0004810676598386096,0.003074035780667312,0.0017592109120686261,3.0948230331413575e-06,0.0,0.0,0.0,0.0,1.0,0.0,0.0,0.0,0.0,0.004097055647227077,0.0009212186944237298,0.0,0.0,0.0,0.0,0.0,0.0,0.0,0.00040485829959514163,3.6081947456769753e-06,0.0,0.0,0.9802398681640625,0.0,0.0009699321047526673,0.5,0.0,0.0,0.0,0.0,0.0,0.0,0.0,0.0
521538,0.0012207590069125479,0.3529411764705882,0.99986944295099,0.00040485829959514163,0.0004366812227074236,1.873933400174171e-05,3.658029419551687e-05,0.0024984481688392303,0.0,0.004784393864606163,0.005897744508285693,0.33424657534246577,0.0,0.08361437822658314,0.2582845128885069,0.0016870463950755912,0.0020254632198817395,0.9996480028425215,2.1908714319396737e-10,0.13995377559714156,0.9998728725589835,0.9998694426387241,0.9996480031197932,3.248393418124319e-10,0.13995377564454245,0.999872872678727,4.850234064212215e-06,1.7433614033390706e-06,2.107444502047563e-06,3.1976402419508723e-06,2.5161917161594837e-07,0.0,0.0,0.0,0.0,0.0005040040320322563,0.0005021505141584612,0.00086805555555555,0.0023148148148147995,0.0,0.007572936064556177,0.032178213252469126,0.019724452737530655,0.0003890540357952733,0.0,0.0,0.0,1.0,0.0,0.0,0.0,0.0,0.01282051282051282,0.036760218180544146,0.004784393864606163,0.08361437822658314,0.0,0.0,0.0,0.0,0.0,0.0,0.00040485829959514163,1.873933400174171e-05,0.0004366812227074236,3.658029419551687e-05,0.1250152587890625,0.002288818359375,0.0009699321047526673,0.5,0.0,0.0,0.0,0.0,0.0,0.0,0.0,0.0
726214,0.05171440343033281,0.3529411764705882,0.9998719388868252,0.0018218623481781376,0.0007641921397379913,0.00013245566518001284,0.00011851115803916429,0.010505896958410926,0.0,0.010145292331525026,0.01329989818901189,0.8034246575342466,0.0,0.15479429973794248,0.4552779038383969,2.6609144748433467e-06,1.8521447961731838e-06,0.9996484232707328,6.891698600109495e-07,0.13995461200699777,0.9998728725314319,0.9998719389956097,0.9996487505990709,9.142836070934913e-07,0.13995469153253237,0.9998728725314319,0.01885195143042278,0.0033880596344745637,0.005243318492434074,0.007978497459822216,0.0003167525914685338,0.0,0.0,0.0,0.0,0.0014840118720949769,0.0008296399799139793,1.0893455037999998e-06,1.5250837053e-06,0.0,0.01820297951582868,0.05991615259954753,0.03461458499687299,0.001198169494506082,0.0,0.0,1.0,1.0,0.0,0.0,0.0,1.0,0.0,0.06341495809210916,0.010145292331525026,0.15479429973794248,0.0,0.0,0.0,0.0,0.0,0.0,0.0018218623481781376,0.00013245566518001284,0.0007641921397379913,0.00011851115803916429,0.1250152587890625,0.9592132568359375,0.004849660523763337,0.5,0.0,0.0,0.0,0.0,0.0,0.0,0.0,0.0
525256,0.05171440343033281,0.3529411764705882,0.9998744292761171,0.0020242914979757085,0.0015283842794759825,0.0003063473732458645,0.0001329034049357611,0.010505896958410926,0.0,0.021331210590007053,0.018303871534273992,0.8034246575342466,0.0,0.08679642423640638,0.3285226013397698,2.1582518047692307e-06,1.3637103570989264e-06,0.9996485628254289,5.065541675129043e-07,0.13995441999913977,0.9998728725314319,0.9998744293849018,0.9996493473930123,8.429310111081745e-07,0.13995471481866084,0.9998728725314319,0.03661385025672364,0.0030370226635606794,0.0022791191905695983,0.006147480106722499,0.001306604439807702,0.0,0.0,0.0,0.0,0.001624012992103937,0.0017902757461301661,5.99919283575e-07,1.5270672673e-06,0.0,0.01820297951582868,0.06720162587514321,0.033610421561634574,0.001129660437550432,0.0,0.0,1.0,1.0,0.0,0.0,0.0,1.0,0.01282051282051282,0.06986140693971674,0.021331210590007053,0.08679642423640638,0.0,0.0,0.0,0.0,0.0,0.0,0.0020242914979757085,0.0003063473732458645,0.0015283842794759825,0.0001329034049357611,0.1250152587890625,0.9591217041015625,0.007759456838021339,0.5,0.0,0.0,0.0,0.0,0.0,0.0,0.0,0.0
381477,0.0003509682144873575,0.3529411764705882,0.9998694420218515,0.0,0.0001091703056768559,0.0,0.0,0.0,0.0,0.0,0.0,0.0,0.0,0.0,0.0,0.0,0.0500000002445682,0.9996480024493531,0.0,0.1399537753583815,0.9998728725399093,0.9998694421197557,0.9996480024200123,0.0,0.13995377534960354,0.9998728725293126,0.0,0.0,0.0,0.0,0.0,0.0,0.0,0.0,0.0,0.00014000112000896008,0.00010916315525183939,0.024999999999999998,0.049999999999999996,0.0,0.0,0.0,0.0,0.0,0.0,0.0,0.0,1.0,0.0,0.0,0.0,0.0,0.01282051282051282,0.0,0.0,0.0,0.0,0.0,0.0,0.0,0.0,0.0,0.0,0.0,0.0001091703056768559,0.0,0.2227935791015625,1.52587890625e-05,0.0,0.5,0.0,0.0,0.0,0.0,0.0,0.0,0.0,0.0
350928,0.00033570872690095066,0.3529411764705882,0.9998694420174995,0.0,0.0001091703056768559,0.0,0.0,0.0,0.0,0.0,0.0,0.0,0.0,0.0,0.0,0.0,0.08333333356932011,0.9996480024376169,0.0,0.1399537753548703,0.9998728725356706,0.9998694421197557,0.9996480024200123,0.0,0.13995377534960354,0.9998728725293126,0.0,0.0,0.0,0.0,0.0,0.0,0.0,0.0,0.0,0.00022400179201433613,0.00017466104840294303,0.04166666666666675,0.0833333333333335,0.0,0.0,0.0,0.0,0.0,0.0,0.0,0.0,0.0,1.0,1.0,0.0,0.0,0.01282051282051282,0.0,0.0,0.0,0.0,0.0,0.0,0.0,0.0,0.0,0.0,0.0,0.0001091703056768559,0.0,0.003692626953125,0.0035247802734375,0.0,0.8,0.0,0.0,0.0,0.0,0.0,0.0,0.0,0.0
1027569,0.000808752842079563,1.0,0.999869442322135,0.0,0.0001091703056768559,4.655735155712226e-06,1.0194508218422735e-05,0.0006207324643078833,0.032679738562091505,0.0035660078493936825,0.0,0.09315068493150686,0.19767441860465115,0.09320947080996154,0.0,0.0013821103096790905,0.0017482520052418801,0.9996480032591625,0.0,0.13995377560065272,0.9998728728323801,0.9998694421197557,0.9996480024200123,0.0,0.13995377534960354,0.9998728725293126,0.0,0.0,0.0,0.0,0.0,0.0,0.0,0.0,0.0,5.600044800358403e-05,4.366526210073576e-05,0.000874125874125875,0.00174825174825175,0.050761421319796954,0.002110490378646803,0.028558784026844707,0.006290668760634262,3.9572513456026015e-05,0.0,0.0,0.0,0.0,0.0,0.0,0.0,0.0,0.01282051282051282,0.0428208396679308,0.0035660078493936825,0.09320947080996154,0.0,0.0,0.0,0.0,0.0,0.0,0.0,4.655735155712226e-06,0.0001091703056768559,1.0194508218422735e-05,0.0,0.0,0.0,0.2,0.0,0.0,0.0,0.0,0.0,0.0,0.0,0.0
98915,0.0003204492393145438,0.3529411764705882,0.9998694420142356,0.0,0.0001091703056768559,0.0,0.0,0.0,0.0,0.0,0.0,0.0,0.0,0.0,0.0,0.0,0.16666666688120027,0.9996480024288146,0.0,0.13995377535223694,0.9998728725324916,0.9998694421197557,0.9996480024200123,0.0,0.13995377534960354,0.9998728725293126,0.0,0.0,0.0,0.0,0.0,0.0,0.0,0.0,0.0,0.00028000224001792015,0.00010916315525183939,0.08333333333333325,0.1666666666666665,0.0,0.0,0.0,0.0,0.0,0.0,0.0,0.0,1.0,0.0,0.0,0.0,0.0,0.01282051282051282,0.0,0.0,0.0,0.0,0.0,0.0,0.0,0.0,0.0,0.0,0.0,0.0001091703056768559,0.0,0.41021728515625,1.52587890625e-05,0.0,1.0,0.0,0.0,0.0,0.0,0.0,0.0,0.0,0.0
732233,0.7622266644286085,0.3529411764705882,0.999869442054491,0.0,0.0001091703056768559,0.0,0.0,0.0,0.0,0.0,0.0,0.0,0.0,0.0,0.0,0.0,0.0125000002542222,0.999648002537376,0.0,0.13995377538471532,0.9998728725716997,0.9998694421197557,0.9996480024200123,0.0,0.13995377534960354,0.9998728725293126,0.0,0.0,0.0,0.0,0.0,0.0,0.0,0.0,0.0,0.00014000112000896008,0.00010916315525183939,0.0062499999999999995,0.012499999999999999,0.0,0.0,0.0,0.0,0.0,0.0,0.0,0.0,0.0,1.0,1.0,0.0,0.0,0.01282051282051282,0.0,0.0,0.0,0.0,0.0,0.0,0.0,0.0,0.0,0.0,0.0,0.0001091703056768559,0.0,0.0027618408203125,0.00390625,0.0,0.5,0.0,0.0,0.0,0.0,0.0,0.0,0.0,0.0
656130,0.006790471975951048,0.3529411764705882,0.9998697584925178,0.00020242914979757084,0.0001091703056768559,0.0,0.0,0.0,0.0,0.0,0.0,0.0,0.0,0.0,0.0,0.0,2.578569367161173e-06,0.9996484291660567,4.842271788616511e-07,0.1399540305981554,0.999872872639519,0.9998697586013019,0.9996488559121011,0.0,0.139954030689446,0.9998731807765753,0.0,0.0,0.0,0.0,0.0,0.0,0.0,0.0,0.0,0.00028000224001792015,0.00013099578630220728,1.7188746184e-06,1.7188746184e-06,0.0,0.0,0.0,0.0,0.0,0.0,0.0,0.0,1.0,0.0,0.0,0.0,0.0,0.0,0.0,0.0,0.0,0.0,0.0,0.0,0.0,0.0,0.0,0.00020242914979757084,0.0,0.0001091703056768559,0.0,0.0156402587890625,0.1250152587890625,0.0,0.5,0.0,0.0,0.0,0.0,0.0,0.0,0.0,0.0
172589,0.0003204492393145438,0.3529411764705882,0.9998694420131475,0.0,0.0001091703056768559,0.0,0.0,0.0,0.0,0.0,0.0,0.0,0.0,0.0,0.0,0.0,0.25000000019308016,0.9996480024258805,0.0,0.13995377535135914,0.9998728725314319,0.9998694421197557,0.9996480024200123,0.0,0.13995377534960354,0.9998728725293126,0.0,0.0,0.0,0.0,0.0,0.0,0.0,0.0,0.0,0.00028000224001792015,0.00010916315525183939,0.125,0.25,0.0,0.0,0.0,0.0,0.0,0.0,0.0,0.0,1.0,0.0,0.0,0.0,0.0,0.01282051282051282,0.0,0.0,0.0,0.0,0.0,0.0,0.0,0.0,0.0,0.0,0.0,0.0001091703056768559,0.0,0.41021728515625,1.52587890625e-05,0.0,1.0,0.0,0.0,0.0,0.0,0.0,0.0,0.0,0.0
855326,0.05171440343033281,0.3529411764705882,0.9998710970677591,0.002631578947368421,0.0007641921397379913,0.000131757304906656,0.00011851115803916429,0.010257603972687771,0.0,0.007208430152699123,0.01135138314087479,0.8034246575342466,0.0,0.15479429973794248,0.4552779038383969,4.0054890791229645e-06,3.451448396011459e-06,0.9996482255890867,4.001431149384881e-07,0.1399544461512668,0.9998728725865351,0.9998710971765434,0.9996483457570499,5.270042582429953e-07,0.13995450214840166,0.9998728725865351,0.01212344339050562,0.0021788168367505955,0.004306772809232598,0.008228139409915673,0.000594387388149774,0.0,0.0,0.0,0.0,0.002044016352130817,0.0008296399799139793,2.300793971125e-06,2.30079397115e-06,0.0,0.01820297951582868,0.048914129460126965,0.03171803474162663,0.0010060337278711483,0.0,0.0,1.0,1.0,0.0,0.0,0.0,1.0,0.0,0.05122263581089845,0.007208430152699123,0.15479429973794248,0.0,0.0,0.0,0.0,0.0,0.0,0.002631578947368421,0.000131757304906656,0.0007641921397379913,0.00011851115803916429,0.96807861328125,0.9593048095703125,0.004849660523763337,0.5,0.0,0.0,0.0,0.0,0.0,0.0,0.0,0.0
675996,0.0012207590069125479,0.3529411764705882,0.9998803810577463,0.0006072874493927125,0.0004366812227074236,4.702292507269348e-05,2.818481683916874e-05,0.006269397889509622,0.0,0.009004169819719049,0.01281657772645784,0.25753424657534246,0.0,0.06442419305982636,0.19900610009442335,1.742343506856822e-07,1.991749905237244e-07,0.9996522167889036,8.84475942674469e-06,0.13996250971937793,0.9998728725844157,0.999869555332127,0.9996481041909416,9.648083128542869e-08,0.139953845579296,0.9998728728832446,0.08359364242319393,0.030046782863621266,0.0682504660043294,0.08371462333200057,5.4538455447756805e-05,0.0,0.0,0.0,0.0,0.0006440051520412163,0.0005021505141584612,9.945877517499999e-08,1.9891755034999999e-07,0.0,0.006269397889509622,0.034376314106400366,0.01953475917326471,0.0003816068159574592,0.0,0.0,0.0,1.0,0.0,0.0,0.0,0.0,0.01282051282051282,0.038657702477993085,0.009004169819719049,0.06442419305982636,0.0,0.0,0.0,0.0,0.0,0.0,0.0006072874493927125,4.702292507269348e-05,0.0004366812227074236,2.818481683916874e-05,0.1250152587890625,0.0035400390625,0.0009699321047526673,0.5,0.0,0.0,0.0,0.0,0.0,0.0,0.0,0.0
179556,0.00033570872690095066,0.3529411764705882,0.9998698461557562,0.004251012145748988,0.00240174672489083,0.0002244064345053293,0.00019976738530953374,0.009931719428926133,0.0,0.007812799015493038,0.008741956209752828,0.6684931506849315,0.0,0.08302247316464642,0.2737832352974904,2.7770143541139136e-05,2.961297690320143e-05,0.9996480277666077,4.646765942784997e-08,0.13995385205741828,0.99987287253779,0.9998698461970854,0.9996480543115212,6.609674728333266e-08,0.13995385205741828,0.9998728728387382,0.0030955993884671552,0.00015895399281195646,0.00039216862974606425,0.0009229879738173534,7.189119189027096e-08,0.0,0.0,0.0,0.0,0.004984039872318979,0.0038862083269654824,1.4806359735325e-05,2.961271947065e-05,0.0,0.015145872129112354,0.04048472068991993,0.023124086011395182,0.000534723353862232,0.0,0.0,0.0,1.0,0.0,0.0,0.0,0.0,0.01282051282051282,0.04138807167400562,0.007812799015493038,0.08302247316464642,0.0,0.0,0.0,0.0,0.0,0.0,0.004251012145748988,0.0002244064345053293,0.00240174672489083,0.00019976738530953374,0.41021728515625,0.0035247802734375,0.015518913676042677,0.8,0.0,0.0,0.0,0.0,0.0,0.0,0.0,0.0
852595,0.006759953000778234,0.3529411764705882,0.9998694424059099,0.00040485829959514163,0.0,8.962290174746036e-06,0.0,0.0007138423339540658,0.0,0.0022881883700305848,0.0014884478239162674,0.0,0.0,0.0,0.0,0.00047640923553332284,0.002066115959387649,0.99964800295255,5.347355319065716e-10,0.1399537756498092,0.9998728725515658,0.999869442514694,0.99964800295255,5.347355319065716e-10,0.1399537756498092,0.9998728725515658,0.0,0.0,0.0,0.0,0.0,1.0,0.0,0.0,0.0,0.0004200033600268802,0.0,0.00206611570247935,0.0,0.0,0.0007138423339540658,0.012196980678131594,0.002461221012286285,6.0576088713203884e-06,0.0,1.0,0.0,0.0,1.0,0.0,0.0,0.0,0.0,0.016256059503566324,0.0022881883700305848,0.0,0.0,0.0,0.0,0.0,0.0,0.0,0.00040485829959514163,8.962290174746036e-06,0.0,0.0,0.0046844482421875,0.0,0.0009699321047526673,0.5,0.0,0.0,0.0,0.0,0.0,0.0,0.0,0.0
375833,0.0003204492393145438,0.3529411764705882,0.9998694420153236,0.0,0.0001091703056768559,0.0,0.0,0.0,0.0,0.0,0.0,0.0,0.0,0.0,0.0,0.0,0.1250000002252602,0.9996480024317487,0.0,0.1399537753531147,0.9998728725335513,0.9998694421197557,0.9996480024200123,0.0,0.13995377534960354,0.9998728725293126,0.0,0.0,0.0,0.0,0.0,0.0,0.0,0.0,0.0,0.00028000224001792015,0.00010916315525183939,0.0625,0.125,0.0,0.0,0.0,0.0,0.0,0.0,0.0,0.0,1.0,0.0,0.0,0.0,0.0,0.01282051282051282,0.0,0.0,0.0,0.0,0.0,0.0,0.0,0.0,0.0,0.0,0.0,0.0001091703056768559,0.0,0.41021728515625,1.52587890625e-05,0.0,1.0,0.0,0.0,0.0,0.0,0.0,0.0,0.0,0.0
385272,0.0012207590069125479,0.3529411764705882,0.9998694420958344,0.00020242914979757084,0.0,0.0,0.0,0.0,0.0,0.0,0.0,0.0,0.0,0.0,0.0,0.0,0.0064102566660463435,0.9996480026488714,0.0,0.1399537754180715,0.9998728726119673,0.9998694422046185,0.9996480026488714,0.0,0.1399537754180715,0.9998728726119673,0.0,0.0,0.0,0.0,0.0,0.0,0.0,0.0,0.0,0.00028000224001792015,0.0,0.0064102564102564,0.0,0.0,0.0,0.0,0.0,0.0,0.0,0.0,0.0,0.0,1.0,0.0,0.0,0.0,0.0,0.0,0.0,0.0,0.0,0.0,0.0,0.0,0.0,0.0,0.00020242914979757084,0.0,0.0,0.0,0.0042572021484375,0.0,0.0,0.5,0.0,0.0,0.0,0.0,0.0,0.0,0.0,0.0
265704,0.00033570872690095066,0.3529411764705882,0.9998698353760088,0.004251012145748988,0.00240174672489083,0.0002244064345053293,0.00019976738530953374,0.009931719428926133,0.0,0.007812799015493038,0.008741956209752828,0.6684931506849315,0.0,0.08302247316464642,0.2737832352974904,2.853115457187198e-05,3.042448175294252e-05,0.9996480270905382,4.8375880794203275e-08,0.1399538725109044,0.9998728725335513,0.9998698349473288,0.9996480528668302,6.633646812502006e-08,0.1399538725109044,0.9998728726935625,0.0030130620720204924,0.00015471583588052093,0.00042834723316184604,0.0012427519980124405,1.2580958580797418e-07,0.0,0.0,0.0,0.0,0.004984039872318979,0.0038862083269654824,1.5212112160274999e-05,3.0424224320549998e-05,0.0,0.015145872129112354,0.04048472068991993,0.023124086011395182,0.000534723353862232,0.0,0.0,0.0,1.0,0.0,0.0,0.0,0.0,0.01282051282051282,0.04138807167400562,0.007812799015493038,0.08302247316464642,0.0,0.0,0.0,0.0,0.0,0.0,0.004251012145748988,0.0002244064345053293,0.00240174672489083,0.00019976738530953374,0.41021728515625,0.0035247802734375,0.015518913676042677,0.8,0.0,0.0,0.0,0.0,0.0,0.0,0.0,0.0
537838,0.05171440343033281,0.3529411764705882,0.9998696792165496,0.00040485829959514163,0.0001091703056768559,0.0,0.0,0.0,0.0,0.0,0.0,0.0,0.0,0.0,0.0,0.0,4.58692948736914e-06,0.9996482156531761,2.9457625777114653e-07,0.13995396588101147,0.9998728725452077,0.9998696793253337,0.999648322269758,3.6002360713760434e-07,0.13995396589417838,0.9998728735370652,0.0,0.0,0.0,0.0,0.0,0.0,0.0,0.0,0.0,0.0004200033600268802,0.00010916315525183939,3.4400040362749998e-06,2.2933360241999997e-06,0.0,0.0,0.0,0.0,0.0,0.0,0.0,0.0,0.0,1.0,0.0,0.0,0.0,0.0,0.0,0.0,0.0,0.0,0.0,0.0,0.0,0.0,0.0,0.00040485829959514163,0.0,0.0001091703056768559,0.0,1.0,0.9765777587890625,0.0,0.5,0.0,0.0,0.0,0.0,0.0,0.0,0.0,0.0
852344,0.7730914195901302,0.3529411764705882,0.9998694420120596,0.00020242914979757084,0.0,0.0,0.0,0.0,0.0,0.0,0.0,0.0,0.0,0.0,0.0,0.0,0.5000000001287201,0.9996480024229464,0.0,0.13995377535048134,0.9998728725303723,0.9998694421208437,0.9996480024229464,0.0,0.13995377535048134,0.9998728725303723,0.0,0.0,0.0,0.0,0.0,0.0,0.0,0.0,0.0,0.00028000224001792015,0.0,0.5,0.0,0.0,0.0,0.0,0.0,0.0,0.0,0.0,0.0,0.0,1.0,0.0,0.0,0.0,0.0,0.0,0.0,0.0,0.0,0.0,0.0,0.0,0.0,0.0,0.00020242914979757084,0.0,0.0,0.0,0.002777099609375,0.0,0.0,0.5,0.0,0.0,0.0,0.0,0.0,0.0,0.0,0.0
80403,0.0003204492393145438,0.3529411764705882,0.9998694420153236,0.0,0.0001091703056768559,0.0,0.0,0.0,0.0,0.0,0.0,0.0,0.0,0.0,0.0,0.0,0.1250000002252602,0.9996480024317487,0.0,0.1399537753531147,0.9998728725335513,0.9998694421197557,0.9996480024200123,0.0,0.13995377534960354,0.9998728725293126,0.0,0.0,0.0,0.0,0.0,0.0,0.0,0.0,0.0,0.00028000224001792015,0.00010916315525183939,0.0625,0.125,0.0,0.0,0.0,0.0,0.0,0.0,0.0,0.0,1.0,0.0,0.0,0.0,0.0,0.01282051282051282,0.0,0.0,0.0,0.0,0.0,0.0,0.0,0.0,0.0,0.0,0.0,0.0001091703056768559,0.0,0.41021728515625,1.52587890625e-05,0.0,1.0,0.0,0.0,0.0,0.0,0.0,0.0,0.0,0.0
522091,0.000808752842079563,1.0,0.9998695076806096,0.00020242914979757084,0.0002183406113537118,9.311470311424452e-06,1.5291762327634103e-05,0.0006207324643078833,0.032679738562091505,0.0035660078493936825,0.0,0.06986301369863014,0.14825581395348836,0.06990710310747116,0.0,1.0567502906226165e-05,1.6567795002834786e-05,0.9996480614529608,4.1198796012336656e-08,0.13995380338723284,0.9998728725621625,0.9998694768710589,0.9996480961378377,0.0,0.13995380338723284,0.999872906376449,2.5834580067109737e-07,2.7857836857479995e-07,0.0,2.5949436518449485e-07,2.7857836857479995e-07,0.0,0.0,0.0,0.0,0.00011200089600716806,8.733052420147152e-05,8.28376878345e-06,1.65675375669e-05,0.050761421319796954,0.0015828677839851025,0.025702905624160235,0.0038542379997945912,1.4855150559078516e-05,0.0,0.0,0.0,0.0,0.0,0.0,0.0,0.0,0.01282051282051282,0.0321156297509481,0.0035660078493936825,0.06990710310747116,0.0,0.0,0.0,0.0,0.0,0.0,0.00020242914979757084,9.311470311424452e-06,0.0002183406113537118,1.5291762327634103e-05,0.0,0.0,0.0009699321047526673,0.2,0.0,0.0,0.0,0.0,0.0,0.0,0.0,0.0
361983,0.00033570872690095066,0.3529411764705882,0.9998694420185875,0.0,0.0001091703056768559,0.0,0.0,0.0,0.0,0.0,0.0,0.0,0.0,0.0,0.0,0.0,0.07142857166762312,0.999648002440551,0.0,0.1399537753557481,0.9998728725367303,0.9998694421197557,0.9996480024200123,0.0,0.13995377534960354,0.9998728725293126,0.0,0.0,0.0,0.0,0.0,0.0,0.0,0.0,0.0,0.00022400179201433613,0.00017466104840294303,0.03571428571428575,0.0714285714285715,0.0,0.0,0.0,0.0,0.0,0.0,0.0,0.0,0.0,1.0,1.0,0.0,0.0,0.01282051282051282,0.0,0.0,0.0,0.0,0.0,0.0,0.0,0.0,0.0,0.0,0.0,0.0001091703056768559,0.0,0.003692626953125,0.0035247802734375,0.0,0.8,0.0,0.0,0.0,0.0,0.0,0.0,0.0,0.0
148845,0.0003204492393145438,0.3529411764705882,0.9998694420120596,0.0,0.0001091703056768559,0.0,0.0,0.0,0.0,0.0,0.0,0.0,0.0,0.0,0.0,0.0,0.5000000001287201,0.9996480024229464,0.0,0.13995377535048134,0.9998728725303723,0.9998694421197557,0.9996480024200123,0.0,0.13995377534960354,0.9998728725293126,0.0,0.0,0.0,0.0,0.0,0.0,0.0,0.0,0.0,0.00028000224001792015,0.00010916315525183939,0.25,0.5,0.0,0.0,0.0,0.0,0.0,0.0,0.0,0.0,1.0,0.0,0.0,0.0,0.0,0.01282051282051282,0.0,0.0,0.0,0.0,0.0,0.0,0.0,0.0,0.0,0.0,0.0,0.0001091703056768559,0.0,0.41021728515625,1.52587890625e-05,0.0,1.0,0.0,0.0,0.0,0.0,0.0,0.0,0.0,0.0
1022946,0.05171440343033281,0.3529411764705882,0.999871801375415,0.0014170040485829958,0.0007641921397379913,0.00013361959896894088,0.00011851115803916429,0.010505896958410926,0.0,0.012793053159699837,0.014474463116787318,0.8034246575342466,0.0,0.15479429973794248,0.4552779038383969,2.8263579519454236e-06,1.7295115778547544e-06,0.9996484569034932,5.840140847802119e-07,0.1399546119885641,0.9998728725335513,0.9998718014841994,0.9996489113869742,9.371405778629563e-07,0.13995482590880243,0.9998728725335513,0.01646717801189889,0.0029594698098885683,0.003625144415743322,0.007978321673316769,0.0017352107394585112,0.0,0.0,0.0,0.0,0.0012040096320770567,0.0008296399799139793,9.2226887365e-07,1.6139705288999998e-06,0.0,0.01820297951582868,0.06765357778581528,0.036254867373183286,0.0013144154082471075,0.0,0.0,0.0,1.0,0.0,0.0,0.0,0.0,0.0,0.07213461200849491,0.012793053159699837,0.15479429973794248,0.0,0.0,0.0,0.0,0.0,0.0,0.0014170040485829958,0.00013361959896894088,0.0007641921397379913,0.00011851115803916429,0.1250152587890625,0.9590606689453125,0.004849660523763337,0.5,0.0,0.0,0.0,0.0,0.0,0.0,0.0,0.0
459542,0.05171440343033281,0.3529411764705882,0.9998713650828734,0.0016194331983805667,0.0007641921397379913,0.00014933270511946966,0.00011881099651617673,0.01373370577281192,0.0,0.01270885575214867,0.01799898027072851,0.8061643835616439,0.0,0.15518593616996607,0.4568321128478141,3.64420066038091e-06,2.2632704717423436e-06,0.9996483481645849,5.580200193105855e-07,0.1399546121255,0.9998728725303723,0.9998713651916578,0.9996486506910861,8.677035204723752e-07,0.1399547648740058,0.9998728725303723,0.013758722306340633,0.002472708029198023,0.003951978519262856,0.007979627515928664,0.0009959356404528824,0.0,0.0,0.0,0.0,0.0013440107520860168,0.0008296399799139793,1.272944830575e-06,1.9801364030999998e-06,0.0,0.018265052762259468,0.06691715080798254,0.03827101399933696,0.001464670512537572,0.0,0.0,1.0,1.0,0.0,0.0,0.0,1.0,0.0,0.0710706991710796,0.01270885575214867,0.15518593616996607,0.0,0.0,0.0,0.0,0.0,0.0,0.0016194331983805667,0.00014933270511946966,0.0007641921397379913,0.00011881099651617673,0.1250152587890625,0.9571685791015625,0.005819592628516004,0.5,0.0,0.0,0.0,0.0,0.0,0.0,0.0,0.0
139764,0.0003204492393145438,0.3529411764705882,0.9998694420142356,0.0,0.0001091703056768559,0.0,0.0,0.0,0.0,0.0,0.0,0.0,0.0,0.0,0.0,0.0,0.16666666688120027,0.9996480024288146,0.0,0.13995377535223694,0.9998728725324916,0.9998694421197557,0.9996480024200123,0.0,0.13995377534960354,0.9998728725293126,0.0,0.0,0.0,0.0,0.0,0.0,0.0,0.0,0.0,0.00028000224001792015,0.00010916315525183939,0.08333333333333325,0.1666666666666665,0.0,0.0,0.0,0.0,0.0,0.0,0.0,0.0,1.0,0.0,0.0,0.0,0.0,0.01282051282051282,0.0,0.0,0.0,0.0,0.0,0.0,0.0,0.0,0.0,0.0,0.0,0.0001091703056768559,0.0,0.41021728515625,1.52587890625e-05,0.0,1.0,0.0,0.0,0.0,0.0,0.0,0.0,0.0,0.0
525338,0.05171440343033281,0.3529411764705882,0.999875567786297,0.0018218623481781376,0.001200873362445415,0.00014688844416272073,0.0001229337755750977,0.010257603972687771,0.0,0.011250754764837069,0.012771680362648247,0.8034246575342466,0.0,0.10218150543337406,0.3706353605748006,1.157590627446603e-06,9.326972887098863e-07,0.9996488284240622,1.6052724633429057e-06,0.1399564219223872,0.9998728725314319,0.9998755678950818,0.9996498379845677,2.314631101279122e-06,0.1399564593848944,0.9998728725314319,0.04530957823139615,0.004885803582533994,0.010770704657964446,0.025238137351120862,6.47919366911067e-06,0.0,0.0,0.0,0.0,0.0015680125441003528,0.0013972883872235442,4.4401897559999993e-07,9.768417463e-07,0.0,0.01820297951582868,0.052321711645144604,0.03144165796895713,0.0009885778558369912,0.0,0.0,1.0,1.0,0.0,0.0,0.0,1.0,0.01282051282051282,0.054791039116559345,0.011250754764837069,0.10218150543337406,0.0,0.0,0.0,0.0,0.0,0.0,0.0018218623481781376,0.00014688844416272073,0.001200873362445415,0.0001229337755750977,0.1250152587890625,0.9593658447265625,0.005819592628516004,0.5,0.0,0.0,0.0,0.0,0.0,0.0,0.0,0.0
533342,0.0012207590069125479,0.3529411764705882,0.9998857013983731,0.0008097165991902834,0.0007641921397379913,3.259014608998558e-05,0.0005164717766539165,0.004345127250155183,0.0,0.004992410989151156,0.00794499696027346,1.0,0.0,0.6745937540762875,0.729188352472144,1.0775405803382369e-06,2.0100009429825453e-07,0.9996519886522938,1.0564735582989248e-05,0.13996683664510512,0.9998728725293126,0.9998857015071589,0.9996589645587862,1.7501778757424978e-05,0.13996683664510512,0.9998728727221737,0.0002732798546969879,4.9113665926369815e-05,0.00015517318659483457,0.0002696899825004534,0.0,0.0,0.0,0.0,0.0,0.0007840062720501764,0.0008296399799139793,8.364277255e-08,2.3419976314999999e-07,0.0,0.02265673494723774,0.2187676084107808,0.07858398813388806,0.0061754431910272314,0.0,0.0,0.0,1.0,0.0,0.0,0.0,0.0,0.01282051282051282,0.23690233057026533,0.004992410989151156,0.6745937540762875,0.0,0.0,0.0,0.0,0.0,0.0,0.0008097165991902834,3.259014608998558e-05,0.0007641921397379913,0.0005164717766539165,0.1250152587890625,0.0144500732421875,0.0009699321047526673,0.5,0.0006402828317636343,0.0,0.0006402828317636343,0.0006402828317636343,4.3834621598706e-05,0.0,1.5186736627879088e-05,0.001180645560580814
821388,0.0012207590069125479,0.3529411764705882,0.9999284304522342,0.00020242914979757084,0.0,0.0,0.0,0.0,0.0,0.0,0.0,0.0,0.0,0.0,0.0,0.0,9.47945192255961e-09,0.9998070833160421,0.0,0.1400013676957635,0.9999303261968852,0.9999284305610248,0.9998070833160421,0.0,0.1400013676957635,0.9999303261968852,0.0,0.0,0.0,0.0,0.0,0.0,0.0,0.0,0.0,0.00028000224001792015,0.0,9.222011724999999e-09,0.0,0.0,0.0,0.0,0.0,0.0,0.0,0.0,0.0,0.0,1.0,0.0,0.0,0.0,0.0,0.0,0.0,0.0,0.0,0.0,0.0,0.0,0.0,0.0,0.00020242914979757084,0.0,0.0,0.0,0.0042724609375,0.0,0.0,0.5,0.0,0.0,0.0,0.0,0.0,0.0,0.0,0.0
292667,0.00033570872690095066,0.3529411764705882,0.9998694420174995,0.0,0.0001091703056768559,0.0,0.0,0.0,0.0,0.0,0.0,0.0,0.0,0.0,0.0,0.0,0.08333333356932011,0.9996480024376169,0.0,0.1399537753548703,0.9998728725356706,0.9998694421197557,0.9996480024200123,0.0,0.13995377534960354,0.9998728725293126,0.0,0.0,0.0,0.0,0.0,0.0,0.0,0.0,0.0,0.00022400179201433613,0.00017466104840294303,0.04166666666666675,0.0833333333333335,0.0,0.0,0.0,0.0,0.0,0.0,0.0,0.0,0.0,1.0,1.0,0.0,0.0,0.01282051282051282,0.0,0.0,0.0,0.0,0.0,0.0,0.0,0.0,0.0,0.0,0.0,0.0001091703056768559,0.0,0.003692626953125,0.0035247802734375,0.0,0.8,0.0,0.0,0.0,0.0,0.0,0.0,0.0,0.0
90222,0.0003204492393145438,0.3529411764705882,0.9998694420131475,0.0,0.0001091703056768559,0.0,0.0,0.0,0.0,0.0,0.0,0.0,0.0,0.0,0.0,0.0,0.25000000019308016,0.9996480024258805,0.0,0.13995377535135914,0.9998728725314319,0.9998694421197557,0.9996480024200123,0.0,0.13995377534960354,0.9998728725293126,0.0,0.0,0.0,0.0,0.0,0.0,0.0,0.0,0.0,0.00028000224001792015,0.00010916315525183939,0.125,0.25,0.0,0.0,0.0,0.0,0.0,0.0,0.0,0.0,1.0,0.0,0.0,0.0,0.0,0.01282051282051282,0.0,0.0,0.0,0.0,0.0,0.0,0.0,0.0,0.0,0.0,0.0,0.0001091703056768559,0.0,0.41021728515625,1.52587890625e-05,0.0,1.0,0.0,0.0,0.0,0.0,0.0,0.0,0.0,0.0
323796,0.00033570872690095066,0.3529411764705882,0.9998694420174995,0.0,0.0001091703056768559,0.0,0.0,0.0,0.0,0.0,0.0,0.0,0.0,0.0,0.0,0.0,0.08333333356932011,0.9996480024376169,0.0,0.1399537753548703,0.9998728725356706,0.9998694421197557,0.9996480024200123,0.0,0.13995377534960354,0.9998728725293126,0.0,0.0,0.0,0.0,0.0,0.0,0.0,0.0,0.0,0.00022400179201433613,0.00017466104840294303,0.04166666666666675,0.0833333333333335,0.0,0.0,0.0,0.0,0.0,0.0,0.0,0.0,0.0,1.0,1.0,0.0,0.0,0.01282051282051282,0.0,0.0,0.0,0.0,0.0,0.0,0.0,0.0,0.0,0.0,0.0,0.0001091703056768559,0.0,0.003692626953125,0.0035247802734375,0.0,0.8,0.0,0.0,0.0,0.0,0.0,0.0,0.0,0.0
900304,0.05171440343033281,0.3529411764705882,0.9998723712288963,0.0014170040485829958,0.0007641921397379913,0.00013129173139108478,0.00011851115803916429,0.010257603972687771,0.0,0.012570177669112732,0.014125094513264254,0.8034246575342466,0.0,0.15479429973794248,0.4552779038383969,2.2598310934546885e-06,1.3931004552913602e-06,0.999648566674154,6.059674349330526e-07,0.13995461205790985,0.9998728726119673,0.9998723713376807,0.9996491309282957,9.760514350788348e-07,0.13995491124094664,0.9998728727889333,0.02011827087422194,0.00361564168653537,0.0032073258011471313,0.00797898296540869,0.002505479928567833,0.0,0.0,0.0,0.0,0.0012040096320770567,0.0008296399799139793,7.428496082499999e-07,1.2999868144e-06,0.0,0.01820297951582868,0.06715776556312701,0.03606169834762521,0.0013004460877147237,0.0,0.0,1.0,1.0,0.0,0.0,0.0,1.0,0.0,0.07160595966692873,0.012570177669112732,0.15479429973794248,0.0,0.0,0.0,0.0,0.0,0.0,0.0014170040485829958,0.00013129173139108478,0.0007641921397379913,0.00011851115803916429,0.1250152587890625,0.9593658447265625,0.004849660523763337,0.5,0.0,0.0,0.0,0.0,0.0,0.0,0.0,0.0
813643,0.000808752842079563,1.0,0.9998694423253991,0.0,0.0001091703056768559,4.772128534605031e-06,7.870760021576377e-06,0.0006362507759155804,0.03349673202614379,0.0036551580456285248,0.0,0.07191780821917808,0.15261627906976744,0.07196319437533795,0.0,0.0011346216988628523,0.0017301040632231772,0.9996480032679648,0.0,0.13995377560328612,0.9998728728355591,0.9998694421197557,0.9996480024200123,0.0,0.13995377534960354,0.9998728725293126,0.0,0.0,0.0,0.0,0.0,0.0,0.0,0.0,0.0,5.600044800358403e-05,4.366526210073576e-05,0.0008650519031141999,0.0017301038062283998,0.052030456852791875,0.0016294227188081937,0.02472450283804215,0.004193779173752392,1.7587783758233355e-05,0.0,0.0,0.0,0.0,0.0,0.0,0.0,0.0,0.01282051282051282,0.03707174545325491,0.0036551580456285248,0.07196319437533795,0.0,0.0,0.0,0.0,0.0,0.0,0.0,4.772128534605031e-06,0.0001091703056768559,7.870760021576377e-06,0.0,0.0,0.0,0.2,0.0,0.0,0.0,0.0,0.0,0.0,0.0,0.0
728533,0.7625928921306823,0.3529411764705882,0.9998694421132421,0.00040485829959514163,0.0001091703056768559,3.6081947456769753e-06,0.0,0.0004810676598386096,0.0,0.0009212186944237298,0.0011355905574977371,0.0,0.0,0.0,0.0,0.0007406787962774912,0.0106382981270419,0.9996480025119472,6.702128065609138e-11,0.13995377540578238,0.9998728725420287,0.9998694422220262,0.9996480025579146,5.6638654469749985e-11,0.13995377540578238,0.9998728725611029,0.0,0.0,0.0,0.0,0.0,0.0,0.0,0.0,0.0,0.0004200033600268802,0.00010916315525183939,0.007978723404255324,0.0053191489361702,0.0,0.0004810676598386096,0.00245922862453385,0.001573486074458089,2.4758584265130856e-06,0.0,0.0,0.0,0.0,1.0,0.0,0.0,0.0,0.0,0.00307279173543022,0.0009212186944237298,0.0,0.0,0.0,0.0,0.0,0.0,0.0,0.00040485829959514163,3.6081947456769753e-06,0.0001091703056768559,0.0,0.015472412109375,1.52587890625e-05,0.0009699321047526673,0.5,0.0,0.0,0.0,0.0,0.0,0.0,0.0,0.0
173189,0.0003204492393145438,0.3529411764705882,0.9998694420120596,0.0,0.0001091703056768559,0.0,0.0,0.0,0.0,0.0,0.0,0.0,0.0,0.0,0.0,0.0,0.5000000001287201,0.9996480024229464,0.0,0.13995377535048134,0.9998728725303723,0.9998694421197557,0.9996480024200123,0.0,0.13995377534960354,0.9998728725293126,0.0,0.0,0.0,0.0,0.0,0.0,0.0,0.0,0.0,0.00028000224001792015,0.00010916315525183939,0.25,0.5,0.0,0.0,0.0,0.0,0.0,0.0,0.0,0.0,1.0,0.0,0.0,0.0,0.0,0.01282051282051282,0.0,0.0,0.0,0.0,0.0,0.0,0.0,0.0,0.0,0.0,0.0,0.0001091703056768559,0.0,0.41021728515625,1.52587890625e-05,0.0,1.0,0.0,0.0,0.0,0.0,0.0,0.0,0.0,0.0
930490,0.8008484275098042,0.3529411764705882,0.9998694420120596,0.00020242914979757084,0.0,3.6081947456769753e-06,0.0,0.0004810676598386096,0.0,0.001381828041640052,0.0013908087112954708,0.0,0.0,0.0,0.0,0.06962380685008422,0.5000000001287201,0.9996480024229464,0.0,0.13995377535048134,0.9998728725303723,0.9998694421208437,0.9996480024229464,0.0,0.13995377535048134,0.9998728725303723,0.0,0.0,0.0,0.0,0.0,1.0,0.0,0.0,0.0,0.00028000224001792015,0.0,0.5,0.0,0.0,0.0004810676598386096,0.008197428748459388,0.0020313617872907484,4.126430710854714e-06,0.0,1.0,0.0,0.0,1.0,0.0,0.0,0.0,0.0,0.01229116694172088,0.001381828041640052,0.0,0.0,0.0,0.0,0.0,0.0,0.0,0.00020242914979757084,3.6081947456769753e-06,0.0,0.0,0.0019683837890625,0.0,0.0,0.5,0.0,0.0,0.0,0.0,0.0,0.0,0.0,0.0
925012,0.006759953000778234,0.3529411764705882,0.9999564049781755,0.006680161943319838,0.00665938864628821,0.00037408831976147735,0.001959969164611024,0.01101800124146493,0.0,0.008427315608787194,0.009589067639191602,0.9794520547945206,0.0,0.29377387093395524,0.6435582728535412,8.250022848521055e-07,2.9739109869843966e-07,0.9996504973456405,1.4467886453302134e-05,0.1400047146553911,0.9998728725293126,0.9999564050869691,0.9996551091778624,2.427117992389138e-05,0.14000479292655757,0.9998728725812367,0.6648193164055108,0.01194808663944228,0.09096941044644283,0.4865509553389689,0.0,0.0,0.0,0.0,0.0,0.004844038752310019,0.006724450363513307,1.0634257255e-07,3.8158217205e-07,0.0,0.02219118559900683,0.12131285558625397,0.058759283049054596,0.003452653344438641,0.0,0.0,0.0,1.0,0.0,0.0,0.0,0.0,0.01282051282051282,0.12254022158771603,0.008427315608787194,0.29377387093395524,0.0,0.0,0.0,0.0,0.0,0.0,0.006680161943319838,0.00037408831976147735,0.00665938864628821,0.001959969164611024,0.1250152587890625,0.0034637451171875,0.019398642095053348,0.5,0.040233851820769675,0.02691327956429697,0.05099103004551212,0.029476673596027233,0.00010550402424508006,0.00012915992379048663,5.9228567404348525e-05,0.0010787687852098706
135684,0.0003204492393145438,0.3529411764705882,0.9998694420131475,0.0,0.0001091703056768559,0.0,0.0,0.0,0.0,0.0,0.0,0.0,0.0,0.0,0.0,0.0,0.25000000019308016,0.9996480024258805,0.0,0.13995377535135914,0.9998728725314319,0.9998694421197557,0.9996480024200123,0.0,0.13995377534960354,0.9998728725293126,0.0,0.0,0.0,0.0,0.0,0.0,0.0,0.0,0.0,0.00028000224001792015,0.00010916315525183939,0.125,0.25,0.0,0.0,0.0,0.0,0.0,0.0,0.0,0.0,1.0,0.0,0.0,0.0,0.0,0.01282051282051282,0.0,0.0,0.0,0.0,0.0,0.0,0.0,0.0,0.0,0.0,0.0,0.0001091703056768559,0.0,0.41021728515625,1.52587890625e-05,0.0,1.0,0.0,0.0,0.0,0.0,0.0,0.0,0.0,0.0
861813,0.006759953000778234,0.3529411764705882,0.9998695265321117,0.0014170040485829958,0.001091703056768559,9.788683164884955e-05,0.0004714960051020515,0.00808504034761018,0.0,0.009371914379187772,0.01166343898334945,0.9452054794520548,0.0,0.43109380249607215,0.6925655156289028,0.00020615968777865513,5.79257523664626e-05,0.9996480158281214,1.9646798588952244e-08,0.13995379644212394,0.9998728725293126,0.9998695266180482,0.9996480349737605,2.6806695649560512e-08,0.1399537964667022,0.9998728725854754,0.00046336402784237697,5.551697444848559e-05,0.00013113366339998912,0.00022384318772253475,0.0,0.0,0.0,0.0,0.0,0.0012040096320770567,0.0011571294456694976,2.57446644183e-05,6.436166104574999e-05,0.0,0.021415270018621976,0.14886892463116827,0.06249537385036461,0.003905671752697112,0.0,0.0,0.0,1.0,0.0,0.0,0.0,0.0,0.01282051282051282,0.15707582699179026,0.009371914379187772,0.43109380249607215,0.0,0.0,0.0,0.0,0.0,0.0,0.0014170040485829958,9.788683164884955e-05,0.001091703056768559,0.0004714960051020515,0.1250152587890625,0.0009613037109375,0.002909796314258002,0.5,0.0,0.0,0.0,0.0,0.0,0.0,0.0,0.0
1026182,0.05171440343033281,0.3529411764705882,0.999871313694116,0.0014170040485829958,0.0007641921397379913,0.00013315402545336966,0.00011851115803916429,0.010505896958410926,0.0,0.012748478061582415,0.014464327897139705,0.8034246575342466,0.0,0.15479429973794248,0.4552779038383969,3.5575649297327345e-06,2.18008191436376e-06,0.999648362961629,5.775017509752518e-07,0.1399546110124568,0.9998728726045496,0.9998713138029003,0.9996487235032456,9.331474994564311e-07,0.13995477466843512,0.9998728726045496,0.01319383671257002,0.002371187182116807,0.003997502479597098,0.007969013359314022,0.0009761296170871128,0.0,0.0,0.0,0.0,0.0012040096320770567,0.0008296399799139793,1.162573053175e-06,2.03450284305e-06,0.0,0.01820297951582868,0.06755441534127762,0.036251402945741446,0.0013141642155347403,0.0,0.0,1.0,1.0,0.0,0.0,0.0,1.0,0.0,0.07202888154020547,0.012748478061582415,0.15479429973794248,0.0,0.0,0.0,0.0,0.0,0.0,0.0014170040485829958,0.00013315402545336966,0.0007641921397379913,0.00011851115803916429,0.1250152587890625,0.9591217041015625,0.004849660523763337,0.5,0.0,0.0,0.0,0.0,0.0,0.0,0.0,0.0
237326,0.00033570872690095066,0.3529411764705882,0.9998698830318925,0.004251012145748988,0.002183406113537118,0.0002225441404430444,0.00019976738530953374,0.009931719428926133,0.0,0.007747962509137994,0.008736085312671723,0.6684931506849315,0.0,0.09132472048108364,0.284505952267003,2.53594820158749e-05,2.590341416490642e-05,0.9996480314285905,5.9510997413848385e-08,0.13995387616604008,0.9998728725314319,0.9998698827816419,0.9996480590097007,7.971333845580532e-08,0.13995387616604008,0.9998728727571431,0.0033780796871622364,0.00019171772784685098,0.0005533172510597244,0.0012738159847608167,8.087759087655482e-08,0.0,0.0,0.0,0.0,0.004984039872318979,0.003536886230159596,1.3568320192624999e-05,2.46696730775e-05,0.0,0.015145872129112354,0.042220140339421265,0.023527104438524276,0.00055352464326126,0.0,0.0,0.0,1.0,0.0,0.0,0.0,0.0,0.0,0.04320788870373378,0.007747962509137994,0.09132472048108364,0.0,0.0,0.0,0.0,0.0,0.0,0.004251012145748988,0.0002225441404430444,0.002183406113537118,0.00019976738530953374,0.41021728515625,0.0035247802734375,0.015518913676042677,0.8,0.0,0.0,0.0,0.0,0.0,0.0,0.0,0.0
622154,0.7566111729968108,0.3529411764705882,0.9998697424349591,0.00020242914979757084,0.0,0.0,0.0,0.0,0.0,0.0,0.0,0.0,0.0,0.0,0.0,0.0,1.8110053148087745e-06,0.9996488126078404,0.0,0.13995401773407923,0.9998731651368055,0.9998697425437432,0.9996488126078404,0.0,0.13995401773407923,0.9998731651368055,0.0,0.0,0.0,0.0,0.0,0.0,0.0,0.0,0.0,0.00028000224001792015,0.0,1.810747875075e-06,0.0,0.0,0.0,0.0,0.0,0.0,0.0,0.0,0.0,0.0,1.0,0.0,0.0,0.0,0.0,0.0,0.0,0.0,0.0,0.0,0.0,0.0,0.0,0.0,0.00020242914979757084,0.0,0.0,0.0,0.0027008056640625,0.0,0.0,0.5,0.0,0.0,0.0,0.0,0.0,0.0,0.0,0.0
451075,0.000808752842079563,1.0,0.9998694544716545,0.0,0.0001091703056768559,4.306555019033809e-06,6.971244590539076e-06,0.0005741775294847921,0.03022875816993464,0.0032985572606891566,0.0,0.0636986301369863,0.13517441860465115,0.06373882930387076,0.0,2.549295406615811e-05,4.3656941267260956e-05,0.9996480360241654,0.0,0.13995378540298223,0.9998728846657908,0.9998694421197557,0.9996480024200123,0.0,0.13995377534960354,0.9998728725293126,0.0,0.0,0.0,0.0,0.0,0.0,0.0,0.0,0.0,5.600044800358403e-05,4.366526210073576e-05,2.1828341919149998e-05,4.3656683838299995e-05,0.04695431472081218,0.0014432029795158287,0.02208017098373112,0.0036695567770347617,1.3465646939897312e-05,0.0,0.0,0.0,0.0,0.0,0.0,0.0,0.0,0.01282051282051282,0.033106852891409466,0.0032985572606891566,0.06373882930387076,0.0,0.0,0.0,0.0,0.0,0.0,0.0,4.306555019033809e-06,0.0001091703056768559,6.971244590539076e-06,0.0,0.0,0.0,0.2,0.0,0.0,0.0,0.0,0.0,0.0,0.0,0.0
781846,0.05171440343033281,0.3529411764705882,0.9998746514892729,0.0020242914979757085,0.0008733624454148472,0.00013361959896894088,0.0002064387914230604,0.010505896958410926,0.0,0.00930403866159664,0.012835261684409164,0.8034246575342466,0.0,0.23593647298771517,0.5507409112443676,1.8302553690081974e-06,9.92280944419547e-07,0.9996487829198849,1.229095949315501e-06,0.13995565290168088,0.9998728725324916,0.9998746515980576,0.9996494073197829,1.5719794505187183e-06,0.13995565290168088,0.9998728725324916,0.03873074408115812,0.005966282109255677,0.009062624569663525,0.01897354157784042,0.001177820355935268,0.0,0.0,0.0,0.0,0.0017080136641093129,0.0009388031351658187,5.743293973249999e-07,8.353882142999999e-07,0.0,0.01820297951582868,0.07738637171718614,0.04207131140638686,0.0017699952434527193,0.0,0.0,0.0,1.0,0.0,0.0,0.0,0.0,0.0,0.08142637250693972,0.00930403866159664,0.23593647298771517,0.0,0.0,0.0,0.0,0.0,0.0,0.0020242914979757085,0.00013361959896894088,0.0008733624454148472,0.0002064387914230604,0.1250152587890625,0.9590606689453125,0.004849660523763337,0.5,0.0,0.0,0.0,0.0,0.0,0.0,0.0,0.0
164416,0.0003204492393145438,0.3529411764705882,0.9998694420131475,0.0,0.0001091703056768559,0.0,0.0,0.0,0.0,0.0,0.0,0.0,0.0,0.0,0.0,0.0,0.25000000019308016,0.9996480024258805,0.0,0.13995377535135914,0.9998728725314319,0.9998694421197557,0.9996480024200123,0.0,0.13995377534960354,0.9998728725293126,0.0,0.0,0.0,0.0,0.0,0.0,0.0,0.0,0.0,0.00028000224001792015,0.00010916315525183939,0.125,0.25,0.0,0.0,0.0,0.0,0.0,0.0,0.0,0.0,1.0,0.0,0.0,0.0,0.0,0.01282051282051282,0.0,0.0,0.0,0.0,0.0,0.0,0.0,0.0,0.0,0.0,0.0,0.0001091703056768559,0.0,0.41021728515625,1.52587890625e-05,0.0,1.0,0.0,0.0,0.0,0.0,0.0,0.0,0.0,0.0
846855,0.000808752842079563,1.0,0.9998694423819742,0.0,0.0001091703056768559,6.052455702425894e-06,6.296608017261101e-06,0.0008069522036002483,0.042483660130718956,0.004635810204211788,0.0,0.057534246575342465,0.12209302325581395,0.05757055550027036,0.0,0.0008957371801732532,0.001466275916886772,0.9996480034205376,0.0,0.1399537756489314,0.9998728728906624,0.9998694421197557,0.9996480024200123,0.0,0.13995377534960354,0.9998728725293126,0.0,0.0,0.0,0.0,0.0,0.0,0.0,0.0,0.0,5.600044800358403e-05,4.366526210073576e-05,0.000733137829912025,0.00146627565982405,0.06598984771573603,0.001303538175046555,0.02485671943078547,0.002096889586881871,4.396945939558017e-06,0.0,0.0,0.0,0.0,0.0,0.0,0.0,0.0,0.01282051282051282,0.03726999008134718,0.004635810204211788,0.05757055550027036,0.0,0.0,0.0,0.0,0.0,0.0,0.0,6.052455702425894e-06,0.0001091703056768559,6.296608017261101e-06,0.0,0.0,0.0,0.2,0.0,0.0,0.0,0.0,0.0,0.0,0.0,0.0
622754,0.0012207590069125479,0.3529411764705882,0.9999348012655358,0.0008097165991902834,0.0003275109170305677,3.340489974223522e-05,1.8065268239999112e-05,0.004453755431409063,0.0,0.005117221263879934,0.008143621884280297,0.16506849315068492,0.0,0.05505755506174366,0.14728718263741614,1.9739924627961817e-08,3.354986989136292e-08,0.999673182677019,5.336527691021011e-05,0.14000640107213802,0.9998728725324916,0.999934801374327,0.9996920678697739,7.057179481919572e-05,0.14000640107213802,0.9998728726723689,0.00028004684792746955,0.00015098947576754157,0.00028124172364529256,0.00028126677950207136,2.695919695885161e-08,0.0,0.0,0.0,0.0,0.0007840062720501764,0.00039298735890662184,2.080776855e-08,2.4969322249999998e-08,0.0,0.004453755431409063,0.023270120318182985,0.013276900847470295,0.00017627609611348436,0.0,0.0,0.0,1.0,0.0,0.0,0.0,0.0,0.0,0.026168290908179934,0.005117221263879934,0.05505755506174366,0.0,0.0,0.0,0.0,0.0,0.0,0.0008097165991902834,3.340489974223522e-05,0.0003275109170305677,1.8065268239999112e-05,0.1250152587890625,0.0144500732421875,0.0009699321047526673,0.5,0.0,0.0,0.0,0.0,0.0,0.0,0.0,0.0
65928,0.0003204492393145438,0.3529411764705882,0.9998694420131475,0.0,0.0001091703056768559,0.0,0.0,0.0,0.0,0.0,0.0,0.0,0.0,0.0,0.0,0.0,0.25000000019308016,0.9996480024258805,0.0,0.13995377535135914,0.9998728725314319,0.9998694421197557,0.9996480024200123,0.0,0.13995377534960354,0.9998728725293126,0.0,0.0,0.0,0.0,0.0,0.0,0.0,0.0,0.0,0.00028000224001792015,0.00010916315525183939,0.125,0.25,0.0,0.0,0.0,0.0,0.0,0.0,0.0,0.0,1.0,0.0,0.0,0.0,0.0,0.01282051282051282,0.0,0.0,0.0,0.0,0.0,0.0,0.0,0.0,0.0,0.0,0.0,0.0001091703056768559,0.0,0.41021728515625,1.52587890625e-05,0.0,1.0,0.0,0.0,0.0,0.0,0.0,0.0,0.0,0.0
312614,0.00033570872690095066,0.3529411764705882,0.9998694420174995,0.0,0.0001091703056768559,0.0,0.0,0.0,0.0,0.0,0.0,0.0,0.0,0.0,0.0,0.0,0.08333333356932011,0.9996480024376169,0.0,0.1399537753548703,0.9998728725356706,0.9998694421197557,0.9996480024200123,0.0,0.13995377534960354,0.9998728725293126,0.0,0.0,0.0,0.0,0.0,0.0,0.0,0.0,0.0,0.00022400179201433613,0.00017466104840294303,0.04166666666666675,0.0833333333333335,0.0,0.0,0.0,0.0,0.0,0.0,0.0,0.0,0.0,1.0,1.0,0.0,0.0,0.01282051282051282,0.0,0.0,0.0,0.0,0.0,0.0,0.0,0.0,0.0,0.0,0.0,0.0001091703056768559,0.0,0.003692626953125,0.0035247802734375,0.0,0.8,0.0,0.0,0.0,0.0,0.0,0.0,0.0,0.0
173299,0.0003204492393145438,0.3529411764705882,0.9998694420327313,0.0,0.0001091703056768559,0.0,0.0,0.0,0.0,0.0,0.0,0.0,0.0,0.0,0.0,0.0,0.0250000002510042,0.9996480024786941,0.0,0.13995377536715942,0.999872872550506,0.9998694421197557,0.9996480024200123,0.0,0.13995377534960354,0.9998728725293126,0.0,0.0,0.0,0.0,0.0,0.0,0.0,0.0,0.0,0.00028000224001792015,0.00010916315525183939,0.012499999999999999,0.024999999999999998,0.0,0.0,0.0,0.0,0.0,0.0,0.0,0.0,1.0,0.0,0.0,0.0,0.0,0.01282051282051282,0.0,0.0,0.0,0.0,0.0,0.0,0.0,0.0,0.0,0.0,0.0,0.0001091703056768559,0.0,0.41021728515625,1.52587890625e-05,0.0,1.0,0.0,0.0,0.0,0.0,0.0,0.0,0.0,0.0
98602,0.0003204492393145438,0.3529411764705882,0.9998694420131475,0.0,0.0001091703056768559,0.0,0.0,0.0,0.0,0.0,0.0,0.0,0.0,0.0,0.0,0.0,0.25000000019308016,0.9996480024258805,0.0,0.13995377535135914,0.9998728725314319,0.9998694421197557,0.9996480024200123,0.0,0.13995377534960354,0.9998728725293126,0.0,0.0,0.0,0.0,0.0,0.0,0.0,0.0,0.0,0.00028000224001792015,0.00010916315525183939,0.125,0.25,0.0,0.0,0.0,0.0,0.0,0.0,0.0,0.0,1.0,0.0,0.0,0.0,0.0,0.01282051282051282,0.0,0.0,0.0,0.0,0.0,0.0,0.0,0.0,0.0,0.0,0.0,0.0001091703056768559,0.0,0.41021728515625,1.52587890625e-05,0.0,1.0,0.0,0.0,0.0,0.0,0.0,0.0,0.0,0.0
256007,0.00033570872690095066,0.3529411764705882,0.999869703757121,0.004048582995951417,0.00240174672489083,0.00022813102262989908,0.00019976738530953374,0.009931719428926133,0.0,0.008320684981915622,0.00887528052469272,0.6684931506849315,0.0,0.08302247316464642,0.2737832352974904,4.3176764373373835e-05,4.468412426662152e-05,0.9996480192266995,3.478267903487334e-08,0.1399538452211559,0.9998728725335513,0.9998697032990653,0.9996480376376224,5.066645478107973e-08,0.1399538452211559,0.9998728728726478,0.0020047300782656935,0.00010293962831164281,0.0003277064907278955,0.0009899877447507952,1.7074158073939353e-07,0.0,0.0,0.0,0.0,0.0047600380803046426,0.0038862083269654824,2.1822353572e-05,4.572302653185e-05,0.0,0.015145872129112354,0.04169330054422698,0.02332279208320295,0.0005439526305562911,0.0,0.0,0.0,1.0,0.0,0.0,0.0,0.0,0.01282051282051282,0.04264564674078594,0.008320684981915622,0.08302247316464642,0.0,0.0,0.0,0.0,0.0,0.0,0.004048582995951417,0.00022813102262989908,0.00240174672489083,0.00019976738530953374,0.41021728515625,0.0035247802734375,0.015518913676042677,0.8,0.0,0.0,0.0,0.0,0.0,0.0,0.0,0.0
91590,0.0003204492393145438,0.3529411764705882,0.9998694420120596,0.0,0.0001091703056768559,0.0,0.0,0.0,0.0,0.0,0.0,0.0,0.0,0.0,0.0,0.0,0.5000000001287201,0.9996480024229464,0.0,0.13995377535048134,0.9998728725303723,0.9998694421197557,0.9996480024200123,0.0,0.13995377534960354,0.9998728725293126,0.0,0.0,0.0,0.0,0.0,0.0,0.0,0.0,0.0,0.00028000224001792015,0.00010916315525183939,0.25,0.5,0.0,0.0,0.0,0.0,0.0,0.0,0.0,0.0,1.0,0.0,0.0,0.0,0.0,0.01282051282051282,0.0,0.0,0.0,0.0,0.0,0.0,0.0,0.0,0.0,0.0,0.0,0.0001091703056768559,0.0,0.41021728515625,1.52587890625e-05,0.0,1.0,0.0,0.0,0.0,0.0,0.0,0.0,0.0,0.0
506571,0.000808752842079563,1.0,0.9998694799174289,0.00020242914979757084,0.0002183406113537118,9.544257069210063e-06,2.5336351307550622e-05,0.0006362507759155804,0.03349673202614379,0.0036551580456285248,0.0,0.11575342465753424,0.24563953488372092,0.11582647475649632,0.0,2.7074145011795847e-05,2.8702074257810937e-05,0.9996480364955761,3.337502984601067e-08,0.13995379953283785,0.9998728730040478,0.9998694795387961,0.9996481033322308,0.0,0.13995380553958459,0.9998729089747764,6.0761265570741e-05,6.55198350089957e-05,0.0,6.103140053419845e-05,6.55198350089957e-05,0.0,0.0,0.0,0.0,0.00011200089600716806,8.733052420147152e-05,1.43509084125e-05,2.8701816825e-05,0.052030456852791875,0.0026225946617008072,0.03657110954548725,0.007957136515714116,6.331602152964162e-05,0.0,0.0,0.0,0.0,0.0,0.0,0.0,0.0,0.01282051282051282,0.04569538677526875,0.0036551580456285248,0.11582647475649632,0.0,0.0,0.0,0.0,0.0,0.0,0.00020242914979757084,9.544257069210063e-06,0.0002183406113537118,2.5336351307550622e-05,0.0,0.0,0.0009699321047526673,0.2,0.0,0.0,0.0,0.0,0.0,0.0,0.0,0.0
351532,0.00033570872690095066,0.3529411764705882,0.9998694420174995,0.0,0.0001091703056768559,0.0,0.0,0.0,0.0,0.0,0.0,0.0,0.0,0.0,0.0,0.0,0.08333333356932011,0.9996480024376169,0.0,0.1399537753548703,0.9998728725356706,0.9998694421197557,0.9996480024200123,0.0,0.13995377534960354,0.9998728725293126,0.0,0.0,0.0,0.0,0.0,0.0,0.0,0.0,0.0,0.00022400179201433613,0.00017466104840294303,0.04166666666666675,0.0833333333333335,0.0,0.0,0.0,0.0,0.0,0.0,0.0,0.0,0.0,1.0,1.0,0.0,0.0,0.01282051282051282,0.0,0.0,0.0,0.0,0.0,0.0,0.0,0.0,0.0,0.0,0.0,0.0001091703056768559,0.0,0.003692626953125,0.0035247802734375,0.0,0.8,0.0,0.0,0.0,0.0,0.0,0.0,0.0,0.0
517140,0.05171440343033281,0.3529411764705882,0.9998731707188494,0.0014170040485829958,0.0007641921397379913,0.00013129173139108478,0.00011851115803916429,0.010257603972687771,0.0,0.012570177669112732,0.014125094513264254,0.8034246575342466,0.0,0.15479429973794248,0.4552779038383969,1.7752899831948345e-06,1.0944543737682435e-06,0.9996487206796014,6.743976329173742e-07,0.13995461199734205,0.9998728726246835,0.9998731708276338,0.9996494389391907,9.1079259368071e-07,0.13995490283694356,0.9998728726246835,0.02632148689775521,0.0047304793674421,0.002486865696200858,0.007978405381176504,0.0038100893878005803,0.0,0.0,0.0,0.0,0.0012040096320770567,0.0008296399799139793,5.8357169805e-07,1.0212504716e-06,0.0,0.01820297951582868,0.06715776556312701,0.03606169834762521,0.0013004460877147237,0.0,0.0,1.0,1.0,0.0,0.0,0.0,1.0,0.0,0.07160595966692873,0.012570177669112732,0.15479429973794248,0.0,0.0,0.0,0.0,0.0,0.0,0.0014170040485829958,0.00013129173139108478,0.0007641921397379913,0.00011851115803916429,0.1250152587890625,0.9593658447265625,0.004849660523763337,0.5,0.0,0.0,0.0,0.0,0.0,0.0,0.0,0.0
425154,0.05171440343033281,0.3529411764705882,0.9998721798285409,0.0018218623481781376,0.0007641921397379913,0.00013361959896894088,0.00011851115803916429,0.010505896958410926,0.0,0.010234442527759869,0.01333003180967785,0.8034246575342466,0.0,0.15479429973794248,0.4552779038383969,2.4356657401073556e-06,1.6891693949901402e-06,0.9996484638816804,7.245528708026942e-07,0.13995461201753132,0.9998728725324916,0.9998721799373252,0.9996488227963112,9.842235276928936e-07,0.1399547385770427,0.9998728725324916,0.020171940130877482,0.0036252870881139784,0.005448823313838384,0.008702771345410061,0.0008242594742189154,0.0,0.0,0.0,0.0,0.0014840118720949769,0.0008296399799139793,9.934776207249999e-07,1.390868669e-06,0.0,0.01820297951582868,0.060136513587386954,0.034626112304891876,0.0011989676533508086,0.0,0.0,1.0,1.0,0.0,0.0,0.0,1.0,0.0,0.06364818706632837,0.010234442527759869,0.15479429973794248,0.0,0.0,0.0,0.0,0.0,0.0,0.0018218623481781376,0.00013361959896894088,0.0007641921397379913,0.00011851115803916429,0.1250152587890625,0.9590606689453125,0.004849660523763337,0.5,0.0,0.0,0.0,0.0,0.0,0.0,0.0,0.0
695308,0.05171440343033281,0.3529411764705882,0.9998717316029887,0.0016194331983805667,0.0007641921397379913,0.00013245566518001284,0.00011851115803916429,0.010505896958410926,0.0,0.011272547035023846,0.013847645593118591,0.8034246575342466,0.0,0.15479429973794248,0.4552779038383969,2.9018152803618193e-06,1.9010051463356052e-06,0.9996484140603742,5.899869002064155e-07,0.13995461201928688,0.9998728725335513,0.999871731711773,0.9996487742456908,8.277699806680791e-07,0.13995472028205289,0.9998728725335513,0.017012470993496027,0.00305746948630032,0.004398108876965351,0.007978614650825847,0.0005850595060020113,0.0,0.0,0.0,0.0,0.0013440107520860168,0.0008296399799139793,1.0691705849749998e-06,1.6631542433e-06,0.0,0.01820297951582868,0.0634406321642128,0.03540626713126475,0.0012536037521701264,0.0,0.0,0.0,1.0,0.0,0.0,0.0,0.0,0.0,0.06737839297286102,0.011272547035023846,0.15479429973794248,0.0,0.0,0.0,0.0,0.0,0.0,0.0016194331983805667,0.00013245566518001284,0.0007641921397379913,0.00011851115803916429,0.1250152587890625,0.9592132568359375,0.004849660523763337,0.5,0.0,0.0,0.0,0.0,0.0,0.0,0.0,0.0
920254,0.006759953000778234,0.3529411764705882,0.9998694427116335,0.00040485829959514163,0.0,8.962290174746036e-06,0.0,0.0007138423339540658,0.0,0.0022881883700305848,0.0014884478239162674,0.0,0.0,0.0,0.0,0.00026853501940775744,0.0011645965304323113,0.9996480033647899,9.995056671149395e-10,0.13995377589559163,0.9998728725526255,0.9998694428204176,0.9996480033647899,9.995056671149395e-10,0.13995377589559163,0.9998728725526255,0.0,0.0,0.0,0.0,0.0,1.0,0.0,0.0,0.0,0.0004200033600268802,0.0,0.0011645962732919248,0.0,0.0,0.0007138423339540658,0.012196980678131594,0.002461221012286285,6.0576088713203884e-06,0.0,1.0,0.0,0.0,1.0,0.0,0.0,0.0,0.0,0.016256059503566324,0.0022881883700305848,0.0,0.0,0.0,0.0,0.0,0.0,0.0,0.00040485829959514163,8.962290174746036e-06,0.0,0.0,0.0039520263671875,0.0,0.0009699321047526673,0.5,0.0,0.0,0.0,0.0,0.0,0.0,0.0,0.0
909153,0.006759953000778234,0.3529411764705882,0.99986944253538,0.00040485829959514163,0.0,8.962290174746036e-06,0.0,0.0007138423339540658,0.0,0.0022881883700305848,0.0014884478239162674,0.0,0.0,0.0,0.0,0.00035878952800538576,0.001556016854549994,0.9996480031271284,7.46297564779268e-10,0.13995377575777793,0.999872872547327,0.9998694426441641,0.9996480031271284,7.46297564779268e-10,0.13995377575777793,0.999872872547327,0.0,0.0,0.0,0.0,0.0,1.0,0.0,0.0,0.0,0.0004200033600268802,0.0,0.001556016597510375,0.0,0.0,0.0007138423339540658,0.012196980678131594,0.002461221012286285,6.0576088713203884e-06,0.0,1.0,0.0,0.0,1.0,0.0,0.0,0.0,0.0,0.016256059503566324,0.0022881883700305848,0.0,0.0,0.0,0.0,0.0,0.0,0.0,0.00040485829959514163,8.962290174746036e-06,0.0,0.0,0.003875732421875,0.0,0.0009699321047526673,0.5,0.0,0.0,0.0,0.0,0.0,0.0,0.0,0.0
464934,0.7794088474509026,0.3529411764705882,0.9998694529049573,0.00040485829959514163,0.0001091703056768559,3.6081947456769753e-06,0.0,0.0004810676598386096,0.0,0.0009212186944237298,0.0011355905574977371,0.0,0.0,0.0,0.0,6.953341341264907e-06,9.987042619506435e-05,0.9996480122130326,1.3523453744608278e-08,0.139953784097702,0.9998728725293126,0.9998694529626062,0.9996480170405916,1.6601789130780184e-08,0.139953784097702,0.9998728725293126,0.0,0.0,0.0,0.0,0.0,0.0,0.0,0.0,0.0,0.0004200033600268802,0.00010916315525183939,7.490262658544998e-05,4.9935084390299994e-05,0.0,0.0004810676598386096,0.00245922862453385,0.001573486074458089,2.4758584265130856e-06,0.0,0.0,0.0,0.0,1.0,0.0,0.0,0.0,0.0,0.00307279173543022,0.0009212186944237298,0.0,0.0,0.0,0.0,0.0,0.0,0.0,0.00040485829959514163,3.6081947456769753e-06,0.0001091703056768559,0.0,0.0149688720703125,1.52587890625e-05,0.0009699321047526673,0.5,0.0,0.0,0.0,0.0,0.0,0.0,0.0,0.0
27864,0.0003204492393145438,0.3529411764705882,0.9998694420120596,0.0,0.0001091703056768559,0.0,0.0,0.0,0.0,0.0,0.0,0.0,0.0,0.0,0.0,0.0,0.5000000001287201,0.9996480024229464,0.0,0.13995377535048134,0.9998728725303723,0.9998694421197557,0.9996480024200123,0.0,0.13995377534960354,0.9998728725293126,0.0,0.0,0.0,0.0,0.0,0.0,0.0,0.0,0.0,0.00028000224001792015,0.00010916315525183939,0.25,0.5,0.0,0.0,0.0,0.0,0.0,0.0,0.0,0.0,1.0,0.0,0.0,0.0,0.0,0.01282051282051282,0.0,0.0,0.0,0.0,0.0,0.0,0.0,0.0,0.0,0.0,0.0,0.0001091703056768559,0.0,0.41021728515625,1.52587890625e-05,0.0,1.0,0.0,0.0,0.0,0.0,0.0,0.0,0.0,0.0
538005,0.8780003967466773,0.3529411764705882,0.9998694420555789,0.00020242914979757084,0.0,0.0,0.0,0.0,0.0,0.0,0.0,0.0,0.0,0.0,0.0,0.0,0.012195122205520213,0.99964800254031,0.0,0.13995377538559312,0.9998728725727594,0.999869442164363,0.99964800254031,0.0,0.13995377538559312,0.9998728725727594,0.0,0.0,0.0,0.0,0.0,0.0,0.0,0.0,0.0,0.00028000224001792015,0.0,0.012195121951219525,0.0,0.0,0.0,0.0,0.0,0.0,0.0,0.0,0.0,0.0,1.0,0.0,0.0,0.0,0.0,0.0,0.0,0.0,0.0,0.0,0.0,0.0,0.0,0.0,0.00020242914979757084,0.0,0.0,0.0,0.0039215087890625,0.0,0.0,0.5,0.0,0.0,0.0,0.0,0.0,0.0,0.0,0.0
458309,0.08171455602520868,1.0,0.9998698892236105,0.00020242914979757084,0.0,5.121308671283449e-06,0.0,0.00034140285536933584,0.01797385620915033,0.0019613043171665253,0.0,0.0,0.0,0.0,0.0,2.4041262225985404e-07,1.216663349661782e-06,0.9996492084696348,0.0,0.13995413616433713,0.9998733081062788,0.9998698893323947,0.9996492084696348,0.0,0.13995413616433713,0.9998733081062788,0.0,0.0,0.0,0.0,0.0,0.0,0.0,0.0,0.0,0.00011200089600716806,0.0,1.2164059097749998e-06,0.0,0.027918781725888322,0.00034140285536933584,0.00872629511931366,0.0,0.0,0.0,0.0,0.0,0.0,0.0,0.0,0.0,0.0,0.0,0.013084145454089967,0.0019613043171665253,0.0,0.0,0.0,0.0,0.0,0.0,0.0,0.00020242914979757084,5.121308671283449e-06,0.0,0.0,0.0,0.0,0.0009699321047526673,0.2,0.0,0.0,0.0,0.0,0.0,0.0,0.0,0.0
147436,0.0003204492393145438,0.3529411764705882,0.9998694420131475,0.0,0.0001091703056768559,0.0,0.0,0.0,0.0,0.0,0.0,0.0,0.0,0.0,0.0,0.0,0.25000000019308016,0.9996480024258805,0.0,0.13995377535135914,0.9998728725314319,0.9998694421197557,0.9996480024200123,0.0,0.13995377534960354,0.9998728725293126,0.0,0.0,0.0,0.0,0.0,0.0,0.0,0.0,0.0,0.00028000224001792015,0.00010916315525183939,0.125,0.25,0.0,0.0,0.0,0.0,0.0,0.0,0.0,0.0,1.0,0.0,0.0,0.0,0.0,0.01282051282051282,0.0,0.0,0.0,0.0,0.0,0.0,0.0,0.0,0.0,0.0,0.0,0.0001091703056768559,0.0,0.41021728515625,1.52587890625e-05,0.0,1.0,0.0,0.0,0.0,0.0,0.0,0.0,0.0,0.0
510134,0.006759953000778234,0.3529411764705882,0.9998694433665999,0.00040485829959514163,0.0,8.962290174746036e-06,0.0,0.0007138423339540658,0.0,0.0022881883700305848,0.0014884478239162674,0.0,0.0,0.0,0.0,0.00013879338081749308,0.000601926421009165,0.9996480042479514,2.025664818686315e-09,0.13995377643016838,0.9998728725452077,0.999869443475384,0.9996480042479514,2.025664818686315e-09,0.13995377643016838,0.9998728725452077,0.0,0.0,0.0,0.0,0.0,1.0,0.0,0.0,0.0,0.0004200033600268802,0.0,0.000601926163723925,0.0,0.0,0.0007138423339540658,0.012196980678131594,0.002461221012286285,6.0576088713203884e-06,0.0,1.0,0.0,0.0,1.0,0.0,0.0,0.0,0.0,0.016256059503566324,0.0022881883700305848,0.0,0.0,0.0,0.0,0.0,0.0,0.0,0.00040485829959514163,8.962290174746036e-06,0.0,0.0,0.0039215087890625,0.0,0.0009699321047526673,0.5,0.0,0.0,0.0,0.0,0.0,0.0,0.0,0.0
967296,0.000808752842079563,1.0,0.9998694427780005,0.0,0.0001091703056768559,5.121308671283449e-06,5.397092586223801e-06,0.0006828057107386717,0.03594771241830066,0.003922608634333051,0.0,0.049315068493150684,0.10465116279069767,0.04934619042880317,0.0,0.00036954296932554517,0.0007092201154136434,0.999648004488547,0.0,0.13995377596844855,0.9998728732763847,0.9998694421197557,0.9996480024200123,0.0,0.13995377534960354,0.9998728725293126,0.0,0.0,0.0,0.0,0.0,0.0,0.0,0.0,0.0,5.600044800358403e-05,4.366526210073576e-05,0.000354609929078025,0.00070921985815605,0.055837563451776644,0.00111731843575419,0.02115465483468656,0.0018347783885173808,3.366411734974006e-06,0.0,0.0,0.0,0.0,0.0,0.0,0.0,0.0,0.01282051282051282,0.031719140494763556,0.003922608634333051,0.04934619042880317,0.0,0.0,0.0,0.0,0.0,0.0,0.0,5.121308671283449e-06,0.0001091703056768559,5.397092586223801e-06,0.0,0.0,0.0,0.2,0.0,0.0,0.0,0.0,0.0,0.0,0.0,0.0
5461,0.0003204492393145438,0.3529411764705882,0.9998694420120596,0.0,0.0001091703056768559,0.0,0.0,0.0,0.0,0.0,0.0,0.0,0.0,0.0,0.0,0.0,0.5000000001287201,0.9996480024229464,0.0,0.13995377535048134,0.9998728725303723,0.9998694421197557,0.9996480024200123,0.0,0.13995377534960354,0.9998728725293126,0.0,0.0,0.0,0.0,0.0,0.0,0.0,0.0,0.0,0.00028000224001792015,0.00010916315525183939,0.25,0.5,0.0,0.0,0.0,0.0,0.0,0.0,0.0,0.0,1.0,0.0,0.0,0.0,0.0,0.01282051282051282,0.0,0.0,0.0,0.0,0.0,0.0,0.0,0.0,0.0,0.0,0.0,0.0001091703056768559,0.0,0.41021728515625,1.52587890625e-05,0.0,1.0,0.0,0.0,0.0,0.0,0.0,0.0,0.0,0.0
396520,0.000808752842079563,1.0,0.9998694431337714,0.0,0.0001091703056768559,4.53934177681942e-06,5.022294489958259e-06,0.0006052141527001862,0.031862745098039214,0.0034768576531588407,0.0,0.04589041095890411,0.09738372093023255,0.045919371649025174,0.0,0.00023068653182386074,0.0004844963813464712,0.999648005447995,0.0,0.1399537762554873,0.999872873622899,0.9998694421197557,0.9996480024200123,0.0,0.13995377534960354,0.9998728725293126,0.0,0.0,0.0,0.0,0.0,0.0,0.0,0.0,0.0,5.600044800358403e-05,4.366526210073576e-05,0.0002422480620155,0.000484496124031,0.049492385786802026,0.0010397268777157045,0.019171405943933455,0.0018347783885173808,3.366411734974006e-06,0.0,0.0,0.0,0.0,0.0,0.0,0.0,0.0,0.01282051282051282,0.028745471073379474,0.0034768576531588407,0.045919371649025174,0.0,0.0,0.0,0.0,0.0,0.0,0.0,4.53934177681942e-06,0.0001091703056768559,5.022294489958259e-06,0.0,0.0,0.0,0.2,0.0,0.0,0.0,0.0,0.0,0.0,0.0,0.0
761730,0.9475226221903469,0.3529411764705882,0.9998694421763452,0.00020242914979757084,0.0,0.0,0.0,0.0,0.0,0.0,0.0,0.0,0.0,0.0,0.0,0.0,0.0032894739408038825,0.9996480028659942,0.0,0.1399537754830283,0.9998728726903834,0.9998694422851293,0.9996480028659942,0.0,0.1399537754830283,0.9998728726903834,0.0,0.0,0.0,0.0,0.0,0.0,0.0,0.0,0.0,0.00028000224001792015,0.0,0.003289473684210525,0.0,0.0,0.0,0.0,0.0,0.0,0.0,0.0,0.0,0.0,1.0,0.0,0.0,0.0,0.0,0.0,0.0,0.0,0.0,0.0,0.0,0.0,0.0,0.0,0.00020242914979757084,0.0,0.0,0.0,0.00390625,0.0,0.0,0.5,0.0,0.0,0.0,0.0,0.0,0.0,0.0,0.0
484661,0.000808752842079563,1.0,0.9998694423199591,0.0,0.0001091703056768559,5.237702050176254e-06,4.572536774439609e-06,0.0006983240223463687,0.03676470588235294,0.004011758830567893,0.0,0.04178082191780822,0.08866279069767442,0.04180718911329157,0.0,0.000838269369162758,0.0017605636372686603,0.9996480032532944,0.0,0.13995377559889713,0.9998728728302607,0.9998694421197557,0.9996480024200123,0.0,0.13995377534960354,0.9998728725293126,0.0,0.0,0.0,0.0,0.0,0.0,0.0,0.0,0.0,5.600044800358403e-05,4.366526210073576e-05,0.0008802816901408499,0.0017605633802816997,0.05710659898477157,0.0009466170080695221,0.019964705500234697,0.0010484447934352606,1.0992364848891821e-06,0.0,0.0,0.0,0.0,0.0,0.0,0.0,0.0,0.01282051282051282,0.029934938841933108,0.004011758830567893,0.04180718911329157,0.0,0.0,0.0,0.0,0.0,0.0,0.0,5.237702050176254e-06,0.0001091703056768559,4.572536774439609e-06,0.0,0.0,0.0,0.2,0.0,0.0,0.0,0.0,0.0,0.0,0.0,0.0
287029,0.00033570872690095066,0.3529411764705882,0.9998694420164115,0.0,0.0001091703056768559,0.0,0.0,0.0,0.0,0.0,0.0,0.0,0.0,0.0,0.0,0.0,0.1000000002316962,0.9996480024346828,0.0,0.1399537753539925,0.999872872534611,0.9998694421197557,0.9996480024200123,0.0,0.13995377534960354,0.9998728725293126,0.0,0.0,0.0,0.0,0.0,0.0,0.0,0.0,0.0,0.00022400179201433613,0.00017466104840294303,0.049999999999999996,0.09999999999999999,0.0,0.0,0.0,0.0,0.0,0.0,0.0,0.0,0.0,1.0,1.0,0.0,0.0,0.01282051282051282,0.0,0.0,0.0,0.0,0.0,0.0,0.0,0.0,0.0,0.0,0.0,0.0001091703056768559,0.0,0.003692626953125,0.0035247802734375,0.0,0.8,0.0,0.0,0.0,0.0,0.0,0.0,0.0,0.0
323259,0.00033570872690095066,0.3529411764705882,0.9998694420174995,0.0,0.0001091703056768559,0.0,0.0,0.0,0.0,0.0,0.0,0.0,0.0,0.0,0.0,0.0,0.08333333356932011,0.9996480024376169,0.0,0.1399537753548703,0.9998728725356706,0.9998694421197557,0.9996480024200123,0.0,0.13995377534960354,0.9998728725293126,0.0,0.0,0.0,0.0,0.0,0.0,0.0,0.0,0.0,0.00022400179201433613,0.00017466104840294303,0.04166666666666675,0.0833333333333335,0.0,0.0,0.0,0.0,0.0,0.0,0.0,0.0,0.0,1.0,1.0,0.0,0.0,0.01282051282051282,0.0,0.0,0.0,0.0,0.0,0.0,0.0,0.0,0.0,0.0,0.0,0.0001091703056768559,0.0,0.003692626953125,0.0035247802734375,0.0,0.8,0.0,0.0,0.0,0.0,0.0,0.0,0.0,0.0
722516,0.05171440343033281,0.3529411764705882,0.9998712668487806,0.0014170040485829958,0.0007641921397379913,0.00013245566518001284,0.00011851115803916429,0.010505896958410926,0.0,0.012681615414406284,0.014450156496087474,0.8034246575342466,0.0,0.15479429973794248,0.4552779038383969,3.6408567754816396e-06,2.236040097699354e-06,0.9996483539378297,5.792031916056216e-07,0.13995461200524217,0.9998728725335513,0.9998712669575649,0.9996487054556471,8.902590503833022e-07,0.13995473240439282,0.9998728725335513,0.013340952145448953,0.002397626665667621,0.004002803946848544,0.007978480718250268,0.0008232619839314379,0.0,0.0,0.0,0.0,0.0012040096320770567,0.0008296399799139793,1.19241741765e-06,2.08673048085e-06,0.0,0.01820297951582868,0.06740567167447115,0.03624687204100493,0.001313835732757029,0.0,0.0,1.0,1.0,0.0,0.0,0.0,1.0,0.0,0.07187028583773164,0.012681615414406284,0.15479429973794248,0.0,0.0,0.0,0.0,0.0,0.0,0.0014170040485829958,0.00013245566518001284,0.0007641921397379913,0.00011851115803916429,0.1250152587890625,0.9592132568359375,0.004849660523763337,0.5,0.0,0.0,0.0,0.0,0.0,0.0,0.0,0.0
38689,0.0003204492393145438,0.3529411764705882,0.9998694420131475,0.0,0.0001091703056768559,0.0,0.0,0.0,0.0,0.0,0.0,0.0,0.0,0.0,0.0,0.0,0.25000000019308016,0.9996480024258805,0.0,0.13995377535135914,0.9998728725314319,0.9998694421197557,0.9996480024200123,0.0,0.13995377534960354,0.9998728725293126,0.0,0.0,0.0,0.0,0.0,0.0,0.0,0.0,0.0,0.00028000224001792015,0.00010916315525183939,0.125,0.25,0.0,0.0,0.0,0.0,0.0,0.0,0.0,0.0,1.0,0.0,0.0,0.0,0.0,0.01282051282051282,0.0,0.0,0.0,0.0,0.0,0.0,0.0,0.0,0.0,0.0,0.0,0.0001091703056768559,0.0,0.41021728515625,1.52587890625e-05,0.0,1.0,0.0,0.0,0.0,0.0,0.0,0.0,0.0,0.0
351598,0.00033570872690095066,0.3529411764705882,0.9998694420174995,0.0,0.0001091703056768559,0.0,0.0,0.0,0.0,0.0,0.0,0.0,0.0,0.0,0.0,0.0,0.08333333356932011,0.9996480024376169,0.0,0.1399537753548703,0.9998728725356706,0.9998694421197557,0.9996480024200123,0.0,0.13995377534960354,0.9998728725293126,0.0,0.0,0.0,0.0,0.0,0.0,0.0,0.0,0.0,0.00022400179201433613,0.00017466104840294303,0.04166666666666675,0.0833333333333335,0.0,0.0,0.0,0.0,0.0,0.0,0.0,0.0,0.0,1.0,1.0,0.0,0.0,0.01282051282051282,0.0,0.0,0.0,0.0,0.0,0.0,0.0,0.0,0.0,0.0,0.0,0.0001091703056768559,0.0,0.003692626953125,0.0035247802734375,0.0,0.8,0.0,0.0,0.0,0.0,0.0,0.0,0.0,0.0
877183,0.006759953000778234,0.3529411764705882,0.9998695357712735,0.0018218623481781376,0.0008733624454148472,6.483111204329275e-05,0.0003945874357483623,0.003196772191185599,0.0,0.004965665930280703,0.005428623974474579,1.0,0.0,0.4509693514187845,0.7281956539457944,0.00015170407973082717,5.2217760733857064e-05,0.9996480172937865,2.2716481360584448e-08,0.13995380880410174,0.9998728725303723,0.9998695358800576,0.9996480305149191,2.8382223527413777e-08,0.13995380880410174,0.9998728725462674,0.0005428595308295253,8.362486142379032e-05,0.00022031507697818138,0.0004209751974030139,8.98639898628387e-09,0.0,0.0,0.0,0.0,0.0014840118720949769,0.0009388031351658187,2.90097240595e-05,4.64155584952e-05,0.0,0.02265673494723774,0.12152096624286982,0.060353868790149756,0.0036425894779387184,0.0,0.0,0.0,1.0,0.0,0.0,0.0,0.0,0.0,0.12822022001390626,0.004965665930280703,0.4509693514187845,0.0,0.0,0.0,0.0,0.0,0.0,0.0018218623481781376,6.483111204329275e-05,0.0008733624454148472,0.0003945874357483623,0.1250152587890625,0.0018310546875,0.0038797284190106693,0.5,0.0,0.0,0.0,0.0,0.0,0.0,0.0,0.0
705673,0.05171440343033281,0.3529411764705882,0.9998707426666998,0.0014170040485829958,0.0007641921397379913,0.00013245566518001284,0.00011851115803916429,0.010505896958410926,0.0,0.012681615414406284,0.014450156496087474,0.8034246575342466,0.0,0.15479429973794248,0.4552779038383969,5.108171944935879e-06,3.137091144542387e-06,0.9996482529648336,5.898331097882635e-07,0.13995461198154174,0.9998728725822964,0.999870742775484,0.999648503509655,8.960377539473234e-07,0.13995468197510752,0.9998728725822964,0.009741486774582597,0.0017507332459741492,0.004404381880017266,0.00797825470702898,0.00024605659064343865,0.0,0.0,0.0,0.0,0.0012040096320770567,0.0008296399799139793,1.672977976075e-06,2.92771145815e-06,0.0,0.01820297951582868,0.06740567167447115,0.03624687204100493,0.001313835732757029,0.0,0.0,0.0,1.0,0.0,0.0,0.0,0.0,0.0,0.07187028583773164,0.012681615414406284,0.15479429973794248,0.0,0.0,0.0,0.0,0.0,0.0,0.0014170040485829958,0.00013245566518001284,0.0007641921397379913,0.00011851115803916429,0.1250152587890625,0.9592132568359375,0.004849660523763337,0.5,0.0,0.0,0.0,0.0,0.0,0.0,0.0,0.0
670891,0.000808752842079563,1.0,0.9998698514498874,0.00020242914979757084,0.0002183406113537118,9.311470311424452e-06,1.7990308620746003e-05,0.0006207324643078833,0.032679738562091505,0.0035660078493936825,0.0,0.0821917808219178,0.1744186046511628,0.08224365071467195,0.0,1.9097631880516565e-06,2.6575138753908494e-06,0.999648370480309,3.942117009333473e-07,0.13995405223841947,0.9998728725314319,0.9998695083660253,0.9996481810739265,0.0,0.13995382879762364,0.9998729370519728,1.666747101103854e-08,1.797279797256774e-08,0.0,1.6741571947386765e-08,1.797279797256774e-08,0.0,0.0,0.0,0.0,0.00011200089600716806,8.733052420147152e-05,1.3286282179499998e-06,2.6572564358999996e-06,0.050761421319796954,0.00186219739292365,0.028558784026844707,0.004973210322317066,2.473282091001626e-05,0.0,0.0,0.0,0.0,0.0,0.0,0.0,0.0,0.01282051282051282,0.035684033056609006,0.0035660078493936825,0.08224365071467195,0.0,0.0,0.0,0.0,0.0,0.0,0.00020242914979757084,9.311470311424452e-06,0.0002183406113537118,1.7990308620746003e-05,0.0,0.0,0.0009699321047526673,0.2,0.0,0.0,0.0,0.0,0.0,0.0,0.0,0.0
740740,0.006759953000778234,0.3529411764705882,0.9998694422905835,0.00040485829959514163,0.0,8.962290174746036e-06,0.0,0.0007138423339540658,0.0,0.0022881883700305848,0.0014884478239162674,0.0,0.0,0.0,0.0,0.0006729048735353935,0.0029182881944321156,0.999648002797043,3.481611407117546e-10,0.13995377555412963,0.9998728725547448,0.9998694423993676,0.999648002797043,3.481611407117546e-10,0.13995377555412963,0.9998728725547448,0.0,0.0,0.0,0.0,0.0,1.0,0.0,0.0,0.0,0.0004200033600268802,0.0,0.0029182879377432,0.0,0.0,0.0007138423339540658,0.012196980678131594,0.002461221012286285,6.0576088713203884e-06,0.0,1.0,0.0,0.0,1.0,0.0,0.0,0.0,0.0,0.016256059503566324,0.0022881883700305848,0.0,0.0,0.0,0.0,0.0,0.0,0.0,0.00040485829959514163,8.962290174746036e-06,0.0,0.0,0.00390625,0.0,0.0009699321047526673,0.5,0.0,0.0,0.0,0.0,0.0,0.0,0.0,0.0
653025,0.000808752842079563,1.0,0.9998694424211416,0.0,0.0001091703056768559,1.0475404100352509e-05,7.945719640829484e-06,0.0013966480446927375,0.07352941176470588,0.008023517661135786,0.0,0.0726027397260274,0.15406976744186046,0.07264855813129356,0.0,0.001167644916797853,0.0013262602040483675,0.9996480035261649,0.0,0.13995377568053202,0.9998728729288107,0.9998694421197557,0.9996480024200123,0.0,0.13995377534960354,0.9998728725293126,0.0,0.0,0.0,0.0,0.0,0.0,0.0,0.0,0.0,5.600044800358403e-05,4.366526210073576e-05,0.0006631299734747999,0.0013262599469495999,0.11421319796954314,0.0016449410304158908,0.03781394551701264,0.0010484447934352606,1.0992364848891821e-06,0.0,0.0,0.0,0.0,0.0,0.0,0.0,0.0,0.01282051282051282,0.05669796363438986,0.008023517661135786,0.07264855813129356,0.0,0.0,0.0,0.0,0.0,0.0,0.0,1.0475404100352509e-05,0.0001091703056768559,7.945719640829484e-06,0.0,0.0,0.0,0.2,0.0,0.0,0.0,0.0,0.0,0.0,0.0,0.0
142291,0.0003204492393145438,0.3529411764705882,0.9998694420120596,0.0,0.0001091703056768559,0.0,0.0,0.0,0.0,0.0,0.0,0.0,0.0,0.0,0.0,0.0,0.5000000001287201,0.9996480024229464,0.0,0.13995377535048134,0.9998728725303723,0.9998694421197557,0.9996480024200123,0.0,0.13995377534960354,0.9998728725293126,0.0,0.0,0.0,0.0,0.0,0.0,0.0,0.0,0.0,0.00028000224001792015,0.00010916315525183939,0.25,0.5,0.0,0.0,0.0,0.0,0.0,0.0,0.0,0.0,1.0,0.0,0.0,0.0,0.0,0.01282051282051282,0.0,0.0,0.0,0.0,0.0,0.0,0.0,0.0,0.0,0.0,0.0,0.0001091703056768559,0.0,0.41021728515625,1.52587890625e-05,0.0,1.0,0.0,0.0,0.0,0.0,0.0,0.0,0.0,0.0
139720,0.0003204492393145438,0.3529411764705882,0.9998694420120596,0.0,0.0001091703056768559,0.0,0.0,0.0,0.0,0.0,0.0,0.0,0.0,0.0,0.0,0.0,0.5000000001287201,0.9996480024229464,0.0,0.13995377535048134,0.9998728725303723,0.9998694421197557,0.9996480024200123,0.0,0.13995377534960354,0.9998728725293126,0.0,0.0,0.0,0.0,0.0,0.0,0.0,0.0,0.0,0.00028000224001792015,0.00010916315525183939,0.25,0.5,0.0,0.0,0.0,0.0,0.0,0.0,0.0,0.0,1.0,0.0,0.0,0.0,0.0,0.01282051282051282,0.0,0.0,0.0,0.0,0.0,0.0,0.0,0.0,0.0,0.0,0.0,0.0001091703056768559,0.0,0.41021728515625,1.52587890625e-05,0.0,1.0,0.0,0.0,0.0,0.0,0.0,0.0,0.0,0.0
279779,0.00033570872690095066,0.3529411764705882,0.9998694420185875,0.0,0.0001091703056768559,0.0,0.0,0.0,0.0,0.0,0.0,0.0,0.0,0.0,0.0,0.0,0.07142857166762312,0.999648002440551,0.0,0.1399537753557481,0.9998728725367303,0.9998694421197557,0.9996480024200123,0.0,0.13995377534960354,0.9998728725293126,0.0,0.0,0.0,0.0,0.0,0.0,0.0,0.0,0.0,0.00022400179201433613,0.00017466104840294303,0.03571428571428575,0.0714285714285715,0.0,0.0,0.0,0.0,0.0,0.0,0.0,0.0,0.0,1.0,1.0,0.0,0.0,0.01282051282051282,0.0,0.0,0.0,0.0,0.0,0.0,0.0,0.0,0.0,0.0,0.0,0.0001091703056768559,0.0,0.003692626953125,0.0035247802734375,0.0,0.8,0.0,0.0,0.0,0.0,0.0,0.0,0.0,0.0
172523,0.0003204492393145438,0.3529411764705882,0.9998694420120596,0.0,0.0001091703056768559,0.0,0.0,0.0,0.0,0.0,0.0,0.0,0.0,0.0,0.0,0.0,0.5000000001287201,0.9996480024229464,0.0,0.13995377535048134,0.9998728725303723,0.9998694421197557,0.9996480024200123,0.0,0.13995377534960354,0.9998728725293126,0.0,0.0,0.0,0.0,0.0,0.0,0.0,0.0,0.0,0.00028000224001792015,0.00010916315525183939,0.25,0.5,0.0,0.0,0.0,0.0,0.0,0.0,0.0,0.0,1.0,0.0,0.0,0.0,0.0,0.01282051282051282,0.0,0.0,0.0,0.0,0.0,0.0,0.0,0.0,0.0,0.0,0.0,0.0001091703056768559,0.0,0.41021728515625,1.52587890625e-05,0.0,1.0,0.0,0.0,0.0,0.0,0.0,0.0,0.0,0.0
337379,0.00033570872690095066,0.3529411764705882,0.9998694420185875,0.0,0.0001091703056768559,0.0,0.0,0.0,0.0,0.0,0.0,0.0,0.0,0.0,0.0,0.0,0.07142857166762312,0.999648002440551,0.0,0.1399537753557481,0.9998728725367303,0.9998694421197557,0.9996480024200123,0.0,0.13995377534960354,0.9998728725293126,0.0,0.0,0.0,0.0,0.0,0.0,0.0,0.0,0.0,0.00022400179201433613,0.00017466104840294303,0.03571428571428575,0.0714285714285715,0.0,0.0,0.0,0.0,0.0,0.0,0.0,0.0,0.0,1.0,1.0,0.0,0.0,0.01282051282051282,0.0,0.0,0.0,0.0,0.0,0.0,0.0,0.0,0.0,0.0,0.0,0.0001091703056768559,0.0,0.003692626953125,0.0035247802734375,0.0,0.8,0.0,0.0,0.0,0.0,0.0,0.0,0.0,0.0
61651,0.0003204492393145438,0.3529411764705882,0.9998694420120596,0.0,0.0001091703056768559,0.0,0.0,0.0,0.0,0.0,0.0,0.0,0.0,0.0,0.0,0.0,0.5000000001287201,0.9996480024229464,0.0,0.13995377535048134,0.9998728725303723,0.9998694421197557,0.9996480024200123,0.0,0.13995377534960354,0.9998728725293126,0.0,0.0,0.0,0.0,0.0,0.0,0.0,0.0,0.0,0.00028000224001792015,0.00010916315525183939,0.25,0.5,0.0,0.0,0.0,0.0,0.0,0.0,0.0,0.0,1.0,0.0,0.0,0.0,0.0,0.01282051282051282,0.0,0.0,0.0,0.0,0.0,0.0,0.0,0.0,0.0,0.0,0.0,0.0001091703056768559,0.0,0.41021728515625,1.52587890625e-05,0.0,1.0,0.0,0.0,0.0,0.0,0.0,0.0,0.0,0.0
28088,0.0003204492393145438,0.3529411764705882,0.9998694420120596,0.0,0.0001091703056768559,0.0,0.0,0.0,0.0,0.0,0.0,0.0,0.0,0.0,0.0,0.0,0.5000000001287201,0.9996480024229464,0.0,0.13995377535048134,0.9998728725303723,0.9998694421197557,0.9996480024200123,0.0,0.13995377534960354,0.9998728725293126,0.0,0.0,0.0,0.0,0.0,0.0,0.0,0.0,0.0,0.00028000224001792015,0.00010916315525183939,0.25,0.5,0.0,0.0,0.0,0.0,0.0,0.0,0.0,0.0,1.0,0.0,0.0,0.0,0.0,0.01282051282051282,0.0,0.0,0.0,0.0,0.0,0.0,0.0,0.0,0.0,0.0,0.0,0.0001091703056768559,0.0,0.41021728515625,1.52587890625e-05,0.0,1.0,0.0,0.0,0.0,0.0,0.0,0.0,0.0,0.0
172003,0.0003204492393145438,0.3529411764705882,0.9998694420120596,0.0,0.0001091703056768559,0.0,0.0,0.0,0.0,0.0,0.0,0.0,0.0,0.0,0.0,0.0,0.5000000001287201,0.9996480024229464,0.0,0.13995377535048134,0.9998728725303723,0.9998694421197557,0.9996480024200123,0.0,0.13995377534960354,0.9998728725293126,0.0,0.0,0.0,0.0,0.0,0.0,0.0,0.0,0.0,0.00028000224001792015,0.00010916315525183939,0.25,0.5,0.0,0.0,0.0,0.0,0.0,0.0,0.0,0.0,1.0,0.0,0.0,0.0,0.0,0.01282051282051282,0.0,0.0,0.0,0.0,0.0,0.0,0.0,0.0,0.0,0.0,0.0,0.0001091703056768559,0.0,0.41021728515625,1.52587890625e-05,0.0,1.0,0.0,0.0,0.0,0.0,0.0,0.0,0.0,0.0
377127,0.00033570872690095066,0.3529411764705882,0.9998694420174995,0.0,0.0001091703056768559,0.0,0.0,0.0,0.0,0.0,0.0,0.0,0.0,0.0,0.0,0.0,0.08333333356932011,0.9996480024376169,0.0,0.1399537753548703,0.9998728725356706,0.9998694421197557,0.9996480024200123,0.0,0.13995377534960354,0.9998728725293126,0.0,0.0,0.0,0.0,0.0,0.0,0.0,0.0,0.0,0.00022400179201433613,0.00017466104840294303,0.04166666666666675,0.0833333333333335,0.0,0.0,0.0,0.0,0.0,0.0,0.0,0.0,0.0,1.0,1.0,0.0,0.0,0.01282051282051282,0.0,0.0,0.0,0.0,0.0,0.0,0.0,0.0,0.0,0.0,0.0,0.0001091703056768559,0.0,0.003692626953125,0.0035247802734375,0.0,0.8,0.0,0.0,0.0,0.0,0.0,0.0,0.0,0.0
276098,0.00033570872690095066,0.3529411764705882,0.9998694420174995,0.0,0.0001091703056768559,0.0,0.0,0.0,0.0,0.0,0.0,0.0,0.0,0.0,0.0,0.0,0.08333333356932011,0.9996480024376169,0.0,0.1399537753548703,0.9998728725356706,0.9998694421197557,0.9996480024200123,0.0,0.13995377534960354,0.9998728725293126,0.0,0.0,0.0,0.0,0.0,0.0,0.0,0.0,0.0,0.00022400179201433613,0.00017466104840294303,0.04166666666666675,0.0833333333333335,0.0,0.0,0.0,0.0,0.0,0.0,0.0,0.0,0.0,1.0,1.0,0.0,0.0,0.01282051282051282,0.0,0.0,0.0,0.0,0.0,0.0,0.0,0.0,0.0,0.0,0.0,0.0001091703056768559,0.0,0.003692626953125,0.0035247802734375,0.0,0.8,0.0,0.0,0.0,0.0,0.0,0.0,0.0,0.0
746563,0.000808752842079563,1.0,0.9998694431228915,0.0,0.0001091703056768559,3.840981503462586e-06,6.6714061135266426e-06,0.0005121042830540037,0.02696078431372549,0.0029419564757497884,0.0,0.06095890410958904,0.12936046511627908,0.06099737428004836,0.0,0.00026810505762610667,0.0004892370479209008,0.9996480054186541,0.0,0.13995377624670938,0.9998728736123023,0.9998694421197557,0.9996480024200123,0.0,0.13995377534960354,0.9998728725293126,0.0,0.0,0.0,0.0,0.0,0.0,0.0,0.0,0.0,5.600044800358403e-05,4.366526210073576e-05,0.000244618395303325,0.00048923679060665,0.04187817258883248,0.0013811297330850404,0.020493571871128637,0.0036695567770347617,1.3465646939897312e-05,0.0,0.0,0.0,0.0,0.0,0.0,0.0,0.0,0.01282051282051282,0.030727917354302196,0.0029419564757497884,0.06099737428004836,0.0,0.0,0.0,0.0,0.0,0.0,0.0,3.840981503462586e-06,0.0001091703056768559,6.6714061135266426e-06,0.0,0.0,0.0,0.2,0.0,0.0,0.0,0.0,0.0,0.0,0.0,0.0
51957,0.0003204492393145438,0.3529411764705882,0.9998694420327313,0.0,0.0001091703056768559,0.0,0.0,0.0,0.0,0.0,0.0,0.0,0.0,0.0,0.0,0.0,0.0250000002510042,0.9996480024786941,0.0,0.13995377536715942,0.999872872550506,0.9998694421197557,0.9996480024200123,0.0,0.13995377534960354,0.9998728725293126,0.0,0.0,0.0,0.0,0.0,0.0,0.0,0.0,0.0,0.00028000224001792015,0.00010916315525183939,0.012499999999999999,0.024999999999999998,0.0,0.0,0.0,0.0,0.0,0.0,0.0,0.0,1.0,0.0,0.0,0.0,0.0,0.01282051282051282,0.0,0.0,0.0,0.0,0.0,0.0,0.0,0.0,0.0,0.0,0.0,0.0001091703056768559,0.0,0.41021728515625,1.52587890625e-05,0.0,1.0,0.0,0.0,0.0,0.0,0.0,0.0,0.0,0.0
615457,0.006759953000778234,0.3529411764705882,0.9998695195450772,0.0016194331983805667,0.0008733624454148472,6.296881798100786e-05,0.00031468048162454885,0.0030105524518932343,0.0,0.005358917351448961,0.005404899598826616,1.0,0.0,0.3596446309377009,0.6909813232395541,0.00014935253046489074,5.963766200499688e-05,0.999648015488457,1.3676141537238263e-08,0.13995379006845918,0.9998728725293126,0.9998695196538613,0.9996480285569018,1.34044037893918e-08,0.13995379006845918,0.999872872547327,0.00040494454194868685,6.23797304489311e-05,0.00013796616753882656,0.00023759638907731298,0.0,0.0,0.0,0.0,0.0,0.0013440107520860168,0.0009388031351658187,3.157274360125e-05,5.61293219578e-05,0.0,0.02265673494723774,0.10442907214755284,0.05525033602080817,0.0030525996304125885,0.0,0.0,0.0,1.0,0.0,0.0,0.0,0.0,0.0,0.11052721088581609,0.005358917351448961,0.3596446309377009,0.0,0.0,0.0,0.0,0.0,0.0,0.0016194331983805667,6.296881798100786e-05,0.0008733624454148472,0.00031468048162454885,0.1250152587890625,0.0044097900390625,0.0038797284190106693,0.5,0.0,0.0,0.0,0.0,0.0,0.0,0.0,0.0
739558,0.0012207590069125479,0.3529411764705882,0.9998694421056262,0.00020242914979757084,0.0,0.0,0.0,0.0,0.0,0.0,0.0,0.0,0.0,0.0,0.0,0.0,0.00574712669274226,0.9996480026752783,0.0,0.13995377542597165,0.9998728726215045,0.9998694422144103,0.9996480026752783,0.0,0.13995377542597165,0.9998728726215045,0.0,0.0,0.0,0.0,0.0,0.0,0.0,0.0,0.0,0.00028000224001792015,0.0,0.0057471264367816,0.0,0.0,0.0,0.0,0.0,0.0,0.0,0.0,0.0,0.0,1.0,0.0,0.0,0.0,0.0,0.0,0.0,0.0,0.0,0.0,0.0,0.0,0.0,0.0,0.00020242914979757084,0.0,0.0,0.0,0.0042724609375,0.0,0.0,0.5,0.0,0.0,0.0,0.0,0.0,0.0,0.0,0.0
705845,0.05171440343033281,0.3529411764705882,0.9999057149535704,0.001214574898785425,0.0014192139737991267,0.00013245566518001284,0.00013237868760098933,0.010505896958410926,0.0,0.014493274759318919,0.015102713237192845,0.8034246575342466,0.0,0.09310403023215386,0.3394400823379742,1.956286605172375e-07,1.5022930843632496e-07,0.9996531509150187,8.385477455907827e-06,0.13996639328873553,0.9998728726204448,0.9998737685258946,0.9996499470059638,2.8868485885820155e-06,0.13995655003735014,0.9998729170526927,0.27784257488625974,0.024966837416934284,0.049743789410150396,0.120326666574309,0.0016656649977036604,0.0,0.0,0.0,0.0,0.0010640085120680967,0.0014846189114250158,5.24901539e-08,1.9496342875e-07,0.0,0.01820297951582868,0.05485099789282306,0.03207395645624076,0.0010287386827564885,0.0,0.0,0.0,1.0,0.0,0.0,0.0,0.0,0.01282051282051282,0.057570239997995855,0.014493274759318919,0.09310403023215386,0.0,0.0,0.0,0.0,0.0,0.0,0.001214574898785425,0.00013245566518001284,0.0014192139737991267,0.00013237868760098933,0.1250152587890625,1.52587890625e-05,0.004849660523763337,0.5,0.11631872264291088,0.0,0.11631872264291088,0.11631872264291088,3.17600031668847e-05,2.0891315090396053e-05,1.467123367364748e-05,0.0005702840593509482
23682,0.0003204492393145438,0.3529411764705882,0.9998694420164115,0.0,0.0001091703056768559,0.0,0.0,0.0,0.0,0.0,0.0,0.0,0.0,0.0,0.0,0.0,0.1000000002316962,0.9996480024346828,0.0,0.1399537753539925,0.999872872534611,0.9998694421197557,0.9996480024200123,0.0,0.13995377534960354,0.9998728725293126,0.0,0.0,0.0,0.0,0.0,0.0,0.0,0.0,0.0,0.00028000224001792015,0.00010916315525183939,0.049999999999999996,0.09999999999999999,0.0,0.0,0.0,0.0,0.0,0.0,0.0,0.0,1.0,0.0,0.0,0.0,0.0,0.01282051282051282,0.0,0.0,0.0,0.0,0.0,0.0,0.0,0.0,0.0,0.0,0.0,0.0001091703056768559,0.0,0.41021728515625,1.52587890625e-05,0.0,1.0,0.0,0.0,0.0,0.0,0.0,0.0,0.0,0.0
340017,0.00033570872690095066,0.3529411764705882,0.9998698371102557,0.004251012145748988,0.002183406113537118,0.0002225441404430444,0.00019976738530953374,0.009931719428926133,0.0,0.007747962509137994,0.008736085312671723,0.6684931506849315,0.0,0.09132472048108364,0.284505952267003,2.8306966283793146e-05,2.8914088708156355e-05,0.9996480284080503,4.5305164060702094e-08,0.13995386308163751,0.9998728725324916,0.9998698355805355,0.9996480529481465,5.831683995818102e-08,0.13995386308163751,0.9998728729436462,0.0030263543801517957,0.00017175609788810814,0.0004172244383372022,0.0011491917231844697,6.290479290398709e-08,0.0,0.0,0.0,0.0,0.004984039872318979,0.003536886230159596,1.5145340191874999e-05,2.7536982167049996e-05,0.0,0.015145872129112354,0.042220140339421265,0.023527104438524276,0.00055352464326126,0.0,0.0,0.0,1.0,0.0,0.0,0.0,0.0,0.0,0.04320788870373378,0.007747962509137994,0.09132472048108364,0.0,0.0,0.0,0.0,0.0,0.0,0.004251012145748988,0.0002225441404430444,0.002183406113537118,0.00019976738530953374,0.41021728515625,0.0035247802734375,0.015518913676042677,0.8,0.0,0.0,0.0,0.0,0.0,0.0,0.0,0.0
320246,0.00033570872690095066,0.3529411764705882,0.9998698562674814,0.004453441295546558,0.00240174672489083,0.0002225441404430444,0.00019976738530953374,0.009931719428926133,0.0,0.007411094573956531,0.008612326678263959,0.6684931506849315,0.0,0.08302247316464642,0.2737832352974904,2.6997915179345758e-05,2.9546738643668485e-05,0.9996480278103088,4.81985564942819e-08,0.13995384612440628,0.9998728725335513,0.9998698563229542,0.9996480531940704,7.102780140617707e-08,0.13995385882872388,0.9998728728111866,0.003173061459990957,0.00016293154417279068,0.0004313046713347078,0.000994474486032695,9.885038884912257e-08,0.0,0.0,0.0,0.0,0.005208041664333315,0.0038862083269654824,1.51015348412e-05,2.8889892739699996e-05,0.0,0.015145872129112354,0.039466652925986785,0.02292854756746915,0.000525718293553744,0.0,0.0,0.0,1.0,0.0,0.0,0.0,0.0,0.0,0.040327362790143595,0.007411094573956531,0.08302247316464642,0.0,0.0,0.0,0.0,0.0,0.0,0.004453441295546558,0.0002225441404430444,0.00240174672489083,0.00019976738530953374,0.41021728515625,0.0035247802734375,0.015518913676042677,0.8,0.0,0.0,0.0,0.0,0.0,0.0,0.0,0.0
333224,0.00033570872690095066,0.3529411764705882,0.9998698300992855,0.004453441295546558,0.00240174672489083,0.0002225441404430444,0.00019976738530953374,0.009931719428926133,0.0,0.007411094573956531,0.008612326678263959,0.6684931506849315,0.0,0.08302247316464642,0.2737832352974904,2.8818342917452444e-05,3.1539012254005594e-05,0.9996480262064276,3.390748781505948e-08,0.1399538134581674,0.9998728725324916,0.9998698301601984,0.9996480499869747,4.1248247319466704e-08,0.13995381348625682,0.9998728728027092,0.002972485113844119,0.00015263227508698632,0.00031888514614271694,0.0006841527084159338,7.189119189027096e-08,0.0,0.0,0.0,0.0,0.005208041664333315,0.0038862083269654824,1.6119808020099997e-05,3.0837893603649996e-05,0.0,0.015145872129112354,0.039466652925986785,0.02292854756746915,0.000525718293553744,0.0,0.0,0.0,1.0,0.0,0.0,0.0,0.0,0.0,0.040327362790143595,0.007411094573956531,0.08302247316464642,0.0,0.0,0.0,0.0,0.0,0.0,0.004453441295546558,0.0002225441404430444,0.00240174672489083,0.00019976738530953374,0.41021728515625,0.0035247802734375,0.015518913676042677,0.8,0.0,0.0,0.0,0.0,0.0,0.0,0.0,0.0
452065,0.000808752842079563,1.0,0.9998694433122007,0.0,0.0001091703056768559,3.840981503462586e-06,8.17059849858881e-06,0.0005121042830540037,0.02696078431372549,0.0029419564757497884,0.0,0.07465753424657534,0.15843023255813954,0.07470464939916036,0.0,0.0002666571521391735,0.00041806045800147447,0.999648005929186,0.0,0.1399537763994456,0.999872873796686,0.9998694421197557,0.9996480024200123,0.0,0.13995377534960354,0.9998728725293126,0.0,0.0,0.0,0.0,0.0,0.0,0.0,0.0,0.0,5.600044800358403e-05,4.366526210073576e-05,0.00020903010033445,0.0004180602006689,0.04187817258883248,0.0016914959652389822,0.023137903725439665,0.004980112768834513,2.480152319032143e-05,0.0,0.0,0.0,0.0,0.0,0.0,0.0,0.0,0.01282051282051282,0.03469280991614764,0.0029419564757497884,0.07470464939916036,0.0,0.0,0.0,0.0,0.0,0.0,0.0,3.840981503462586e-06,0.0001091703056768559,8.17059849858881e-06,0.0,0.0,0.0,0.2,0.0,0.0,0.0,0.0,0.0,0.0,0.0,0.0
681491,0.000808752842079563,1.0,0.9998694425701955,0.0,0.0001091703056768559,5.237702050176254e-06,4.572536774439609e-06,0.0006983240223463687,0.03676470588235294,0.004011758830567893,0.0,0.04178082191780822,0.08866279069767442,0.04180718911329157,0.0,0.00046316828957630995,0.0009727629031041718,0.9996480039281355,0.0,0.13995377580078983,0.9998728730739864,0.9998694421197557,0.9996480024200123,0.0,0.13995377534960354,0.9998728725293126,0.0,0.0,0.0,0.0,0.0,0.0,0.0,0.0,0.0,5.600044800358403e-05,4.366526210073576e-05,0.00048638132295719997,0.0009727626459143999,0.05710659898477157,0.0009466170080695221,0.019964705500234697,0.0010484447934352606,1.0992364848891821e-06,0.0,0.0,0.0,0.0,0.0,0.0,0.0,0.0,0.01282051282051282,0.029934938841933108,0.004011758830567893,0.04180718911329157,0.0,0.0,0.0,0.0,0.0,0.0,0.0,5.237702050176254e-06,0.0001091703056768559,4.572536774439609e-06,0.0,0.0,0.0,0.2,0.0,0.0,0.0,0.0,0.0,0.0,0.0,0.0
773378,0.08171455602520868,1.0,0.9998698950160384,0.00020242914979757084,0.0,5.121308671283449e-06,0.0,0.00034140285536933584,0.01797385620915033,0.0019613043171665253,0.0,0.0,0.0,0.0,0.0,2.3733854457226278e-07,1.2011095645657862e-06,0.9996492240907394,0.0,0.13995414083771426,0.9998733137479981,0.9998698951248225,0.9996492240907394,0.0,0.13995414083771426,0.9998733137479981,0.0,0.0,0.0,0.0,0.0,0.0,0.0,0.0,0.0,0.00011200089600716806,0.0,1.200852124675e-06,0.0,0.027918781725888322,0.00034140285536933584,0.00872629511931366,0.0,0.0,0.0,0.0,0.0,0.0,0.0,0.0,0.0,0.0,0.0,0.013084145454089967,0.0019613043171665253,0.0,0.0,0.0,0.0,0.0,0.0,0.0,0.00020242914979757084,5.121308671283449e-06,0.0,0.0,0.0,0.0,0.0009699321047526673,0.2,0.0,0.0,0.0,0.0,0.0,0.0,0.0,0.0
167471,0.0003204492393145438,0.3529411764705882,0.9998694420131475,0.0,0.0001091703056768559,0.0,0.0,0.0,0.0,0.0,0.0,0.0,0.0,0.0,0.0,0.0,0.25000000019308016,0.9996480024258805,0.0,0.13995377535135914,0.9998728725314319,0.9998694421197557,0.9996480024200123,0.0,0.13995377534960354,0.9998728725293126,0.0,0.0,0.0,0.0,0.0,0.0,0.0,0.0,0.0,0.00028000224001792015,0.00010916315525183939,0.125,0.25,0.0,0.0,0.0,0.0,0.0,0.0,0.0,0.0,1.0,0.0,0.0,0.0,0.0,0.01282051282051282,0.0,0.0,0.0,0.0,0.0,0.0,0.0,0.0,0.0,0.0,0.0,0.0001091703056768559,0.0,0.41021728515625,1.52587890625e-05,0.0,1.0,0.0,0.0,0.0,0.0,0.0,0.0,0.0,0.0
644477,0.000808752842079563,1.0,0.9998694426115389,0.0,0.0001091703056768559,5.470488807961865e-06,4.722456012945826e-06,0.0007293606455617629,0.03839869281045752,0.0041900592230375774,0.0,0.04315068493150685,0.09156976744186046,0.043177916625202775,0.0,0.000447558365679598,0.0009057973586562865,0.9996480040396309,0.0,0.13995377583414603,0.9998728731142541,0.9998694421197557,0.9996480024200123,0.0,0.13995377534960354,0.9998728725293126,0.0,0.0,0.0,0.0,0.0,0.0,0.0,0.0,0.0,5.600044800358403e-05,4.366526210073576e-05,0.00045289855072465,0.0009057971014493,0.05964467005076142,0.0009776536312849163,0.02075800505653594,0.0010484447934352606,1.0992364848891821e-06,0.0,0.0,0.0,0.0,0.0,0.0,0.0,0.0,0.01282051282051282,0.03112440661048674,0.0041900592230375774,0.043177916625202775,0.0,0.0,0.0,0.0,0.0,0.0,0.0,5.470488807961865e-06,0.0001091703056768559,4.722456012945826e-06,0.0,0.0,0.0,0.2,0.0,0.0,0.0,0.0,0.0,0.0,0.0,0.0
664231,0.05171440343033281,0.3529411764705882,0.9998735562569283,0.0016194331983805667,0.0007641921397379913,0.00013361959896894088,0.00011851115803916429,0.010505896958410926,0.0,0.01137160280862604,0.013875598572000457,0.8034246575342466,0.0,0.15479429973794248,0.4552779038383969,1.6208093843631668e-06,1.0580300722276207e-06,0.9996487421106129,6.863729852399364e-07,0.13995461200524217,0.9998728726172658,0.9998735563657128,0.9996493893398886,9.387189754442428e-07,0.13995494123166835,0.9998728741495584,0.028897177862975038,0.005193380761090903,0.004283948051205716,0.009405892254842386,0.0028299787959625436,0.0,0.0,0.0,0.0,0.0013440107520860168,0.0008296399799139793,5.949971056749999e-07,9.2555105325e-07,0.0,0.01820297951582868,0.06367395556311793,0.03541621741105054,0.0012543084557070842,0.0,0.0,1.0,1.0,0.0,0.0,0.0,1.0,0.0,0.06762619875797636,0.01137160280862604,0.15479429973794248,0.0,0.0,0.0,0.0,0.0,0.0,0.0016194331983805667,0.00013361959896894088,0.0007641921397379913,0.00011851115803916429,0.1250152587890625,0.9590606689453125,0.004849660523763337,0.5,0.0,0.0,0.0,0.0,0.0,0.0,0.0,0.0
134011,0.0003204492393145438,0.3529411764705882,0.9998694420131475,0.0,0.0001091703056768559,0.0,0.0,0.0,0.0,0.0,0.0,0.0,0.0,0.0,0.0,0.0,0.25000000019308016,0.9996480024258805,0.0,0.13995377535135914,0.9998728725314319,0.9998694421197557,0.9996480024200123,0.0,0.13995377534960354,0.9998728725293126,0.0,0.0,0.0,0.0,0.0,0.0,0.0,0.0,0.0,0.00028000224001792015,0.00010916315525183939,0.125,0.25,0.0,0.0,0.0,0.0,0.0,0.0,0.0,0.0,1.0,0.0,0.0,0.0,0.0,0.01282051282051282,0.0,0.0,0.0,0.0,0.0,0.0,0.0,0.0,0.0,0.0,0.0,0.0001091703056768559,0.0,0.41021728515625,1.52587890625e-05,0.0,1.0,0.0,0.0,0.0,0.0,0.0,0.0,0.0,0.0
134895,0.0003204492393145438,0.3529411764705882,0.9998694420120596,0.0,0.0001091703056768559,0.0,0.0,0.0,0.0,0.0,0.0,0.0,0.0,0.0,0.0,0.0,0.5000000001287201,0.9996480024229464,0.0,0.13995377535048134,0.9998728725303723,0.9998694421197557,0.9996480024200123,0.0,0.13995377534960354,0.9998728725293126,0.0,0.0,0.0,0.0,0.0,0.0,0.0,0.0,0.0,0.00028000224001792015,0.00010916315525183939,0.25,0.5,0.0,0.0,0.0,0.0,0.0,0.0,0.0,0.0,1.0,0.0,0.0,0.0,0.0,0.01282051282051282,0.0,0.0,0.0,0.0,0.0,0.0,0.0,0.0,0.0,0.0,0.0,0.0001091703056768559,0.0,0.41021728515625,1.52587890625e-05,0.0,1.0,0.0,0.0,0.0,0.0,0.0,0.0,0.0,0.0
893802,0.006759953000778234,0.3529411764705882,0.999928515754547,0.0008097165991902834,0.0001091703056768559,1.4316385603815095e-05,3.448142485642984e-06,0.0007138423339540658,0.0,0.002193094827377115,0.0014768629875988402,0.031506849315068496,0.06686046511627906,0.03152673277395758,0.0,6.990542316451431e-09,2.7883525692821667e-08,0.9996798646081245,5.7102258418732156e-05,0.14000136784498854,0.9998728725536852,0.9999285158633375,0.9996878301551526,6.383460409554422e-05,0.14000136784498854,0.9998728725536852,0.0,0.0,0.0,0.0,0.0,1.0,0.0,0.0,0.0,0.0007000056000448004,0.00010916315525183939,2.3021737925e-08,9.20869515e-09,0.0,0.0007138423339540658,0.01218281461463188,0.0024611898581818983,6.057455518016197e-06,0.0,1.0,0.0,0.0,1.0,0.0,0.0,0.0,0.0,0.01420753167993296,0.002193094827377115,0.03152673277395758,0.0,0.0,0.0,0.0,0.0,0.0,0.0008097165991902834,1.4316385603815095e-05,0.0001091703056768559,3.448142485642984e-06,0.01409912109375,0.0012054443359375,0.0019398642095053346,0.5,0.0007702336500503474,0.0,0.0007702336500503474,0.0007702336500503474,0.0001597237445465601,0.0,5.533713656419139e-05,0.004302013409505673
739939,0.000808752842079563,1.0,0.999869443430791,0.0,0.0001091703056768559,4.655735155712226e-06,1.041938707618206e-05,0.0006207324643078833,0.032679738562091505,0.0035660078493936825,0.0,0.09520547945205479,0.20203488372093023,0.09526556207782834,0.0,0.0003080623266880494,0.0003831420197936639,0.9996480062490021,0.0,0.13995377649512517,0.9998728739121908,0.9998694421197557,0.9996480024200123,0.0,0.13995377534960354,0.9998728725293126,0.0,0.0,0.0,0.0,0.0,0.0,0.0,0.0,0.0,5.600044800358403e-05,4.366526210073576e-05,0.00019157088122605,0.0003831417624521,0.050761421319796954,0.0021570453134698944,0.028955433804995327,0.00648725215940763,4.208444057969954e-05,0.0,0.0,0.0,0.0,0.0,0.0,0.0,0.0,0.01282051282051282,0.04341557355220762,0.0035660078493936825,0.09526556207782834,0.0,0.0,0.0,0.0,0.0,0.0,0.0,4.655735155712226e-06,0.0001091703056768559,1.041938707618206e-05,0.0,0.0,0.0,0.2,0.0,0.0,0.0,0.0,0.0,0.0,0.0,0.0
467598,0.000808752842079563,1.0,0.9998694434699584,0.0,0.0001091703056768559,6.983602733568339e-06,1.0044588979916519e-05,0.000931098696461825,0.049019607843137254,0.005349011774090524,0.0,0.09178082191780822,0.1947674418604651,0.09183874329805035,0.0,0.0003249144482672139,0.0003728563348982868,0.9996480063546294,0.0,0.13995377652672578,0.9998728739503392,0.9998694421197557,0.9996480024200123,0.0,0.13995377534960354,0.9998728725293126,0.0,0.0,0.0,0.0,0.0,0.0,0.0,0.0,0.0,5.600044800358403e-05,4.366526210073576e-05,0.00018642803877702498,0.00037285607755404996,0.07614213197969542,0.002079453755431409,0.03358301455009913,0.004849057169652267,2.3513355434591417e-05,0.0,0.0,0.0,0.0,0.0,0.0,0.0,0.0,0.01282051282051282,0.05035413553543715,0.005349011774090524,0.09183874329805035,0.0,0.0,0.0,0.0,0.0,0.0,0.0,6.983602733568339e-06,0.0001091703056768559,1.0044588979916519e-05,0.0,0.0,0.0,0.2,0.0,0.0,0.0,0.0,0.0,0.0,0.0,0.0
837266,0.0012207590069125479,0.3529411764705882,0.9999278065825138,0.00020242914979757084,0.0,0.0,0.0,0.0,0.0,0.0,0.0,0.0,0.0,0.0,0.0,0.0,9.578027722534232e-09,0.9998054008550037,0.0,0.14000086435268372,0.9999297185591385,0.9999278066913042,0.9998054008550037,0.0,0.14000086435268372,0.9999297185591385,0.0,0.0,0.0,0.0,0.0,0.0,0.0,0.0,0.0,0.00028000224001792015,0.0,9.320587525e-09,0.0,0.0,0.0,0.0,0.0,0.0,0.0,0.0,0.0,0.0,1.0,0.0,0.0,0.0,0.0,0.0,0.0,0.0,0.0,0.0,0.0,0.0,0.0,0.0,0.00020242914979757084,0.0,0.0,0.0,0.0042724609375,0.0,0.0,0.5,0.0,0.0,0.0,0.0,0.0,0.0,0.0,0.0
633510,0.000808752842079563,1.0,0.9998694541844267,0.0,0.0001091703056768559,4.655735155712226e-06,7.645881163817052e-06,0.0006207324643078833,0.032679738562091505,0.0035660078493936825,0.0,0.06986301369863014,0.14825581395348836,0.06990710310747116,0.0,2.8503168644065582e-05,4.468700333987078e-05,0.9996480352495651,0.0,0.13995378517124452,0.9998728843860362,0.9998694421197557,0.9996480024200123,0.0,0.13995377534960354,0.9998728725293126,0.0,0.0,0.0,0.0,0.0,0.0,0.0,0.0,0.0,5.600044800358403e-05,4.366526210073576e-05,2.2343372955575e-05,4.468674591115e-05,0.050761421319796954,0.0015828677839851025,0.024063419874484227,0.004062723574581497,1.6505722843420145e-05,0.0,0.0,0.0,0.0,0.0,0.0,0.0,0.0,0.01282051282051282,0.036080522312793545,0.0035660078493936825,0.06990710310747116,0.0,0.0,0.0,0.0,0.0,0.0,0.0,4.655735155712226e-06,0.0001091703056768559,7.645881163817052e-06,0.0,0.0,0.0,0.2,0.0,0.0,0.0,0.0,0.0,0.0,0.0,0.0
37409,0.0003204492393145438,0.3529411764705882,0.9998694420131475,0.0,0.0001091703056768559,0.0,0.0,0.0,0.0,0.0,0.0,0.0,0.0,0.0,0.0,0.0,0.25000000019308016,0.9996480024258805,0.0,0.13995377535135914,0.9998728725314319,0.9998694421197557,0.9996480024200123,0.0,0.13995377534960354,0.9998728725293126,0.0,0.0,0.0,0.0,0.0,0.0,0.0,0.0,0.0,0.00028000224001792015,0.00010916315525183939,0.125,0.25,0.0,0.0,0.0,0.0,0.0,0.0,0.0,0.0,1.0,0.0,0.0,0.0,0.0,0.01282051282051282,0.0,0.0,0.0,0.0,0.0,0.0,0.0,0.0,0.0,0.0,0.0,0.0001091703056768559,0.0,0.41021728515625,1.52587890625e-05,0.0,1.0,0.0,0.0,0.0,0.0,0.0,0.0,0.0,0.0
513016,0.000808752842079563,1.0,0.9998694423090793,0.0,0.0001091703056768559,5.121308671283449e-06,4.497577155186501e-06,0.0006828057107386717,0.03594771241830066,0.003922608634333051,0.0,0.0410958904109589,0.0872093023255814,0.041121825357335974,0.0,0.0008524694975757889,0.001824817775218594,0.9996480032239534,0.0,0.1399537755901192,0.999872872819664,0.9998694421197557,0.9996480024200123,0.0,0.13995377534960354,0.9998728725293126,0.0,0.0,0.0,0.0,0.0,0.0,0.0,0.0,0.0,5.600044800358403e-05,4.366526210073576e-05,0.0009124087591240999,0.0018248175182481998,0.055837563451776644,0.000931098696461825,0.019568055722084077,0.0010484447934352606,1.0992364848891821e-06,0.0,0.0,0.0,0.0,0.0,0.0,0.0,0.0,0.01282051282051282,0.029340204957656293,0.003922608634333051,0.041121825357335974,0.0,0.0,0.0,0.0,0.0,0.0,0.0,5.121308671283449e-06,0.0001091703056768559,4.497577155186501e-06,0.0,0.0,0.0,0.2,0.0,0.0,0.0,0.0,0.0,0.0,0.0,0.0
511270,0.000808752842079563,1.0,0.9998695103668426,0.00020242914979757084,0.0002183406113537118,9.311470311424452e-06,1.5141843089127885e-05,0.0006207324643078833,0.032679738562091505,0.0035660078493936825,0.0,0.06917808219178083,0.14680232558139536,0.06922173935151556,0.0,1.0080729124123752e-05,1.5916727799627397e-05,0.9996480638677183,4.844144487169204e-08,0.13995381194660553,0.9998728731365074,0.9998695098522117,0.9996481850818958,0.0,0.1399538299966907,0.9998729384994912,0.000352225331140772,0.0003798101531552878,0.0,0.0003537912691781508,0.0003798101531552878,0.0,0.0,0.0,0.0,0.00011200089600716806,8.733052420147152e-05,7.958235181774999e-06,1.5916470363549997e-05,0.050761421319796954,0.0015673494723774054,0.02554424571289999,0.0037920728707661953,1.437981665721414e-05,0.0,0.0,0.0,0.0,0.0,0.0,0.0,0.0,0.01282051282051282,0.03191738512285583,0.0035660078493936825,0.06922173935151556,0.0,0.0,0.0,0.0,0.0,0.0,0.00020242914979757084,9.311470311424452e-06,0.0002183406113537118,1.5141843089127885e-05,0.0,0.0,0.0009699321047526673,0.2,0.0,0.0,0.0,0.0,0.0,0.0,0.0,0.0
210124,0.00033570872690095066,0.3529411764705882,0.9998698415307354,0.005060728744939271,0.002183406113537118,0.0002244064345053293,0.00019976738530953374,0.009931719428926133,0.0,0.006610829936179559,0.008269227279910916,0.6684931506849315,0.0,0.09132472048108364,0.284505952267003,2.8091623235901403e-05,3.131740207106265e-05,0.9996480263629184,3.581869263966086e-08,0.13995382287426736,0.9998728725356706,0.9998698415764165,0.9996480455104362,4.35772995240616e-08,0.13995382287426736,0.9998728726479964,0.0030599476679745437,0.00017366263337830395,0.00035785063726474374,0.0008035703411166436,1.2580958580797418e-07,0.0,0.0,0.0,0.0,0.005880047040376323,0.003536886230159596,1.77009947959e-05,2.7232299686e-05,0.0,0.015145872129112354,0.03876196661798819,0.022738972032170367,0.0005170608490798572,0.0,0.0,0.0,1.0,0.0,0.0,0.0,0.0,0.0,0.03958859029687839,0.006610829936179559,0.09132472048108364,0.0,0.0,0.0,0.0,0.0,0.0,0.005060728744939271,0.0002244064345053293,0.002183406113537118,0.00019976738530953374,0.41021728515625,0.0035247802734375,0.015518913676042677,0.8,0.0,0.0,0.0,0.0,0.0,0.0,0.0,0.0
72023,0.0003204492393145438,0.3529411764705882,0.9998694420120596,0.0,0.0001091703056768559,0.0,0.0,0.0,0.0,0.0,0.0,0.0,0.0,0.0,0.0,0.0,0.5000000001287201,0.9996480024229464,0.0,0.13995377535048134,0.9998728725303723,0.9998694421197557,0.9996480024200123,0.0,0.13995377534960354,0.9998728725293126,0.0,0.0,0.0,0.0,0.0,0.0,0.0,0.0,0.0,0.00028000224001792015,0.00010916315525183939,0.25,0.5,0.0,0.0,0.0,0.0,0.0,0.0,0.0,0.0,1.0,0.0,0.0,0.0,0.0,0.01282051282051282,0.0,0.0,0.0,0.0,0.0,0.0,0.0,0.0,0.0,0.0,0.0,0.0001091703056768559,0.0,0.41021728515625,1.52587890625e-05,0.0,1.0,0.0,0.0,0.0,0.0,0.0,0.0,0.0,0.0
25509,0.0003204492393145438,0.3529411764705882,0.9998694420305553,0.0,0.0001091703056768559,0.0,0.0,0.0,0.0,0.0,0.0,0.0,0.0,0.0,0.0,0.0,0.027777778028066837,0.9996480024728259,0.0,0.13995377536540385,0.9998728725483867,0.9998694421197557,0.9996480024200123,0.0,0.13995377534960354,0.9998728725293126,0.0,0.0,0.0,0.0,0.0,0.0,0.0,0.0,0.0,0.00028000224001792015,0.00010916315525183939,0.013888888888888899,0.027777777777777797,0.0,0.0,0.0,0.0,0.0,0.0,0.0,0.0,1.0,0.0,0.0,0.0,0.0,0.01282051282051282,0.0,0.0,0.0,0.0,0.0,0.0,0.0,0.0,0.0,0.0,0.0,0.0001091703056768559,0.0,0.41021728515625,1.52587890625e-05,0.0,1.0,0.0,0.0,0.0,0.0,0.0,0.0,0.0,0.0
820,0.0003204492393145438,0.3529411764705882,0.9998694420120596,0.0,0.0001091703056768559,0.0,0.0,0.0,0.0,0.0,0.0,0.0,0.0,0.0,0.0,0.0,0.5000000001287201,0.9996480024229464,0.0,0.13995377535048134,0.9998728725303723,0.9998694421197557,0.9996480024200123,0.0,0.13995377534960354,0.9998728725293126,0.0,0.0,0.0,0.0,0.0,0.0,0.0,0.0,0.0,0.00028000224001792015,0.00010916315525183939,0.25,0.5,0.0,0.0,0.0,0.0,0.0,0.0,0.0,0.0,1.0,0.0,0.0,0.0,0.0,0.01282051282051282,0.0,0.0,0.0,0.0,0.0,0.0,0.0,0.0,0.0,0.0,0.0,0.0001091703056768559,0.0,0.41021728515625,1.52587890625e-05,0.0,1.0,0.0,0.0,0.0,0.0,0.0,0.0,0.0,0.0
448362,0.7790426197488288,0.3529411764705882,0.9998694422427122,0.00020242914979757084,0.0001091703056768559,4.422948397926615e-06,0.0,0.0005896958410924892,0.0,0.0016938537284619992,0.0017048622912648017,0.0,0.0,0.0,0.0,0.00040068221419100507,0.0035211270170970956,0.9996480027324931,3.0151754291310927e-10,0.13995377552252902,0.9998728725462674,0.9998694423514963,0.9996480030449738,0.0,0.13995377553657373,0.9998728727550237,0.0,0.0,0.0,0.0,0.0,1.0,0.0,0.0,0.0,0.00028000224001792015,0.00010916315525183939,0.0023474178403756,0.0023474178403756,0.0,0.0005896958410924892,0.007536345784861798,0.0024900563844172563,6.200380797580036e-06,0.0,1.0,0.0,0.0,1.0,0.0,0.0,0.0,0.0,0.010044394489995244,0.0016938537284619992,0.0,0.0,0.0,0.0,0.0,0.0,0.0,0.00020242914979757084,4.422948397926615e-06,0.0001091703056768559,0.0,0.0027008056640625,1.52587890625e-05,0.0,0.5,0.0,0.0,0.0,0.0,0.0,0.0,0.0,0.0
461563,0.05171440343033281,0.3529411764705882,0.9998747598557626,0.0016194331983805667,0.0007641921397379913,0.00013361959896894088,0.00011851115803916429,0.010505896958410926,0.0,0.01137160280862604,0.013875598572000457,0.8034246575342466,0.0,0.15479429973794248,0.4552779038383969,1.2539682368208871e-06,8.18622199889254e-07,0.9996489585028157,1.0882116861130703e-06,0.13995525784067858,0.9998728726204448,0.9998747599645472,0.9996497950752685,1.386248337554603e-06,0.13995525784067858,0.9998728726691899,0.03786570233568522,0.006805197758335583,0.008528430596908164,0.017919341533885424,0.0028028398710239666,0.0,0.0,0.0,0.0,0.0013440107520860168,0.0008296399799139793,4.6033017744999996e-07,7.160691649e-07,0.0,0.01820297951582868,0.06367395556311793,0.03541621741105054,0.0012543084557070842,0.0,0.0,1.0,1.0,0.0,0.0,0.0,1.0,0.0,0.06762619875797636,0.01137160280862604,0.15479429973794248,0.0,0.0,0.0,0.0,0.0,0.0,0.0016194331983805667,0.00013361959896894088,0.0007641921397379913,0.00011851115803916429,0.1250152587890625,0.9590606689453125,0.004849660523763337,0.5,0.0,0.0,0.0,0.0,0.0,0.0,0.0,0.0
395825,0.0012207590069125479,0.3529411764705882,0.9998694679213151,0.0006072874493927125,0.0005458515283842794,4.981636616612082e-05,0.00016993345684679663,0.006641837368094351,0.0,0.0095390709971281,0.013577958581494938,1.0,0.0,0.3107439269502688,0.7011581970138878,0.00025415827576950927,9.447852741377745e-05,0.9996480111544367,1.2456097211432111e-08,0.1399537854828615,0.9998728725420287,0.9998694680105156,0.9996480256942063,1.5651483308375643e-08,0.139953785843635,0.9998728728090672,0.0001023216045367656,2.7583751688398338e-05,6.931646395183265e-05,9.918544300229288e-05,1.7972797972567738e-07,0.0,0.0,0.0,0.0,0.0006440051520412163,0.0006113136694103006,4.1990342221299994e-05,0.0001049758555532,0.0,0.02265673494723774,0.10689711521159234,0.056619084058141866,0.003205720679583395,0.0,0.0,0.0,1.0,0.0,0.0,0.0,0.0,0.01282051282051282,0.1187265050463543,0.0095390709971281,0.3107439269502688,0.0,0.0,0.0,0.0,0.0,0.0,0.0006072874493927125,4.981636616612082e-05,0.0005458515283842794,0.00016993345684679663,0.1250152587890625,0.003631591796875,0.0009699321047526673,0.5,0.0,0.0,0.0,0.0,0.0,0.0,0.0,0.0
553420,0.0012207590069125479,0.3529411764705882,0.9998754843770769,0.0006072874493927125,0.0004366812227074236,1.1290157752602148e-05,1.7390631666721135e-05,0.0015052762259466172,0.0,0.00216189225869492,0.00307724762244161,0.1589041095890411,0.0,0.03975109784542478,0.12279099793060165,1.3304774565974172e-07,3.603760343572248e-07,0.9996503302974103,4.881068416275551e-06,0.13995859593370547,0.9998728725716997,0.9998695096019753,0.9996480630823598,8.368433775425865e-08,0.1399538295024925,0.9998728726405787,0.046281716811850476,0.016635436084496285,0.037951625407164354,0.04648319215235467,1.725388605366503e-06,0.0,0.0,0.0,0.0,0.0006440051520412163,0.0005021505141584612,1.80059297125e-07,3.6011859425e-07,0.0,0.0036002482929857233,0.014499753001301439,0.009080349962925583,8.245275544926571e-05,0.0,0.0,0.0,1.0,0.0,0.0,0.0,0.0,0.01282051282051282,0.016305620660589392,0.00216189225869492,0.03975109784542478,0.0,0.0,0.0,0.0,0.0,0.0,0.0006072874493927125,1.1290157752602148e-05,0.0004366812227074236,1.7390631666721135e-05,0.1250152587890625,0.002166748046875,0.0009699321047526673,0.5,0.0,0.0,0.0,0.0,0.0,0.0,0.0,0.0
809116,0.0012207590069125479,0.3529411764705882,0.9998694431022197,0.00040485829959514163,0.0004366812227074236,1.7226220076135237e-05,1.8065268239999112e-05,0.0022967101179391684,0.0,0.00439807634758257,0.005421529113210705,0.16506849315068492,0.0,0.041293166296324874,0.1275544418158405,0.0008710533195472543,0.0017447659598823523,0.9996480029104946,2.5897042745203555e-10,0.13995377560153052,0.9998728725611029,0.9998694426528679,0.9996480031388648,3.3316855570497985e-10,0.1399537756524426,0.9998728726829657,5.966954621951798e-06,2.144753891393383e-06,2.246752257541191e-06,3.3566851754510464e-06,2.6959196958851607e-07,0.0,0.0,0.0,0.0,0.0005040040320322563,0.0005021505141584612,0.0007477567298105751,0.0019940179461615,0.0,0.003739913097454997,0.01928709546257394,0.010601094540627113,0.00011238320545923265,0.0,0.0,0.0,1.0,0.0,0.0,0.0,0.0,0.01282051282051282,0.02203347437938693,0.00439807634758257,0.041293166296324874,0.0,0.0,0.0,0.0,0.0,0.0,0.00040485829959514163,1.7226220076135237e-05,0.0004366812227074236,1.8065268239999112e-05,0.1250152587890625,0.002288818359375,0.0009699321047526673,0.5,0.0,0.0,0.0,0.0,0.0,0.0,0.0,0.0
94578,0.0003204492393145438,0.3529411764705882,0.9998694420142356,0.0,0.0001091703056768559,0.0,0.0,0.0,0.0,0.0,0.0,0.0,0.0,0.0,0.0,0.0,0.16666666688120027,0.9996480024288146,0.0,0.13995377535223694,0.9998728725324916,0.9998694421197557,0.9996480024200123,0.0,0.13995377534960354,0.9998728725293126,0.0,0.0,0.0,0.0,0.0,0.0,0.0,0.0,0.0,0.00028000224001792015,0.00010916315525183939,0.08333333333333325,0.1666666666666665,0.0,0.0,0.0,0.0,0.0,0.0,0.0,0.0,1.0,0.0,0.0,0.0,0.0,0.01282051282051282,0.0,0.0,0.0,0.0,0.0,0.0,0.0,0.0,0.0,0.0,0.0,0.0001091703056768559,0.0,0.41021728515625,1.52587890625e-05,0.0,1.0,0.0,0.0,0.0,0.0,0.0,0.0,0.0,0.0
776223,0.000808752842079563,1.0,0.9998695504568841,0.00020242914979757084,0.0002183406113537118,1.0242617342566898e-05,2.9684009224230906e-05,0.0006828057107386717,0.03594771241830066,0.003922608634333051,0.0,0.13561643835616438,0.2877906976744186,0.13570202367920872,0.0,1.090563183276429e-05,1.0032762754842167e-05,0.9996480999061896,8.045558162592212e-08,0.13995383564003058,0.9998728731142541,0.9998695499651009,0.9996482932589256,0.0,0.13995386236009055,0.9998729775687148,0.0005769945114601322,0.00062218232021435,0.0,0.000579559737674635,0.00062218232021435,0.0,0.0,0.0,0.0,0.00011200089600716806,8.733052420147152e-05,5.016252658624999e-06,1.0032505317249998e-05,0.055837563451776644,0.0030726256983240226,0.04188621657270557,0.009573429870463758,9.165055948467901e-05,0.0,0.0,0.0,0.0,0.0,0.0,0.0,0.0,0.01282051282051282,0.05233658181635987,0.003922608634333051,0.13570202367920872,0.0,0.0,0.0,0.0,0.0,0.0,0.00020242914979757084,1.0242617342566898e-05,0.0002183406113537118,2.9684009224230906e-05,0.0,0.0,0.0009699321047526673,0.2,0.0,0.0,0.0,0.0,0.0,0.0,0.0,0.0
556739,0.0012207590069125479,0.3529411764705882,0.9999277463506209,0.00020242914979757084,0.0,0.0,0.0,0.0,0.0,0.0,0.0,0.0,0.0,0.0,0.0,0.0,9.587656447531754e-09,0.9998052384207488,0.0,0.1400008157571108,0.9999296598943715,0.9999277464594113,0.9998052384207488,0.0,0.1400008157571108,0.9999296598943715,0.0,0.0,0.0,0.0,0.0,0.0,0.0,0.0,0.0,0.00028000224001792015,0.0,9.33021625e-09,0.0,0.0,0.0,0.0,0.0,0.0,0.0,0.0,0.0,0.0,1.0,0.0,0.0,0.0,0.0,0.0,0.0,0.0,0.0,0.0,0.0,0.0,0.0,0.0,0.00020242914979757084,0.0,0.0,0.0,0.0042724609375,0.0,0.0,0.5,0.0,0.0,0.0,0.0,0.0,0.0,0.0,0.0
816619,0.0012207590069125479,0.3529411764705882,0.9999952148083348,0.003036437246963563,0.0016375545851528386,5.14458734706201e-05,0.000132828445316508,0.0066883923029174425,0.0,0.002462774170987512,0.006824991060843866,1.0,0.0,0.08096430503686532,0.4020485169225005,4.301397259696799e-08,6.729799013267481e-08,0.9996593086176743,1.1425428382532656e-05,0.13996257229207026,0.9998728725293126,0.9999952149171325,0.9996706148153364,9.815743995986192e-06,0.13996259908235378,0.9998728727359495,0.9201458547053717,0.07087198917907132,0.050530745439710194,0.08414313223677991,0.0,0.0,0.0,0.0,0.0,0.0023240185921487373,0.0024234220465908347,3.460157415e-08,6.487795154999999e-08,0.0,0.02265673494723774,0.027443206525796085,0.030655401589137658,0.0009397536465915828,0.0,0.0,0.0,1.0,0.0,0.0,0.0,0.0,0.0,0.028317006877176212,0.002462774170987512,0.08096430503686532,0.0,0.0,0.0,0.0,0.0,0.0,0.003036437246963563,5.14458734706201e-05,0.0016375545851528386,0.000132828445316508,0.1250152587890625,0.0144500732421875,0.011639185257032008,0.5,0.0003285500880250292,0.00016421488035287812,0.0006084123886407263,0.00029979154043875797,2.947177083002921e-05,3.35401839142491e-08,1.022845309308917e-05,0.00079348940728398
758959,0.05171440343033281,0.3529411764705882,0.9998720893898548,0.0014170040485829958,0.0008733624454148472,0.00013129173139108478,0.00012128466395152931,0.010257603972687771,0.0,0.012570177669112732,0.014125094513264254,0.8034246575342466,0.0,0.13861481964202002,0.42739034063195647,2.534562998447164e-06,1.6441236816767369e-06,0.999648478386033,5.752355123491242e-07,0.13995461427434058,0.9998728725314319,0.9998720894986391,0.9996490223471995,1.2563916675335726e-06,0.13995513391542802,0.9998728725314319,0.01880151566314338,0.0028962817314546314,0.00339594003807364,0.008000119199992266,0.0015461009591911535,0.0,0.0,0.0,0.0,0.0012040096320770567,0.0009388031351658187,8.2193312095e-07,1.6438662419e-06,0.0,0.01820297951582868,0.06407060534126856,0.03510603590559201,0.001232433757005095,0.0,0.0,1.0,1.0,0.0,0.0,0.0,1.0,0.01282051282051282,0.06804746859267245,0.012570177669112732,0.13861481964202002,0.0,0.0,0.0,0.0,0.0,0.0,0.0014170040485829958,0.00013129173139108478,0.0008733624454148472,0.00012128466395152931,0.1250152587890625,0.9593658447265625,0.004849660523763337,0.5,0.0,0.0,0.0,0.0,0.0,0.0,0.0,0.0
380624,0.0003204492393145438,0.3529411764705882,0.9998694420131475,0.0,0.0001091703056768559,0.0,0.0,0.0,0.0,0.0,0.0,0.0,0.0,0.0,0.0,0.0,0.25000000019308016,0.9996480024258805,0.0,0.13995377535135914,0.9998728725314319,0.9998694421197557,0.9996480024200123,0.0,0.13995377534960354,0.9998728725293126,0.0,0.0,0.0,0.0,0.0,0.0,0.0,0.0,0.0,0.00028000224001792015,0.00010916315525183939,0.125,0.25,0.0,0.0,0.0,0.0,0.0,0.0,0.0,0.0,1.0,0.0,0.0,0.0,0.0,0.01282051282051282,0.0,0.0,0.0,0.0,0.0,0.0,0.0,0.0,0.0,0.0,0.0,0.0001091703056768559,0.0,0.41021728515625,1.52587890625e-05,0.0,1.0,0.0,0.0,0.0,0.0,0.0,0.0,0.0,0.0
227281,0.00033570872690095066,0.3529411764705882,0.9998694420251154,0.0,0.0001091703056768559,0.0,0.0,0.0,0.0,0.0,0.0,0.0,0.0,0.0,0.0,0.0,0.03846153870907716,0.9996480024581554,0.0,0.13995377536101486,0.9998728725430883,0.9998694421197557,0.9996480024200123,0.0,0.13995377534960354,0.9998728725293126,0.0,0.0,0.0,0.0,0.0,0.0,0.0,0.0,0.0,0.00022400179201433613,0.00017466104840294303,0.01923076923076922,0.03846153846153844,0.0,0.0,0.0,0.0,0.0,0.0,0.0,0.0,0.0,1.0,1.0,0.0,0.0,0.01282051282051282,0.0,0.0,0.0,0.0,0.0,0.0,0.0,0.0,0.0,0.0,0.0,0.0001091703056768559,0.0,0.003692626953125,0.0035247802734375,0.0,0.8,0.0,0.0,0.0,0.0,0.0,0.0,0.0,0.0
777878,0.05171440343033281,0.3529411764705882,0.999872280596549,0.0014170040485829958,0.0007641921397379913,0.00013361959896894088,0.00011851115803916429,0.010505896958410926,0.0,0.012793053159699837,0.014474463116787318,0.8034246575342466,0.0,0.15479429973794248,0.4552779038383969,2.349201133623807e-06,1.4375721220549113e-06,0.9996485492156791,6.014099532233996e-07,0.13995461203947618,0.9998728725324916,0.9998722807053334,0.9996490960113461,9.78655937579694e-07,0.13995490583548906,0.9998728725324916,0.01946153084770949,0.0034976128245163504,0.003281482030317458,0.007978807178903242,0.002339087764937801,0.0,0.0,0.0,0.0,0.0011760094080752648,0.0008078073488636115,7.66567830525e-07,1.3414937034e-06,0.0,0.01820297951582868,0.06765357778581528,0.036254867373183286,0.0013144154082471075,0.0,0.0,0.0,1.0,0.0,0.0,0.0,0.0,0.0,0.07213461200849491,0.012793053159699837,0.15479429973794248,0.0,0.0,0.0,0.0,0.0,0.0,0.0014170040485829958,0.00013361959896894088,0.0007641921397379913,0.00011851115803916429,0.1250152587890625,0.9590606689453125,0.004849660523763337,0.5,0.0,0.0,0.0,0.0,0.0,0.0,0.0,0.0
65523,0.0003204492393145438,0.3529411764705882,0.9998694420131475,0.0,0.0001091703056768559,0.0,0.0,0.0,0.0,0.0,0.0,0.0,0.0,0.0,0.0,0.0,0.25000000019308016,0.9996480024258805,0.0,0.13995377535135914,0.9998728725314319,0.9998694421197557,0.9996480024200123,0.0,0.13995377534960354,0.9998728725293126,0.0,0.0,0.0,0.0,0.0,0.0,0.0,0.0,0.0,0.00028000224001792015,0.00010916315525183939,0.125,0.25,0.0,0.0,0.0,0.0,0.0,0.0,0.0,0.0,1.0,0.0,0.0,0.0,0.0,0.01282051282051282,0.0,0.0,0.0,0.0,0.0,0.0,0.0,0.0,0.0,0.0,0.0,0.0001091703056768559,0.0,0.41021728515625,1.52587890625e-05,0.0,1.0,0.0,0.0,0.0,0.0,0.0,0.0,0.0,0.0
40675,0.0003204492393145438,0.3529411764705882,0.9998694420131475,0.0,0.0001091703056768559,0.0,0.0,0.0,0.0,0.0,0.0,0.0,0.0,0.0,0.0,0.0,0.25000000019308016,0.9996480024258805,0.0,0.13995377535135914,0.9998728725314319,0.9998694421197557,0.9996480024200123,0.0,0.13995377534960354,0.9998728725293126,0.0,0.0,0.0,0.0,0.0,0.0,0.0,0.0,0.0,0.00028000224001792015,0.00010916315525183939,0.125,0.25,0.0,0.0,0.0,0.0,0.0,0.0,0.0,0.0,1.0,0.0,0.0,0.0,0.0,0.01282051282051282,0.0,0.0,0.0,0.0,0.0,0.0,0.0,0.0,0.0,0.0,0.0,0.0001091703056768559,0.0,0.41021728515625,1.52587890625e-05,0.0,1.0,0.0,0.0,0.0,0.0,0.0,0.0,0.0,0.0
935591,0.006759953000778234,0.3529411764705882,0.9998750384602271,0.0018218623481781376,0.0014192139737991267,0.0002182375854240106,0.00048731248476445736,0.010505896958410926,0.0,0.016715661794032888,0.01767817869321806,1.0,0.0,0.34273459826670366,0.7026806767402046,3.657149855078495e-06,1.1180928439871582e-06,0.999648688446679,2.4010887056336804e-06,0.13995798455520844,0.9998728725303723,0.9998698214595887,0.9996481160877058,1.1138326193216309e-07,0.13995390323897336,0.999872872855693,0.0426941436815505,0.003836480943890129,0.016534340505278827,0.04068332567476173,8.98639898628387e-09,0.0,0.0,0.0,0.0,0.0014840118720949769,0.001462786280374648,4.86015393075e-07,1.2636400219999998e-06,0.0,0.02265673494723774,0.1384307725745667,0.06110137372408133,0.003733377870969601,0.0,0.0,0.0,1.0,0.0,0.0,0.0,0.0,0.01282051282051282,0.1443910439044323,0.016715661794032888,0.34273459826670366,0.0,0.0,0.0,0.0,0.0,0.0,0.0018218623481781376,0.0002182375854240106,0.0014192139737991267,0.00048731248476445736,0.1250152587890625,0.095458984375,0.0038797284190106693,0.5,0.0,0.0,0.0,0.0,0.0,0.0,0.0,0.0
1034191,0.05171440343033281,0.3529411764705882,0.999871255121399,0.0014170040485829958,0.0007641921397379913,0.00013129173139108478,0.00011851115803916429,0.010257603972687771,0.0,0.012570177669112732,0.014125094513264254,0.8034246575342466,0.0,0.15479429973794248,0.4552779038383969,3.6509291689194835e-06,2.2505013660706307e-06,0.9996483516787886,5.786961110753951e-07,0.1399546119841751,0.9998728725324916,0.9998712552301833,0.999648700937565,9.156437946190267e-07,0.13995475367686108,0.9998728725324916,0.012980493083628728,0.0023328452131086592,0.00402926355488483,0.0079782798193869,0.0009793197887272437,0.0,0.0,0.0,0.0,0.0012040096320770567,0.0008296399799139793,1.2001300941e-06,2.1002276647e-06,0.0,0.01820297951582868,0.06715776556312701,0.03606169834762521,0.0013004460877147237,0.0,0.0,1.0,1.0,0.0,0.0,0.0,1.0,0.0,0.07160595966692873,0.012570177669112732,0.15479429973794248,0.0,0.0,0.0,0.0,0.0,0.0,0.0014170040485829958,0.00013129173139108478,0.0007641921397379913,0.00011851115803916429,0.1250152587890625,0.9593658447265625,0.004849660523763337,0.5,0.0,0.0,0.0,0.0,0.0,0.0,0.0,0.0
977039,0.05171440343033281,0.3529411764705882,0.9998723989311498,0.0016194331983805667,0.000982532751091703,0.00014921631174057685,0.0001229337755750977,0.010505896958410926,0.0,0.01269895017478132,0.013541111144574033,0.8034246575342466,0.0,0.12488850664078292,0.4050960086621281,2.414678240477035e-06,1.6560102424986765e-06,0.9996484714944728,5.770860576313283e-07,0.1399546133087668,0.9998728725324916,0.9998723990399342,0.9996489992032408,8.729923248977581e-07,0.13995482752218844,0.9998728725324916,0.02104753238550037,0.0028369859405720987,0.00342008297113225,0.007990911335421203,2.8522830382465e-05,0.0,0.0,0.0,0.0,0.0013440107520860168,0.0011134641835687617,8.278764013749999e-07,1.6557528027499998e-06,0.0,0.01820297951582868,0.06100056061873869,0.03349931213208646,0.001122203913322696,0.0,0.0,0.0,1.0,0.0,0.0,0.0,0.0,0.01282051282051282,0.06436342258727784,0.01269895017478132,0.12488850664078292,0.0,0.0,0.0,0.0,0.0,0.0,0.0016194331983805667,0.00014921631174057685,0.000982532751091703,0.0001229337755750977,0.1250152587890625,0.9590606689453125,0.005819592628516004,0.5,0.0,0.0,0.0,0.0,0.0,0.0,0.0,0.0
508398,0.0012207590069125479,0.3529411764705882,0.9998694422068087,0.00020242914979757084,0.0,0.0,0.0,0.0,0.0,0.0,0.0,0.0,0.0,0.0,0.0,0.0,0.0027777780345028635,0.9996480029481488,0.0,0.13995377550760651,0.9998728727200544,0.9998694423155928,0.9996480029481488,0.0,0.13995377550760651,0.9998728727200544,0.0,0.0,0.0,0.0,0.0,0.0,0.0,0.0,0.0,0.00028000224001792015,0.0,0.002777777777777775,0.0,0.0,0.0,0.0,0.0,0.0,0.0,0.0,0.0,0.0,1.0,0.0,0.0,0.0,0.0,0.0,0.0,0.0,0.0,0.0,0.0,0.0,0.0,0.0,0.00020242914979757084,0.0,0.0,0.0,0.0042572021484375,0.0,0.0,0.5,0.0,0.0,0.0,0.0,0.0,0.0,0.0,0.0
974394,0.05171440343033281,0.3529411764705882,0.9998707543037788,0.0014170040485829958,0.0007641921397379913,0.00013361959896894088,0.00011851115803916429,0.010505896958410926,0.0,0.012793053159699837,0.014474463116787318,0.8034246575342466,0.0,0.15479429973794248,0.4552779038383969,5.081494327959574e-06,3.109274500849548e-06,0.9996482552064797,5.895651999688046e-07,0.13995461212111104,0.9998728726056093,0.999870754412563,0.9996485079929471,9.036906141676428e-07,0.1399546898805234,0.9998728766016505,0.009816540396545304,0.0017642218308525613,0.004398509662793306,0.007979585661998795,0.0002567504054371164,0.0,0.0,0.0,0.0,0.0012040096320770567,0.0008296399799139793,1.658142432775e-06,2.90174925735e-06,0.0,0.01820297951582868,0.06765357778581528,0.036254867373183286,0.0013144154082471075,0.0,0.0,1.0,1.0,0.0,0.0,0.0,1.0,0.0,0.07213461200849491,0.012793053159699837,0.15479429973794248,0.0,0.0,0.0,0.0,0.0,0.0,0.0014170040485829958,0.00013361959896894088,0.0007641921397379913,0.00011851115803916429,0.1250152587890625,0.9590606689453125,0.004849660523763337,0.5,0.0,0.0,0.0,0.0,0.0,0.0,0.0,0.0
845723,0.006759953000778234,0.3529411764705882,0.9999353180797876,0.002631578947368421,0.0015283842794759825,7.763438372150137e-05,0.0002748769238011483,0.0053227808814401,0.0,0.004247370063478082,0.006551754466891083,1.0,0.0,0.17951634950638984,0.5514488954405915,1.6076070064839977e-07,1.1586678807017127e-07,0.9996545822552464,9.953967409726028e-06,0.13996256446741145,0.9998728725293126,0.9999353181885788,0.9996616682316525,1.2151250100135994e-05,0.13996258044590199,0.9998728731545219,0.5044987296011927,0.04184684387993401,0.06118554651955286,0.08391344624044773,0.0,0.0,0.0,0.0,0.0,0.002044016352130817,0.001986769425583477,5.780467395e-08,1.156093479e-07,0.0,0.02265673494723774,0.059278625465694755,0.04295827166079907,0.0018454131040825394,0.0,0.0,0.0,1.0,0.0,0.0,0.0,0.0,0.01282051282051282,0.061370872725130615,0.004247370063478082,0.17951634950638984,0.0,0.0,0.0,0.0,0.0,0.0,0.002631578947368421,7.763438372150137e-05,0.0015283842794759825,0.0002748769238011483,0.1250152587890625,0.0017547607421875,0.008729388942774006,0.5,0.00032249523953979415,0.0008411525839008677,0.0012916368648724125,0.00011498840076852113,2.945483859781885e-05,7.237592230697778e-08,1.0219355141608177e-05,0.0007905485201936046
963168,0.08171455602520868,1.0,0.9998698980547782,0.00020242914979757084,0.0,5.121308671283449e-06,0.0,0.00034140285536933584,0.01797385620915033,0.0019613043171665253,0.0,0.0,0.0,0.0,0.0,2.3575709541381245e-07,1.193107970942846e-06,0.9996492322856578,0.0,0.13995414328939387,0.9998733167076754,0.9998698981635624,0.9996492322856578,0.0,0.13995414328939387,0.9998733167076754,0.0,0.0,0.0,0.0,0.0,0.0,0.0,0.0,0.0,0.00011200089600716806,0.0,1.1928505310499998e-06,0.0,0.027918781725888322,0.00034140285536933584,0.00872629511931366,0.0,0.0,0.0,0.0,0.0,0.0,0.0,0.0,0.0,0.0,0.0,0.013084145454089967,0.0019613043171665253,0.0,0.0,0.0,0.0,0.0,0.0,0.0,0.00020242914979757084,5.121308671283449e-06,0.0,0.0,0.0,0.0,0.0009699321047526673,0.2,0.0,0.0,0.0,0.0,0.0,0.0,0.0,0.0
671070,0.006759953000778234,0.3529411764705882,0.9998694427888803,0.00040485829959514163,0.0,8.962290174746036e-06,0.0,0.0007138423339540658,0.0,0.0022881883700305848,0.0014884478239162674,0.0,0.0,0.0,0.0,0.00024186930419384164,0.001048951306121208,0.9996480034689501,1.1311072466185632e-09,0.1399537759614262,0.9998728725483867,0.9998694428976644,0.9996480034689501,1.1311072466185632e-09,0.1399537759614262,0.9998728725483867,0.0,0.0,0.0,0.0,0.0,1.0,0.0,0.0,0.0,0.0004200033600268802,0.0,0.00104895104895105,0.0,0.0,0.0007138423339540658,0.012196980678131594,0.002461221012286285,6.0576088713203884e-06,0.0,1.0,0.0,0.0,1.0,0.0,0.0,0.0,0.0,0.016256059503566324,0.0022881883700305848,0.0,0.0,0.0,0.0,0.0,0.0,0.0,0.00040485829959514163,8.962290174746036e-06,0.0,0.0,0.003936767578125,0.0,0.0009699321047526673,0.5,0.0,0.0,0.0,0.0,0.0,0.0,0.0,0.0
720188,0.05171440343033281,0.3529411764705882,0.9998837657798375,0.0016194331983805667,0.0008733624454148472,0.00013245566518001284,0.0002064387914230604,0.010505896958410926,0.0,0.011272547035023846,0.013847645593118591,0.8034246575342466,0.0,0.23593647298771517,0.5507409112443676,6.639481804276249e-07,3.230728155418281e-07,0.9996504167044222,3.188004025275669e-06,0.13995733936758428,0.999872872613027,0.9998837658886232,0.9996528309888322,3.7217543788974225e-06,0.13995733936758428,0.9998729552561604,0.10908848109495017,0.016804548131552865,0.018536527679342978,0.03453700910728958,0.001185638523053335,0.0,0.0,0.0,0.0,0.0014280114240913927,0.0009388031351658187,1.70902257575e-07,3.038262357e-07,0.0,0.01820297951582868,0.08576449647566989,0.04375299088471978,0.0019143242113579258,0.0,0.0,0.0,1.0,0.0,0.0,0.0,0.0,0.0,0.09077271676884273,0.011272547035023846,0.23593647298771517,0.0,0.0,0.0,0.0,0.0,0.0,0.0016194331983805667,0.00013245566518001284,0.0008733624454148472,0.0002064387914230604,0.1250152587890625,0.9592132568359375,0.004849660523763337,0.5,0.0,0.0,0.0,0.0,0.0,0.0,0.0,0.0
190610,0.00033570872690095066,0.3529411764705882,0.9998698720878595,0.004655870445344129,0.002183406113537118,0.0002225441404430444,0.00019976738530953374,0.009931719428926133,0.0,0.007102298966712056,0.008491552991466549,0.6684931506849315,0.0,0.09132472048108364,0.284505952267003,2.6004796879376756e-05,2.7827435478911103e-05,0.9996480293929815,4.8732192235125306e-08,0.13995387338430978,0.9998728725314319,0.9998698699205807,0.9996480525808626,6.573491297002263e-08,0.13995387338430978,0.9998728727126367,0.0032942256405057014,0.0001869587201310623,0.0005009067198492048,0.001264499299972096,8.986398986283869e-08,0.0,0.0,0.0,0.0,0.005432043456347651,0.003536886230159596,1.5178460752299999e-05,2.529743458715e-05,0.0,0.015145872129112354,0.04034368965767097,0.023123658359639084,0.0005347035759330538,0.0,0.0,0.0,1.0,0.0,0.0,0.0,0.0,0.0,0.04124389376264055,0.007102298966712056,0.09132472048108364,0.0,0.0,0.0,0.0,0.0,0.0,0.004655870445344129,0.0002225441404430444,0.002183406113537118,0.00019976738530953374,0.41021728515625,0.0035247802734375,0.015518913676042677,0.8,0.0,0.0,0.0,0.0,0.0,0.0,0.0,0.0
828229,0.000808752842079563,1.0,0.9998694429248783,0.0,0.0001091703056768559,4.190161640141004e-06,1.2293377557509768e-05,0.000558659217877095,0.029411764705882353,0.0032094070644543143,0.0,0.11232876712328767,0.23837209302325582,0.11239965597671833,0.0,0.0005347450602925052,0.0005952383525250618,0.9996480048846493,0.0,0.1399537760869508,0.9998728734194411,0.9998694421197557,0.9996480024200123,0.0,0.13995377534960354,0.9998728725293126,0.0,0.0,0.0,0.0,0.0,0.0,0.0,0.0,0.0,5.600044800358403e-05,4.366526210073576e-05,0.00029761904761905,0.0005952380952381,0.04568527918781726,0.0025450031036623215,0.0312031158811954,0.008387558347516134,7.035113503293471e-05,0.0,0.0,0.0,0.0,0.0,0.0,0.0,0.0,0.01282051282051282,0.04678573222977625,0.0032094070644543143,0.11239965597671833,0.0,0.0,0.0,0.0,0.0,0.0,0.0,4.190161640141004e-06,0.0001091703056768559,1.2293377557509768e-05,0.0,0.0,0.0,0.2,0.0,0.0,0.0,0.0,0.0,0.0,0.0,0.0
66176,0.0003204492393145438,0.3529411764705882,0.9998694420131475,0.0,0.0001091703056768559,0.0,0.0,0.0,0.0,0.0,0.0,0.0,0.0,0.0,0.0,0.0,0.25000000019308016,0.9996480024258805,0.0,0.13995377535135914,0.9998728725314319,0.9998694421197557,0.9996480024200123,0.0,0.13995377534960354,0.9998728725293126,0.0,0.0,0.0,0.0,0.0,0.0,0.0,0.0,0.0,0.00028000224001792015,0.00010916315525183939,0.125,0.25,0.0,0.0,0.0,0.0,0.0,0.0,0.0,0.0,1.0,0.0,0.0,0.0,0.0,0.01282051282051282,0.0,0.0,0.0,0.0,0.0,0.0,0.0,0.0,0.0,0.0,0.0,0.0001091703056768559,0.0,0.41021728515625,1.52587890625e-05,0.0,1.0,0.0,0.0,0.0,0.0,0.0,0.0,0.0,0.0
845089,0.0012207590069125479,0.3529411764705882,0.9999950269025847,0.0032388663967611335,0.0016375545851528386,5.179505360729851e-05,0.00010584298238538899,0.006734947237740534,0.0,0.002333637489673602,0.0066680935943192274,0.48356164383561645,0.0,0.06451557489393094,0.2629603489362787,3.613209692195396e-08,6.956413335709141e-08,0.9996589275549436,1.1241607277519513e-05,0.13996256589821623,0.999872872547327,0.9999950270113824,0.9996691698689416,1.0536259677603392e-05,0.13996264912892079,0.9998728726607125,0.928228186411896,0.07149451105679018,0.050011081972733185,0.08463083933996521,0.0008545346524037057,0.0,0.0,0.0,0.0,0.0025480203841630735,0.0024234220465908347,3.681918075e-08,6.497502484999999e-08,0.0,0.010955927995034141,0.02232056478864685,0.020857965527020895,0.0004350547259264408,0.0,0.0,0.0,1.0,0.0,0.0,0.0,0.0,0.0,0.023008767147959346,0.002333637489673602,0.06451557489393094,0.0,0.0,0.0,0.0,0.0,0.0,0.0032388663967611335,5.179505360729851e-05,0.0016375545851528386,0.00010584298238538899,0.1250152587890625,0.0026397705078125,0.011639185257032008,0.5,0.0013752836472355858,0.0025673505002443476,0.005750852084987204,0.000935995508548918,2.9419232145955238e-05,3.7930105894808354e-07,1.0221018778686259e-05,0.0007703054034753629
429998,0.05171440343033281,0.3529411764705882,0.9998712434103371,0.0018218623481781376,0.0008733624454148472,0.0001708654802146387,0.00012945526245011812,0.011747361887026691,0.0,0.013087248807274817,0.014236146772337416,0.8047945205479452,0.0,0.14795290081691506,0.4277660932221381,4.333906274160359e-06,2.7181050008752512e-06,0.9996482881870891,5.328333228289451e-07,0.13995461201577572,0.9998728725494465,0.9998712435191214,0.9996485422022684,8.345044904043896e-07,0.13995475698702356,0.9998728725727594,0.013797724188506463,0.002125472074634847,0.003749772688998518,0.007978581167681952,0.0009406423274902777,0.0,0.0,0.0,0.0,0.0014840118720949769,0.0009388031351658187,1.509915311875e-06,2.4158644989999997e-06,0.0,0.018234016139044074,0.06669979164162718,0.03433463409319771,0.0011788670983135605,0.0,0.0,1.0,1.0,0.0,0.0,0.0,1.0,0.0,0.07037684297275665,0.013087248807274817,0.14795290081691506,0.0,0.0,0.0,0.0,0.0,0.0,0.0018218623481781376,0.0001708654802146387,0.0008733624454148472,0.00012945526245011812,0.1250152587890625,0.9765777587890625,0.006789524733268671,0.5,0.0,0.0,0.0,0.0,0.0,0.0,0.0,0.0
131742,0.0003204492393145438,0.3529411764705882,0.9998694420131475,0.0,0.0001091703056768559,0.0,0.0,0.0,0.0,0.0,0.0,0.0,0.0,0.0,0.0,0.0,0.25000000019308016,0.9996480024258805,0.0,0.13995377535135914,0.9998728725314319,0.9998694421197557,0.9996480024200123,0.0,0.13995377534960354,0.9998728725293126,0.0,0.0,0.0,0.0,0.0,0.0,0.0,0.0,0.0,0.00028000224001792015,0.00010916315525183939,0.125,0.25,0.0,0.0,0.0,0.0,0.0,0.0,0.0,0.0,1.0,0.0,0.0,0.0,0.0,0.01282051282051282,0.0,0.0,0.0,0.0,0.0,0.0,0.0,0.0,0.0,0.0,0.0,0.0001091703056768559,0.0,0.41021728515625,1.52587890625e-05,0.0,1.0,0.0,0.0,0.0,0.0,0.0,0.0,0.0,0.0
38251,0.0003204492393145438,0.3529411764705882,0.9998694420131475,0.0,0.0001091703056768559,0.0,0.0,0.0,0.0,0.0,0.0,0.0,0.0,0.0,0.0,0.0,0.25000000019308016,0.9996480024258805,0.0,0.13995377535135914,0.9998728725314319,0.9998694421197557,0.9996480024200123,0.0,0.13995377534960354,0.9998728725293126,0.0,0.0,0.0,0.0,0.0,0.0,0.0,0.0,0.0,0.00028000224001792015,0.00010916315525183939,0.125,0.25,0.0,0.0,0.0,0.0,0.0,0.0,0.0,0.0,1.0,0.0,0.0,0.0,0.0,0.01282051282051282,0.0,0.0,0.0,0.0,0.0,0.0,0.0,0.0,0.0,0.0,0.0,0.0001091703056768559,0.0,0.41021728515625,1.52587890625e-05,0.0,1.0,0.0,0.0,0.0,0.0,0.0,0.0,0.0,0.0
753352,0.006759953000778234,0.3529411764705882,0.9998696560044067,0.0014170040485829958,0.0007641921397379913,6.308521135990066e-05,0.0004131024617038801,0.004934823091247672,0.0,0.00603992579491055,0.0077065095930283125,1.0,0.0,0.5395770941530345,0.7628482420154694,6.91176369162951e-05,1.9065985898641647e-05,0.9996480436414868,4.7992532962326785e-08,0.13995383000634645,0.999872872550506,0.9998696561131909,0.9996480848629613,4.9814822850480784e-08,0.13995383000634645,0.9998728727136963,0.00061298791510847,0.00011016576290601865,0.00022218798319258238,0.0003194291927561395,4.0438795438277416e-07,0.0,0.0,0.0,0.0,0.0012040096320770567,0.0008296399799139793,1.0168388513799999e-05,1.779467989915e-05,0.0,0.02265673494723774,0.1500575691966068,0.06749611110328838,0.004555725014066815,0.0,0.0,0.0,1.0,0.0,0.0,0.0,0.0,0.0,0.15999663117898996,0.00603992579491055,0.5395770941530345,0.0,0.0,0.0,0.0,0.0,0.0,0.0014170040485829958,6.308521135990066e-05,0.0007641921397379913,0.0004131024617038801,0.1250152587890625,0.0891265869140625,0.002909796314258002,0.5,0.0,0.0,0.0,0.0,0.0,0.0,0.0,0.0
756211,0.0012207590069125479,0.3529411764705882,0.9999279095308422,0.00020242914979757084,0.0,0.0,0.0,0.0,0.0,0.0,0.0,0.0,0.0,0.0,0.0,0.0,9.561616222538456e-09,0.9998056784875698,0.0,0.14000094741221836,0.9999298188289355,0.9999279096396326,0.9998056784875698,0.0,0.14000094741221836,0.9999298188289355,0.0,0.0,0.0,0.0,0.0,0.0,0.0,0.0,0.0,0.00028000224001792015,0.0,9.304176024999999e-09,0.0,0.0,0.0,0.0,0.0,0.0,0.0,0.0,0.0,0.0,1.0,0.0,0.0,0.0,0.0,0.0,0.0,0.0,0.0,0.0,0.0,0.0,0.0,0.0,0.00020242914979757084,0.0,0.0,0.0,0.0042724609375,0.0,0.0,0.5,0.0,0.0,0.0,0.0,0.0,0.0,0.0,0.0
888545,0.006759953000778234,0.3529411764705882,0.9998694422644719,0.00040485829959514163,0.0,8.962290174746036e-06,0.0,0.0007138423339540658,0.0,0.0022881883700305848,0.0014884478239162674,0.0,0.0,0.0,0.0,0.0007422169635132892,0.0032188843767832053,0.999648002761834,3.148442851413273e-10,0.13995377553481816,0.9998728725526255,0.999869442373256,0.999648002761834,3.148442851413273e-10,0.13995377553481816,0.9998728725526255,0.0,0.0,0.0,0.0,0.0,1.0,0.0,0.0,0.0,0.0004200033600268802,0.0,0.0032188841201716747,0.0,0.0,0.0007138423339540658,0.012196980678131594,0.002461221012286285,6.0576088713203884e-06,0.0,1.0,0.0,0.0,1.0,0.0,0.0,0.0,0.0,0.016256059503566324,0.0022881883700305848,0.0,0.0,0.0,0.0,0.0,0.0,0.0,0.00040485829959514163,8.962290174746036e-06,0.0,0.0,0.0038909912109375,0.0,0.0009699321047526673,0.5,0.0,0.0,0.0,0.0,0.0,0.0,0.0,0.0
1018432,0.000808752842079563,1.0,0.9998694423101673,0.0,0.0001091703056768559,4.073768261248197e-06,5.022294489958259e-06,0.0005431409062693979,0.028594771241830068,0.0031202568682194725,0.0,0.04589041095890411,0.09738372093023255,0.045919371649025174,0.0,0.0008330355775611252,0.0018181820751539523,0.9996480032268875,0.0,0.13995377559099698,0.9998728728207237,0.9998694421197557,0.9996480024200123,0.0,0.13995377534960354,0.9998728725293126,0.0,0.0,0.0,0.0,0.0,0.0,0.0,0.0,0.0,5.600044800358403e-05,4.366526210073576e-05,0.0009090909090909,0.0018181818181818,0.04441624365482233,0.0010397268777157045,0.01811367320222491,0.002096889586881871,4.396945939558017e-06,0.0,0.0,0.0,0.0,0.0,0.0,0.0,0.0,0.01282051282051282,0.027159514048641295,0.0031202568682194725,0.045919371649025174,0.0,0.0,0.0,0.0,0.0,0.0,0.0,4.073768261248197e-06,0.0001091703056768559,5.022294489958259e-06,0.0,0.0,0.0,0.2,0.0,0.0,0.0,0.0,0.0,0.0,0.0,0.0
527253,0.006759953000778234,0.3529411764705882,0.999935766705718,0.0016194331983805667,0.0007641921397379913,0.0002940096750832271,0.00031595479515185166,0.020437616387337057,0.0,0.02502148840991531,0.029887549283319693,1.0,0.0,0.41268689019329396,0.6928279536641594,2.4835203626569343e-07,6.587307238304163e-08,0.9996599267808343,3.64238451242104e-05,0.14000640009954188,0.9998728725303723,0.9999357668145094,0.9996703605965536,4.981537070164156e-05,0.14000640009954188,0.9998728729076172,0.006217416708834674,0.0011173898182188346,0.0012731522874983867,0.001862759373511962,8.98639898628387e-09,0.0,0.0,0.0,0.0,0.0013440107520860168,0.0008296399799139793,3.6908793099999995e-08,5.7413678149999996e-08,0.0,0.02265673494723774,0.15728330320666448,0.06293371352394174,0.003960652297914159,0.0,0.0,0.0,1.0,0.0,0.0,0.0,0.0,0.0,0.1670458797462509,0.02502148840991531,0.41268689019329396,0.0,0.0,0.0,0.0,0.0,0.0,0.0016194331983805667,0.0002940096750832271,0.0007641921397379913,0.00031595479515185166,0.1250152587890625,0.007843017578125,0.0038797284190106693,0.5,0.0,0.0,0.0,0.0,0.0,0.0,0.0,0.0
787974,0.05171440343033281,0.3529411764705882,0.9998724872722023,0.0014170040485829958,0.0007641921397379913,0.00013315402545336966,0.00011851115803916429,0.010505896958410926,0.0,0.012748478061582415,0.014464327897139705,0.8034246575342466,0.0,0.15479429973794248,0.4552779038383969,2.1865560322915218e-06,1.340024513305024e-06,0.9996485890275322,6.151889416510164e-07,0.13995461203947618,0.9998728725324916,0.9998724873809868,0.9996491756350521,9.730264873885756e-07,0.13995491767517923,0.9998728725324916,0.020834097085468517,0.0037442894766898426,0.003115071582187445,0.007978807178903242,0.0026512213473273848,0.0,0.0,0.0,0.0,0.0012040096320770567,0.0008296399799139793,7.14542439175e-07,1.2504492685499998e-06,0.0,0.01820297951582868,0.06755441534127762,0.036251402945741446,0.0013141642155347403,0.0,0.0,0.0,1.0,0.0,0.0,0.0,0.0,0.0,0.07202888154020547,0.012748478061582415,0.15479429973794248,0.0,0.0,0.0,0.0,0.0,0.0,0.0014170040485829958,0.00013315402545336966,0.0007641921397379913,0.00011851115803916429,0.9802398681640625,0.9591217041015625,0.004849660523763337,0.5,0.0,0.0,0.0,0.0,0.0,0.0,0.0,0.0
226060,0.00033570872690095066,0.3529411764705882,0.9998694420185875,0.0,0.0001091703056768559,0.0,0.0,0.0,0.0,0.0,0.0,0.0,0.0,0.0,0.0,0.0,0.07142857166762312,0.999648002440551,0.0,0.1399537753557481,0.9998728725367303,0.9998694421197557,0.9996480024200123,0.0,0.13995377534960354,0.9998728725293126,0.0,0.0,0.0,0.0,0.0,0.0,0.0,0.0,0.0,0.00022400179201433613,0.00017466104840294303,0.03571428571428575,0.0714285714285715,0.0,0.0,0.0,0.0,0.0,0.0,0.0,0.0,0.0,1.0,1.0,0.0,0.0,0.01282051282051282,0.0,0.0,0.0,0.0,0.0,0.0,0.0,0.0,0.0,0.0,0.0,0.0001091703056768559,0.0,0.003692626953125,0.0035247802734375,0.0,0.8,0.0,0.0,0.0,0.0,0.0,0.0,0.0,0.0
282673,0.00033570872690095066,0.3529411764705882,0.9998694420185875,0.0,0.0001091703056768559,0.0,0.0,0.0,0.0,0.0,0.0,0.0,0.0,0.0,0.0,0.0,0.07142857166762312,0.999648002440551,0.0,0.1399537753557481,0.9998728725367303,0.9998694421197557,0.9996480024200123,0.0,0.13995377534960354,0.9998728725293126,0.0,0.0,0.0,0.0,0.0,0.0,0.0,0.0,0.0,0.00022400179201433613,0.00017466104840294303,0.03571428571428575,0.0714285714285715,0.0,0.0,0.0,0.0,0.0,0.0,0.0,0.0,0.0,1.0,1.0,0.0,0.0,0.01282051282051282,0.0,0.0,0.0,0.0,0.0,0.0,0.0,0.0,0.0,0.0,0.0,0.0001091703056768559,0.0,0.003692626953125,0.0035247802734375,0.0,0.8,0.0,0.0,0.0,0.0,0.0,0.0,0.0,0.0
1046436,0.000808752842079563,1.0,0.9998694423580385,0.0,0.0001091703056768559,4.073768261248197e-06,3.822940581908526e-06,0.0005431409062693979,0.028594771241830068,0.0031202568682194725,0.0,0.03493150684931507,0.07412790697674418,0.03495355155373558,0.0,0.0006054856293970309,0.0015673983761589389,0.9996480033559876,0.0,0.13995377562961994,0.9998728728673495,0.9998694421197557,0.9996480024200123,0.0,0.13995377534960354,0.9998728725293126,0.0,0.0,0.0,0.0,0.0,0.0,0.0,0.0,0.0,5.600044800358403e-05,4.366526210073576e-05,0.0007836990595611249,0.0015673981191222498,0.04441624365482233,0.0007914338919925512,0.015998207718728487,0.0010484447934352606,1.0992364848891821e-06,0.0,0.0,0.0,0.0,0.0,0.0,0.0,0.0,0.01282051282051282,0.02398759999916494,0.0031202568682194725,0.03495355155373558,0.0,0.0,0.0,0.0,0.0,0.0,0.0,4.073768261248197e-06,0.0001091703056768559,3.822940581908526e-06,0.0,0.0,0.0,0.2,0.0,0.0,0.0,0.0,0.0,0.0,0.0,0.0
353476,0.00033570872690095066,0.3529411764705882,0.9998698609153498,0.004251012145748988,0.002183406113537118,0.00022626872856761418,0.00019976738530953374,0.009931719428926133,0.0,0.007877635521839167,0.008747568163457552,0.6684931506849315,0.0,0.09132472048108364,0.284505952267003,2.6885026356863107e-05,2.7271001379079353e-05,0.9996480299738535,6.008751500899819e-08,0.13995390785792722,0.9998728725335513,0.9998698609697347,0.9996480562086211,8.046176674825253e-08,0.13995390785792722,0.9998728727635011,0.0032086548443350294,0.00018210228093152724,0.0005388282212068479,0.0015945677617007997,9.885038884912257e-08,0.0,0.0,0.0,0.0,0.004984039872318979,0.003536886230159596,1.4284675400225e-05,2.597213709135e-05,0.0,0.015145872129112354,0.04251532156966827,0.023525930535072,0.0005534694075408819,0.0,0.0,0.0,1.0,0.0,0.0,0.0,0.0,0.0,0.04350997575606297,0.007877635521839167,0.09132472048108364,0.0,0.0,0.0,0.0,0.0,0.0,0.004251012145748988,0.00022626872856761418,0.002183406113537118,0.00019976738530953374,0.41021728515625,0.0035247802734375,0.015518913676042677,0.8,0.0,0.0,0.0,0.0,0.0,0.0,0.0,0.0
685069,0.006759953000778234,0.3529411764705882,0.9998694428356636,0.00040485829959514163,0.0,8.962290174746036e-06,0.0,0.0007138423339540658,0.0,0.0022881883700305848,0.0014884478239162674,0.0,0.0,0.0,0.0,0.00022814848614590452,0.000989446167475727,0.9996480035320331,1.202738486095088e-09,0.13995377599917136,0.9998728725483867,0.9998694429444477,0.9996480035320331,1.202738486095088e-09,0.13995377599917136,0.9998728725483867,0.0,0.0,0.0,0.0,0.0,1.0,0.0,0.0,0.0,0.0004200033600268802,0.0,0.00098944591029025,0.0,0.0,0.0007138423339540658,0.012196980678131594,0.002461221012286285,6.0576088713203884e-06,0.0,1.0,0.0,0.0,1.0,0.0,0.0,0.0,0.0,0.016256059503566324,0.0022881883700305848,0.0,0.0,0.0,0.0,0.0,0.0,0.0,0.00040485829959514163,8.962290174746036e-06,0.0,0.0,0.003875732421875,0.0,0.0009699321047526673,0.5,0.0,0.0,0.0,0.0,0.0,0.0,0.0,0.0
604614,0.000808752842079563,1.0,0.999869442667026,0.0,0.0001091703056768559,3.724588124569781e-06,9.594831264397868e-06,0.0004965859714463067,0.026143790849673203,0.002852806279514946,0.0,0.08767123287671233,0.18604651162790697,0.08772656076231675,0.0,0.0005959347935598068,0.0008291876535783089,0.9996480041892696,0.0,0.13995377587891353,0.9998728731682976,0.9998694421197557,0.9996480024200123,0.0,0.13995377534960354,0.9998728725293126,0.0,0.0,0.0,0.0,0.0,0.0,0.0,0.0,0.0,5.600044800358403e-05,4.366526210073576e-05,0.0004145936981758,0.0008291873963516,0.04060913705583756,0.0019863438857852266,0.02538558580163974,0.006290668760634262,3.9572513456026015e-05,0.0,0.0,0.0,0.0,0.0,0.0,0.0,0.0,0.01282051282051282,0.03806296859371627,0.002852806279514946,0.08772656076231675,0.0,0.0,0.0,0.0,0.0,0.0,0.0,3.724588124569781e-06,0.0001091703056768559,9.594831264397868e-06,0.0,0.0,0.0,0.2,0.0,0.0,0.0,0.0,0.0,0.0,0.0,0.0
67362,0.0003204492393145438,0.3529411764705882,0.9998694420131475,0.0,0.0001091703056768559,0.0,0.0,0.0,0.0,0.0,0.0,0.0,0.0,0.0,0.0,0.0,0.25000000019308016,0.9996480024258805,0.0,0.13995377535135914,0.9998728725314319,0.9998694421197557,0.9996480024200123,0.0,0.13995377534960354,0.9998728725293126,0.0,0.0,0.0,0.0,0.0,0.0,0.0,0.0,0.0,0.00028000224001792015,0.00010916315525183939,0.125,0.25,0.0,0.0,0.0,0.0,0.0,0.0,0.0,0.0,1.0,0.0,0.0,0.0,0.0,0.01282051282051282,0.0,0.0,0.0,0.0,0.0,0.0,0.0,0.0,0.0,0.0,0.0,0.0001091703056768559,0.0,0.41021728515625,1.52587890625e-05,0.0,1.0,0.0,0.0,0.0,0.0,0.0,0.0,0.0,0.0
3918,0.0003204492393145438,0.3529411764705882,0.9998694420131475,0.0,0.0001091703056768559,0.0,0.0,0.0,0.0,0.0,0.0,0.0,0.0,0.0,0.0,0.0,0.25000000019308016,0.9996480024258805,0.0,0.13995377535135914,0.9998728725314319,0.9998694421197557,0.9996480024200123,0.0,0.13995377534960354,0.9998728725293126,0.0,0.0,0.0,0.0,0.0,0.0,0.0,0.0,0.0,0.00028000224001792015,0.00010916315525183939,0.125,0.25,0.0,0.0,0.0,0.0,0.0,0.0,0.0,0.0,1.0,0.0,0.0,0.0,0.0,0.01282051282051282,0.0,0.0,0.0,0.0,0.0,0.0,0.0,0.0,0.0,0.0,0.0,0.0001091703056768559,0.0,0.41021728515625,1.52587890625e-05,0.0,1.0,0.0,0.0,0.0,0.0,0.0,0.0,0.0,0.0
282150,0.00033570872690095066,0.3529411764705882,0.9998698546289772,0.004858299595141701,0.00240174672489083,0.0002244064345053293,0.00019976738530953374,0.009931719428926133,0.0,0.006875263133631021,0.00838272291858756,0.6684931506849315,0.0,0.08302247316464642,0.2737832352974904,2.719987622960741e-05,3.0982459146123874e-05,0.9996480266103233,3.66724483929675e-08,0.13995382798390826,0.9998728725367303,0.9998698545723876,0.9996480487661925,4.4776680744773586e-08,0.13995382798390826,0.9998728727433672,0.003160369180816051,0.00016227981628440458,0.0003327553412798202,0.0009179152775172952,7.189119189027096e-08,0.0,0.0,0.0,0.0,0.005656045248361987,0.0038862083269654824,1.6479894528675e-05,2.9004614370449997e-05,0.0,0.015145872129112354,0.03795442564678754,0.022552659154693646,0.0005086224349478573,0.0,0.0,0.0,1.0,0.0,0.0,0.0,0.0,0.0,0.038746279865005444,0.006875263133631021,0.08302247316464642,0.0,0.0,0.0,0.0,0.0,0.0,0.004858299595141701,0.0002244064345053293,0.00240174672489083,0.00019976738530953374,0.41021728515625,0.0035247802734375,0.015518913676042677,0.8,0.0,0.0,0.0,0.0,0.0,0.0,0.0,0.0
857747,0.000808752842079563,1.0,0.9998694574592591,0.0,0.0001091703056768559,4.190161640141004e-06,9.96962936066341e-06,0.000558659217877095,0.029411764705882353,0.0032094070644543143,0.0,0.0910958904109589,0.1933139534883721,0.09115337954209475,0.0,2.6731603901374734e-05,3.521400487813451e-05,0.9996480440811815,0.0,0.1399537878134055,0.9998728875756633,0.9998694421197557,0.9996480024200123,0.0,0.13995377534960354,0.9998728725293126,0.0,0.0,0.0,0.0,0.0,0.0,0.0,0.0,0.0,5.600044800358403e-05,4.366526210073576e-05,1.76068737235e-05,3.5213747447e-05,0.04568527918781726,0.002063935443823712,0.027104401506945878,0.006356196560225386,4.0401234712211894e-05,0.0,0.0,0.0,0.0,0.0,0.0,0.0,0.0,0.01282051282051282,0.040640148758915806,0.0032094070644543143,0.09115337954209475,0.0,0.0,0.0,0.0,0.0,0.0,0.0,4.190161640141004e-06,0.0001091703056768559,9.96962936066341e-06,0.0,0.0,0.0,0.2,0.0,0.0,0.0,0.0,0.0,0.0,0.0,0.0
970847,0.006790471975951048,0.3529411764705882,0.9998705055318409,0.001214574898785425,0.0005458515283842794,4.236718991698126e-05,4.3626498405309054e-05,0.0015983860955927996,0.0,0.004635810204211788,0.003122753177557378,0.28013698630136985,0.0,0.07977634119323179,0.1768140889716656,2.1735206861830433e-06,3.0692640531098487e-06,0.999648263158078,2.385005374318312e-07,0.13995395736201732,0.9998728725918334,0.9998705056406251,0.9996484804397995,1.8636817752656428e-07,0.13995395741380717,0.9998728746052195,0.0065479493264545795,0.0017651893664767542,0.00012380807343405264,0.001775209323013103,0.001710570033438121,0.0,0.0,0.0,0.0,0.0010640085120680967,0.0006113136694103006,1.790253858e-06,2.5575055113999997e-06,0.0,0.006346989447548107,0.02886389924079452,0.01243174391600464,0.0001545482567931324,0.0,0.0,0.0,1.0,0.0,0.0,0.0,0.0,0.0,0.031256569695868375,0.004635810204211788,0.07977634119323179,0.0,0.0,0.0,0.0,0.0,0.0,0.001214574898785425,4.236718991698126e-05,0.0005458515283842794,4.3626498405309054e-05,0.1250152587890625,0.00396728515625,0.0038797284190106693,0.5,0.0,0.0,0.0,0.0,0.0,0.0,0.0,0.0
258101,0.00033570872690095066,0.3529411764705882,0.9998694420185875,0.0,0.0001091703056768559,0.0,0.0,0.0,0.0,0.0,0.0,0.0,0.0,0.0,0.0,0.0,0.07142857166762312,0.999648002440551,0.0,0.1399537753557481,0.9998728725367303,0.9998694421197557,0.9996480024200123,0.0,0.13995377534960354,0.9998728725293126,0.0,0.0,0.0,0.0,0.0,0.0,0.0,0.0,0.0,0.00022400179201433613,0.00017466104840294303,0.03571428571428575,0.0714285714285715,0.0,0.0,0.0,0.0,0.0,0.0,0.0,0.0,0.0,1.0,1.0,0.0,0.0,0.01282051282051282,0.0,0.0,0.0,0.0,0.0,0.0,0.0,0.0,0.0,0.0,0.0,0.0001091703056768559,0.0,0.003692626953125,0.0035247802734375,0.0,0.8,0.0,0.0,0.0,0.0,0.0,0.0,0.0,0.0
848246,0.000808752842079563,1.0,0.9998694876410287,0.0,0.0001091703056768559,4.306555019033809e-06,7.196123448298401e-06,0.0005741775294847921,0.03022875816993464,0.0032985572606891566,0.0,0.06575342465753425,0.13953488372093023,0.06579492057173755,0.0,7.1222839933093765e-06,1.1922050474805788e-05,0.9996481254758214,0.0,0.13995381216429853,0.9998729169721572,0.9998694421197557,0.9996480024200123,0.0,0.13995377534960354,0.9998728725293126,0.0,0.0,0.0,0.0,0.0,0.0,0.0,0.0,0.0,5.600044800358403e-05,4.366526210073576e-05,5.960896518824999e-06,1.1921793037649999e-05,0.04695431472081218,0.00148975791433892,0.022476820761881743,0.003866140175808129,1.4947039858986828e-05,0.0,0.0,0.0,0.0,0.0,0.0,0.0,0.0,0.01282051282051282,0.03370158677568628,0.0032985572606891566,0.06579492057173755,0.0,0.0,0.0,0.0,0.0,0.0,0.0,4.306555019033809e-06,0.0001091703056768559,7.196123448298401e-06,0.0,0.0,0.0,0.2,0.0,0.0,0.0,0.0,0.0,0.0,0.0,0.0
984651,0.006759953000778234,0.3529411764705882,0.9999678696279385,0.001012145748987854,0.0004366812227074236,4.492784425262298e-05,0.0,0.0012259466170080695,0.0,0.0057353292911052015,0.0020042734056171,0.0,0.0,0.0,0.0,9.582724269062324e-09,2.7891559242819594e-08,0.9996774958694746,3.516997361675832e-05,0.13998007608282517,0.9998729177965857,0.9999677955220674,0.9997010506004039,3.853400832933649e-05,0.13998013597210018,0.9998729177965857,0.7506609423126411,0.26981652771731834,0.00010565356649655346,0.25137895514928693,0.26972399776242256,1.0,0.0,0.0,0.0,0.0008400067200537605,0.00043665262100735756,1.6580471425e-08,2.2107295249999996e-08,0.0,0.0012259466170080695,0.016551113470114,0.004539641171781266,2.060834196848821e-05,0.0,1.0,0.0,0.0,1.0,0.0,0.0,0.0,0.0,0.018198856858870592,0.0057353292911052015,0.0,0.0,0.0,0.0,0.0,0.0,0.0,0.001012145748987854,4.492784425262298e-05,0.0004366812227074236,0.0,0.001129150390625,0.001129150390625,0.0038797284190106693,0.5,0.0017429455156026561,0.0032748178821945897,0.003880431381015039,0.0006738223498440171,8.825073821862133e-05,3.688783344402846e-08,3.05806042370693e-05,0.00237613171467111
920331,0.05171440343033281,0.3529411764705882,0.999892329901819,0.00020242914979757084,0.0004366812227074236,0.0,0.0,0.0,0.0,0.0,0.0,0.0,0.0,0.0,0.0,0.0,7.156048430657748e-08,0.9996603473001491,1.1827990485326262e-05,0.13996432235944098,0.9998728726172658,0.9998792347042752,0.9996744112059761,0.0,0.13996167608510743,0.9998824103283043,0.17531585211749676,0.06301528667045614,0.05429650160237877,0.10057795673216068,0.027014310543834488,0.0,0.0,0.0,0.0,0.0004200033600268802,0.0006113136694103006,2.3767681374999997e-08,9.507072549999999e-08,0.0,0.0,0.0,0.0,0.0,0.0,0.0,1.0,1.0,0.0,0.0,0.0,1.0,0.02564102564102564,0.0,0.0,0.0,0.0,0.0,0.0,0.0,0.0,0.0,0.00020242914979757084,0.0,0.0004366812227074236,0.0,0.1250152587890625,1.52587890625e-05,0.0,0.7000000000000001,0.014948413090442304,0.036881682521524815,0.029689939895623164,0.00020688628526144298,2.6527897216179467e-05,1.7500933007499038e-05,1.2263305779556861e-05,0.00047563691184638576
1029740,0.006759953000778234,0.3529411764705882,0.999869482463312,0.00040485829959514163,0.0001091703056768559,0.0,0.0,0.0,0.0,0.0,0.0,0.0,0.0,0.0,0.0,0.0,2.6895714790525962e-05,0.9996480387841677,2.5420894453075434e-08,0.1399537928896902,0.9998728725727594,0.9998694825720961,0.9996480569662455,4.636040452635196e-09,0.1399537928896902,0.9998728907546937,0.0,0.0,0.0,0.0,0.0,0.0,0.0,0.0,0.0,0.0005040040320322563,0.00017466104840294303,2.0171593017949996e-05,1.3447728678649999e-05,0.0,0.0,0.0,0.0,0.0,0.0,0.0,0.0,1.0,0.0,0.0,0.0,0.0,0.0,0.0,0.0,0.0,0.0,0.0,0.0,0.0,0.0,0.0,0.00040485829959514163,0.0,0.0001091703056768559,0.0,0.1250152587890625,0.2227935791015625,0.0,0.5,0.0,0.0,0.0,0.0,0.0,0.0,0.0,0.0
546441,0.000808752842079563,1.0,0.9998694429183504,0.0,0.0001091703056768559,5.121308671283449e-06,4.497577155186501e-06,0.0006828057107386717,0.03594771241830066,0.003922608634333051,0.0,0.0410958904109589,0.0872093023255814,0.041121825357335974,0.0,0.0002800679164697428,0.0005995206409789094,0.9996480048670449,0.0,0.13995377608168402,0.999872873413083,0.9998694421197557,0.9996480024200123,0.0,0.13995377534960354,0.9998728725293126,0.0,0.0,0.0,0.0,0.0,0.0,0.0,0.0,0.0,5.600044800358403e-05,4.366526210073576e-05,0.000299760191846525,0.00059952038369305,0.055837563451776644,0.000931098696461825,0.019568055722084077,0.0010484447934352606,1.0992364848891821e-06,0.0,0.0,0.0,0.0,0.0,0.0,0.0,0.0,0.01282051282051282,0.029340204957656293,0.003922608634333051,0.041121825357335974,0.0,0.0,0.0,0.0,0.0,0.0,0.0,5.121308671283449e-06,0.0001091703056768559,4.497577155186501e-06,0.0,0.0,0.0,0.2,0.0,0.0,0.0,0.0,0.0,0.0,0.0,0.0
542525,0.006759953000778234,0.3529411764705882,0.9998694429172624,0.00040485829959514163,0.0,8.962290174746036e-06,0.0,0.0007138423339540658,0.0,0.0022881883700305848,0.0014884478239162674,0.0,0.0,0.0,0.0,0.00020760690576061987,0.0009003604012660361,0.9996480036420615,1.3276766944844849e-09,0.13995377606500595,0.9998728725483867,0.9998694430260465,0.9996480036420615,1.3276766944844849e-09,0.13995377606500595,0.9998728725483867,0.0,0.0,0.0,0.0,0.0,1.0,0.0,0.0,0.0,0.0004200033600268802,0.0,0.000900360144057625,0.0,0.0,0.0007138423339540658,0.012196980678131594,0.002461221012286285,6.0576088713203884e-06,0.0,1.0,0.0,0.0,1.0,0.0,0.0,0.0,0.0,0.016256059503566324,0.0022881883700305848,0.0,0.0,0.0,0.0,0.0,0.0,0.0,0.00040485829959514163,8.962290174746036e-06,0.0,0.0,0.0038909912109375,0.0,0.0009699321047526673,0.5,0.0,0.0,0.0,0.0,0.0,0.0,0.0,0.0
1043289,0.05171440343033281,0.3529411764705882,0.9998712469179981,0.0014170040485829958,0.0007641921397379913,0.00013129173139108478,0.00011851115803916429,0.010257603972687771,0.0,0.012570177669112732,0.014125094513264254,0.8034246575342466,0.0,0.15479429973794248,0.4552779038383969,3.667522841006401e-06,2.2607288473679976e-06,0.9996483500985706,5.685531237114108e-07,0.13995459829409446,0.9998728725314319,0.9998712470267824,0.999648697777129,9.139977996188178e-07,0.13995475140951827,0.9998728725314319,0.012920273510865846,0.002322022593262848,0.003950261129900244,0.007847729041341178,0.000973918962936487,0.0,0.0,0.0,0.0,0.0012040096320770567,0.0008296399799139793,1.2055847507999999e-06,2.1097733139e-06,0.0,0.01820297951582868,0.06715776556312701,0.03606169834762521,0.0013004460877147237,0.0,0.0,1.0,1.0,0.0,0.0,0.0,1.0,0.0,0.07160595966692873,0.012570177669112732,0.15479429973794248,0.0,0.0,0.0,0.0,0.0,0.0,0.0014170040485829958,0.00013129173139108478,0.0007641921397379913,0.00011851115803916429,0.1250152587890625,0.9593658447265625,0.004849660523763337,0.5,0.0,0.0,0.0,0.0,0.0,0.0,0.0,0.0
943912,0.0012207590069125479,0.3529411764705882,0.9998760890808678,0.0006072874493927125,0.0004366812227074236,1.1290157752602148e-05,1.7390631666721135e-05,0.0015052762259466172,0.0,0.00216189225869492,0.00307724762244161,0.1589041095890411,0.0,0.03975109784542478,0.12279099793060165,1.209439950699607e-07,3.276149708406588e-07,0.9996505632651358,5.375846413202136e-06,0.13995908373016952,0.9998728725695802,0.9998695097053338,0.9996480631752727,8.387267650594934e-08,0.139953829611339,0.9998728726373995,0.050913823682941235,0.018300394152146418,0.04175034541305959,0.051135733592035264,2.075858165831574e-06,0.0,0.0,0.0,0.0,0.0006440051520412163,0.0005021505141584612,1.63678765375e-07,3.2735753075e-07,0.0,0.0036002482929857233,0.014499753001301439,0.009080349962925583,8.245275544926571e-05,0.0,0.0,0.0,1.0,0.0,0.0,0.0,0.0,0.01282051282051282,0.016305620660589392,0.00216189225869492,0.03975109784542478,0.0,0.0,0.0,0.0,0.0,0.0,0.0006072874493927125,1.1290157752602148e-05,0.0004366812227074236,1.7390631666721135e-05,0.1250152587890625,0.002166748046875,0.0009699321047526673,0.5,0.0,0.0,0.0,0.0,0.0,0.0,0.0,0.0
31353,0.0003204492393145438,0.3529411764705882,0.9998694420131475,0.0,0.0001091703056768559,0.0,0.0,0.0,0.0,0.0,0.0,0.0,0.0,0.0,0.0,0.0,0.25000000019308016,0.9996480024258805,0.0,0.13995377535135914,0.9998728725314319,0.9998694421197557,0.9996480024200123,0.0,0.13995377534960354,0.9998728725293126,0.0,0.0,0.0,0.0,0.0,0.0,0.0,0.0,0.0,0.00028000224001792015,0.00010916315525183939,0.125,0.25,0.0,0.0,0.0,0.0,0.0,0.0,0.0,0.0,1.0,0.0,0.0,0.0,0.0,0.01282051282051282,0.0,0.0,0.0,0.0,0.0,0.0,0.0,0.0,0.0,0.0,0.0,0.0001091703056768559,0.0,0.41021728515625,1.52587890625e-05,0.0,1.0,0.0,0.0,0.0,0.0,0.0,0.0,0.0,0.0
225996,0.00033570872690095066,0.3529411764705882,0.9998697079643558,0.0038461538461538464,0.00240174672489083,0.00022626872856761418,0.00019976738530953374,0.009931719428926133,0.0,0.00866539907402665,0.008996390761865062,0.6684931506849315,0.0,0.08302247316464642,0.2737832352974904,4.2346726590454575e-05,4.295452953831679e-05,0.9996480199133537,3.768094471203236e-08,0.13995384765527963,0.9998728725335513,0.9998697075291479,0.9996480400915887,5.219563749355331e-08,0.13995384765527963,0.9998728728397979,0.002037039970820592,0.00010459868873401579,0.00030967728983856126,0.000696951640169711,8.087759087655482e-08,0.0,0.0,0.0,0.0,0.004536036288290307,0.0038862083269654824,2.0454415290075e-05,4.4999713638199994e-05,0.0,0.015145872129112354,0.04251532156966827,0.023525930535072,0.0005534694075408819,0.0,0.0,0.0,1.0,0.0,0.0,0.0,0.0,0.01282051282051282,0.04350997575606297,0.00866539907402665,0.08302247316464642,0.0,0.0,0.0,0.0,0.0,0.0,0.0038461538461538464,0.00022626872856761418,0.00240174672489083,0.00019976738530953374,0.41021728515625,0.0035247802734375,0.015518913676042677,0.8,0.0,0.0,0.0,0.0,0.0,0.0,0.0,0.0
112323,0.0003204492393145438,0.3529411764705882,0.9998694420131475,0.0,0.0001091703056768559,0.0,0.0,0.0,0.0,0.0,0.0,0.0,0.0,0.0,0.0,0.0,0.25000000019308016,0.9996480024258805,0.0,0.13995377535135914,0.9998728725314319,0.9998694421197557,0.9996480024200123,0.0,0.13995377534960354,0.9998728725293126,0.0,0.0,0.0,0.0,0.0,0.0,0.0,0.0,0.0,0.00028000224001792015,0.00010916315525183939,0.125,0.25,0.0,0.0,0.0,0.0,0.0,0.0,0.0,0.0,1.0,0.0,0.0,0.0,0.0,0.01282051282051282,0.0,0.0,0.0,0.0,0.0,0.0,0.0,0.0,0.0,0.0,0.0,0.0001091703056768559,0.0,0.41021728515625,1.52587890625e-05,0.0,1.0,0.0,0.0,0.0,0.0,0.0,0.0,0.0,0.0
303463,0.00033570872690095066,0.3529411764705882,0.9998698606096262,0.004251012145748988,0.002183406113537118,0.0002225441404430444,0.00019976738530953374,0.009931719428926133,0.0,0.007747962509137994,0.008736085312671723,0.6684931506849315,0.0,0.09132472048108364,0.284505952267003,2.67178644460566e-05,2.7290918568924223e-05,0.9996480299537442,5.3865926346012486e-08,0.13995388969197317,0.999872872534611,0.9998698600754118,0.9996480560937723,7.662640531113078e-08,0.13995388969197317,0.999872872882185,0.0032061880586253958,0.00018196228229468847,0.0004760581518442218,0.0014056474930605137,1.168231868216903e-07,0.0,0.0,0.0,0.0,0.004984039872318979,0.003536886230159596,1.4295108213975e-05,2.59911058436e-05,0.0,0.015145872129112354,0.042220140339421265,0.023527104438524276,0.00055352464326126,0.0,0.0,0.0,1.0,0.0,0.0,0.0,0.0,0.0,0.04320788870373378,0.007747962509137994,0.09132472048108364,0.0,0.0,0.0,0.0,0.0,0.0,0.004251012145748988,0.0002225441404430444,0.002183406113537118,0.00019976738530953374,0.41021728515625,0.0035247802734375,0.015518913676042677,0.8,0.0,0.0,0.0,0.0,0.0,0.0,0.0,0.0
991677,0.05171440343033281,0.3529411764705882,0.9998718601189456,0.0014170040485829958,0.0007641921397379913,0.00013361959896894088,0.00011851115803916429,0.010505896958410926,0.0,0.012793053159699837,0.014474463116787318,0.8034246575342466,0.0,0.15479429973794248,0.4552779038383969,2.757696731451095e-06,1.6875024970405693e-06,0.9996484682192374,5.846559801802053e-07,0.1399546120043644,0.9998728726140867,0.99987186022773,0.9996489340184624,9.419139287854729e-07,0.1399548355294285,0.9998728726140867,0.016905199150068984,0.003038190665008415,0.003581221228634929,0.007978472347464294,0.0017616756844731172,0.0,0.0,0.0,0.0,0.0012040096320770567,0.0008296399799139793,8.998640305499999e-07,1.5747620534499998e-06,0.0,0.01820297951582868,0.06765357778581528,0.036254867373183286,0.0013144154082471075,0.0,0.0,0.0,1.0,0.0,0.0,0.0,0.0,0.0,0.07213461200849491,0.012793053159699837,0.15479429973794248,0.0,0.0,0.0,0.0,0.0,0.0,0.0014170040485829958,0.00013361959896894088,0.0007641921397379913,0.00011851115803916429,0.1250152587890625,0.9590606689453125,0.004849660523763337,0.5,0.0,0.0,0.0,0.0,0.0,0.0,0.0,0.0
823070,0.000808752842079563,1.0,0.9998694438213773,0.0,0.0001091703056768559,6.983602733568339e-06,9.8946697414103e-06,0.000931098696461825,0.049019607843137254,0.005349011774090524,0.0,0.09041095890410959,0.19186046511627908,0.09046801578613914,0.0,0.0002591456830648287,0.00030048102659361914,0.999648007302341,0.0,0.13995377681025334,0.9998728742926147,0.9998694421197557,0.9996480024200123,0.0,0.13995377534960354,0.9998728725293126,0.0,0.0,0.0,0.0,0.0,0.0,0.0,0.0,0.0,5.600044800358403e-05,4.366526210073576e-05,0.000150240384615375,0.00030048076923075,0.07614213197969542,0.002048417132216015,0.033318581364652156,0.0047180015704813725,2.2259538819014632e-05,0.0,0.0,0.0,0.0,0.0,0.0,0.0,0.0,0.01282051282051282,0.0499576462792526,0.005349011774090524,0.09046801578613914,0.0,0.0,0.0,0.0,0.0,0.0,0.0,6.983602733568339e-06,0.0001091703056768559,9.8946697414103e-06,0.0,0.0,0.0,0.2,0.0,0.0,0.0,0.0,0.0,0.0,0.0,0.0
504334,0.0012207590069125479,0.3529411764705882,0.9998694421056262,0.00020242914979757084,0.0,0.0,0.0,0.0,0.0,0.0,0.0,0.0,0.0,0.0,0.0,0.0,0.00574712669274226,0.9996480026752783,0.0,0.13995377542597165,0.9998728726215045,0.9998694422144103,0.9996480026752783,0.0,0.13995377542597165,0.9998728726215045,0.0,0.0,0.0,0.0,0.0,0.0,0.0,0.0,0.0,0.00028000224001792015,0.0,0.0057471264367816,0.0,0.0,0.0,0.0,0.0,0.0,0.0,0.0,0.0,0.0,1.0,0.0,0.0,0.0,0.0,0.0,0.0,0.0,0.0,0.0,0.0,0.0,0.0,0.0,0.00020242914979757084,0.0,0.0,0.0,0.0042572021484375,0.0,0.0,0.5,0.0,0.0,0.0,0.0,0.0,0.0,0.0,0.0
887590,0.0012207590069125479,0.3529411764705882,0.9998694420849545,0.00020242914979757084,0.0,0.0,0.0,0.0,0.0,0.0,0.0,0.0,0.0,0.0,0.0,0.0,0.007352941432017859,0.9996480026195306,0.0,0.13995377540929355,0.9998728726013706,0.9998694421937386,0.9996480026195306,0.0,0.13995377540929355,0.9998728726013706,0.0,0.0,0.0,0.0,0.0,0.0,0.0,0.0,0.0,0.00028000224001792015,0.0,0.007352941176470599,0.0,0.0,0.0,0.0,0.0,0.0,0.0,0.0,0.0,0.0,1.0,0.0,0.0,0.0,0.0,0.0,0.0,0.0,0.0,0.0,0.0,0.0,0.0,0.0,0.00020242914979757084,0.0,0.0,0.0,0.0042572021484375,0.0,0.0,0.5,0.0,0.0,0.0,0.0,0.0,0.0,0.0,0.0
233055,0.00033570872690095066,0.3529411764705882,0.9998697853755193,0.004251012145748988,0.00240174672489083,0.0002244064345053293,0.00019976738530953374,0.009931719428926133,0.0,0.007812799015493038,0.008741956209752828,0.6684931506849315,0.0,0.08302247316464642,0.2737832352974904,3.26858400430886e-05,3.4854834629351975e-05,0.9996480239546766,3.8702150504060763e-08,0.1399538493529339,0.9998728725324916,0.9998697835770671,0.9996480462698741,5.4300603257585426e-08,0.1399538493529339,0.9998728727974108,0.002630076923128849,0.00013505017150844138,0.00035710412274149163,0.0009111014577347089,8.087759087655482e-08,0.0,0.0,0.0,0.0,0.004984039872318979,0.0038862083269654824,1.7427288599074998e-05,3.4854577198149996e-05,0.0,0.015145872129112354,0.04048472068991993,0.023124086011395182,0.000534723353862232,0.0,0.0,0.0,1.0,0.0,0.0,0.0,0.0,0.01282051282051282,0.04138807167400562,0.007812799015493038,0.08302247316464642,0.0,0.0,0.0,0.0,0.0,0.0,0.004251012145748988,0.0002244064345053293,0.00240174672489083,0.00019976738530953374,0.41021728515625,0.0035247802734375,0.015518913676042677,0.8,0.0,0.0,0.0,0.0,0.0,0.0,0.0,0.0
20847,0.0003204492393145438,0.3529411764705882,0.9998694420142356,0.0,0.0001091703056768559,0.0,0.0,0.0,0.0,0.0,0.0,0.0,0.0,0.0,0.0,0.0,0.16666666688120027,0.9996480024288146,0.0,0.13995377535223694,0.9998728725324916,0.9998694421197557,0.9996480024200123,0.0,0.13995377534960354,0.9998728725293126,0.0,0.0,0.0,0.0,0.0,0.0,0.0,0.0,0.0,0.00028000224001792015,0.00010916315525183939,0.08333333333333325,0.1666666666666665,0.0,0.0,0.0,0.0,0.0,0.0,0.0,0.0,1.0,0.0,0.0,0.0,0.0,0.01282051282051282,0.0,0.0,0.0,0.0,0.0,0.0,0.0,0.0,0.0,0.0,0.0,0.0001091703056768559,0.0,0.41021728515625,1.52587890625e-05,0.0,1.0,0.0,0.0,0.0,0.0,0.0,0.0,0.0,0.0
790043,0.006759953000778234,0.3529411764705882,0.9998815221508007,0.0020242914979757085,0.001200873362445415,0.000498862021934565,0.0003810947042828028,0.021585971446306643,0.0,0.03473615827841534,0.03822881184867482,1.0,0.0,0.3167626668434665,0.5825940380530493,1.8953363307267826e-06,4.956087481724105e-07,0.9996495537485253,5.095997981935463e-06,0.1399625101266745,0.9998728725303723,0.9998706959192688,0.9996483405465091,4.3498203356027377e-07,0.13995427013155504,0.9998728729309301,0.09232827227520621,0.009955903830038294,0.037072771433961954,0.08371513394994497,8.98639898628387e-09,0.0,0.0,0.0,0.0,0.001624012992103937,0.001266292600921337,2.4767565405e-07,4.953513081e-07,0.0,0.02265673494723774,0.16159167049004694,0.0633863000190555,0.004017823030105892,0.0,0.0,0.0,1.0,0.0,0.0,0.0,0.0,0.01282051282051282,0.16886837865678458,0.03473615827841534,0.3167626668434665,0.0,0.0,0.0,0.0,0.0,0.0,0.0020242914979757085,0.000498862021934565,0.001200873362445415,0.0003810947042828028,0.1250152587890625,0.00457763671875,0.004849660523763337,0.5,0.011381372754105331,0.0,0.011381372754105331,0.011381372754105331,2.9314523020213748e-05,0.0,1.0156171634273374e-05,0.0007895599460445925
463185,0.006759953000778234,0.3529411764705882,0.9998712881079918,0.00040485829959514163,0.0003275109170305677,0.0,0.0,0.0,0.0,0.0,0.0,0.0,0.0,0.0,0.0,0.0,8.842718081473531e-07,0.9996489981363317,3.5831619999176846e-07,0.139954222296152,0.9998731111928987,0.9998710394317823,0.9996501562472958,1.077800277705691e-09,0.13995441999562858,0.99987365006292,0.01221532282445397,0.006585988034663668,8.290428093883545e-05,0.006176267239686031,0.00654148738688359,0.0,0.0,0.0,0.0,0.0006440051520412163,0.00032748946575551817,4.420071841e-07,8.840143682e-07,0.0,0.0,0.0,0.0,0.0,0.0,0.0,0.0,1.0,0.0,0.0,0.0,0.0,0.01282051282051282,0.0,0.0,0.0,0.0,0.0,0.0,0.0,0.0,0.0,0.00040485829959514163,0.0,0.0003275109170305677,0.0,0.1250152587890625,1.52587890625e-05,0.0,0.7000000000000001,0.0,0.0,0.0,0.0,0.0,0.0,0.0,0.0
367235,0.00033570872690095066,0.3529411764705882,0.9998694420174995,0.0,0.0001091703056768559,0.0,0.0,0.0,0.0,0.0,0.0,0.0,0.0,0.0,0.0,0.0,0.08333333356932011,0.9996480024376169,0.0,0.1399537753548703,0.9998728725356706,0.9998694421197557,0.9996480024200123,0.0,0.13995377534960354,0.9998728725293126,0.0,0.0,0.0,0.0,0.0,0.0,0.0,0.0,0.0,0.00022400179201433613,0.00017466104840294303,0.04166666666666675,0.0833333333333335,0.0,0.0,0.0,0.0,0.0,0.0,0.0,0.0,0.0,1.0,1.0,0.0,0.0,0.01282051282051282,0.0,0.0,0.0,0.0,0.0,0.0,0.0,0.0,0.0,0.0,0.0,0.0001091703056768559,0.0,0.003692626953125,0.0035247802734375,0.0,0.8,0.0,0.0,0.0,0.0,0.0,0.0,0.0,0.0
713562,0.05171440343033281,0.3529411764705882,0.9998711266990087,0.0014170040485829958,0.0007641921397379913,0.00013245566518001284,0.00011851115803916429,0.010505896958410926,0.0,0.012681615414406284,0.014450156496087474,0.8034246575342466,0.0,0.15479429973794248,0.4552779038383969,3.943740891387759e-06,2.422035618901471e-06,0.999648326940832,5.931939813245255e-07,0.13995462572867903,0.999872872606669,0.9998711268077929,0.9996486514616519,8.88988089435821e-07,0.1399547142050826,0.9998728784571446,0.012444342209881144,0.0022364885499782305,0.004204783373282503,0.008109349586162991,0.0005604008271836484,0.0,0.0,0.0,0.0,0.0012040096320770567,0.0008296399799139793,1.2916150289749999e-06,2.2603263006999998e-06,0.0,0.01820297951582868,0.06740567167447115,0.03624687204100493,0.001313835732757029,0.0,0.0,0.0,1.0,0.0,0.0,0.0,0.0,0.0,0.07187028583773164,0.012681615414406284,0.15479429973794248,0.0,0.0,0.0,0.0,0.0,0.0,0.0014170040485829958,0.00013245566518001284,0.0007641921397379913,0.00011851115803916429,0.1250152587890625,0.9592132568359375,0.004849660523763337,0.5,0.0,0.0,0.0,0.0,0.0,0.0,0.0,0.0
690938,0.0012207590069125479,0.3529411764705882,0.9998694428193439,0.00040485829959514163,0.0004366812227074236,1.873933400174171e-05,3.658029419551687e-05,0.0024984481688392303,0.0,0.004784393864606163,0.005897744508285693,0.33424657534246577,0.0,0.08361437822658314,0.2582845128885069,0.00196178746345264,0.002355316542163597,0.9996480027833506,2.172321153331774e-10,0.1399537755760745,0.9998728725293126,0.9998694425886769,0.999648003052309,3.115125995842139e-10,0.139953775620842,0.9998728726585931,4.041861720176846e-06,1.452801169449525e-06,2.156167149694393e-06,3.005112164555924e-06,0.0,0.0,0.0,0.0,0.0,0.0005040040320322563,0.0005021505141584612,0.0010094212651413248,0.0026917900403768498,0.0,0.007572936064556177,0.032178213252469126,0.019724452737530655,0.0003890540357952733,0.0,0.0,0.0,1.0,0.0,0.0,0.0,0.0,0.01282051282051282,0.036760218180544146,0.004784393864606163,0.08361437822658314,0.0,0.0,0.0,0.0,0.0,0.0,0.00040485829959514163,1.873933400174171e-05,0.0004366812227074236,3.658029419551687e-05,0.1250152587890625,0.002288818359375,0.0009699321047526673,0.5,0.0,0.0,0.0,0.0,0.0,0.0,0.0,0.0
812818,0.000808752842079563,1.0,0.9998694430902519,0.0,0.0001091703056768559,6.168849081318699e-06,8.920194691119892e-06,0.0008224705152079454,0.04330065359477124,0.004724960400446629,0.0,0.08150684931506849,0.17296511627906977,0.08155828695871635,0.0,0.0003894151527775272,0.0005040325153749668,0.9996480053306314,0.0,0.13995377622037553,0.9998728735805119,0.9998694421197557,0.9996480024200123,0.0,0.13995377534960354,0.9998728725293126,0.0,0.0,0.0,0.0,0.0,0.0,0.0,0.0,0.0,5.600044800358403e-05,4.366526210073576e-05,0.00025201612903225,0.0005040322580645,0.06725888324873096,0.0018466790813159528,0.02974873336129657,0.004324834772934637,1.8704195813199798e-05,0.0,0.0,0.0,0.0,0.0,0.0,0.0,0.0,0.01282051282051282,0.044605041320761256,0.004724960400446629,0.08155828695871635,0.0,0.0,0.0,0.0,0.0,0.0,0.0,6.168849081318699e-06,0.0001091703056768559,8.920194691119892e-06,0.0,0.0,0.0,0.2,0.0,0.0,0.0,0.0,0.0,0.0,0.0,0.0
263102,0.00033570872690095066,0.3529411764705882,0.9998694420185875,0.0,0.0001091703056768559,0.0,0.0,0.0,0.0,0.0,0.0,0.0,0.0,0.0,0.0,0.0,0.07142857166762312,0.999648002440551,0.0,0.1399537753557481,0.9998728725367303,0.9998694421197557,0.9996480024200123,0.0,0.13995377534960354,0.9998728725293126,0.0,0.0,0.0,0.0,0.0,0.0,0.0,0.0,0.0,0.00022400179201433613,0.00017466104840294303,0.03571428571428575,0.0714285714285715,0.0,0.0,0.0,0.0,0.0,0.0,0.0,0.0,0.0,1.0,1.0,0.0,0.0,0.01282051282051282,0.0,0.0,0.0,0.0,0.0,0.0,0.0,0.0,0.0,0.0,0.0,0.0001091703056768559,0.0,0.003692626953125,0.0035247802734375,0.0,0.8,0.0,0.0,0.0,0.0,0.0,0.0,0.0,0.0
434819,0.000808752842079563,1.0,0.9998696518776827,0.00020242914979757084,0.0002183406113537118,6.983602733568339e-06,1.3042973750040853e-05,0.0004655493482309125,0.024509803921568627,0.002674505887045262,0.0,0.05958904109589041,0.12645348837209303,0.05962664676813716,0.0,2.724526012885121e-06,5.184424991165322e-06,0.9996481910772234,2.189617308070644e-07,0.1399539253365683,0.9998728725589835,0.99986946605432,0.9996480669670973,0.0,0.1399537946602014,0.9998728958411424,2.3334459415453956e-07,2.5161917161594837e-07,0.0,2.343820072634147e-07,2.5161917161594837e-07,0.0,0.0,0.0,0.0,0.00011200089600716806,8.733052420147152e-05,2.59208377615e-06,5.1841675523e-06,0.03807106598984771,0.0013500931098696463,0.020943108286352784,0.003543412354652612,1.2555771115100443e-05,0.0,0.0,0.0,0.0,0.0,0.0,0.0,0.0,0.01282051282051282,0.026168290908179934,0.002674505887045262,0.05962664676813716,0.0,0.0,0.0,0.0,0.0,0.0,0.00020242914979757084,6.983602733568339e-06,0.0002183406113537118,1.3042973750040853e-05,0.0,0.0,0.0009699321047526673,0.2,0.0,0.0,0.0,0.0,0.0,0.0,0.0,0.0
1015688,0.006759953000778234,0.3529411764705882,0.9999897332806738,0.6914979757085019,0.6893013100436681,0.0013897369439800995,0.6891176473233869,0.007790192427063936,0.0,0.00031151692802133704,0.0026366216425429707,1.0,0.0,0.997889737218031,0.0596346747786906,0.00018698821646709153,2.2003463105560426e-05,0.9996480357605328,7.547024010083881e-07,0.13996232833283154,0.9998728725293126,0.999989733389471,0.9996480973858394,1.2723639279041208e-06,0.13996232833283154,0.9998728725367303,0.9207954693880269,0.0001572799522109898,0.004727871669327869,0.08191068547152575,0.0,1.0,0.0,0.0,0.0,0.5256202049616397,0.6892561622601139,7.726333755825e-06,2.8553743830399997e-05,0.0,0.02265673494723774,0.3751958834195869,0.07890990620284788,0.006226773296942265,0.0,1.0,0.0,0.0,1.0,0.0,0.0,0.0,0.01282051282051282,0.3750825848873594,0.00031151692802133704,0.997889737218031,0.0,0.0,0.0,0.0,0.0,0.0,0.6914979757085019,0.0013897369439800995,0.6893013100436681,0.6891176473233869,0.0151214599609375,0.0538177490234375,0.02230843840931135,0.5,0.0046264091251745085,0.002173563895138855,0.006319858502738434,0.0024742209150676792,2.8081350974264816e-05,5.070011722800008e-07,9.944794806186281e-06,0.0007426882488296437
804370,0.000808752842079563,1.0,0.9998694541811628,0.0,0.0001091703056768559,7.681963006925173e-06,1.1094023649460034e-05,0.0010242085661080075,0.05392156862745098,0.005883912951499577,0.0,0.10136986301369863,0.21511627906976744,0.10143383588142874,0.0,4.29669998382713e-05,4.4698987984742694e-05,0.9996480352407628,0.0,0.13995378516861112,0.9998728843828572,0.9998694421197557,0.9996480024200123,0.0,0.13995377534960354,0.9998728725293126,0.0,0.0,0.0,0.0,0.0,0.0,0.0,0.0,0.0,5.600044800358403e-05,4.366526210073576e-05,2.2349365278025e-05,4.469873055605e-05,0.08375634517766496,0.0022967101179391684,0.0370206459607114,0.005373279566369897,2.8872133298428272e-05,0.0,0.0,0.0,0.0,0.0,0.0,0.0,0.0,0.01282051282051282,0.05550849586583623,0.005883912951499577,0.10143383588142874,0.0,0.0,0.0,0.0,0.0,0.0,0.0,7.681963006925173e-06,0.0001091703056768559,1.1094023649460034e-05,0.0,0.0,0.0,0.2,0.0,0.0,0.0,0.0,0.0,0.0,0.0,0.0
578647,0.006759953000778234,0.3529411764705882,0.9998694423373669,0.00040485829959514163,0.0,5.35409542906906e-06,0.0,0.0007138423339540658,0.0,0.00136696967559794,0.0016850698595092916,0.0,0.0,0.0,0.0,0.0003443758188283728,0.0025000002567965997,0.999648002860126,2.6653484456436082e-11,0.13995377548829505,0.9998728726797866,0.999869442446151,0.999648002860126,2.6653484456436082e-11,0.13995377548829505,0.9998728726797866,0.0,0.0,0.0,0.0,0.0,0.0,0.0,0.0,0.0,0.0004200033600268802,0.0,0.0025,0.0,0.0,0.0007138423339540658,0.00456147244873214,0.002610441998553445,6.814407427811771e-06,0.0,0.0,0.0,0.0,1.0,0.0,0.0,0.0,0.0,0.006079501928149799,0.00136696967559794,0.0,0.0,0.0,0.0,0.0,0.0,0.0,0.00040485829959514163,5.35409542906906e-06,0.0,0.0,0.0039215087890625,0.0,0.0009699321047526673,0.5,0.0,0.0,0.0,0.0,0.0,0.0,0.0,0.0
780507,0.0012207590069125479,0.3529411764705882,0.9999404897995975,0.0008097165991902834,0.0008733624454148472,2.8981951344308607e-05,0.0005565002133350763,0.003864059590316574,0.0,0.004439679772495135,0.007065372296814613,1.0,0.0,0.6360175655267964,0.778268717715695,2.638962938861314e-07,5.00260353621213e-08,0.9996639693134601,4.4379039699880254e-05,0.14001105996125415,0.9998728725293126,0.9999404899083892,0.9996959031003557,7.685460988168673e-05,0.14001105996125415,0.9998728727274722,0.00018006702306775488,2.7738446128090922e-05,9.420561205488683e-05,0.00017686633683816746,0.0,0.0,0.0,0.0,0.0,0.0007840062720501764,0.0009388031351658187,1.9141767375e-08,6.125365559999999e-08,0.0,0.02265673494723774,0.2173924105535397,0.08043998028677483,0.006470590428537616,0.0,0.0,0.0,1.0,0.0,0.0,0.0,0.0,0.01282051282051282,0.2340201586695514,0.004439679772495135,0.6360175655267964,0.0,0.0,0.0,0.0,0.0,0.0,0.0008097165991902834,2.8981951344308607e-05,0.0008733624454148472,0.0005565002133350763,0.1250152587890625,0.0144500732421875,0.0009699321047526673,0.5,0.0,0.0,0.0,0.0,0.0,0.0,0.0,0.0
535046,0.000808752842079563,1.0,0.9998694428639512,0.0,0.0001091703056768559,5.237702050176254e-06,5.472052205476909e-06,0.0006983240223463687,0.03676470588235294,0.004011758830567893,0.0,0.05,0.10610465116279069,0.05003155418475877,0.0,0.00033803527025633466,0.0006377553593168412,0.9996480047203402,0.0,0.13995377603779433,0.9998728733600991,0.9998694421197557,0.9996480024200123,0.0,0.13995377534960354,0.9998728725293126,0.0,0.0,0.0,0.0,0.0,0.0,0.0,0.0,0.0,5.600044800358403e-05,4.366526210073576e-05,0.0003188775510204,0.0006377551020408,0.05710659898477157,0.0011328367473618871,0.02155130461283718,0.0018347783885173808,3.366411734974006e-06,0.0,0.0,0.0,0.0,0.0,0.0,0.0,0.0,0.01282051282051282,0.032313874379040375,0.004011758830567893,0.05003155418475877,0.0,0.0,0.0,0.0,0.0,0.0,0.0,5.237702050176254e-06,0.0001091703056768559,5.472052205476909e-06,0.0,0.0,0.0,0.2,0.0,0.0,0.0,0.0,0.0,0.0,0.0,0.0
771112,0.0,0.0,0.9999919946851964,0.00040485829959514163,0.0,0.0,0.0,0.0,0.0,0.0,0.0,0.0,0.0,0.0,0.0,0.0,6.915704898219621e-09,0.9998132533472212,1.599209067383809e-10,0.1400032136305662,0.9999325545149143,0.9999919947939938,0.9998132533472212,1.599209067383809e-10,0.1400032136305662,0.9999325545149143,0.0,0.0,0.0,0.0,0.0,0.0,0.0,0.0,0.0,0.0,0.0,6.6582647e-09,0.0,0.0,0.0,0.0,0.0,0.0,0.0,0.0,0.0,0.0,0.0,0.0,0.0,0.0,0.0,0.0,0.0,0.0,0.0,0.0,0.0,0.0,0.0,0.0,0.00040485829959514163,0.0,0.0,0.0,0.0,0.0,0.0,0.0,0.0,0.0,0.0,0.0,0.00016591818868925037,2.7904283589397314e-10,5.748328350927401e-05,0.004468851305244783
711233,0.05171440343033281,0.3529411764705882,0.9998708036797654,0.0014170040485829958,0.0007641921397379913,0.00013245566518001284,0.00011851115803916429,0.010505896958410926,0.0,0.012681615414406284,0.014450156496087474,0.8034246575342466,0.0,0.15479429973794248,0.4552779038383969,4.879287188649298e-06,2.9965372584035713e-06,0.9996482647177574,5.885268069406731e-07,0.1399546119885641,0.9998728725950126,0.9998708037885496,0.9996485270155024,8.928922236047302e-07,0.1399546851421895,0.9998728725950126,0.010198600500795834,0.0018328854077735981,0.00435416122149936,0.007978321673316769,0.00028176854021493073,0.0,0.0,0.0,0.0,0.0012040096320770567,0.0008296399799139793,1.59801590345e-06,2.79652783105e-06,0.0,0.01820297951582868,0.06740567167447115,0.03624687204100493,0.001313835732757029,0.0,0.0,0.0,1.0,0.0,0.0,0.0,0.0,0.0,0.07187028583773164,0.012681615414406284,0.15479429973794248,0.0,0.0,0.0,0.0,0.0,0.0,0.0014170040485829958,0.00013245566518001284,0.0007641921397379913,0.00011851115803916429,0.1250152587890625,0.9592132568359375,0.004849660523763337,0.5,0.0,0.0,0.0,0.0,0.0,0.0,0.0,0.0
